topic_id,indicator_label,Source,calendar,time_id,value,unit,geo_code,geo_label,sub_code,sub_label,detail,detail_fa
gdp_cur_wb,GDP nominal current price (World Bank),World Bank,gregorian,1960,4.20,Billion US$,IR,Iran,,,,
gdp_cur_wb,GDP nominal current price (World Bank),World Bank,gregorian,1961,4.43,Billion US$,IR,Iran,,,,
gdp_cur_wb,GDP nominal current price (World Bank),World Bank,gregorian,1962,4.69,Billion US$,IR,Iran,,,,
gdp_cur_wb,GDP nominal current price (World Bank),World Bank,gregorian,1963,4.93,Billion US$,IR,Iran,,,,
gdp_cur_wb,GDP nominal current price (World Bank),World Bank,gregorian,1964,5.38,Billion US$,IR,Iran,,,,
gdp_cur_wb,GDP nominal current price (World Bank),World Bank,gregorian,1965,6.20,Billion US$,IR,Iran,,,,
gdp_cur_wb,GDP nominal current price (World Bank),World Bank,gregorian,1966,6.79,Billion US$,IR,Iran,,,,
gdp_cur_wb,GDP nominal current price (World Bank),World Bank,gregorian,1967,7.56,Billion US$,IR,Iran,,,,
gdp_cur_wb,GDP nominal current price (World Bank),World Bank,gregorian,1968,8.62,Billion US$,IR,Iran,,,,
gdp_cur_wb,GDP nominal current price (World Bank),World Bank,gregorian,1969,9.74,Billion US$,IR,Iran,,,,
gdp_cur_wb,GDP nominal current price (World Bank),World Bank,gregorian,1970,10.98,Billion US$,IR,Iran,,,,
gdp_cur_wb,GDP nominal current price (World Bank),World Bank,gregorian,1971,13.73,Billion US$,IR,Iran,,,,
gdp_cur_wb,GDP nominal current price (World Bank),World Bank,gregorian,1972,17.15,Billion US$,IR,Iran,,,,
gdp_cur_wb,GDP nominal current price (World Bank),World Bank,gregorian,1973,27.08,Billion US$,IR,Iran,,,,
gdp_cur_wb,GDP nominal current price (World Bank),World Bank,gregorian,1974,46.21,Billion US$,IR,Iran,,,,
gdp_cur_wb,GDP nominal current price (World Bank),World Bank,gregorian,1975,51.78,Billion US$,IR,Iran,,,,
gdp_cur_wb,GDP nominal current price (World Bank),World Bank,gregorian,1976,68.06,Billion US$,IR,Iran,,,,
gdp_cur_wb,GDP nominal current price (World Bank),World Bank,gregorian,1977,80.60,Billion US$,IR,Iran,,,,
gdp_cur_wb,GDP nominal current price (World Bank),World Bank,gregorian,1978,77.99,Billion US$,IR,Iran,,,,
gdp_cur_wb,GDP nominal current price (World Bank),World Bank,gregorian,1979,90.39,Billion US$,IR,Iran,,,,
gdp_cur_wb,GDP nominal current price (World Bank),World Bank,gregorian,1980,94.36,Billion US$,IR,Iran,,,,
gdp_cur_wb,GDP nominal current price (World Bank),World Bank,gregorian,1981,100.50,Billion US$,IR,Iran,,,,
gdp_cur_wb,GDP nominal current price (World Bank),World Bank,gregorian,1982,125.95,Billion US$,IR,Iran,,,,
gdp_cur_wb,GDP nominal current price (World Bank),World Bank,gregorian,1983,156.37,Billion US$,IR,Iran,,,,
gdp_cur_wb,GDP nominal current price (World Bank),World Bank,gregorian,1984,162.28,Billion US$,IR,Iran,,,,
gdp_cur_wb,GDP nominal current price (World Bank),World Bank,gregorian,1985,180.18,Billion US$,IR,Iran,,,,
gdp_cur_wb,GDP nominal current price (World Bank),World Bank,gregorian,1986,209.09,Billion US$,IR,Iran,,,,
gdp_cur_wb,GDP nominal current price (World Bank),World Bank,gregorian,1987,134.01,Billion US$,IR,Iran,,,,
gdp_cur_wb,GDP nominal current price (World Bank),World Bank,gregorian,1988,123.06,Billion US$,IR,Iran,,,,
gdp_cur_wb,GDP nominal current price (World Bank),World Bank,gregorian,1989,120.50,Billion US$,IR,Iran,,,,
gdp_cur_wb,GDP nominal current price (World Bank),World Bank,gregorian,1990,124.81,Billion US$,IR,Iran,,,,
gdp_cur_wb,GDP nominal current price (World Bank),World Bank,gregorian,1991,131.64,Billion US$,IR,Iran,,,,
gdp_cur_wb,GDP nominal current price (World Bank),World Bank,gregorian,1992,119.77,Billion US$,IR,Iran,,,,
gdp_cur_wb,GDP nominal current price (World Bank),World Bank,gregorian,1993,63.74,Billion US$,IR,Iran,,,,
gdp_cur_wb,GDP nominal current price (World Bank),World Bank,gregorian,1994,71.84,Billion US$,IR,Iran,,,,
gdp_cur_wb,GDP nominal current price (World Bank),World Bank,gregorian,1995,96.42,Billion US$,IR,Iran,,,,
gdp_cur_wb,GDP nominal current price (World Bank),World Bank,gregorian,1996,120.40,Billion US$,IR,Iran,,,,
gdp_cur_wb,GDP nominal current price (World Bank),World Bank,gregorian,1997,113.92,Billion US$,IR,Iran,,,,
gdp_cur_wb,GDP nominal current price (World Bank),World Bank,gregorian,1998,110.28,Billion US$,IR,Iran,,,,
gdp_cur_wb,GDP nominal current price (World Bank),World Bank,gregorian,1999,113.85,Billion US$,IR,Iran,,,,
gdp_cur_wb,GDP nominal current price (World Bank),World Bank,gregorian,2000,109.59,Billion US$,IR,Iran,,,,
gdp_cur_wb,GDP nominal current price (World Bank),World Bank,gregorian,2001,126.88,Billion US$,IR,Iran,,,,
gdp_cur_wb,GDP nominal current price (World Bank),World Bank,gregorian,2002,128.63,Billion US$,IR,Iran,,,,
gdp_cur_wb,GDP nominal current price (World Bank),World Bank,gregorian,2003,151.91,Billion US$,IR,Iran,,,,
gdp_cur_wb,GDP nominal current price (World Bank),World Bank,gregorian,2004,187.75,Billion US$,IR,Iran,,,,
gdp_cur_wb,GDP nominal current price (World Bank),World Bank,gregorian,2005,224.97,Billion US$,IR,Iran,,,,
gdp_cur_wb,GDP nominal current price (World Bank),World Bank,gregorian,2006,265.60,Billion US$,IR,Iran,,,,
gdp_cur_wb,GDP nominal current price (World Bank),World Bank,gregorian,2007,349.74,Billion US$,IR,Iran,,,,
gdp_cur_wb,GDP nominal current price (World Bank),World Bank,gregorian,2008,406.07,Billion US$,IR,Iran,,,,
gdp_cur_wb,GDP nominal current price (World Bank),World Bank,gregorian,2009,414.06,Billion US$,IR,Iran,,,,
gdp_cur_wb,GDP nominal current price (World Bank),World Bank,gregorian,2010,487.07,Billion US$,IR,Iran,,,,
gdp_cur_wb,GDP nominal current price (World Bank),World Bank,gregorian,2011,629.08,Billion US$,IR,Iran,,,,
gdp_cur_wb,GDP nominal current price (World Bank),World Bank,gregorian,2012,644.02,Billion US$,IR,Iran,,,,
gdp_cur_wb,GDP nominal current price (World Bank),World Bank,gregorian,2013,500.40,Billion US$,IR,Iran,,,,
gdp_cur_wb,GDP nominal current price (World Bank),World Bank,gregorian,2014,462.28,Billion US$,IR,Iran,,,,
gdp_cur_wb,GDP nominal current price (World Bank),World Bank,gregorian,2015,409.19,Billion US$,IR,Iran,,,,
gdp_cur_wb,GDP nominal current price (World Bank),World Bank,gregorian,2016,478.62,Billion US$,IR,Iran,,,,
gdp_cur_wb,GDP nominal current price (World Bank),World Bank,gregorian,2017,510.24,Billion US$,IR,Iran,,,,
gdp_cur_wb,GDP nominal current price (World Bank),World Bank,gregorian,2018,411.90,Billion US$,IR,Iran,,,,
gdp_cur_wb,GDP nominal current price (World Bank),World Bank,gregorian,2019,347.99,Billion US$,IR,Iran,,,,
gdp_cur_wb,GDP nominal current price (World Bank),World Bank,gregorian,2020,280.93,Billion US$,IR,Iran,,,,
gdp_cur_wb,GDP nominal current price (World Bank),World Bank,gregorian,2021,407.35,Billion US$,IR,Iran,,,,
gdp_cur_wb,GDP nominal current price (World Bank),World Bank,gregorian,2022,422.66,Billion US$,IR,Iran,,,,
gdp_cur_wb,GDP nominal current price (World Bank),World Bank,gregorian,2023,457.51,Billion US$,IR,Iran,,,,
gdp_cur_wb,GDP nominal current price (World Bank),World Bank,gregorian,2024,475.25,Billion US$,IR,Iran,,,,
gdp_cur_wb_irr,GDP nominal current price (World Bank - IRR),World Bank,gregorian,1960,31.81,Billion Toman,IR,Iran,,,,
gdp_cur_wb_irr,GDP nominal current price (World Bank - IRR),World Bank,gregorian,1961,33.53,Billion Toman,IR,Iran,,,,
gdp_cur_wb_irr,GDP nominal current price (World Bank - IRR),World Bank,gregorian,1962,35.55,Billion Toman,IR,Iran,,,,
gdp_cur_wb_irr,GDP nominal current price (World Bank - IRR),World Bank,gregorian,1963,37.33,Billion Toman,IR,Iran,,,,
gdp_cur_wb_irr,GDP nominal current price (World Bank - IRR),World Bank,gregorian,1964,40.75,Billion Toman,IR,Iran,,,,
gdp_cur_wb_irr,GDP nominal current price (World Bank - IRR),World Bank,gregorian,1965,46.94,Billion Toman,IR,Iran,,,,
gdp_cur_wb_irr,GDP nominal current price (World Bank - IRR),World Bank,gregorian,1966,51.43,Billion Toman,IR,Iran,,,,
gdp_cur_wb_irr,GDP nominal current price (World Bank - IRR),World Bank,gregorian,1967,57.23,Billion Toman,IR,Iran,,,,
gdp_cur_wb_irr,GDP nominal current price (World Bank - IRR),World Bank,gregorian,1968,65.32,Billion Toman,IR,Iran,,,,
gdp_cur_wb_irr,GDP nominal current price (World Bank - IRR),World Bank,gregorian,1969,73.80,Billion Toman,IR,Iran,,,,
gdp_cur_wb_irr,GDP nominal current price (World Bank - IRR),World Bank,gregorian,1970,83.15,Billion Toman,IR,Iran,,,,
gdp_cur_wb_irr,GDP nominal current price (World Bank - IRR),World Bank,gregorian,1971,104.02,Billion Toman,IR,Iran,,,,
gdp_cur_wb_irr,GDP nominal current price (World Bank - IRR),World Bank,gregorian,1972,129.94,Billion Toman,IR,Iran,,,,
gdp_cur_wb_irr,GDP nominal current price (World Bank - IRR),World Bank,gregorian,1973,186.54,Billion Toman,IR,Iran,,,,
gdp_cur_wb_irr,GDP nominal current price (World Bank - IRR),World Bank,gregorian,1974,312.49,Billion Toman,IR,Iran,,,,
gdp_cur_wb_irr,GDP nominal current price (World Bank - IRR),World Bank,gregorian,1975,352.94,Billion Toman,IR,Iran,,,,
gdp_cur_wb_irr,GDP nominal current price (World Bank - IRR),World Bank,gregorian,1976,480.03,Billion Toman,IR,Iran,,,,
gdp_cur_wb_irr,GDP nominal current price (World Bank - IRR),World Bank,gregorian,1977,568.87,Billion Toman,IR,Iran,,,,
gdp_cur_wb_irr,GDP nominal current price (World Bank - IRR),World Bank,gregorian,1978,549.66,Billion Toman,IR,Iran,,,,
gdp_cur_wb_irr,GDP nominal current price (World Bank - IRR),World Bank,gregorian,1979,637.04,Billion Toman,IR,Iran,,,,
gdp_cur_wb_irr,GDP nominal current price (World Bank - IRR),World Bank,gregorian,1980,675.40,Billion Toman,IR,Iran,,,,
gdp_cur_wb_irr,GDP nominal current price (World Bank - IRR),World Bank,gregorian,1981,804.27,Billion Toman,IR,Iran,,,,
gdp_cur_wb_irr,GDP nominal current price (World Bank - IRR),World Bank,gregorian,1982,"1,063.66",Billion Toman,IR,Iran,,,,
gdp_cur_wb_irr,GDP nominal current price (World Bank - IRR),World Bank,gregorian,1983,"1,363.94",Billion Toman,IR,Iran,,,,
gdp_cur_wb_irr,GDP nominal current price (World Bank - IRR),World Bank,gregorian,1984,"1,491.36",Billion Toman,IR,Iran,,,,
gdp_cur_wb_irr,GDP nominal current price (World Bank - IRR),World Bank,gregorian,1985,"1,580.81",Billion Toman,IR,Iran,,,,
gdp_cur_wb_irr,GDP nominal current price (World Bank - IRR),World Bank,gregorian,1986,"1,600.62",Billion Toman,IR,Iran,,,,
gdp_cur_wb_irr,GDP nominal current price (World Bank - IRR),World Bank,gregorian,1987,"1,941.94",Billion Toman,IR,Iran,,,,
gdp_cur_wb_irr,GDP nominal current price (World Bank - IRR),World Bank,gregorian,1988,"2,190.06",Billion Toman,IR,Iran,,,,
gdp_cur_wb_irr,GDP nominal current price (World Bank - IRR),World Bank,gregorian,1989,"2,723.22",Billion Toman,IR,Iran,,,,
gdp_cur_wb_irr,GDP nominal current price (World Bank - IRR),World Bank,gregorian,1990,"3,798.65",Billion Toman,IR,Iran,,,,
gdp_cur_wb_irr,GDP nominal current price (World Bank - IRR),World Bank,gregorian,1991,"5,378.54",Billion Toman,IR,Iran,,,,
gdp_cur_wb_irr,GDP nominal current price (World Bank - IRR),World Bank,gregorian,1992,"7,186.12",Billion Toman,IR,Iran,,,,
gdp_cur_wb_irr,GDP nominal current price (World Bank - IRR),World Bank,gregorian,1993,"10,613.31",Billion Toman,IR,Iran,,,,
gdp_cur_wb_irr,GDP nominal current price (World Bank - IRR),World Bank,gregorian,1994,"13,973.16",Billion Toman,IR,Iran,,,,
gdp_cur_wb_irr,GDP nominal current price (World Bank - IRR),World Bank,gregorian,1995,"19,737.02",Billion Toman,IR,Iran,,,,
gdp_cur_wb_irr,GDP nominal current price (World Bank - IRR),World Bank,gregorian,1996,"27,042.72",Billion Toman,IR,Iran,,,,
gdp_cur_wb_irr,GDP nominal current price (World Bank - IRR),World Bank,gregorian,1997,"31,663.83",Billion Toman,IR,Iran,,,,
gdp_cur_wb_irr,GDP nominal current price (World Bank - IRR),World Bank,gregorian,1998,"35,354.78",Billion Toman,IR,Iran,,,,
gdp_cur_wb_irr,GDP nominal current price (World Bank - IRR),World Bank,gregorian,1999,"47,497.57",Billion Toman,IR,Iran,,,,
gdp_cur_wb_irr,GDP nominal current price (World Bank - IRR),World Bank,gregorian,2000,"62,807.01",Billion Toman,IR,Iran,,,,
gdp_cur_wb_irr,GDP nominal current price (World Bank - IRR),World Bank,gregorian,2001,"73,830.74",Billion Toman,IR,Iran,,,,
gdp_cur_wb_irr,GDP nominal current price (World Bank - IRR),World Bank,gregorian,2002,"102,361.30",Billion Toman,IR,Iran,,,,
gdp_cur_wb_irr,GDP nominal current price (World Bank - IRR),World Bank,gregorian,2003,"125,812.87",Billion Toman,IR,Iran,,,,
gdp_cur_wb_irr,GDP nominal current price (World Bank - IRR),World Bank,gregorian,2004,"163,703.21",Billion Toman,IR,Iran,,,,
gdp_cur_wb_irr,GDP nominal current price (World Bank - IRR),World Bank,gregorian,2005,"202,990.77",Billion Toman,IR,Iran,,,,
gdp_cur_wb_irr,GDP nominal current price (World Bank - IRR),World Bank,gregorian,2006,"244,221.21",Billion Toman,IR,Iran,,,,
gdp_cur_wb_irr,GDP nominal current price (World Bank - IRR),World Bank,gregorian,2007,"324,730.43",Billion Toman,IR,Iran,,,,
gdp_cur_wb_irr,GDP nominal current price (World Bank - IRR),World Bank,gregorian,2008,"388,772.33",Billion Toman,IR,Iran,,,,
gdp_cur_wb_irr,GDP nominal current price (World Bank - IRR),World Bank,gregorian,2009,"410,746.62",Billion Toman,IR,Iran,,,,
gdp_cur_wb_irr,GDP nominal current price (World Bank - IRR),World Bank,gregorian,2010,"503,581.23",Billion Toman,IR,Iran,,,,
gdp_cur_wb_irr,GDP nominal current price (World Bank - IRR),World Bank,gregorian,2011,"689,599.97",Billion Toman,IR,Iran,,,,
gdp_cur_wb_irr,GDP nominal current price (World Bank - IRR),World Bank,gregorian,2012,"789,567.68",Billion Toman,IR,Iran,,,,
gdp_cur_wb_irr,GDP nominal current price (World Bank - IRR),World Bank,gregorian,2013,"1,063,499.78",Billion Toman,IR,Iran,,,,
gdp_cur_wb_irr,GDP nominal current price (World Bank - IRR),World Bank,gregorian,2014,"1,225,470.76",Billion Toman,IR,Iran,,,,
gdp_cur_wb_irr,GDP nominal current price (World Bank - IRR),World Bank,gregorian,2015,"1,210,389.01",Billion Toman,IR,Iran,,,,
gdp_cur_wb_irr,GDP nominal current price (World Bank - IRR),World Bank,gregorian,2016,"1,502,334.24",Billion Toman,IR,Iran,,,,
gdp_cur_wb_irr,GDP nominal current price (World Bank - IRR),World Bank,gregorian,2017,"1,745,734.77",Billion Toman,IR,Iran,,,,
gdp_cur_wb_irr,GDP nominal current price (World Bank - IRR),World Bank,gregorian,2018,"2,233,317.39",Billion Toman,IR,Iran,,,,
gdp_cur_wb_irr,GDP nominal current price (World Bank - IRR),World Bank,gregorian,2019,"2,855,116.21",Billion Toman,IR,Iran,,,,
gdp_cur_wb_irr,GDP nominal current price (World Bank - IRR),World Bank,gregorian,2020,"4,370,824.63",Billion Toman,IR,Iran,,,,
gdp_cur_wb_irr,GDP nominal current price (World Bank - IRR),World Bank,gregorian,2021,"7,093,915.32",Billion Toman,IR,Iran,,,,
gdp_cur_wb_irr,GDP nominal current price (World Bank - IRR),World Bank,gregorian,2022,"11,183,825.66",Billion Toman,IR,Iran,,,,
gdp_cur_wb_irr,GDP nominal current price (World Bank - IRR),World Bank,gregorian,2023,"16,173,458.90",Billion Toman,IR,Iran,,,,
gdp_cur_wb_irr,GDP nominal current price (World Bank - IRR),World Bank,gregorian,2024,"21,522,503.85",Billion Toman,IR,Iran,,,,
gdp_cos_wb,GDP nominal constant price (World Bank),World Bank,gregorian,1960,50.35,Billion 2015 US$,IR,Iran,,,,
gdp_cos_wb,GDP nominal constant price (World Bank),World Bank,gregorian,1961,55.58,Billion 2015 US$,IR,Iran,,,,
gdp_cos_wb,GDP nominal constant price (World Bank),World Bank,gregorian,1962,59.98,Billion 2015 US$,IR,Iran,,,,
gdp_cos_wb,GDP nominal constant price (World Bank),World Bank,gregorian,1963,64.20,Billion 2015 US$,IR,Iran,,,,
gdp_cos_wb,GDP nominal constant price (World Bank),World Bank,gregorian,1964,69.64,Billion 2015 US$,IR,Iran,,,,
gdp_cos_wb,GDP nominal constant price (World Bank),World Bank,gregorian,1965,81.51,Billion 2015 US$,IR,Iran,,,,
gdp_cos_wb,GDP nominal constant price (World Bank),World Bank,gregorian,1966,90.88,Billion 2015 US$,IR,Iran,,,,
gdp_cos_wb,GDP nominal constant price (World Bank),World Bank,gregorian,1967,101.11,Billion 2015 US$,IR,Iran,,,,
gdp_cos_wb,GDP nominal constant price (World Bank),World Bank,gregorian,1968,115.67,Billion 2015 US$,IR,Iran,,,,
gdp_cos_wb,GDP nominal constant price (World Bank),World Bank,gregorian,1969,133.62,Billion 2015 US$,IR,Iran,,,,
gdp_cos_wb,GDP nominal constant price (World Bank),World Bank,gregorian,1970,148.22,Billion 2015 US$,IR,Iran,,,,
gdp_cos_wb,GDP nominal constant price (World Bank),World Bank,gregorian,1971,168.53,Billion 2015 US$,IR,Iran,,,,
gdp_cos_wb,GDP nominal constant price (World Bank),World Bank,gregorian,1972,192.97,Billion 2015 US$,IR,Iran,,,,
gdp_cos_wb,GDP nominal constant price (World Bank),World Bank,gregorian,1973,207.33,Billion 2015 US$,IR,Iran,,,,
gdp_cos_wb,GDP nominal constant price (World Bank),World Bank,gregorian,1974,219.36,Billion 2015 US$,IR,Iran,,,,
gdp_cos_wb,GDP nominal constant price (World Bank),World Bank,gregorian,1975,218.64,Billion 2015 US$,IR,Iran,,,,
gdp_cos_wb,GDP nominal constant price (World Bank),World Bank,gregorian,1976,258.57,Billion 2015 US$,IR,Iran,,,,
gdp_cos_wb,GDP nominal constant price (World Bank),World Bank,gregorian,1977,251.40,Billion 2015 US$,IR,Iran,,,,
gdp_cos_wb,GDP nominal constant price (World Bank),World Bank,gregorian,1978,219.11,Billion 2015 US$,IR,Iran,,,,
gdp_cos_wb,GDP nominal constant price (World Bank),World Bank,gregorian,1979,192.77,Billion 2015 US$,IR,Iran,,,,
gdp_cos_wb,GDP nominal constant price (World Bank),World Bank,gregorian,1980,151.14,Billion 2015 US$,IR,Iran,,,,
gdp_cos_wb,GDP nominal constant price (World Bank),World Bank,gregorian,1981,142.53,Billion 2015 US$,IR,Iran,,,,
gdp_cos_wb,GDP nominal constant price (World Bank),World Bank,gregorian,1982,175.55,Billion 2015 US$,IR,Iran,,,,
gdp_cos_wb,GDP nominal constant price (World Bank),World Bank,gregorian,1983,195.01,Billion 2015 US$,IR,Iran,,,,
gdp_cos_wb,GDP nominal constant price (World Bank),World Bank,gregorian,1984,181.09,Billion 2015 US$,IR,Iran,,,,
gdp_cos_wb,GDP nominal constant price (World Bank),World Bank,gregorian,1985,184.47,Billion 2015 US$,IR,Iran,,,,
gdp_cos_wb,GDP nominal constant price (World Bank),World Bank,gregorian,1986,166.42,Billion 2015 US$,IR,Iran,,,,
gdp_cos_wb,GDP nominal constant price (World Bank),World Bank,gregorian,1987,166.14,Billion 2015 US$,IR,Iran,,,,
gdp_cos_wb,GDP nominal constant price (World Bank),World Bank,gregorian,1988,156.03,Billion 2015 US$,IR,Iran,,,,
gdp_cos_wb,GDP nominal constant price (World Bank),World Bank,gregorian,1989,165.60,Billion 2015 US$,IR,Iran,,,,
gdp_cos_wb,GDP nominal constant price (World Bank),World Bank,gregorian,1990,188.11,Billion 2015 US$,IR,Iran,,,,
gdp_cos_wb,GDP nominal constant price (World Bank),World Bank,gregorian,1991,212.03,Billion 2015 US$,IR,Iran,,,,
gdp_cos_wb,GDP nominal constant price (World Bank),World Bank,gregorian,1992,219.03,Billion 2015 US$,IR,Iran,,,,
gdp_cos_wb,GDP nominal constant price (World Bank),World Bank,gregorian,1993,215.80,Billion 2015 US$,IR,Iran,,,,
gdp_cos_wb,GDP nominal constant price (World Bank),World Bank,gregorian,1994,212.14,Billion 2015 US$,IR,Iran,,,,
gdp_cos_wb,GDP nominal constant price (World Bank),World Bank,gregorian,1995,217.23,Billion 2015 US$,IR,Iran,,,,
gdp_cos_wb,GDP nominal constant price (World Bank),World Bank,gregorian,1996,231.03,Billion 2015 US$,IR,Iran,,,,
gdp_cos_wb,GDP nominal constant price (World Bank),World Bank,gregorian,1997,234.15,Billion 2015 US$,IR,Iran,,,,
gdp_cos_wb,GDP nominal constant price (World Bank),World Bank,gregorian,1998,239.02,Billion 2015 US$,IR,Iran,,,,
gdp_cos_wb,GDP nominal constant price (World Bank),World Bank,gregorian,1999,243.80,Billion 2015 US$,IR,Iran,,,,
gdp_cos_wb,GDP nominal constant price (World Bank),World Bank,gregorian,2000,258.06,Billion 2015 US$,IR,Iran,,,,
gdp_cos_wb,GDP nominal constant price (World Bank),World Bank,gregorian,2001,264.23,Billion 2015 US$,IR,Iran,,,,
gdp_cos_wb,GDP nominal constant price (World Bank),World Bank,gregorian,2002,285.58,Billion 2015 US$,IR,Iran,,,,
gdp_cos_wb,GDP nominal constant price (World Bank),World Bank,gregorian,2003,310.25,Billion 2015 US$,IR,Iran,,,,
gdp_cos_wb,GDP nominal constant price (World Bank),World Bank,gregorian,2004,323.70,Billion 2015 US$,IR,Iran,,,,
gdp_cos_wb,GDP nominal constant price (World Bank),World Bank,gregorian,2005,334.03,Billion 2015 US$,IR,Iran,,,,
gdp_cos_wb,GDP nominal constant price (World Bank),World Bank,gregorian,2006,350.73,Billion 2015 US$,IR,Iran,,,,
gdp_cos_wb,GDP nominal constant price (World Bank),World Bank,gregorian,2007,379.33,Billion 2015 US$,IR,Iran,,,,
gdp_cos_wb,GDP nominal constant price (World Bank),World Bank,gregorian,2008,380.29,Billion 2015 US$,IR,Iran,,,,
gdp_cos_wb,GDP nominal constant price (World Bank),World Bank,gregorian,2009,384.12,Billion 2015 US$,IR,Iran,,,,
gdp_cos_wb,GDP nominal constant price (World Bank),World Bank,gregorian,2010,406.39,Billion 2015 US$,IR,Iran,,,,
gdp_cos_wb,GDP nominal constant price (World Bank),World Bank,gregorian,2011,417.14,Billion 2015 US$,IR,Iran,,,,
gdp_cos_wb,GDP nominal constant price (World Bank),World Bank,gregorian,2012,401.51,Billion 2015 US$,IR,Iran,,,,
gdp_cos_wb,GDP nominal constant price (World Bank),World Bank,gregorian,2013,395.40,Billion 2015 US$,IR,Iran,,,,
gdp_cos_wb,GDP nominal constant price (World Bank),World Bank,gregorian,2014,415.11,Billion 2015 US$,IR,Iran,,,,
gdp_cos_wb,GDP nominal constant price (World Bank),World Bank,gregorian,2015,409.19,Billion 2015 US$,IR,Iran,,,,
gdp_cos_wb,GDP nominal constant price (World Bank),World Bank,gregorian,2016,445.26,Billion 2015 US$,IR,Iran,,,,
gdp_cos_wb,GDP nominal constant price (World Bank),World Bank,gregorian,2017,458.74,Billion 2015 US$,IR,Iran,,,,
gdp_cos_wb,GDP nominal constant price (World Bank),World Bank,gregorian,2018,441.55,Billion 2015 US$,IR,Iran,,,,
gdp_cos_wb,GDP nominal constant price (World Bank),World Bank,gregorian,2019,431.12,Billion 2015 US$,IR,Iran,,,,
gdp_cos_wb,GDP nominal constant price (World Bank),World Bank,gregorian,2020,450.27,Billion 2015 US$,IR,Iran,,,,
gdp_cos_wb,GDP nominal constant price (World Bank),World Bank,gregorian,2021,468.87,Billion 2015 US$,IR,Iran,,,,
gdp_cos_wb,GDP nominal constant price (World Bank),World Bank,gregorian,2022,489.28,Billion 2015 US$,IR,Iran,,,,
gdp_cos_wb,GDP nominal constant price (World Bank),World Bank,gregorian,2023,515.37,Billion 2015 US$,IR,Iran,,,,
gdp_cos_wb,GDP nominal constant price (World Bank),World Bank,gregorian,2024,534.25,Billion 2015 US$,IR,Iran,,,,
gdp_cos_wb_irr,GDP nominal constant price (World Bank IRR),World Bank,gregorian,1960,"761,795.72",Billion 2015 Toman,IR,Iran,,,,
gdp_cos_wb_irr,GDP nominal constant price (World Bank IRR),World Bank,gregorian,1961,"840,953.29",Billion 2015 Toman,IR,Iran,,,,
gdp_cos_wb_irr,GDP nominal constant price (World Bank IRR),World Bank,gregorian,1962,"907,466.54",Billion 2015 Toman,IR,Iran,,,,
gdp_cos_wb_irr,GDP nominal constant price (World Bank IRR),World Bank,gregorian,1963,"971,371.01",Billion 2015 Toman,IR,Iran,,,,
gdp_cos_wb_irr,GDP nominal constant price (World Bank IRR),World Bank,gregorian,1964,"1,053,696.92",Billion 2015 Toman,IR,Iran,,,,
gdp_cos_wb_irr,GDP nominal constant price (World Bank IRR),World Bank,gregorian,1965,"1,233,201.69",Billion 2015 Toman,IR,Iran,,,,
gdp_cos_wb_irr,GDP nominal constant price (World Bank IRR),World Bank,gregorian,1966,"1,375,049.57",Billion 2015 Toman,IR,Iran,,,,
gdp_cos_wb_irr,GDP nominal constant price (World Bank IRR),World Bank,gregorian,1967,"1,529,781.19",Billion 2015 Toman,IR,Iran,,,,
gdp_cos_wb_irr,GDP nominal constant price (World Bank IRR),World Bank,gregorian,1968,"1,750,133.67",Billion 2015 Toman,IR,Iran,,,,
gdp_cos_wb_irr,GDP nominal constant price (World Bank IRR),World Bank,gregorian,1969,"2,021,695.94",Billion 2015 Toman,IR,Iran,,,,
gdp_cos_wb_irr,GDP nominal constant price (World Bank IRR),World Bank,gregorian,1970,"2,242,618.82",Billion 2015 Toman,IR,Iran,,,,
gdp_cos_wb_irr,GDP nominal constant price (World Bank IRR),World Bank,gregorian,1971,"2,549,893.10",Billion 2015 Toman,IR,Iran,,,,
gdp_cos_wb_irr,GDP nominal constant price (World Bank IRR),World Bank,gregorian,1972,"2,919,602.51",Billion 2015 Toman,IR,Iran,,,,
gdp_cos_wb_irr,GDP nominal constant price (World Bank IRR),World Bank,gregorian,1973,"3,136,870.03",Billion 2015 Toman,IR,Iran,,,,
gdp_cos_wb_irr,GDP nominal constant price (World Bank IRR),World Bank,gregorian,1974,"3,318,841.46",Billion 2015 Toman,IR,Iran,,,,
gdp_cos_wb_irr,GDP nominal constant price (World Bank IRR),World Bank,gregorian,1975,"3,308,014.86",Billion 2015 Toman,IR,Iran,,,,
gdp_cos_wb_irr,GDP nominal constant price (World Bank IRR),World Bank,gregorian,1976,"3,912,072.78",Billion 2015 Toman,IR,Iran,,,,
gdp_cos_wb_irr,GDP nominal constant price (World Bank IRR),World Bank,gregorian,1977,"3,803,568.40",Billion 2015 Toman,IR,Iran,,,,
gdp_cos_wb_irr,GDP nominal constant price (World Bank IRR),World Bank,gregorian,1978,"3,315,157.64",Billion 2015 Toman,IR,Iran,,,,
gdp_cos_wb_irr,GDP nominal constant price (World Bank IRR),World Bank,gregorian,1979,"2,916,650.48",Billion 2015 Toman,IR,Iran,,,,
gdp_cos_wb_irr,GDP nominal constant price (World Bank IRR),World Bank,gregorian,1980,"2,286,664.21",Billion 2015 Toman,IR,Iran,,,,
gdp_cos_wb_irr,GDP nominal constant price (World Bank IRR),World Bank,gregorian,1981,"2,156,397.81",Billion 2015 Toman,IR,Iran,,,,
gdp_cos_wb_irr,GDP nominal constant price (World Bank IRR),World Bank,gregorian,1982,"2,656,062.04",Billion 2015 Toman,IR,Iran,,,,
gdp_cos_wb_irr,GDP nominal constant price (World Bank IRR),World Bank,gregorian,1983,"2,950,532.12",Billion 2015 Toman,IR,Iran,,,,
gdp_cos_wb_irr,GDP nominal constant price (World Bank IRR),World Bank,gregorian,1984,"2,739,868.54",Billion 2015 Toman,IR,Iran,,,,
gdp_cos_wb_irr,GDP nominal constant price (World Bank IRR),World Bank,gregorian,1985,"2,791,039.69",Billion 2015 Toman,IR,Iran,,,,
gdp_cos_wb_irr,GDP nominal constant price (World Bank IRR),World Bank,gregorian,1986,"2,517,939.09",Billion 2015 Toman,IR,Iran,,,,
gdp_cos_wb_irr,GDP nominal constant price (World Bank IRR),World Bank,gregorian,1987,"2,513,605.53",Billion 2015 Toman,IR,Iran,,,,
gdp_cos_wb_irr,GDP nominal constant price (World Bank IRR),World Bank,gregorian,1988,"2,360,728.12",Billion 2015 Toman,IR,Iran,,,,
gdp_cos_wb_irr,GDP nominal constant price (World Bank IRR),World Bank,gregorian,1989,"2,505,490.70",Billion 2015 Toman,IR,Iran,,,,
gdp_cos_wb_irr,GDP nominal constant price (World Bank IRR),World Bank,gregorian,1990,"2,846,110.32",Billion 2015 Toman,IR,Iran,,,,
gdp_cos_wb_irr,GDP nominal constant price (World Bank IRR),World Bank,gregorian,1991,"3,208,025.94",Billion 2015 Toman,IR,Iran,,,,
gdp_cos_wb_irr,GDP nominal constant price (World Bank IRR),World Bank,gregorian,1992,"3,313,826.05",Billion 2015 Toman,IR,Iran,,,,
gdp_cos_wb_irr,GDP nominal constant price (World Bank IRR),World Bank,gregorian,1993,"3,265,079.29",Billion 2015 Toman,IR,Iran,,,,
gdp_cos_wb_irr,GDP nominal constant price (World Bank IRR),World Bank,gregorian,1994,"3,209,628.90",Billion 2015 Toman,IR,Iran,,,,
gdp_cos_wb_irr,GDP nominal constant price (World Bank IRR),World Bank,gregorian,1995,"3,286,693.52",Billion 2015 Toman,IR,Iran,,,,
gdp_cos_wb_irr,GDP nominal constant price (World Bank IRR),World Bank,gregorian,1996,"3,495,415.85",Billion 2015 Toman,IR,Iran,,,,
gdp_cos_wb_irr,GDP nominal constant price (World Bank IRR),World Bank,gregorian,1997,"3,542,617.92",Billion 2015 Toman,IR,Iran,,,,
gdp_cos_wb_irr,GDP nominal constant price (World Bank IRR),World Bank,gregorian,1998,"3,616,304.79",Billion 2015 Toman,IR,Iran,,,,
gdp_cos_wb_irr,GDP nominal constant price (World Bank IRR),World Bank,gregorian,1999,"3,688,728.39",Billion 2015 Toman,IR,Iran,,,,
gdp_cos_wb_irr,GDP nominal constant price (World Bank IRR),World Bank,gregorian,2000,"3,904,354.02",Billion 2015 Toman,IR,Iran,,,,
gdp_cos_wb_irr,GDP nominal constant price (World Bank IRR),World Bank,gregorian,2001,"3,997,752.91",Billion 2015 Toman,IR,Iran,,,,
gdp_cos_wb_irr,GDP nominal constant price (World Bank IRR),World Bank,gregorian,2002,"4,320,724.54",Billion 2015 Toman,IR,Iran,,,,
gdp_cos_wb_irr,GDP nominal constant price (World Bank IRR),World Bank,gregorian,2003,"4,694,004.83",Billion 2015 Toman,IR,Iran,,,,
gdp_cos_wb_irr,GDP nominal constant price (World Bank IRR),World Bank,gregorian,2004,"4,897,568.14",Billion 2015 Toman,IR,Iran,,,,
gdp_cos_wb_irr,GDP nominal constant price (World Bank IRR),World Bank,gregorian,2005,"5,053,790.97",Billion 2015 Toman,IR,Iran,,,,
gdp_cos_wb_irr,GDP nominal constant price (World Bank IRR),World Bank,gregorian,2006,"5,306,470.17",Billion 2015 Toman,IR,Iran,,,,
gdp_cos_wb_irr,GDP nominal constant price (World Bank IRR),World Bank,gregorian,2007,"5,739,253.86",Billion 2015 Toman,IR,Iran,,,,
gdp_cos_wb_irr,GDP nominal constant price (World Bank IRR),World Bank,gregorian,2008,"5,753,651.15",Billion 2015 Toman,IR,Iran,,,,
gdp_cos_wb_irr,GDP nominal constant price (World Bank IRR),World Bank,gregorian,2009,"5,811,612.60",Billion 2015 Toman,IR,Iran,,,,
gdp_cos_wb_irr,GDP nominal constant price (World Bank IRR),World Bank,gregorian,2010,"6,148,566.31",Billion 2015 Toman,IR,Iran,,,,
gdp_cos_wb_irr,GDP nominal constant price (World Bank IRR),World Bank,gregorian,2011,"6,311,240.03",Billion 2015 Toman,IR,Iran,,,,
gdp_cos_wb_irr,GDP nominal constant price (World Bank IRR),World Bank,gregorian,2012,"6,074,747.05",Billion 2015 Toman,IR,Iran,,,,
gdp_cos_wb_irr,GDP nominal constant price (World Bank IRR),World Bank,gregorian,2013,"5,982,290.66",Billion 2015 Toman,IR,Iran,,,,
gdp_cos_wb_irr,GDP nominal constant price (World Bank IRR),World Bank,gregorian,2014,"6,280,494.40",Billion 2015 Toman,IR,Iran,,,,
gdp_cos_wb_irr,GDP nominal constant price (World Bank IRR),World Bank,gregorian,2015,"6,191,004.58",Billion 2015 Toman,IR,Iran,,,,
gdp_cos_wb_irr,GDP nominal constant price (World Bank IRR),World Bank,gregorian,2016,"6,736,747.00",Billion 2015 Toman,IR,Iran,,,,
gdp_cos_wb_irr,GDP nominal constant price (World Bank IRR),World Bank,gregorian,2017,"6,940,658.54",Billion 2015 Toman,IR,Iran,,,,
gdp_cos_wb_irr,GDP nominal constant price (World Bank IRR),World Bank,gregorian,2018,"6,680,525.42",Billion 2015 Toman,IR,Iran,,,,
gdp_cos_wb_irr,GDP nominal constant price (World Bank IRR),World Bank,gregorian,2019,"6,522,769.13",Billion 2015 Toman,IR,Iran,,,,
gdp_cos_wb_irr,GDP nominal constant price (World Bank IRR),World Bank,gregorian,2020,"6,812,498.05",Billion 2015 Toman,IR,Iran,,,,
gdp_cos_wb_irr,GDP nominal constant price (World Bank IRR),World Bank,gregorian,2021,"7,093,915.32",Billion 2015 Toman,IR,Iran,,,,
gdp_cos_wb_irr,GDP nominal constant price (World Bank IRR),World Bank,gregorian,2022,"7,402,700.04",Billion 2015 Toman,IR,Iran,,,,
gdp_cos_wb_irr,GDP nominal constant price (World Bank IRR),World Bank,gregorian,2023,"7,797,438.00",Billion 2015 Toman,IR,Iran,,,,
gdp_cos_wb_irr,GDP nominal constant price (World Bank IRR),World Bank,gregorian,2024,"8,083,067.56",Billion 2015 Toman,IR,Iran,,,,
gdp_ppp_cur_wb,GDP PPP current price (World Bank),World Bank,gregorian,1990,441.70,Billion international $,IR,Iran,,,,
gdp_ppp_cur_wb,GDP PPP current price (World Bank),World Bank,gregorian,1991,514.70,Billion international $,IR,Iran,,,,
gdp_ppp_cur_wb,GDP PPP current price (World Bank),World Bank,gregorian,1992,543.79,Billion international $,IR,Iran,,,,
gdp_ppp_cur_wb,GDP PPP current price (World Bank),World Bank,gregorian,1993,548.49,Billion international $,IR,Iran,,,,
gdp_ppp_cur_wb,GDP PPP current price (World Bank),World Bank,gregorian,1994,550.69,Billion international $,IR,Iran,,,,
gdp_ppp_cur_wb,GDP PPP current price (World Bank),World Bank,gregorian,1995,575.73,Billion international $,IR,Iran,,,,
gdp_ppp_cur_wb,GDP PPP current price (World Bank),World Bank,gregorian,1996,623.51,Billion international $,IR,Iran,,,,
gdp_ppp_cur_wb,GDP PPP current price (World Bank),World Bank,gregorian,1997,642.82,Billion international $,IR,Iran,,,,
gdp_ppp_cur_wb,GDP PPP current price (World Bank),World Bank,gregorian,1998,663.57,Billion international $,IR,Iran,,,,
gdp_ppp_cur_wb,GDP PPP current price (World Bank),World Bank,gregorian,1999,686.44,Billion international $,IR,Iran,,,,
gdp_ppp_cur_wb,GDP PPP current price (World Bank),World Bank,gregorian,2000,743.02,Billion international $,IR,Iran,,,,
gdp_ppp_cur_wb,GDP PPP current price (World Bank),World Bank,gregorian,2001,777.92,Billion international $,IR,Iran,,,,
gdp_ppp_cur_wb,GDP PPP current price (World Bank),World Bank,gregorian,2002,853.84,Billion international $,IR,Iran,,,,
gdp_ppp_cur_wb,GDP PPP current price (World Bank),World Bank,gregorian,2003,945.92,Billion international $,IR,Iran,,,,
gdp_ppp_cur_wb,GDP PPP current price (World Bank),World Bank,gregorian,2004,"1,013.48",Billion international $,IR,Iran,,,,
gdp_ppp_cur_wb,GDP PPP current price (World Bank),World Bank,gregorian,2005,"1,078.60",Billion international $,IR,Iran,,,,
gdp_ppp_cur_wb,GDP PPP current price (World Bank),World Bank,gregorian,2006,"1,167.45",Billion international $,IR,Iran,,,,
gdp_ppp_cur_wb,GDP PPP current price (World Bank),World Bank,gregorian,2007,"1,296.87",Billion international $,IR,Iran,,,,
gdp_ppp_cur_wb,GDP PPP current price (World Bank),World Bank,gregorian,2008,"1,325.17",Billion international $,IR,Iran,,,,
gdp_ppp_cur_wb,GDP PPP current price (World Bank),World Bank,gregorian,2009,"1,346.78",Billion international $,IR,Iran,,,,
gdp_ppp_cur_wb,GDP PPP current price (World Bank),World Bank,gregorian,2010,"1,442.18",Billion international $,IR,Iran,,,,
gdp_ppp_cur_wb,GDP PPP current price (World Bank),World Bank,gregorian,2011,"1,510.88",Billion international $,IR,Iran,,,,
gdp_ppp_cur_wb,GDP PPP current price (World Bank),World Bank,gregorian,2012,"1,351.00",Billion international $,IR,Iran,,,,
gdp_ppp_cur_wb,GDP PPP current price (World Bank),World Bank,gregorian,2013,"1,303.94",Billion international $,IR,Iran,,,,
gdp_ppp_cur_wb,GDP PPP current price (World Bank),World Bank,gregorian,2014,"1,309.34",Billion international $,IR,Iran,,,,
gdp_ppp_cur_wb,GDP PPP current price (World Bank),World Bank,gregorian,2015,"1,179.27",Billion international $,IR,Iran,,,,
gdp_ppp_cur_wb,GDP PPP current price (World Bank),World Bank,gregorian,2016,"1,273.51",Billion international $,IR,Iran,,,,
gdp_ppp_cur_wb,GDP PPP current price (World Bank),World Bank,gregorian,2017,"1,336.57",Billion international $,IR,Iran,,,,
gdp_ppp_cur_wb,GDP PPP current price (World Bank),World Bank,gregorian,2018,"1,319.68",Billion international $,IR,Iran,,,,
gdp_ppp_cur_wb,GDP PPP current price (World Bank),World Bank,gregorian,2019,"1,212.41",Billion international $,IR,Iran,,,,
gdp_ppp_cur_wb,GDP PPP current price (World Bank),World Bank,gregorian,2020,"1,326.32",Billion international $,IR,Iran,,,,
gdp_ppp_cur_wb,GDP PPP current price (World Bank),World Bank,gregorian,2021,"1,405.06",Billion international $,IR,Iran,,,,
gdp_ppp_cur_wb,GDP PPP current price (World Bank),World Bank,gregorian,2022,"1,570.76",Billion international $,IR,Iran,,,,
gdp_ppp_cur_wb,GDP PPP current price (World Bank),World Bank,gregorian,2023,"1,714.05",Billion international $,IR,Iran,,,,
gdp_ppp_cur_wb,GDP PPP current price (World Bank),World Bank,gregorian,2024,"1,819.81",Billion international $,IR,Iran,,,,
gdp_ppp_cos_wb,GDP PPP constant price (World Bank),World Bank,gregorian,1990,563.72,Billion international $ 2021,IR,Iran,,,,
gdp_ppp_cos_wb,GDP PPP constant price (World Bank),World Bank,gregorian,1991,635.40,Billion international $ 2021,IR,Iran,,,,
gdp_ppp_cos_wb,GDP PPP constant price (World Bank),World Bank,gregorian,1992,656.36,Billion international $ 2021,IR,Iran,,,,
gdp_ppp_cos_wb,GDP PPP constant price (World Bank),World Bank,gregorian,1993,646.70,Billion international $ 2021,IR,Iran,,,,
gdp_ppp_cos_wb,GDP PPP constant price (World Bank),World Bank,gregorian,1994,635.72,Billion international $ 2021,IR,Iran,,,,
gdp_ppp_cos_wb,GDP PPP constant price (World Bank),World Bank,gregorian,1995,650.98,Billion international $ 2021,IR,Iran,,,,
gdp_ppp_cos_wb,GDP PPP constant price (World Bank),World Bank,gregorian,1996,692.32,Billion international $ 2021,IR,Iran,,,,
gdp_ppp_cos_wb,GDP PPP constant price (World Bank),World Bank,gregorian,1997,701.67,Billion international $ 2021,IR,Iran,,,,
gdp_ppp_cos_wb,GDP PPP constant price (World Bank),World Bank,gregorian,1998,716.27,Billion international $ 2021,IR,Iran,,,,
gdp_ppp_cos_wb,GDP PPP constant price (World Bank),World Bank,gregorian,1999,730.61,Billion international $ 2021,IR,Iran,,,,
gdp_ppp_cos_wb,GDP PPP constant price (World Bank),World Bank,gregorian,2000,773.32,Billion international $ 2021,IR,Iran,,,,
gdp_ppp_cos_wb,GDP PPP constant price (World Bank),World Bank,gregorian,2001,791.82,Billion international $ 2021,IR,Iran,,,,
gdp_ppp_cos_wb,GDP PPP constant price (World Bank),World Bank,gregorian,2002,855.79,Billion international $ 2021,IR,Iran,,,,
gdp_ppp_cos_wb,GDP PPP constant price (World Bank),World Bank,gregorian,2003,929.72,Billion international $ 2021,IR,Iran,,,,
gdp_ppp_cos_wb,GDP PPP constant price (World Bank),World Bank,gregorian,2004,970.04,Billion international $ 2021,IR,Iran,,,,
gdp_ppp_cos_wb,GDP PPP constant price (World Bank),World Bank,gregorian,2005,"1,000.99",Billion international $ 2021,IR,Iran,,,,
gdp_ppp_cos_wb,GDP PPP constant price (World Bank),World Bank,gregorian,2006,"1,051.03",Billion international $ 2021,IR,Iran,,,,
gdp_ppp_cos_wb,GDP PPP constant price (World Bank),World Bank,gregorian,2007,"1,136.75",Billion international $ 2021,IR,Iran,,,,
gdp_ppp_cos_wb,GDP PPP constant price (World Bank),World Bank,gregorian,2008,"1,139.60",Billion international $ 2021,IR,Iran,,,,
gdp_ppp_cos_wb,GDP PPP constant price (World Bank),World Bank,gregorian,2009,"1,151.08",Billion international $ 2021,IR,Iran,,,,
gdp_ppp_cos_wb,GDP PPP constant price (World Bank),World Bank,gregorian,2010,"1,217.82",Billion international $ 2021,IR,Iran,,,,
gdp_ppp_cos_wb,GDP PPP constant price (World Bank),World Bank,gregorian,2011,"1,250.04",Billion international $ 2021,IR,Iran,,,,
gdp_ppp_cos_wb,GDP PPP constant price (World Bank),World Bank,gregorian,2012,"1,203.20",Billion international $ 2021,IR,Iran,,,,
gdp_ppp_cos_wb,GDP PPP constant price (World Bank),World Bank,gregorian,2013,"1,184.89",Billion international $ 2021,IR,Iran,,,,
gdp_ppp_cos_wb,GDP PPP constant price (World Bank),World Bank,gregorian,2014,"1,243.95",Billion international $ 2021,IR,Iran,,,,
gdp_ppp_cos_wb,GDP PPP constant price (World Bank),World Bank,gregorian,2015,"1,226.23",Billion international $ 2021,IR,Iran,,,,
gdp_ppp_cos_wb,GDP PPP constant price (World Bank),World Bank,gregorian,2016,"1,334.32",Billion international $ 2021,IR,Iran,,,,
gdp_ppp_cos_wb,GDP PPP constant price (World Bank),World Bank,gregorian,2017,"1,374.71",Billion international $ 2021,IR,Iran,,,,
gdp_ppp_cos_wb,GDP PPP constant price (World Bank),World Bank,gregorian,2018,"1,323.19",Billion international $ 2021,IR,Iran,,,,
gdp_ppp_cos_wb,GDP PPP constant price (World Bank),World Bank,gregorian,2019,"1,291.94",Billion international $ 2021,IR,Iran,,,,
gdp_ppp_cos_wb,GDP PPP constant price (World Bank),World Bank,gregorian,2020,"1,349.33",Billion international $ 2021,IR,Iran,,,,
gdp_ppp_cos_wb,GDP PPP constant price (World Bank),World Bank,gregorian,2021,"1,405.06",Billion international $ 2021,IR,Iran,,,,
gdp_ppp_cos_wb,GDP PPP constant price (World Bank),World Bank,gregorian,2022,"1,466.22",Billion international $ 2021,IR,Iran,,,,
gdp_ppp_cos_wb,GDP PPP constant price (World Bank),World Bank,gregorian,2023,"1,544.41",Billion international $ 2021,IR,Iran,,,,
gdp_ppp_cos_wb,GDP PPP constant price (World Bank),World Bank,gregorian,2024,"1,600.98",Billion international $ 2021,IR,Iran,,,,
gdp_cap_cur_wb,GDP per capita nominal current price (World Bank),World Bank,gregorian,1960,195.58,US$,IR,Iran,,,,
gdp_cap_cur_wb,GDP per capita nominal current price (World Bank),World Bank,gregorian,1961,200.08,US$,IR,Iran,,,,
gdp_cap_cur_wb,GDP per capita nominal current price (World Bank),World Bank,gregorian,1962,205.79,US$,IR,Iran,,,,
gdp_cap_cur_wb,GDP per capita nominal current price (World Bank),World Bank,gregorian,1963,209.56,US$,IR,Iran,,,,
gdp_cap_cur_wb,GDP per capita nominal current price (World Bank),World Bank,gregorian,1964,221.73,US$,IR,Iran,,,,
gdp_cap_cur_wb,GDP per capita nominal current price (World Bank),World Bank,gregorian,1965,247.53,US$,IR,Iran,,,,
gdp_cap_cur_wb,GDP per capita nominal current price (World Bank),World Bank,gregorian,1966,262.88,US$,IR,Iran,,,,
gdp_cap_cur_wb,GDP per capita nominal current price (World Bank),World Bank,gregorian,1967,283.73,US$,IR,Iran,,,,
gdp_cap_cur_wb,GDP per capita nominal current price (World Bank),World Bank,gregorian,1968,314.29,US$,IR,Iran,,,,
gdp_cap_cur_wb,GDP per capita nominal current price (World Bank),World Bank,gregorian,1969,344.60,US$,IR,Iran,,,,
gdp_cap_cur_wb,GDP per capita nominal current price (World Bank),World Bank,gregorian,1970,376.61,US$,IR,Iran,,,,
gdp_cap_cur_wb,GDP per capita nominal current price (World Bank),World Bank,gregorian,1971,457.28,US$,IR,Iran,,,,
gdp_cap_cur_wb,GDP per capita nominal current price (World Bank),World Bank,gregorian,1972,554.75,US$,IR,Iran,,,,
gdp_cap_cur_wb,GDP per capita nominal current price (World Bank),World Bank,gregorian,1973,850.56,US$,IR,Iran,,,,
gdp_cap_cur_wb,GDP per capita nominal current price (World Bank),World Bank,gregorian,1974,"1,408.97",US$,IR,Iran,,,,
gdp_cap_cur_wb,GDP per capita nominal current price (World Bank),World Bank,gregorian,1975,"1,531.71",US$,IR,Iran,,,,
gdp_cap_cur_wb,GDP per capita nominal current price (World Bank),World Bank,gregorian,1976,"1,953.52",US$,IR,Iran,,,,
gdp_cap_cur_wb,GDP per capita nominal current price (World Bank),World Bank,gregorian,1977,"2,243.06",US$,IR,Iran,,,,
gdp_cap_cur_wb,GDP per capita nominal current price (World Bank),World Bank,gregorian,1978,"2,100.77",US$,IR,Iran,,,,
gdp_cap_cur_wb,GDP per capita nominal current price (World Bank),World Bank,gregorian,1979,"2,352.43",US$,IR,Iran,,,,
gdp_cap_cur_wb,GDP per capita nominal current price (World Bank),World Bank,gregorian,1980,"2,368.39",US$,IR,Iran,,,,
gdp_cap_cur_wb,GDP per capita nominal current price (World Bank),World Bank,gregorian,1981,"2,393.45",US$,IR,Iran,,,,
gdp_cap_cur_wb,GDP per capita nominal current price (World Bank),World Bank,gregorian,1982,"2,844.88",US$,IR,Iran,,,,
gdp_cap_cur_wb,GDP per capita nominal current price (World Bank),World Bank,gregorian,1983,"3,397.06",US$,IR,Iran,,,,
gdp_cap_cur_wb,GDP per capita nominal current price (World Bank),World Bank,gregorian,1984,"3,395.34",US$,IR,Iran,,,,
gdp_cap_cur_wb,GDP per capita nominal current price (World Bank),World Bank,gregorian,1985,"3,634.03",US$,IR,Iran,,,,
gdp_cap_cur_wb,GDP per capita nominal current price (World Bank),World Bank,gregorian,1986,"4,064.35",US$,IR,Iran,,,,
gdp_cap_cur_wb,GDP per capita nominal current price (World Bank),World Bank,gregorian,1987,"2,513.15",US$,IR,Iran,,,,
gdp_cap_cur_wb,GDP per capita nominal current price (World Bank),World Bank,gregorian,1988,"2,234.46",US$,IR,Iran,,,,
gdp_cap_cur_wb,GDP per capita nominal current price (World Bank),World Bank,gregorian,1989,"2,124.97",US$,IR,Iran,,,,
gdp_cap_cur_wb,GDP per capita nominal current price (World Bank),World Bank,gregorian,1990,"2,137.94",US$,IR,Iran,,,,
gdp_cap_cur_wb,GDP per capita nominal current price (World Bank),World Bank,gregorian,1991,"2,194.44",US$,IR,Iran,,,,
gdp_cap_cur_wb,GDP per capita nominal current price (World Bank),World Bank,gregorian,1992,"1,957.49",US$,IR,Iran,,,,
gdp_cap_cur_wb,GDP per capita nominal current price (World Bank),World Bank,gregorian,1993,"1,038.11",US$,IR,Iran,,,,
gdp_cap_cur_wb,GDP per capita nominal current price (World Bank),World Bank,gregorian,1994,"1,167.76",US$,IR,Iran,,,,
gdp_cap_cur_wb,GDP per capita nominal current price (World Bank),World Bank,gregorian,1995,"1,550.01",US$,IR,Iran,,,,
gdp_cap_cur_wb,GDP per capita nominal current price (World Bank),World Bank,gregorian,1996,"1,914.78",US$,IR,Iran,,,,
gdp_cap_cur_wb,GDP per capita nominal current price (World Bank),World Bank,gregorian,1997,"1,790.07",US$,IR,Iran,,,,
gdp_cap_cur_wb,GDP per capita nominal current price (World Bank),World Bank,gregorian,1998,"1,709.19",US$,IR,Iran,,,,
gdp_cap_cur_wb,GDP per capita nominal current price (World Bank),World Bank,gregorian,1999,"1,739.59",US$,IR,Iran,,,,
gdp_cap_cur_wb,GDP per capita nominal current price (World Bank),World Bank,gregorian,2000,"1,650.01",US$,IR,Iran,,,,
gdp_cap_cur_wb,GDP per capita nominal current price (World Bank),World Bank,gregorian,2001,"1,881.02",US$,IR,Iran,,,,
gdp_cap_cur_wb,GDP per capita nominal current price (World Bank),World Bank,gregorian,2002,"1,891.26",US$,IR,Iran,,,,
gdp_cap_cur_wb,GDP per capita nominal current price (World Bank),World Bank,gregorian,2003,"2,209.00",US$,IR,Iran,,,,
gdp_cap_cur_wb,GDP per capita nominal current price (World Bank),World Bank,gregorian,2004,"2,672.42",US$,IR,Iran,,,,
gdp_cap_cur_wb,GDP per capita nominal current price (World Bank),World Bank,gregorian,2005,"3,132.05",US$,IR,Iran,,,,
gdp_cap_cur_wb,GDP per capita nominal current price (World Bank),World Bank,gregorian,2006,"3,618.92",US$,IR,Iran,,,,
gdp_cap_cur_wb,GDP per capita nominal current price (World Bank),World Bank,gregorian,2007,"4,687.99",US$,IR,Iran,,,,
gdp_cap_cur_wb,GDP per capita nominal current price (World Bank),World Bank,gregorian,2008,"5,377.41",US$,IR,Iran,,,,
gdp_cap_cur_wb,GDP per capita nominal current price (World Bank),World Bank,gregorian,2009,"5,415.52",US$,IR,Iran,,,,
gdp_cap_cur_wb,GDP per capita nominal current price (World Bank),World Bank,gregorian,2010,"6,291.19",US$,IR,Iran,,,,
gdp_cap_cur_wb,GDP per capita nominal current price (World Bank),World Bank,gregorian,2011,"8,025.69",US$,IR,Iran,,,,
gdp_cap_cur_wb,GDP per capita nominal current price (World Bank),World Bank,gregorian,2012,"8,114.08",US$,IR,Iran,,,,
gdp_cap_cur_wb,GDP per capita nominal current price (World Bank),World Bank,gregorian,2013,"6,222.74",US$,IR,Iran,,,,
gdp_cap_cur_wb,GDP per capita nominal current price (World Bank),World Bank,gregorian,2014,"5,672.06",US$,IR,Iran,,,,
gdp_cap_cur_wb,GDP per capita nominal current price (World Bank),World Bank,gregorian,2015,"4,952.73",US$,IR,Iran,,,,
gdp_cap_cur_wb,GDP per capita nominal current price (World Bank),World Bank,gregorian,2016,"5,710.60",US$,IR,Iran,,,,
gdp_cap_cur_wb,GDP per capita nominal current price (World Bank),World Bank,gregorian,2017,"6,000.93",US$,IR,Iran,,,,
gdp_cap_cur_wb,GDP per capita nominal current price (World Bank),World Bank,gregorian,2018,"4,783.01",US$,IR,Iran,,,,
gdp_cap_cur_wb,GDP per capita nominal current price (World Bank),World Bank,gregorian,2019,"3,997.49",US$,IR,Iran,,,,
gdp_cap_cur_wb,GDP per capita nominal current price (World Bank),World Bank,gregorian,2020,"3,202.50",US$,IR,Iran,,,,
gdp_cap_cur_wb,GDP per capita nominal current price (World Bank),World Bank,gregorian,2021,"4,605.15",US$,IR,Iran,,,,
gdp_cap_cur_wb,GDP per capita nominal current price (World Bank),World Bank,gregorian,2022,"4,721.20",US$,IR,Iran,,,,
gdp_cap_cur_wb,GDP per capita nominal current price (World Bank),World Bank,gregorian,2023,"5,049.30",US$,IR,Iran,,,,
gdp_cap_cur_wb,GDP per capita nominal current price (World Bank),World Bank,gregorian,2024,"5,190.17",US$,IR,Iran,,,,
gdp_cap_cur_wb_irr,GDP per capita nominal current price (World Bank IRR),World Bank,gregorian,1960,"1,481.50",Toman,IR,Iran,,,,
gdp_cap_cur_wb_irr,GDP per capita nominal current price (World Bank IRR),World Bank,gregorian,1961,"1,515.62",Toman,IR,Iran,,,,
gdp_cap_cur_wb_irr,GDP per capita nominal current price (World Bank IRR),World Bank,gregorian,1962,"1,558.84",Toman,IR,Iran,,,,
gdp_cap_cur_wb_irr,GDP per capita nominal current price (World Bank IRR),World Bank,gregorian,1963,"1,587.41",Toman,IR,Iran,,,,
gdp_cap_cur_wb_irr,GDP per capita nominal current price (World Bank IRR),World Bank,gregorian,1964,"1,679.62",Toman,IR,Iran,,,,
gdp_cap_cur_wb_irr,GDP per capita nominal current price (World Bank IRR),World Bank,gregorian,1965,"1,875.01",Toman,IR,Iran,,,,
gdp_cap_cur_wb_irr,GDP per capita nominal current price (World Bank IRR),World Bank,gregorian,1966,"1,991.30",Toman,IR,Iran,,,,
gdp_cap_cur_wb_irr,GDP per capita nominal current price (World Bank IRR),World Bank,gregorian,1967,"2,149.28",Toman,IR,Iran,,,,
gdp_cap_cur_wb_irr,GDP per capita nominal current price (World Bank IRR),World Bank,gregorian,1968,"2,380.71",Toman,IR,Iran,,,,
gdp_cap_cur_wb_irr,GDP per capita nominal current price (World Bank IRR),World Bank,gregorian,1969,"2,610.36",Toman,IR,Iran,,,,
gdp_cap_cur_wb_irr,GDP per capita nominal current price (World Bank IRR),World Bank,gregorian,1970,"2,852.80",Toman,IR,Iran,,,,
gdp_cap_cur_wb_irr,GDP per capita nominal current price (World Bank IRR),World Bank,gregorian,1971,"3,463.92",Toman,IR,Iran,,,,
gdp_cap_cur_wb_irr,GDP per capita nominal current price (World Bank IRR),World Bank,gregorian,1972,"4,202.22",Toman,IR,Iran,,,,
gdp_cap_cur_wb_irr,GDP per capita nominal current price (World Bank IRR),World Bank,gregorian,1973,"5,858.83",Toman,IR,Iran,,,,
gdp_cap_cur_wb_irr,GDP per capita nominal current price (World Bank IRR),World Bank,gregorian,1974,"9,528.13",Toman,IR,Iran,,,,
gdp_cap_cur_wb_irr,GDP per capita nominal current price (World Bank IRR),World Bank,gregorian,1975,"10,441.03",Toman,IR,Iran,,,,
gdp_cap_cur_wb_irr,GDP per capita nominal current price (World Bank IRR),World Bank,gregorian,1976,"13,779.15",Toman,IR,Iran,,,,
gdp_cap_cur_wb_irr,GDP per capita nominal current price (World Bank IRR),World Bank,gregorian,1977,"15,831.26",Toman,IR,Iran,,,,
gdp_cap_cur_wb_irr,GDP per capita nominal current price (World Bank IRR),World Bank,gregorian,1978,"14,805.18",Toman,IR,Iran,,,,
gdp_cap_cur_wb_irr,GDP per capita nominal current price (World Bank IRR),World Bank,gregorian,1979,"16,578.73",Toman,IR,Iran,,,,
gdp_cap_cur_wb_irr,GDP per capita nominal current price (World Bank IRR),World Bank,gregorian,1980,"16,951.77",Toman,IR,Iran,,,,
gdp_cap_cur_wb_irr,GDP per capita nominal current price (World Bank IRR),World Bank,gregorian,1981,"19,154.06",Toman,IR,Iran,,,,
gdp_cap_cur_wb_irr,GDP per capita nominal current price (World Bank IRR),World Bank,gregorian,1982,"24,025.55",Toman,IR,Iran,,,,
gdp_cap_cur_wb_irr,GDP per capita nominal current price (World Bank IRR),World Bank,gregorian,1983,"29,631.89",Toman,IR,Iran,,,,
gdp_cap_cur_wb_irr,GDP per capita nominal current price (World Bank IRR),World Bank,gregorian,1984,"31,203.83",Toman,IR,Iran,,,,
gdp_cap_cur_wb_irr,GDP per capita nominal current price (World Bank IRR),World Bank,gregorian,1985,"31,882.45",Toman,IR,Iran,,,,
gdp_cap_cur_wb_irr,GDP per capita nominal current price (World Bank IRR),World Bank,gregorian,1986,"31,112.57",Toman,IR,Iran,,,,
gdp_cap_cur_wb_irr,GDP per capita nominal current price (World Bank IRR),World Bank,gregorian,1987,"36,418.07",Toman,IR,Iran,,,,
gdp_cap_cur_wb_irr,GDP per capita nominal current price (World Bank IRR),World Bank,gregorian,1988,"39,766.73",Toman,IR,Iran,,,,
gdp_cap_cur_wb_irr,GDP per capita nominal current price (World Bank IRR),World Bank,gregorian,1989,"48,024.37",Toman,IR,Iran,,,,
gdp_cap_cur_wb_irr,GDP per capita nominal current price (World Bank IRR),World Bank,gregorian,1990,"65,067.63",Toman,IR,Iran,,,,
gdp_cap_cur_wb_irr,GDP per capita nominal current price (World Bank IRR),World Bank,gregorian,1991,"89,661.93",Toman,IR,Iran,,,,
gdp_cap_cur_wb_irr,GDP per capita nominal current price (World Bank IRR),World Bank,gregorian,1992,"117,449.10",Toman,IR,Iran,,,,
gdp_cap_cur_wb_irr,GDP per capita nominal current price (World Bank IRR),World Bank,gregorian,1993,"172,845.29",Toman,IR,Iran,,,,
gdp_cap_cur_wb_irr,GDP per capita nominal current price (World Bank IRR),World Bank,gregorian,1994,"227,129.85",Toman,IR,Iran,,,,
gdp_cap_cur_wb_irr,GDP per capita nominal current price (World Bank IRR),World Bank,gregorian,1995,"317,286.96",Toman,IR,Iran,,,,
gdp_cap_cur_wb_irr,GDP per capita nominal current price (World Bank IRR),World Bank,gregorian,1996,"430,059.86",Toman,IR,Iran,,,,
gdp_cap_cur_wb_irr,GDP per capita nominal current price (World Bank IRR),World Bank,gregorian,1997,"497,548.89",Toman,IR,Iran,,,,
gdp_cap_cur_wb_irr,GDP per capita nominal current price (World Bank IRR),World Bank,gregorian,1998,"547,967.39",Toman,IR,Iran,,,,
gdp_cap_cur_wb_irr,GDP per capita nominal current price (World Bank IRR),World Bank,gregorian,1999,"725,758.88",Toman,IR,Iran,,,,
gdp_cap_cur_wb_irr,GDP per capita nominal current price (World Bank IRR),World Bank,gregorian,2000,"945,622.94",Toman,IR,Iran,,,,
gdp_cap_cur_wb_irr,GDP per capita nominal current price (World Bank IRR),World Bank,gregorian,2001,"1,094,567.09",Toman,IR,Iran,,,,
gdp_cap_cur_wb_irr,GDP per capita nominal current price (World Bank IRR),World Bank,gregorian,2002,"1,505,062.77",Toman,IR,Iran,,,,
gdp_cap_cur_wb_irr,GDP per capita nominal current price (World Bank IRR),World Bank,gregorian,2003,"1,829,490.79",Toman,IR,Iran,,,,
gdp_cap_cur_wb_irr,GDP per capita nominal current price (World Bank IRR),World Bank,gregorian,2004,"2,330,085.32",Toman,IR,Iran,,,,
gdp_cap_cur_wb_irr,GDP per capita nominal current price (World Bank IRR),World Bank,gregorian,2005,"2,826,049.45",Toman,IR,Iran,,,,
gdp_cap_cur_wb_irr,GDP per capita nominal current price (World Bank IRR),World Bank,gregorian,2006,"3,327,593.27",Toman,IR,Iran,,,,
gdp_cap_cur_wb_irr,GDP per capita nominal current price (World Bank IRR),World Bank,gregorian,2007,"4,352,800.26",Toman,IR,Iran,,,,
gdp_cap_cur_wb_irr,GDP per capita nominal current price (World Bank IRR),World Bank,gregorian,2008,"5,148,333.78",Toman,IR,Iran,,,,
gdp_cap_cur_wb_irr,GDP per capita nominal current price (World Bank IRR),World Bank,gregorian,2009,"5,372,198.62",Toman,IR,Iran,,,,
gdp_cap_cur_wb_irr,GDP per capita nominal current price (World Bank IRR),World Bank,gregorian,2010,"6,504,465.93",Toman,IR,Iran,,,,
gdp_cap_cur_wb_irr,GDP per capita nominal current price (World Bank IRR),World Bank,gregorian,2011,"8,797,758.56",Toman,IR,Iran,,,,
gdp_cap_cur_wb_irr,GDP per capita nominal current price (World Bank IRR),World Bank,gregorian,2012,"9,947,863.30",Toman,IR,Iran,,,,
gdp_cap_cur_wb_irr,GDP per capita nominal current price (World Bank IRR),World Bank,gregorian,2013,"13,225,193.46",Toman,IR,Iran,,,,
gdp_cap_cur_wb_irr,GDP per capita nominal current price (World Bank IRR),World Bank,gregorian,2014,"15,036,073.74",Toman,IR,Iran,,,,
gdp_cap_cur_wb_irr,GDP per capita nominal current price (World Bank IRR),World Bank,gregorian,2015,"14,650,185.86",Toman,IR,Iran,,,,
gdp_cap_cur_wb_irr,GDP per capita nominal current price (World Bank IRR),World Bank,gregorian,2016,"17,925,000.68",Toman,IR,Iran,,,,
gdp_cap_cur_wb_irr,GDP per capita nominal current price (World Bank IRR),World Bank,gregorian,2017,"20,531,593.75",Toman,IR,Iran,,,,
gdp_cap_cur_wb_irr,GDP per capita nominal current price (World Bank IRR),World Bank,gregorian,2018,"25,933,224.65",Toman,IR,Iran,,,,
gdp_cap_cur_wb_irr,GDP per capita nominal current price (World Bank IRR),World Bank,gregorian,2019,"32,797,957.03",Toman,IR,Iran,,,,
gdp_cap_cur_wb_irr,GDP per capita nominal current price (World Bank IRR),World Bank,gregorian,2020,"49,825,046.51",Toman,IR,Iran,,,,
gdp_cap_cur_wb_irr,GDP per capita nominal current price (World Bank IRR),World Bank,gregorian,2021,"80,197,571.47",Toman,IR,Iran,,,,
gdp_cap_cur_wb_irr,GDP per capita nominal current price (World Bank IRR),World Bank,gregorian,2022,"124,925,103.12",Toman,IR,Iran,,,,
gdp_cap_cur_wb_irr,GDP per capita nominal current price (World Bank IRR),World Bank,gregorian,2023,"178,497,844.56",Toman,IR,Iran,,,,
gdp_cap_cur_wb_irr,GDP per capita nominal current price (World Bank IRR),World Bank,gregorian,2024,"235,044,616.33",Toman,IR,Iran,,,,
gdp_cap_cos_wb,GDP per capita nominal constant price (World Bank),World Bank,gregorian,1960,"2,345.11",US$ 2015,IR,Iran,,,,
gdp_cap_cos_wb,GDP per capita nominal constant price (World Bank),World Bank,gregorian,1961,"2,512.12",US$ 2015,IR,Iran,,,,
gdp_cap_cos_wb,GDP per capita nominal constant price (World Bank),World Bank,gregorian,1962,"2,629.73",US$ 2015,IR,Iran,,,,
gdp_cap_cos_wb,GDP per capita nominal constant price (World Bank),World Bank,gregorian,1963,"2,729.81",US$ 2015,IR,Iran,,,,
gdp_cap_cos_wb,GDP per capita nominal constant price (World Bank),World Bank,gregorian,1964,"2,870.38",US$ 2015,IR,Iran,,,,
gdp_cap_cos_wb,GDP per capita nominal constant price (World Bank),World Bank,gregorian,1965,"3,255.50",US$ 2015,IR,Iran,,,,
gdp_cap_cos_wb,GDP per capita nominal constant price (World Bank),World Bank,gregorian,1966,"3,518.62",US$ 2015,IR,Iran,,,,
gdp_cap_cos_wb,GDP per capita nominal constant price (World Bank),World Bank,gregorian,1967,"3,797.08",US$ 2015,IR,Iran,,,,
gdp_cap_cos_wb,GDP per capita nominal constant price (World Bank),World Bank,gregorian,1968,"4,215.94",US$ 2015,IR,Iran,,,,
gdp_cap_cos_wb,GDP per capita nominal constant price (World Bank),World Bank,gregorian,1969,"4,726.09",US$ 2015,IR,Iran,,,,
gdp_cap_cos_wb,GDP per capita nominal constant price (World Bank),World Bank,gregorian,1970,"5,085.76",US$ 2015,IR,Iran,,,,
gdp_cap_cos_wb,GDP per capita nominal constant price (World Bank),World Bank,gregorian,1971,"5,612.36",US$ 2015,IR,Iran,,,,
gdp_cap_cos_wb,GDP per capita nominal constant price (World Bank),World Bank,gregorian,1972,"6,240.70",US$ 2015,IR,Iran,,,,
gdp_cap_cos_wb,GDP per capita nominal constant price (World Bank),World Bank,gregorian,1973,"6,511.65",US$ 2015,IR,Iran,,,,
gdp_cap_cos_wb,GDP per capita nominal constant price (World Bank),World Bank,gregorian,1974,"6,688.45",US$ 2015,IR,Iran,,,,
gdp_cap_cos_wb,GDP per capita nominal constant price (World Bank),World Bank,gregorian,1975,"6,468.12",US$ 2015,IR,Iran,,,,
gdp_cap_cos_wb,GDP per capita nominal constant price (World Bank),World Bank,gregorian,1976,"7,422.13",US$ 2015,IR,Iran,,,,
gdp_cap_cos_wb,GDP per capita nominal constant price (World Bank),World Bank,gregorian,1977,"6,996.18",US$ 2015,IR,Iran,,,,
gdp_cap_cos_wb,GDP per capita nominal constant price (World Bank),World Bank,gregorian,1978,"5,901.81",US$ 2015,IR,Iran,,,,
gdp_cap_cos_wb,GDP per capita nominal constant price (World Bank),World Bank,gregorian,1979,"5,016.91",US$ 2015,IR,Iran,,,,
gdp_cap_cos_wb,GDP per capita nominal constant price (World Bank),World Bank,gregorian,1980,"3,793.35",US$ 2015,IR,Iran,,,,
gdp_cap_cos_wb,GDP per capita nominal constant price (World Bank),World Bank,gregorian,1981,"3,394.34",US$ 2015,IR,Iran,,,,
gdp_cap_cos_wb,GDP per capita nominal constant price (World Bank),World Bank,gregorian,1982,"3,965.28",US$ 2015,IR,Iran,,,,
gdp_cap_cos_wb,GDP per capita nominal constant price (World Bank),World Bank,gregorian,1983,"4,236.72",US$ 2015,IR,Iran,,,,
gdp_cap_cos_wb,GDP per capita nominal constant price (World Bank),World Bank,gregorian,1984,"3,788.98",US$ 2015,IR,Iran,,,,
gdp_cap_cos_wb,GDP per capita nominal constant price (World Bank),World Bank,gregorian,1985,"3,720.53",US$ 2015,IR,Iran,,,,
gdp_cap_cos_wb,GDP per capita nominal constant price (World Bank),World Bank,gregorian,1986,"3,234.89",US$ 2015,IR,Iran,,,,
gdp_cap_cos_wb,GDP per capita nominal constant price (World Bank),World Bank,gregorian,1987,"3,115.62",US$ 2015,IR,Iran,,,,
gdp_cap_cos_wb,GDP per capita nominal constant price (World Bank),World Bank,gregorian,1988,"2,833.19",US$ 2015,IR,Iran,,,,
gdp_cap_cos_wb,GDP per capita nominal constant price (World Bank),World Bank,gregorian,1989,"2,920.37",US$ 2015,IR,Iran,,,,
gdp_cap_cos_wb,GDP per capita nominal constant price (World Bank),World Bank,gregorian,1990,"3,222.20",US$ 2015,IR,Iran,,,,
gdp_cap_cos_wb,GDP per capita nominal constant price (World Bank),World Bank,gregorian,1991,"3,534.65",US$ 2015,IR,Iran,,,,
gdp_cap_cos_wb,GDP per capita nominal constant price (World Bank),World Bank,gregorian,1992,"3,579.73",US$ 2015,IR,Iran,,,,
gdp_cap_cos_wb,GDP per capita nominal constant price (World Bank),World Bank,gregorian,1993,"3,514.52",US$ 2015,IR,Iran,,,,
gdp_cap_cos_wb,GDP per capita nominal constant price (World Bank),World Bank,gregorian,1994,"3,448.26",US$ 2015,IR,Iran,,,,
gdp_cap_cos_wb,GDP per capita nominal constant price (World Bank),World Bank,gregorian,1995,"3,492.17",US$ 2015,IR,Iran,,,,
gdp_cap_cos_wb,GDP per capita nominal constant price (World Bank),World Bank,gregorian,1996,"3,674.03",US$ 2015,IR,Iran,,,,
gdp_cap_cos_wb,GDP per capita nominal constant price (World Bank),World Bank,gregorian,1997,"3,679.28",US$ 2015,IR,Iran,,,,
gdp_cap_cos_wb,GDP per capita nominal constant price (World Bank),World Bank,gregorian,1998,"3,704.57",US$ 2015,IR,Iran,,,,
gdp_cap_cos_wb,GDP per capita nominal constant price (World Bank),World Bank,gregorian,1999,"3,725.32",US$ 2015,IR,Iran,,,,
gdp_cap_cos_wb,GDP per capita nominal constant price (World Bank),World Bank,gregorian,2000,"3,885.30",US$ 2015,IR,Iran,,,,
gdp_cap_cos_wb,GDP per capita nominal constant price (World Bank),World Bank,gregorian,2001,"3,917.30",US$ 2015,IR,Iran,,,,
gdp_cap_cos_wb,GDP per capita nominal constant price (World Bank),World Bank,gregorian,2002,"4,198.95",US$ 2015,IR,Iran,,,,
gdp_cap_cos_wb,GDP per capita nominal constant price (World Bank),World Bank,gregorian,2003,"4,511.43",US$ 2015,IR,Iran,,,,
gdp_cap_cos_wb,GDP per capita nominal constant price (World Bank),World Bank,gregorian,2004,"4,607.45",US$ 2015,IR,Iran,,,,
gdp_cap_cos_wb,GDP per capita nominal constant price (World Bank),World Bank,gregorian,2005,"4,650.36",US$ 2015,IR,Iran,,,,
gdp_cap_cos_wb,GDP per capita nominal constant price (World Bank),World Bank,gregorian,2006,"4,778.79",US$ 2015,IR,Iran,,,,
gdp_cap_cos_wb,GDP per capita nominal constant price (World Bank),World Bank,gregorian,2007,"5,084.72",US$ 2015,IR,Iran,,,,
gdp_cap_cos_wb,GDP per capita nominal constant price (World Bank),World Bank,gregorian,2008,"5,035.94",US$ 2015,IR,Iran,,,,
gdp_cap_cos_wb,GDP per capita nominal constant price (World Bank),World Bank,gregorian,2009,"5,023.89",US$ 2015,IR,Iran,,,,
gdp_cap_cos_wb,GDP per capita nominal constant price (World Bank),World Bank,gregorian,2010,"5,249.06",US$ 2015,IR,Iran,,,,
gdp_cap_cos_wb,GDP per capita nominal constant price (World Bank),World Bank,gregorian,2011,"5,321.76",US$ 2015,IR,Iran,,,,
gdp_cap_cos_wb,GDP per capita nominal constant price (World Bank),World Bank,gregorian,2012,"5,058.65",US$ 2015,IR,Iran,,,,
gdp_cap_cos_wb,GDP per capita nominal constant price (World Bank),World Bank,gregorian,2013,"4,916.97",US$ 2015,IR,Iran,,,,
gdp_cap_cos_wb,GDP per capita nominal constant price (World Bank),World Bank,gregorian,2014,"5,093.20",US$ 2015,IR,Iran,,,,
gdp_cap_cos_wb,GDP per capita nominal constant price (World Bank),World Bank,gregorian,2015,"4,952.73",US$ 2015,IR,Iran,,,,
gdp_cap_cos_wb,GDP per capita nominal constant price (World Bank),World Bank,gregorian,2016,"5,312.62",US$ 2015,IR,Iran,,,,
gdp_cap_cos_wb,GDP per capita nominal constant price (World Bank),World Bank,gregorian,2017,"5,395.24",US$ 2015,IR,Iran,,,,
gdp_cap_cos_wb,GDP per capita nominal constant price (World Bank),World Bank,gregorian,2018,"5,127.22",US$ 2015,IR,Iran,,,,
gdp_cap_cos_wb,GDP per capita nominal constant price (World Bank),World Bank,gregorian,2019,"4,952.46",US$ 2015,IR,Iran,,,,
gdp_cap_cos_wb,GDP per capita nominal constant price (World Bank),World Bank,gregorian,2020,"5,132.82",US$ 2015,IR,Iran,,,,
gdp_cap_cos_wb,GDP per capita nominal constant price (World Bank),World Bank,gregorian,2021,"5,300.62",US$ 2015,IR,Iran,,,,
gdp_cap_cos_wb,GDP per capita nominal constant price (World Bank),World Bank,gregorian,2022,"5,465.31",US$ 2015,IR,Iran,,,,
gdp_cap_cos_wb,GDP per capita nominal constant price (World Bank),World Bank,gregorian,2023,"5,687.84",US$ 2015,IR,Iran,,,,
gdp_cap_cos_wb,GDP per capita nominal constant price (World Bank),World Bank,gregorian,2024,"5,834.44",US$ 2015,IR,Iran,,,,
gdp_cap_cos_wb_irr,GDP per capita nominal constant price (World Bank IRR),World Bank,gregorian,1960,"35,481,151.31",Toman 2015,IR,Iran,,,,
gdp_cap_cos_wb_irr,GDP per capita nominal constant price (World Bank IRR),World Bank,gregorian,1961,"38,007,941.01",Toman 2015,IR,Iran,,,,
gdp_cap_cos_wb_irr,GDP per capita nominal constant price (World Bank IRR),World Bank,gregorian,1962,"39,787,365.73",Toman 2015,IR,Iran,,,,
gdp_cap_cos_wb_irr,GDP per capita nominal constant price (World Bank IRR),World Bank,gregorian,1963,"41,301,535.23",Toman 2015,IR,Iran,,,,
gdp_cap_cos_wb_irr,GDP per capita nominal constant price (World Bank IRR),World Bank,gregorian,1964,"43,428,390.86",Toman 2015,IR,Iran,,,,
gdp_cap_cos_wb_irr,GDP per capita nominal constant price (World Bank IRR),World Bank,gregorian,1965,"49,255,213.33",Toman 2015,IR,Iran,,,,
gdp_cap_cos_wb_irr,GDP per capita nominal constant price (World Bank IRR),World Bank,gregorian,1966,"53,236,098.96",Toman 2015,IR,Iran,,,,
gdp_cap_cos_wb_irr,GDP per capita nominal constant price (World Bank IRR),World Bank,gregorian,1967,"57,449,165.42",Toman 2015,IR,Iran,,,,
gdp_cap_cos_wb_irr,GDP per capita nominal constant price (World Bank IRR),World Bank,gregorian,1968,"63,786,446.48",Toman 2015,IR,Iran,,,,
gdp_cap_cos_wb_irr,GDP per capita nominal constant price (World Bank IRR),World Bank,gregorian,1969,"71,505,021.74",Toman 2015,IR,Iran,,,,
gdp_cap_cos_wb_irr,GDP per capita nominal constant price (World Bank IRR),World Bank,gregorian,1970,"76,946,684.83",Toman 2015,IR,Iran,,,,
gdp_cap_cos_wb_irr,GDP per capita nominal constant price (World Bank IRR),World Bank,gregorian,1971,"84,914,152.14",Toman 2015,IR,Iran,,,,
gdp_cap_cos_wb_irr,GDP per capita nominal constant price (World Bank IRR),World Bank,gregorian,1972,"94,420,801.63",Toman 2015,IR,Iran,,,,
gdp_cap_cos_wb_irr,GDP per capita nominal constant price (World Bank IRR),World Bank,gregorian,1973,"98,520,288.69",Toman 2015,IR,Iran,,,,
gdp_cap_cos_wb_irr,GDP per capita nominal constant price (World Bank IRR),World Bank,gregorian,1974,"101,195,103.18",Toman 2015,IR,Iran,,,,
gdp_cap_cos_wb_irr,GDP per capita nominal constant price (World Bank IRR),World Bank,gregorian,1975,"97,861,654.28",Toman 2015,IR,Iran,,,,
gdp_cap_cos_wb_irr,GDP per capita nominal constant price (World Bank IRR),World Bank,gregorian,1976,"112,295,615.26",Toman 2015,IR,Iran,,,,
gdp_cap_cos_wb_irr,GDP per capita nominal constant price (World Bank IRR),World Bank,gregorian,1977,"105,851,146.41",Toman 2015,IR,Iran,,,,
gdp_cap_cos_wb_irr,GDP per capita nominal constant price (World Bank IRR),World Bank,gregorian,1978,"89,293,483.38",Toman 2015,IR,Iran,,,,
gdp_cap_cos_wb_irr,GDP per capita nominal constant price (World Bank IRR),World Bank,gregorian,1979,"75,905,117.19",Toman 2015,IR,Iran,,,,
gdp_cap_cos_wb_irr,GDP per capita nominal constant price (World Bank IRR),World Bank,gregorian,1980,"57,392,842.02",Toman 2015,IR,Iran,,,,
gdp_cap_cos_wb_irr,GDP per capita nominal constant price (World Bank IRR),World Bank,gregorian,1981,"51,355,873.90",Toman 2015,IR,Iran,,,,
gdp_cap_cos_wb_irr,GDP per capita nominal constant price (World Bank IRR),World Bank,gregorian,1982,"59,993,982.31",Toman 2015,IR,Iran,,,,
gdp_cap_cos_wb_irr,GDP per capita nominal constant price (World Bank IRR),World Bank,gregorian,1983,"64,100,845.73",Toman 2015,IR,Iran,,,,
gdp_cap_cos_wb_irr,GDP per capita nominal constant price (World Bank IRR),World Bank,gregorian,1984,"57,326,623.73",Toman 2015,IR,Iran,,,,
gdp_cap_cos_wb_irr,GDP per capita nominal constant price (World Bank IRR),World Bank,gregorian,1985,"56,291,061.77",Toman 2015,IR,Iran,,,,
gdp_cap_cos_wb_irr,GDP per capita nominal constant price (World Bank IRR),World Bank,gregorian,1986,"48,943,297.67",Toman 2015,IR,Iran,,,,
gdp_cap_cos_wb_irr,GDP per capita nominal constant price (World Bank IRR),World Bank,gregorian,1987,"47,138,801.04",Toman 2015,IR,Iran,,,,
gdp_cap_cos_wb_irr,GDP per capita nominal constant price (World Bank IRR),World Bank,gregorian,1988,"42,865,673.58",Toman 2015,IR,Iran,,,,
gdp_cap_cos_wb_irr,GDP per capita nominal constant price (World Bank IRR),World Bank,gregorian,1989,"44,184,719.22",Toman 2015,IR,Iran,,,,
gdp_cap_cos_wb_irr,GDP per capita nominal constant price (World Bank IRR),World Bank,gregorian,1990,"48,751,384.66",Toman 2015,IR,Iran,,,,
gdp_cap_cos_wb_irr,GDP per capita nominal constant price (World Bank IRR),World Bank,gregorian,1991,"53,478,747.48",Toman 2015,IR,Iran,,,,
gdp_cap_cos_wb_irr,GDP per capita nominal constant price (World Bank IRR),World Bank,gregorian,1992,"54,160,774.23",Toman 2015,IR,Iran,,,,
gdp_cap_cos_wb_irr,GDP per capita nominal constant price (World Bank IRR),World Bank,gregorian,1993,"53,174,118.78",Toman 2015,IR,Iran,,,,
gdp_cap_cos_wb_irr,GDP per capita nominal constant price (World Bank IRR),World Bank,gregorian,1994,"52,171,614.14",Toman 2015,IR,Iran,,,,
gdp_cap_cos_wb_irr,GDP per capita nominal constant price (World Bank IRR),World Bank,gregorian,1995,"52,836,002.93",Toman 2015,IR,Iran,,,,
gdp_cap_cos_wb_irr,GDP per capita nominal constant price (World Bank IRR),World Bank,gregorian,1996,"55,587,525.19",Toman 2015,IR,Iran,,,,
gdp_cap_cos_wb_irr,GDP per capita nominal constant price (World Bank IRR),World Bank,gregorian,1997,"55,666,845.84",Toman 2015,IR,Iran,,,,
gdp_cap_cos_wb_irr,GDP per capita nominal constant price (World Bank IRR),World Bank,gregorian,1998,"56,049,483.74",Toman 2015,IR,Iran,,,,
gdp_cap_cos_wb_irr,GDP per capita nominal constant price (World Bank IRR),World Bank,gregorian,1999,"56,363,455.56",Toman 2015,IR,Iran,,,,
gdp_cap_cos_wb_irr,GDP per capita nominal constant price (World Bank IRR),World Bank,gregorian,2000,"58,783,993.50",Toman 2015,IR,Iran,,,,
gdp_cap_cos_wb_irr,GDP per capita nominal constant price (World Bank IRR),World Bank,gregorian,2001,"59,268,110.86",Toman 2015,IR,Iran,,,,
gdp_cap_cos_wb_irr,GDP per capita nominal constant price (World Bank IRR),World Bank,gregorian,2002,"63,529,493.82",Toman 2015,IR,Iran,,,,
gdp_cap_cos_wb_irr,GDP per capita nominal constant price (World Bank IRR),World Bank,gregorian,2003,"68,257,232.50",Toman 2015,IR,Iran,,,,
gdp_cap_cos_wb_irr,GDP per capita nominal constant price (World Bank IRR),World Bank,gregorian,2004,"69,710,005.00",Toman 2015,IR,Iran,,,,
gdp_cap_cos_wb_irr,GDP per capita nominal constant price (World Bank IRR),World Bank,gregorian,2005,"70,359,176.85",Toman 2015,IR,Iran,,,,
gdp_cap_cos_wb_irr,GDP per capita nominal constant price (World Bank IRR),World Bank,gregorian,2006,"72,302,378.46",Toman 2015,IR,Iran,,,,
gdp_cap_cos_wb_irr,GDP per capita nominal constant price (World Bank IRR),World Bank,gregorian,2007,"76,930,967.10",Toman 2015,IR,Iran,,,,
gdp_cap_cos_wb_irr,GDP per capita nominal constant price (World Bank IRR),World Bank,gregorian,2008,"76,192,965.67",Toman 2015,IR,Iran,,,,
gdp_cap_cos_wb_irr,GDP per capita nominal constant price (World Bank IRR),World Bank,gregorian,2009,"76,010,697.38",Toman 2015,IR,Iran,,,,
gdp_cap_cos_wb_irr,GDP per capita nominal constant price (World Bank IRR),World Bank,gregorian,2010,"79,417,455.97",Toman 2015,IR,Iran,,,,
gdp_cap_cos_wb_irr,GDP per capita nominal constant price (World Bank IRR),World Bank,gregorian,2011,"80,517,355.58",Toman 2015,IR,Iran,,,,
gdp_cap_cos_wb_irr,GDP per capita nominal constant price (World Bank IRR),World Bank,gregorian,2012,"76,536,508.24",Toman 2015,IR,Iran,,,,
gdp_cap_cos_wb_irr,GDP per capita nominal constant price (World Bank IRR),World Bank,gregorian,2013,"74,393,011.54",Toman 2015,IR,Iran,,,,
gdp_cap_cos_wb_irr,GDP per capita nominal constant price (World Bank IRR),World Bank,gregorian,2014,"77,059,347.37",Toman 2015,IR,Iran,,,,
gdp_cap_cos_wb_irr,GDP per capita nominal constant price (World Bank IRR),World Bank,gregorian,2015,"74,934,064.22",Toman 2015,IR,Iran,,,,
gdp_cap_cos_wb_irr,GDP per capita nominal constant price (World Bank IRR),World Bank,gregorian,2016,"80,379,046.79",Toman 2015,IR,Iran,,,,
gdp_cap_cos_wb_irr,GDP per capita nominal constant price (World Bank IRR),World Bank,gregorian,2017,"81,629,113.32",Toman 2015,IR,Iran,,,,
gdp_cap_cos_wb_irr,GDP per capita nominal constant price (World Bank IRR),World Bank,gregorian,2018,"77,574,091.09",Toman 2015,IR,Iran,,,,
gdp_cap_cos_wb_irr,GDP per capita nominal constant price (World Bank IRR),World Bank,gregorian,2019,"74,929,875.31",Toman 2015,IR,Iran,,,,
gdp_cap_cos_wb_irr,GDP per capita nominal constant price (World Bank IRR),World Bank,gregorian,2020,"77,658,808.42",Toman 2015,IR,Iran,,,,
gdp_cap_cos_wb_irr,GDP per capita nominal constant price (World Bank IRR),World Bank,gregorian,2021,"80,197,571.47",Toman 2015,IR,Iran,,,,
gdp_cap_cos_wb_irr,GDP per capita nominal constant price (World Bank IRR),World Bank,gregorian,2022,"82,689,331.32",Toman 2015,IR,Iran,,,,
gdp_cap_cos_wb_irr,GDP per capita nominal constant price (World Bank IRR),World Bank,gregorian,2023,"86,056,166.77",Toman 2015,IR,Iran,,,,
gdp_cap_cos_wb_irr,GDP per capita nominal constant price (World Bank IRR),World Bank,gregorian,2024,"88,274,186.22",Toman 2015,IR,Iran,,,,
gdp_cap_ppp_wb,GDP per capita PPP current price (World Bank),World Bank,gregorian,1990,"7,565.85",International $,IR,Iran,,,,
gdp_cap_ppp_wb,GDP per capita PPP current price (World Bank),World Bank,gregorian,1991,"8,580.18",International $,IR,Iran,,,,
gdp_cap_ppp_wb,GDP per capita PPP current price (World Bank),World Bank,gregorian,1992,"8,887.63",International $,IR,Iran,,,,
gdp_cap_ppp_wb,GDP per capita PPP current price (World Bank),World Bank,gregorian,1993,"8,932.55",International $,IR,Iran,,,,
gdp_cap_ppp_wb,GDP per capita PPP current price (World Bank),World Bank,gregorian,1994,"8,951.27",International $,IR,Iran,,,,
gdp_cap_ppp_wb,GDP per capita PPP current price (World Bank),World Bank,gregorian,1995,"9,255.34",International $,IR,Iran,,,,
gdp_cap_ppp_wb,GDP per capita PPP current price (World Bank),World Bank,gregorian,1996,"9,915.59",International $,IR,Iran,,,,
gdp_cap_ppp_wb,GDP per capita PPP current price (World Bank),World Bank,gregorian,1997,"10,100.97",International $,IR,Iran,,,,
gdp_cap_ppp_wb,GDP per capita PPP current price (World Bank),World Bank,gregorian,1998,"10,284.70",International $,IR,Iran,,,,
gdp_cap_ppp_wb,GDP per capita PPP current price (World Bank),World Bank,gregorian,1999,"10,488.67",International $,IR,Iran,,,,
gdp_cap_ppp_wb,GDP per capita PPP current price (World Bank),World Bank,gregorian,2000,"11,186.90",International $,IR,Iran,,,,
gdp_cap_ppp_wb,GDP per capita PPP current price (World Bank),World Bank,gregorian,2001,"11,533.00",International $,IR,Iran,,,,
gdp_cap_ppp_wb,GDP per capita PPP current price (World Bank),World Bank,gregorian,2002,"12,554.33",International $,IR,Iran,,,,
gdp_cap_ppp_wb,GDP per capita PPP current price (World Bank),World Bank,gregorian,2003,"13,754.91",International $,IR,Iran,,,,
gdp_cap_ppp_wb,GDP per capita PPP current price (World Bank),World Bank,gregorian,2004,"14,425.42",International $,IR,Iran,,,,
gdp_cap_ppp_wb,GDP per capita PPP current price (World Bank),World Bank,gregorian,2005,"15,016.27",International $,IR,Iran,,,,
gdp_cap_ppp_wb,GDP per capita PPP current price (World Bank),World Bank,gregorian,2006,"15,906.86",International $,IR,Iran,,,,
gdp_cap_ppp_wb,GDP per capita PPP current price (World Bank),World Bank,gregorian,2007,"17,383.72",International $,IR,Iran,,,,
gdp_cap_ppp_wb,GDP per capita PPP current price (World Bank),World Bank,gregorian,2008,"17,548.67",International $,IR,Iran,,,,
gdp_cap_ppp_wb,GDP per capita PPP current price (World Bank),World Bank,gregorian,2009,"17,614.67",International $,IR,Iran,,,,
gdp_cap_ppp_wb,GDP per capita PPP current price (World Bank),World Bank,gregorian,2010,"18,627.82",International $,IR,Iran,,,,
gdp_cap_ppp_wb,GDP per capita PPP current price (World Bank),World Bank,gregorian,2011,"19,275.44",International $,IR,Iran,,,,
gdp_cap_ppp_wb,GDP per capita PPP current price (World Bank),World Bank,gregorian,2012,"17,021.37",International $,IR,Iran,,,,
gdp_cap_ppp_wb,GDP per capita PPP current price (World Bank),World Bank,gregorian,2013,"16,215.21",International $,IR,Iran,,,,
gdp_cap_ppp_wb,GDP per capita PPP current price (World Bank),World Bank,gregorian,2014,"16,065.16",International $,IR,Iran,,,,
gdp_cap_ppp_wb,GDP per capita PPP current price (World Bank),World Bank,gregorian,2015,"14,273.55",International $,IR,Iran,,,,
gdp_cap_ppp_wb,GDP per capita PPP current price (World Bank),World Bank,gregorian,2016,"15,194.79",International $,IR,Iran,,,,
gdp_cap_ppp_wb,GDP per capita PPP current price (World Bank),World Bank,gregorian,2017,"15,719.42",International $,IR,Iran,,,,
gdp_cap_ppp_wb,GDP per capita PPP current price (World Bank),World Bank,gregorian,2018,"15,324.07",International $,IR,Iran,,,,
gdp_cap_ppp_wb,GDP per capita PPP current price (World Bank),World Bank,gregorian,2019,"13,927.51",International $,IR,Iran,,,,
gdp_cap_ppp_wb,GDP per capita PPP current price (World Bank),World Bank,gregorian,2020,"15,119.31",International $,IR,Iran,,,,
gdp_cap_ppp_wb,GDP per capita PPP current price (World Bank),World Bank,gregorian,2021,"15,884.43",International $,IR,Iran,,,,
gdp_cap_ppp_wb,GDP per capita PPP current price (World Bank),World Bank,gregorian,2022,"17,545.62",International $,IR,Iran,,,,
gdp_cap_ppp_wb,GDP per capita PPP current price (World Bank),World Bank,gregorian,2023,"18,917.09",International $,IR,Iran,,,,
gdp_cap_ppp_wb,GDP per capita PPP current price (World Bank),World Bank,gregorian,2024,"19,873.89",International $,IR,Iran,,,,
gdp_cap_ppp_cos_wb,GDP per capita PPP constant price (World Bank),World Bank,gregorian,1990,"9,656.00",international $ 2021,IR,Iran,,,,
gdp_cap_ppp_cos_wb,GDP per capita PPP constant price (World Bank),World Bank,gregorian,1991,"10,592.33",international $ 2021,IR,Iran,,,,
gdp_cap_ppp_cos_wb,GDP per capita PPP constant price (World Bank),World Bank,gregorian,1992,"10,727.42",international $ 2021,IR,Iran,,,,
gdp_cap_ppp_cos_wb,GDP per capita PPP constant price (World Bank),World Bank,gregorian,1993,"10,532.00",international $ 2021,IR,Iran,,,,
gdp_cap_ppp_cos_wb,GDP per capita PPP constant price (World Bank),World Bank,gregorian,1994,"10,333.43",international $ 2021,IR,Iran,,,,
gdp_cap_ppp_cos_wb,GDP per capita PPP constant price (World Bank),World Bank,gregorian,1995,"10,465.03",international $ 2021,IR,Iran,,,,
gdp_cap_ppp_cos_wb,GDP per capita PPP constant price (World Bank),World Bank,gregorian,1996,"11,010.01",international $ 2021,IR,Iran,,,,
gdp_cap_ppp_cos_wb,GDP per capita PPP constant price (World Bank),World Bank,gregorian,1997,"11,025.72",international $ 2021,IR,Iran,,,,
gdp_cap_ppp_cos_wb,GDP per capita PPP constant price (World Bank),World Bank,gregorian,1998,"11,101.51",international $ 2021,IR,Iran,,,,
gdp_cap_ppp_cos_wb,GDP per capita PPP constant price (World Bank),World Bank,gregorian,1999,"11,163.70",international $ 2021,IR,Iran,,,,
gdp_cap_ppp_cos_wb,GDP per capita PPP constant price (World Bank),World Bank,gregorian,2000,"11,643.12",international $ 2021,IR,Iran,,,,
gdp_cap_ppp_cos_wb,GDP per capita PPP constant price (World Bank),World Bank,gregorian,2001,"11,739.01",international $ 2021,IR,Iran,,,,
gdp_cap_ppp_cos_wb,GDP per capita PPP constant price (World Bank),World Bank,gregorian,2002,"12,583.04",international $ 2021,IR,Iran,,,,
gdp_cap_ppp_cos_wb,GDP per capita PPP constant price (World Bank),World Bank,gregorian,2003,"13,519.45",international $ 2021,IR,Iran,,,,
gdp_cap_ppp_cos_wb,GDP per capita PPP constant price (World Bank),World Bank,gregorian,2004,"13,807.20",international $ 2021,IR,Iran,,,,
gdp_cap_ppp_cos_wb,GDP per capita PPP constant price (World Bank),World Bank,gregorian,2005,"13,935.77",international $ 2021,IR,Iran,,,,
gdp_cap_ppp_cos_wb,GDP per capita PPP constant price (World Bank),World Bank,gregorian,2006,"14,320.66",international $ 2021,IR,Iran,,,,
gdp_cap_ppp_cos_wb,GDP per capita PPP constant price (World Bank),World Bank,gregorian,2007,"15,237.42",international $ 2021,IR,Iran,,,,
gdp_cap_ppp_cos_wb,GDP per capita PPP constant price (World Bank),World Bank,gregorian,2008,"15,091.25",international $ 2021,IR,Iran,,,,
gdp_cap_ppp_cos_wb,GDP per capita PPP constant price (World Bank),World Bank,gregorian,2009,"15,055.15",international $ 2021,IR,Iran,,,,
gdp_cap_ppp_cos_wb,GDP per capita PPP constant price (World Bank),World Bank,gregorian,2010,"15,729.91",international $ 2021,IR,Iran,,,,
gdp_cap_ppp_cos_wb,GDP per capita PPP constant price (World Bank),World Bank,gregorian,2011,"15,947.77",international $ 2021,IR,Iran,,,,
gdp_cap_ppp_cos_wb,GDP per capita PPP constant price (World Bank),World Bank,gregorian,2012,"15,159.29",international $ 2021,IR,Iran,,,,
gdp_cap_ppp_cos_wb,GDP per capita PPP constant price (World Bank),World Bank,gregorian,2013,"14,734.74",international $ 2021,IR,Iran,,,,
gdp_cap_ppp_cos_wb,GDP per capita PPP constant price (World Bank),World Bank,gregorian,2014,"15,262.85",international $ 2021,IR,Iran,,,,
gdp_cap_ppp_cos_wb,GDP per capita PPP constant price (World Bank),World Bank,gregorian,2015,"14,841.90",international $ 2021,IR,Iran,,,,
gdp_cap_ppp_cos_wb,GDP per capita PPP constant price (World Bank),World Bank,gregorian,2016,"15,920.37",international $ 2021,IR,Iran,,,,
gdp_cap_ppp_cos_wb,GDP per capita PPP constant price (World Bank),World Bank,gregorian,2017,"16,167.97",international $ 2021,IR,Iran,,,,
gdp_cap_ppp_cos_wb,GDP per capita PPP constant price (World Bank),World Bank,gregorian,2018,"15,364.80",international $ 2021,IR,Iran,,,,
gdp_cap_ppp_cos_wb,GDP per capita PPP constant price (World Bank),World Bank,gregorian,2019,"14,841.08",international $ 2021,IR,Iran,,,,
gdp_cap_ppp_cos_wb,GDP per capita PPP constant price (World Bank),World Bank,gregorian,2020,"15,381.58",international $ 2021,IR,Iran,,,,
gdp_cap_ppp_cos_wb,GDP per capita PPP constant price (World Bank),World Bank,gregorian,2021,"15,884.43",international $ 2021,IR,Iran,,,,
gdp_cap_ppp_cos_wb,GDP per capita PPP constant price (World Bank),World Bank,gregorian,2022,"16,377.96",international $ 2021,IR,Iran,,,,
gdp_cap_ppp_cos_wb,GDP per capita PPP constant price (World Bank),World Bank,gregorian,2023,"17,044.82",international $ 2021,IR,Iran,,,,
gdp_cap_ppp_cos_wb,GDP per capita PPP constant price (World Bank),World Bank,gregorian,2024,"17,484.13",international $ 2021,IR,Iran,,,,
gdp_gth-wb,GDP growth (World Bank),World Bank,gregorian,1961,10.39,%,IR,Iran,,,,
gdp_gth-wb,GDP growth (World Bank),World Bank,gregorian,1962,7.91,%,IR,Iran,,,,
gdp_gth-wb,GDP growth (World Bank),World Bank,gregorian,1963,7.04,%,IR,Iran,,,,
gdp_gth-wb,GDP growth (World Bank),World Bank,gregorian,1964,8.48,%,IR,Iran,,,,
gdp_gth-wb,GDP growth (World Bank),World Bank,gregorian,1965,17.04,%,IR,Iran,,,,
gdp_gth-wb,GDP growth (World Bank),World Bank,gregorian,1966,11.50,%,IR,Iran,,,,
gdp_gth-wb,GDP growth (World Bank),World Bank,gregorian,1967,11.25,%,IR,Iran,,,,
gdp_gth-wb,GDP growth (World Bank),World Bank,gregorian,1968,14.40,%,IR,Iran,,,,
gdp_gth-wb,GDP growth (World Bank),World Bank,gregorian,1969,15.52,%,IR,Iran,,,,
gdp_gth-wb,GDP growth (World Bank),World Bank,gregorian,1970,10.93,%,IR,Iran,,,,
gdp_gth-wb,GDP growth (World Bank),World Bank,gregorian,1971,13.70,%,IR,Iran,,,,
gdp_gth-wb,GDP growth (World Bank),World Bank,gregorian,1972,14.50,%,IR,Iran,,,,
gdp_gth-wb,GDP growth (World Bank),World Bank,gregorian,1973,7.44,%,IR,Iran,,,,
gdp_gth-wb,GDP growth (World Bank),World Bank,gregorian,1974,5.80,%,IR,Iran,,,,
gdp_gth-wb,GDP growth (World Bank),World Bank,gregorian,1975,-0.33,%,IR,Iran,,,,
gdp_gth-wb,GDP growth (World Bank),World Bank,gregorian,1976,18.26,%,IR,Iran,,,,
gdp_gth-wb,GDP growth (World Bank),World Bank,gregorian,1977,-2.77,%,IR,Iran,,,,
gdp_gth-wb,GDP growth (World Bank),World Bank,gregorian,1978,-12.84,%,IR,Iran,,,,
gdp_gth-wb,GDP growth (World Bank),World Bank,gregorian,1979,-12.02,%,IR,Iran,,,,
gdp_gth-wb,GDP growth (World Bank),World Bank,gregorian,1980,-21.60,%,IR,Iran,,,,
gdp_gth-wb,GDP growth (World Bank),World Bank,gregorian,1981,-5.70,%,IR,Iran,,,,
gdp_gth-wb,GDP growth (World Bank),World Bank,gregorian,1982,23.17,%,IR,Iran,,,,
gdp_gth-wb,GDP growth (World Bank),World Bank,gregorian,1983,11.09,%,IR,Iran,,,,
gdp_gth-wb,GDP growth (World Bank),World Bank,gregorian,1984,-7.14,%,IR,Iran,,,,
gdp_gth-wb,GDP growth (World Bank),World Bank,gregorian,1985,1.87,%,IR,Iran,,,,
gdp_gth-wb,GDP growth (World Bank),World Bank,gregorian,1986,-9.78,%,IR,Iran,,,,
gdp_gth-wb,GDP growth (World Bank),World Bank,gregorian,1987,-0.17,%,IR,Iran,,,,
gdp_gth-wb,GDP growth (World Bank),World Bank,gregorian,1988,-6.08,%,IR,Iran,,,,
gdp_gth-wb,GDP growth (World Bank),World Bank,gregorian,1989,6.13,%,IR,Iran,,,,
gdp_gth-wb,GDP growth (World Bank),World Bank,gregorian,1990,13.59,%,IR,Iran,,,,
gdp_gth-wb,GDP growth (World Bank),World Bank,gregorian,1991,12.72,%,IR,Iran,,,,
gdp_gth-wb,GDP growth (World Bank),World Bank,gregorian,1992,3.30,%,IR,Iran,,,,
gdp_gth-wb,GDP growth (World Bank),World Bank,gregorian,1993,-1.47,%,IR,Iran,,,,
gdp_gth-wb,GDP growth (World Bank),World Bank,gregorian,1994,-1.70,%,IR,Iran,,,,
gdp_gth-wb,GDP growth (World Bank),World Bank,gregorian,1995,2.40,%,IR,Iran,,,,
gdp_gth-wb,GDP growth (World Bank),World Bank,gregorian,1996,6.35,%,IR,Iran,,,,
gdp_gth-wb,GDP growth (World Bank),World Bank,gregorian,1997,1.35,%,IR,Iran,,,,
gdp_gth-wb,GDP growth (World Bank),World Bank,gregorian,1998,2.08,%,IR,Iran,,,,
gdp_gth-wb,GDP growth (World Bank),World Bank,gregorian,1999,2.00,%,IR,Iran,,,,
gdp_gth-wb,GDP growth (World Bank),World Bank,gregorian,2000,5.85,%,IR,Iran,,,,
gdp_gth-wb,GDP growth (World Bank),World Bank,gregorian,2001,2.39,%,IR,Iran,,,,
gdp_gth-wb,GDP growth (World Bank),World Bank,gregorian,2002,8.08,%,IR,Iran,,,,
gdp_gth-wb,GDP growth (World Bank),World Bank,gregorian,2003,8.64,%,IR,Iran,,,,
gdp_gth-wb,GDP growth (World Bank),World Bank,gregorian,2004,4.34,%,IR,Iran,,,,
gdp_gth-wb,GDP growth (World Bank),World Bank,gregorian,2005,3.19,%,IR,Iran,,,,
gdp_gth-wb,GDP growth (World Bank),World Bank,gregorian,2006,5.00,%,IR,Iran,,,,
gdp_gth-wb,GDP growth (World Bank),World Bank,gregorian,2007,8.16,%,IR,Iran,,,,
gdp_gth-wb,GDP growth (World Bank),World Bank,gregorian,2008,0.25,%,IR,Iran,,,,
gdp_gth-wb,GDP growth (World Bank),World Bank,gregorian,2009,1.01,%,IR,Iran,,,,
gdp_gth-wb,GDP growth (World Bank),World Bank,gregorian,2010,5.80,%,IR,Iran,,,,
gdp_gth-wb,GDP growth (World Bank),World Bank,gregorian,2011,2.65,%,IR,Iran,,,,
gdp_gth-wb,GDP growth (World Bank),World Bank,gregorian,2012,-3.75,%,IR,Iran,,,,
gdp_gth-wb,GDP growth (World Bank),World Bank,gregorian,2013,-1.52,%,IR,Iran,,,,
gdp_gth-wb,GDP growth (World Bank),World Bank,gregorian,2014,4.98,%,IR,Iran,,,,
gdp_gth-wb,GDP growth (World Bank),World Bank,gregorian,2015,-1.42,%,IR,Iran,,,,
gdp_gth-wb,GDP growth (World Bank),World Bank,gregorian,2016,8.82,%,IR,Iran,,,,
gdp_gth-wb,GDP growth (World Bank),World Bank,gregorian,2017,3.03,%,IR,Iran,,,,
gdp_gth-wb,GDP growth (World Bank),World Bank,gregorian,2018,-3.75,%,IR,Iran,,,,
gdp_gth-wb,GDP growth (World Bank),World Bank,gregorian,2019,-2.36,%,IR,Iran,,,,
gdp_gth-wb,GDP growth (World Bank),World Bank,gregorian,2020,4.44,%,IR,Iran,,,,
gdp_gth-wb,GDP growth (World Bank),World Bank,gregorian,2021,4.13,%,IR,Iran,,,,
gdp_gth-wb,GDP growth (World Bank),World Bank,gregorian,2022,4.35,%,IR,Iran,,,,
gdp_gth-wb,GDP growth (World Bank),World Bank,gregorian,2023,5.33,%,IR,Iran,,,,
gdp_gth-wb,GDP growth (World Bank),World Bank,gregorian,2024,3.66,%,IR,Iran,,,,
gdp_cap_gth_wb,GDP per capita growth,World Bank,gregorian,1961,7.12,%,IR,Iran,,,,
gdp_cap_gth_wb,GDP per capita growth,World Bank,gregorian,1962,4.68,%,IR,Iran,,,,
gdp_cap_gth_wb,GDP per capita growth,World Bank,gregorian,1963,3.81,%,IR,Iran,,,,
gdp_cap_gth_wb,GDP per capita growth,World Bank,gregorian,1964,5.15,%,IR,Iran,,,,
gdp_cap_gth_wb,GDP per capita growth,World Bank,gregorian,1965,13.42,%,IR,Iran,,,,
gdp_cap_gth_wb,GDP per capita growth,World Bank,gregorian,1966,8.08,%,IR,Iran,,,,
gdp_cap_gth_wb,GDP per capita growth,World Bank,gregorian,1967,7.91,%,IR,Iran,,,,
gdp_cap_gth_wb,GDP per capita growth,World Bank,gregorian,1968,11.03,%,IR,Iran,,,,
gdp_cap_gth_wb,GDP per capita growth,World Bank,gregorian,1969,12.10,%,IR,Iran,,,,
gdp_cap_gth_wb,GDP per capita growth,World Bank,gregorian,1970,7.61,%,IR,Iran,,,,
gdp_cap_gth_wb,GDP per capita growth,World Bank,gregorian,1971,10.35,%,IR,Iran,,,,
gdp_cap_gth_wb,GDP per capita growth,World Bank,gregorian,1972,11.20,%,IR,Iran,,,,
gdp_cap_gth_wb,GDP per capita growth,World Bank,gregorian,1973,4.34,%,IR,Iran,,,,
gdp_cap_gth_wb,GDP per capita growth,World Bank,gregorian,1974,2.71,%,IR,Iran,,,,
gdp_cap_gth_wb,GDP per capita growth,World Bank,gregorian,1975,-3.29,%,IR,Iran,,,,
gdp_cap_gth_wb,GDP per capita growth,World Bank,gregorian,1976,14.75,%,IR,Iran,,,,
gdp_cap_gth_wb,GDP per capita growth,World Bank,gregorian,1977,-5.74,%,IR,Iran,,,,
gdp_cap_gth_wb,GDP per capita growth,World Bank,gregorian,1978,-15.64,%,IR,Iran,,,,
gdp_cap_gth_wb,GDP per capita growth,World Bank,gregorian,1979,-14.99,%,IR,Iran,,,,
gdp_cap_gth_wb,GDP per capita growth,World Bank,gregorian,1980,-24.39,%,IR,Iran,,,,
gdp_cap_gth_wb,GDP per capita growth,World Bank,gregorian,1981,-10.52,%,IR,Iran,,,,
gdp_cap_gth_wb,GDP per capita growth,World Bank,gregorian,1982,16.82,%,IR,Iran,,,,
gdp_cap_gth_wb,GDP per capita growth,World Bank,gregorian,1983,6.85,%,IR,Iran,,,,
gdp_cap_gth_wb,GDP per capita growth,World Bank,gregorian,1984,-10.57,%,IR,Iran,,,,
gdp_cap_gth_wb,GDP per capita growth,World Bank,gregorian,1985,-1.81,%,IR,Iran,,,,
gdp_cap_gth_wb,GDP per capita growth,World Bank,gregorian,1986,-13.05,%,IR,Iran,,,,
gdp_cap_gth_wb,GDP per capita growth,World Bank,gregorian,1987,-3.69,%,IR,Iran,,,,
gdp_cap_gth_wb,GDP per capita growth,World Bank,gregorian,1988,-9.06,%,IR,Iran,,,,
gdp_cap_gth_wb,GDP per capita growth,World Bank,gregorian,1989,3.08,%,IR,Iran,,,,
gdp_cap_gth_wb,GDP per capita growth,World Bank,gregorian,1990,10.34,%,IR,Iran,,,,
gdp_cap_gth_wb,GDP per capita growth,World Bank,gregorian,1991,9.70,%,IR,Iran,,,,
gdp_cap_gth_wb,GDP per capita growth,World Bank,gregorian,1992,1.28,%,IR,Iran,,,,
gdp_cap_gth_wb,GDP per capita growth,World Bank,gregorian,1993,-1.82,%,IR,Iran,,,,
gdp_cap_gth_wb,GDP per capita growth,World Bank,gregorian,1994,-1.89,%,IR,Iran,,,,
gdp_cap_gth_wb,GDP per capita growth,World Bank,gregorian,1995,1.27,%,IR,Iran,,,,
gdp_cap_gth_wb,GDP per capita growth,World Bank,gregorian,1996,5.21,%,IR,Iran,,,,
gdp_cap_gth_wb,GDP per capita growth,World Bank,gregorian,1997,0.14,%,IR,Iran,,,,
gdp_cap_gth_wb,GDP per capita growth,World Bank,gregorian,1998,0.69,%,IR,Iran,,,,
gdp_cap_gth_wb,GDP per capita growth,World Bank,gregorian,1999,0.56,%,IR,Iran,,,,
gdp_cap_gth_wb,GDP per capita growth,World Bank,gregorian,2000,4.29,%,IR,Iran,,,,
gdp_cap_gth_wb,GDP per capita growth,World Bank,gregorian,2001,0.82,%,IR,Iran,,,,
gdp_cap_gth_wb,GDP per capita growth,World Bank,gregorian,2002,7.19,%,IR,Iran,,,,
gdp_cap_gth_wb,GDP per capita growth,World Bank,gregorian,2003,7.44,%,IR,Iran,,,,
gdp_cap_gth_wb,GDP per capita growth,World Bank,gregorian,2004,2.13,%,IR,Iran,,,,
gdp_cap_gth_wb,GDP per capita growth,World Bank,gregorian,2005,0.93,%,IR,Iran,,,,
gdp_cap_gth_wb,GDP per capita growth,World Bank,gregorian,2006,2.76,%,IR,Iran,,,,
gdp_cap_gth_wb,GDP per capita growth,World Bank,gregorian,2007,6.40,%,IR,Iran,,,,
gdp_cap_gth_wb,GDP per capita growth,World Bank,gregorian,2008,-0.96,%,IR,Iran,,,,
gdp_cap_gth_wb,GDP per capita growth,World Bank,gregorian,2009,-0.24,%,IR,Iran,,,,
gdp_cap_gth_wb,GDP per capita growth,World Bank,gregorian,2010,4.48,%,IR,Iran,,,,
gdp_cap_gth_wb,GDP per capita growth,World Bank,gregorian,2011,1.38,%,IR,Iran,,,,
gdp_cap_gth_wb,GDP per capita growth,World Bank,gregorian,2012,-4.94,%,IR,Iran,,,,
gdp_cap_gth_wb,GDP per capita growth,World Bank,gregorian,2013,-2.80,%,IR,Iran,,,,
gdp_cap_gth_wb,GDP per capita growth,World Bank,gregorian,2014,3.58,%,IR,Iran,,,,
gdp_cap_gth_wb,GDP per capita growth,World Bank,gregorian,2015,-2.76,%,IR,Iran,,,,
gdp_cap_gth_wb,GDP per capita growth,World Bank,gregorian,2016,7.27,%,IR,Iran,,,,
gdp_cap_gth_wb,GDP per capita growth,World Bank,gregorian,2017,1.56,%,IR,Iran,,,,
gdp_cap_gth_wb,GDP per capita growth,World Bank,gregorian,2018,-4.97,%,IR,Iran,,,,
gdp_cap_gth_wb,GDP per capita growth,World Bank,gregorian,2019,-3.41,%,IR,Iran,,,,
gdp_cap_gth_wb,GDP per capita growth,World Bank,gregorian,2020,3.64,%,IR,Iran,,,,
gdp_cap_gth_wb,GDP per capita growth,World Bank,gregorian,2021,3.27,%,IR,Iran,,,,
gdp_cap_gth_wb,GDP per capita growth,World Bank,gregorian,2022,3.11,%,IR,Iran,,,,
gdp_cap_gth_wb,GDP per capita growth,World Bank,gregorian,2023,4.07,%,IR,Iran,,,,
gdp_cap_gth_wb,GDP per capita growth,World Bank,gregorian,2024,2.58,%,IR,Iran,,,,
gdp_cur_imf,GDP nominal current price (IMF),IMF,gregorian,1980,116.98,Billion US$,IR,Iran,,,,
gdp_cur_imf,GDP nominal current price (IMF),IMF,gregorian,1981,123.85,Billion US$,IR,Iran,,,,
gdp_cur_imf,GDP nominal current price (IMF),IMF,gregorian,1982,153.53,Billion US$,IR,Iran,,,,
gdp_cur_imf,GDP nominal current price (IMF),IMF,gregorian,1983,191.52,Billion US$,IR,Iran,,,,
gdp_cur_imf,GDP nominal current price (IMF),IMF,gregorian,1984,197.37,Billion US$,IR,Iran,,,,
gdp_cur_imf,GDP nominal current price (IMF),IMF,gregorian,1985,220.34,Billion US$,IR,Iran,,,,
gdp_cur_imf,GDP nominal current price (IMF),IMF,gregorian,1986,254.99,Billion US$,IR,Iran,,,,
gdp_cur_imf,GDP nominal current price (IMF),IMF,gregorian,1987,338.09,Billion US$,IR,Iran,,,,
gdp_cur_imf,GDP nominal current price (IMF),IMF,gregorian,1988,380.70,Billion US$,IR,Iran,,,,
gdp_cur_imf,GDP nominal current price (IMF),IMF,gregorian,1989,463.07,Billion US$,IR,Iran,,,,
gdp_cur_imf,GDP nominal current price (IMF),IMF,gregorian,1990,709.09,Billion US$,IR,Iran,,,,
gdp_cur_imf,GDP nominal current price (IMF),IMF,gregorian,1991,371.10,Billion US$,IR,Iran,,,,
gdp_cur_imf,GDP nominal current price (IMF),IMF,gregorian,1992,61.60,Billion US$,IR,Iran,,,,
gdp_cur_imf,GDP nominal current price (IMF),IMF,gregorian,1993,78.66,Billion US$,IR,Iran,,,,
gdp_cur_imf,GDP nominal current price (IMF),IMF,gregorian,1994,97.42,Billion US$,IR,Iran,,,,
gdp_cur_imf,GDP nominal current price (IMF),IMF,gregorian,1995,140.28,Billion US$,IR,Iran,,,,
gdp_cur_imf,GDP nominal current price (IMF),IMF,gregorian,1996,192.87,Billion US$,IR,Iran,,,,
gdp_cur_imf,GDP nominal current price (IMF),IMF,gregorian,1997,224.73,Billion US$,IR,Iran,,,,
gdp_cur_imf,GDP nominal current price (IMF),IMF,gregorian,1998,250.19,Billion US$,IR,Iran,,,,
gdp_cur_imf,GDP nominal current price (IMF),IMF,gregorian,1999,335.74,Billion US$,IR,Iran,,,,
gdp_cur_imf,GDP nominal current price (IMF),IMF,gregorian,2000,447.81,Billion US$,IR,Iran,,,,
gdp_cur_imf,GDP nominal current price (IMF),IMF,gregorian,2001,403.94,Billion US$,IR,Iran,,,,
gdp_cur_imf,GDP nominal current price (IMF),IMF,gregorian,2002,161.93,Billion US$,IR,Iran,,,,
gdp_cur_imf,GDP nominal current price (IMF),IMF,gregorian,2003,193.34,Billion US$,IR,Iran,,,,
gdp_cur_imf,GDP nominal current price (IMF),IMF,gregorian,2004,230.62,Billion US$,IR,Iran,,,,
gdp_cur_imf,GDP nominal current price (IMF),IMF,gregorian,2005,276.38,Billion US$,IR,Iran,,,,
gdp_cur_imf,GDP nominal current price (IMF),IMF,gregorian,2006,326.45,Billion US$,IR,Iran,,,,
gdp_cur_imf,GDP nominal current price (IMF),IMF,gregorian,2007,430.47,Billion US$,IR,Iran,,,,
gdp_cur_imf,GDP nominal current price (IMF),IMF,gregorian,2008,498.71,Billion US$,IR,Iran,,,,
gdp_cur_imf,GDP nominal current price (IMF),IMF,gregorian,2009,509.10,Billion US$,IR,Iran,,,,
gdp_cur_imf,GDP nominal current price (IMF),IMF,gregorian,2010,598.57,Billion US$,IR,Iran,,,,
gdp_cur_imf,GDP nominal current price (IMF),IMF,gregorian,2011,722.13,Billion US$,IR,Iran,,,,
gdp_cur_imf,GDP nominal current price (IMF),IMF,gregorian,2012,487.11,Billion US$,IR,Iran,,,,
gdp_cur_imf,GDP nominal current price (IMF),IMF,gregorian,2013,494.54,Billion US$,IR,Iran,,,,
gdp_cur_imf,GDP nominal current price (IMF),IMF,gregorian,2014,532.06,Billion US$,IR,Iran,,,,
gdp_cur_imf,GDP nominal current price (IMF),IMF,gregorian,2015,471.42,Billion US$,IR,Iran,,,,
gdp_cur_imf,GDP nominal current price (IMF),IMF,gregorian,2016,477.58,Billion US$,IR,Iran,,,,
gdp_cur_imf,GDP nominal current price (IMF),IMF,gregorian,2017,507.80,Billion US$,IR,Iran,,,,
gdp_cur_imf,GDP nominal current price (IMF),IMF,gregorian,2018,343.71,Billion US$,IR,Iran,,,,
gdp_cur_imf,GDP nominal current price (IMF),IMF,gregorian,2019,252.14,Billion US$,IR,Iran,,,,
gdp_cur_imf,GDP nominal current price (IMF),IMF,gregorian,2020,209.51,Billion US$,IR,Iran,,,,
gdp_cur_imf,GDP nominal current price (IMF),IMF,gregorian,2021,307.34,Billion US$,IR,Iran,,,,
gdp_cur_imf,GDP nominal current price (IMF),IMF,gregorian,2022,403.25,Billion US$,IR,Iran,,,,
gdp_cur_imf,GDP nominal current price (IMF),IMF,gregorian,2023,421.55,Billion US$,IR,Iran,,,,
gdp_cur_imf,GDP nominal current price (IMF),IMF,gregorian,2024,416.68,Billion US$,IR,Iran,,,,
gdp_cur_imf,GDP nominal current price (IMF),IMF,gregorian,2025,371.20,Billion US$,IR,Iran,,,Outlook (April 2026),پیش‌بینی آوریل ۲۰۲۶
gdp_cur_imf,GDP nominal current price (IMF),IMF,gregorian,2026,300.29,Billion US$,IR,Iran,,,Outlook (April 2026),پیش‌بینی آوریل ۲۰۲۶
gdp_cur_imf,GDP nominal current price (IMF),IMF,gregorian,2027,313.33,Billion US$,IR,Iran,,,Outlook (April 2026),پیش‌بینی آوریل ۲۰۲۶
gdp_cur_imf,GDP nominal current price (IMF),IMF,gregorian,2028,323.13,Billion US$,IR,Iran,,,Outlook (April 2026),پیش‌بینی آوریل ۲۰۲۶
gdp_cur_imf,GDP nominal current price (IMF),IMF,gregorian,2029,335.49,Billion US$,IR,Iran,,,Outlook (April 2026),پیش‌بینی آوریل ۲۰۲۶
gdp_cur_imf,GDP nominal current price (IMF),IMF,gregorian,2030,349.53,Billion US$,IR,Iran,,,Outlook (April 2026),پیش‌بینی آوریل ۲۰۲۶
gdp_cur_imf,GDP nominal current price (IMF),IMF,gregorian,2031,363.95,Billion US$,IR,Iran,,,Outlook (April 2026),پیش‌بینی آوریل ۲۰۲۶
gdp_ppp_cur_imf,GDP PPP current price (IMF),IMF,gregorian,1980,172.04,Billion international $,IR,Iran,,,,
gdp_ppp_cur_imf,GDP PPP current price (IMF),IMF,gregorian,1981,177.58,Billion international $,IR,Iran,,,,
gdp_ppp_cur_imf,GDP PPP current price (IMF),IMF,gregorian,1982,232.25,Billion international $,IR,Iran,,,,
gdp_ppp_cur_imf,GDP PPP current price (IMF),IMF,gregorian,1983,268.10,Billion international $,IR,Iran,,,,
gdp_ppp_cur_imf,GDP PPP current price (IMF),IMF,gregorian,1984,257.94,Billion international $,IR,Iran,,,,
gdp_ppp_cur_imf,GDP PPP current price (IMF),IMF,gregorian,1985,271.07,Billion international $,IR,Iran,,,,
gdp_ppp_cur_imf,GDP PPP current price (IMF),IMF,gregorian,1986,249.47,Billion international $,IR,Iran,,,,
gdp_ppp_cur_imf,GDP PPP current price (IMF),IMF,gregorian,1987,255.21,Billion international $,IR,Iran,,,,
gdp_ppp_cur_imf,GDP PPP current price (IMF),IMF,gregorian,1988,248.14,Billion international $,IR,Iran,,,,
gdp_ppp_cur_imf,GDP PPP current price (IMF),IMF,gregorian,1989,273.69,Billion international $,IR,Iran,,,,
gdp_ppp_cur_imf,GDP PPP current price (IMF),IMF,gregorian,1990,322.53,Billion international $,IR,Iran,,,,
gdp_ppp_cur_imf,GDP PPP current price (IMF),IMF,gregorian,1991,375.84,Billion international $,IR,Iran,,,,
gdp_ppp_cur_imf,GDP PPP current price (IMF),IMF,gregorian,1992,397.08,Billion international $,IR,Iran,,,,
gdp_ppp_cur_imf,GDP PPP current price (IMF),IMF,gregorian,1993,400.51,Billion international $,IR,Iran,,,,
gdp_ppp_cur_imf,GDP PPP current price (IMF),IMF,gregorian,1994,402.12,Billion international $,IR,Iran,,,,
gdp_ppp_cur_imf,GDP PPP current price (IMF),IMF,gregorian,1995,420.41,Billion international $,IR,Iran,,,,
gdp_ppp_cur_imf,GDP PPP current price (IMF),IMF,gregorian,1996,455.29,Billion international $,IR,Iran,,,,
gdp_ppp_cur_imf,GDP PPP current price (IMF),IMF,gregorian,1997,469.40,Billion international $,IR,Iran,,,,
gdp_ppp_cur_imf,GDP PPP current price (IMF),IMF,gregorian,1998,484.55,Billion international $,IR,Iran,,,,
gdp_ppp_cur_imf,GDP PPP current price (IMF),IMF,gregorian,1999,501.24,Billion international $,IR,Iran,,,,
gdp_ppp_cur_imf,GDP PPP current price (IMF),IMF,gregorian,2000,542.56,Billion international $,IR,Iran,,,,
gdp_ppp_cur_imf,GDP PPP current price (IMF),IMF,gregorian,2001,568.05,Billion international $,IR,Iran,,,,
gdp_ppp_cur_imf,GDP PPP current price (IMF),IMF,gregorian,2002,623.48,Billion international $,IR,Iran,,,,
gdp_ppp_cur_imf,GDP PPP current price (IMF),IMF,gregorian,2003,690.72,Billion international $,IR,Iran,,,,
gdp_ppp_cur_imf,GDP PPP current price (IMF),IMF,gregorian,2004,740.05,Billion international $,IR,Iran,,,,
gdp_ppp_cur_imf,GDP PPP current price (IMF),IMF,gregorian,2005,787.60,Billion international $,IR,Iran,,,,
gdp_ppp_cur_imf,GDP PPP current price (IMF),IMF,gregorian,2006,852.49,Billion international $,IR,Iran,,,,
gdp_ppp_cur_imf,GDP PPP current price (IMF),IMF,gregorian,2007,946.99,Billion international $,IR,Iran,,,,
gdp_ppp_cur_imf,GDP PPP current price (IMF),IMF,gregorian,2008,967.66,Billion international $,IR,Iran,,,,
gdp_ppp_cur_imf,GDP PPP current price (IMF),IMF,gregorian,2009,983.43,Billion international $,IR,Iran,,,,
gdp_ppp_cur_imf,GDP PPP current price (IMF),IMF,gregorian,2010,"1,053.10",Billion international $,IR,Iran,,,,
gdp_ppp_cur_imf,GDP PPP current price (IMF),IMF,gregorian,2011,"1,135.62",Billion international $,IR,Iran,,,,
gdp_ppp_cur_imf,GDP PPP current price (IMF),IMF,gregorian,2012,"1,113.42",Billion international $,IR,Iran,,,,
gdp_ppp_cur_imf,GDP PPP current price (IMF),IMF,gregorian,2013,"1,115.13",Billion international $,IR,Iran,,,,
gdp_ppp_cur_imf,GDP PPP current price (IMF),IMF,gregorian,2014,"1,191.11",Billion international $,IR,Iran,,,,
gdp_ppp_cur_imf,GDP PPP current price (IMF),IMF,gregorian,2015,"1,185.03",Billion international $,IR,Iran,,,,
gdp_ppp_cur_imf,GDP PPP current price (IMF),IMF,gregorian,2016,"1,274.48",Billion international $,IR,Iran,,,,
gdp_ppp_cur_imf,GDP PPP current price (IMF),IMF,gregorian,2017,"1,336.57",Billion international $,IR,Iran,,,,
gdp_ppp_cur_imf,GDP PPP current price (IMF),IMF,gregorian,2018,"1,319.68",Billion international $,IR,Iran,,,,
gdp_ppp_cur_imf,GDP PPP current price (IMF),IMF,gregorian,2019,"1,212.41",Billion international $,IR,Iran,,,,
gdp_ppp_cur_imf,GDP PPP current price (IMF),IMF,gregorian,2020,"1,326.32",Billion international $,IR,Iran,,,,
gdp_ppp_cur_imf,GDP PPP current price (IMF),IMF,gregorian,2021,"1,405.07",Billion international $,IR,Iran,,,,
gdp_ppp_cur_imf,GDP PPP current price (IMF),IMF,gregorian,2022,"1,570.51",Billion international $,IR,Iran,,,,
gdp_ppp_cur_imf,GDP PPP current price (IMF),IMF,gregorian,2023,"1,715.46",Billion international $,IR,Iran,,,,
gdp_ppp_cur_imf,GDP PPP current price (IMF),IMF,gregorian,2024,"1,822.45",Billion international $,IR,Iran,,,,
gdp_ppp_cur_imf,GDP PPP current price (IMF),IMF,gregorian,2025,"1,845.57",Billion international $,IR,Iran,,,Outlook (April 2026),پیش‌بینی آوریل ۲۰۲۶
gdp_ppp_cur_imf,GDP PPP current price (IMF),IMF,gregorian,2026,"1,783.22",Billion international $,IR,Iran,,,Outlook (April 2026),پیش‌بینی آوریل ۲۰۲۶
gdp_ppp_cur_imf,GDP PPP current price (IMF),IMF,gregorian,2027,"1,880.97",Billion international $,IR,Iran,,,Outlook (April 2026),پیش‌بینی آوریل ۲۰۲۶
gdp_ppp_cur_imf,GDP PPP current price (IMF),IMF,gregorian,2028,"1,940.10",Billion international $,IR,Iran,,,Outlook (April 2026),پیش‌بینی آوریل ۲۰۲۶
gdp_ppp_cur_imf,GDP PPP current price (IMF),IMF,gregorian,2029,"2,010.40",Billion international $,IR,Iran,,,Outlook (April 2026),پیش‌بینی آوریل ۲۰۲۶
gdp_ppp_cur_imf,GDP PPP current price (IMF),IMF,gregorian,2030,"2,089.41",Billion international $,IR,Iran,,,Outlook (April 2026),پیش‌بینی آوریل ۲۰۲۶
gdp_ppp_cur_imf,GDP PPP current price (IMF),IMF,gregorian,2031,"2,170.95",Billion international $,IR,Iran,,,Outlook (April 2026),پیش‌بینی آوریل ۲۰۲۶
gdp_cap_cur_imf,GDP per capita nominal current price (IMF),IMF,gregorian,1980,"2,977.17",US$,IR,Iran,,,,
gdp_cap_cur_imf,GDP per capita nominal current price (IMF),IMF,gregorian,1981,"3,033.66",US$,IR,Iran,,,,
gdp_cap_cur_imf,GDP per capita nominal current price (IMF),IMF,gregorian,1982,"3,619.35",US$,IR,Iran,,,,
gdp_cap_cur_imf,GDP per capita nominal current price (IMF),IMF,gregorian,1983,"4,345.16",US$,IR,Iran,,,,
gdp_cap_cur_imf,GDP per capita nominal current price (IMF),IMF,gregorian,1984,"4,309.63",US$,IR,Iran,,,,
gdp_cap_cur_imf,GDP per capita nominal current price (IMF),IMF,gregorian,1985,"4,630.29",US$,IR,Iran,,,,
gdp_cap_cur_imf,GDP per capita nominal current price (IMF),IMF,gregorian,1986,"5,156.98",US$,IR,Iran,,,,
gdp_cap_cur_imf,GDP per capita nominal current price (IMF),IMF,gregorian,1987,"6,673.42",US$,IR,Iran,,,,
gdp_cap_cur_imf,GDP per capita nominal current price (IMF),IMF,gregorian,1988,"7,333.96",US$,IR,Iran,,,,
gdp_cap_cur_imf,GDP per capita nominal current price (IMF),IMF,gregorian,1989,"8,706.50",US$,IR,Iran,,,,
gdp_cap_cur_imf,GDP per capita nominal current price (IMF),IMF,gregorian,1990,"13,011.85",US$,IR,Iran,,,,
gdp_cap_cur_imf,GDP per capita nominal current price (IMF),IMF,gregorian,1991,"6,646.07",US$,IR,Iran,,,,
gdp_cap_cur_imf,GDP per capita nominal current price (IMF),IMF,gregorian,1992,"1,087.23",US$,IR,Iran,,,,
gdp_cap_cur_imf,GDP per capita nominal current price (IMF),IMF,gregorian,1993,"1,368.22",US$,IR,Iran,,,,
gdp_cap_cur_imf,GDP per capita nominal current price (IMF),IMF,gregorian,1994,"1,670.03",US$,IR,Iran,,,,
gdp_cap_cur_imf,GDP per capita nominal current price (IMF),IMF,gregorian,1995,"2,370.11",US$,IR,Iran,,,,
gdp_cap_cur_imf,GDP per capita nominal current price (IMF),IMF,gregorian,1996,"3,211.58",US$,IR,Iran,,,,
gdp_cap_cur_imf,GDP per capita nominal current price (IMF),IMF,gregorian,1997,"3,684.50",US$,IR,Iran,,,,
gdp_cap_cur_imf,GDP per capita nominal current price (IMF),IMF,gregorian,1998,"4,045.69",US$,IR,Iran,,,,
gdp_cap_cur_imf,GDP per capita nominal current price (IMF),IMF,gregorian,1999,"5,370.76",US$,IR,Iran,,,,
gdp_cap_cur_imf,GDP per capita nominal current price (IMF),IMF,gregorian,2000,"7,050.39",US$,IR,Iran,,,,
gdp_cap_cur_imf,GDP per capita nominal current price (IMF),IMF,gregorian,2001,"6,254.54",US$,IR,Iran,,,,
gdp_cap_cur_imf,GDP per capita nominal current price (IMF),IMF,gregorian,2002,"2,466.34",US$,IR,Iran,,,,
gdp_cap_cur_imf,GDP per capita nominal current price (IMF),IMF,gregorian,2003,"2,872.17",US$,IR,Iran,,,,
gdp_cap_cur_imf,GDP per capita nominal current price (IMF),IMF,gregorian,2004,"3,374.32",US$,IR,Iran,,,,
gdp_cap_cur_imf,GDP per capita nominal current price (IMF),IMF,gregorian,2005,"3,983.04",US$,IR,Iran,,,,
gdp_cap_cur_imf,GDP per capita nominal current price (IMF),IMF,gregorian,2006,"4,630.75",US$,IR,Iran,,,,
gdp_cap_cur_imf,GDP per capita nominal current price (IMF),IMF,gregorian,2007,"6,017.80",US$,IR,Iran,,,,
gdp_cap_cur_imf,GDP per capita nominal current price (IMF),IMF,gregorian,2008,"6,901.04",US$,IR,Iran,,,,
gdp_cap_cur_imf,GDP per capita nominal current price (IMF),IMF,gregorian,2009,"6,955.20",US$,IR,Iran,,,,
gdp_cap_cur_imf,GDP per capita nominal current price (IMF),IMF,gregorian,2010,"8,071.57",US$,IR,Iran,,,,
gdp_cap_cur_imf,GDP per capita nominal current price (IMF),IMF,gregorian,2011,"9,609.21",US$,IR,Iran,,,,
gdp_cap_cur_imf,GDP per capita nominal current price (IMF),IMF,gregorian,2012,"6,406.14",US$,IR,Iran,,,,
gdp_cap_cur_imf,GDP per capita nominal current price (IMF),IMF,gregorian,2013,"6,421.32",US$,IR,Iran,,,,
gdp_cap_cur_imf,GDP per capita nominal current price (IMF),IMF,gregorian,2014,"6,823.85",US$,IR,Iran,,,,
gdp_cap_cur_imf,GDP per capita nominal current price (IMF),IMF,gregorian,2015,"5,971.81",US$,IR,Iran,,,,
gdp_cap_cur_imf,GDP per capita nominal current price (IMF),IMF,gregorian,2016,"5,975.22",US$,IR,Iran,,,,
gdp_cap_cur_imf,GDP per capita nominal current price (IMF),IMF,gregorian,2017,"6,263.72",US$,IR,Iran,,,,
gdp_cap_cur_imf,GDP per capita nominal current price (IMF),IMF,gregorian,2018,"4,187.33",US$,IR,Iran,,,,
gdp_cap_cur_imf,GDP per capita nominal current price (IMF),IMF,gregorian,2019,"3,035.12",US$,IR,Iran,,,,
gdp_cap_cur_imf,GDP per capita nominal current price (IMF),IMF,gregorian,2020,"2,493.04",US$,IR,Iran,,,,
gdp_cap_cur_imf,GDP per capita nominal current price (IMF),IMF,gregorian,2021,"3,656.39",US$,IR,Iran,,,,
gdp_cap_cur_imf,GDP per capita nominal current price (IMF),IMF,gregorian,2022,"4,760.97",US$,IR,Iran,,,,
gdp_cap_cur_imf,GDP per capita nominal current price (IMF),IMF,gregorian,2023,"4,940.26",US$,IR,Iran,,,,
gdp_cap_cur_imf,GDP per capita nominal current price (IMF),IMF,gregorian,2024,"4,834.45",US$,IR,Iran,,,,
gdp_cap_cur_imf,GDP per capita nominal current price (IMF),IMF,gregorian,2025,"4,263.82",US$,IR,Iran,,,Outlook (April 2026),پیش‌بینی آوریل ۲۰۲۶
gdp_cap_cur_imf,GDP per capita nominal current price (IMF),IMF,gregorian,2026,"3,414.98",US$,IR,Iran,,,Outlook (April 2026),پیش‌بینی آوریل ۲۰۲۶
gdp_cap_cur_imf,GDP per capita nominal current price (IMF),IMF,gregorian,2027,"3,527.65",US$,IR,Iran,,,Outlook (April 2026),پیش‌بینی آوریل ۲۰۲۶
gdp_cap_cur_imf,GDP per capita nominal current price (IMF),IMF,gregorian,2028,"3,601.62",US$,IR,Iran,,,Outlook (April 2026),پیش‌بینی آوریل ۲۰۲۶
gdp_cap_cur_imf,GDP per capita nominal current price (IMF),IMF,gregorian,2029,"3,701.95",US$,IR,Iran,,,Outlook (April 2026),پیش‌بینی آوریل ۲۰۲۶
gdp_cap_cur_imf,GDP per capita nominal current price (IMF),IMF,gregorian,2030,"3,818.32",US$,IR,Iran,,,Outlook (April 2026),پیش‌بینی آوریل ۲۰۲۶
gdp_cap_cur_imf,GDP per capita nominal current price (IMF),IMF,gregorian,2031,"3,936.15",US$,IR,Iran,,,Outlook (April 2026),پیش‌بینی آوریل ۲۰۲۶
gdp_cap_ppp_imf,GDP per capita PPP current price (IMF),IMF,gregorian,1980,"4,378.50",International $,IR,Iran,,,,
gdp_cap_ppp_imf,GDP per capita PPP current price (IMF),IMF,gregorian,1981,"4,349.79",International $,IR,Iran,,,,
gdp_cap_ppp_imf,GDP per capita PPP current price (IMF),IMF,gregorian,1982,"5,474.99",International $,IR,Iran,,,,
gdp_cap_ppp_imf,GDP per capita PPP current price (IMF),IMF,gregorian,1983,"6,082.56",International $,IR,Iran,,,,
gdp_cap_ppp_imf,GDP per capita PPP current price (IMF),IMF,gregorian,1984,"5,632.22",International $,IR,Iran,,,,
gdp_cap_ppp_imf,GDP per capita PPP current price (IMF),IMF,gregorian,1985,"5,696.32",International $,IR,Iran,,,,
gdp_cap_ppp_imf,GDP per capita PPP current price (IMF),IMF,gregorian,1986,"5,045.41",International $,IR,Iran,,,,
gdp_cap_ppp_imf,GDP per capita PPP current price (IMF),IMF,gregorian,1987,"5,037.55",International $,IR,Iran,,,,
gdp_cap_ppp_imf,GDP per capita PPP current price (IMF),IMF,gregorian,1988,"4,780.35",International $,IR,Iran,,,,
gdp_cap_ppp_imf,GDP per capita PPP current price (IMF),IMF,gregorian,1989,"5,145.75",International $,IR,Iran,,,,
gdp_cap_ppp_imf,GDP per capita PPP current price (IMF),IMF,gregorian,1990,"5,918.41",International $,IR,Iran,,,,
gdp_cap_ppp_imf,GDP per capita PPP current price (IMF),IMF,gregorian,1991,"6,731.01",International $,IR,Iran,,,,
gdp_cap_ppp_imf,GDP per capita PPP current price (IMF),IMF,gregorian,1992,"7,008.66",International $,IR,Iran,,,,
gdp_cap_ppp_imf,GDP per capita PPP current price (IMF),IMF,gregorian,1993,"6,966.91",International $,IR,Iran,,,,
gdp_cap_ppp_imf,GDP per capita PPP current price (IMF),IMF,gregorian,1994,"6,893.76",International $,IR,Iran,,,,
gdp_cap_ppp_imf,GDP per capita PPP current price (IMF),IMF,gregorian,1995,"7,103.03",International $,IR,Iran,,,,
gdp_cap_ppp_imf,GDP per capita PPP current price (IMF),IMF,gregorian,1996,"7,581.24",International $,IR,Iran,,,,
gdp_cap_ppp_imf,GDP per capita PPP current price (IMF),IMF,gregorian,1997,"7,695.78",International $,IR,Iran,,,,
gdp_cap_ppp_imf,GDP per capita PPP current price (IMF),IMF,gregorian,1998,"7,835.22",International $,IR,Iran,,,,
gdp_cap_ppp_imf,GDP per capita PPP current price (IMF),IMF,gregorian,1999,"8,018.36",International $,IR,Iran,,,,
gdp_cap_ppp_imf,GDP per capita PPP current price (IMF),IMF,gregorian,2000,"8,542.26",International $,IR,Iran,,,,
gdp_cap_ppp_imf,GDP per capita PPP current price (IMF),IMF,gregorian,2001,"8,795.51",International $,IR,Iran,,,,
gdp_cap_ppp_imf,GDP per capita PPP current price (IMF),IMF,gregorian,2002,"9,496.05",International $,IR,Iran,,,,
gdp_cap_ppp_imf,GDP per capita PPP current price (IMF),IMF,gregorian,2003,"10,260.99",International $,IR,Iran,,,,
gdp_cap_ppp_imf,GDP per capita PPP current price (IMF),IMF,gregorian,2004,"10,828.17",International $,IR,Iran,,,,
gdp_cap_ppp_imf,GDP per capita PPP current price (IMF),IMF,gregorian,2005,"11,350.40",International $,IR,Iran,,,,
gdp_cap_ppp_imf,GDP per capita PPP current price (IMF),IMF,gregorian,2006,"12,092.69",International $,IR,Iran,,,,
gdp_cap_ppp_imf,GDP per capita PPP current price (IMF),IMF,gregorian,2007,"13,238.73",International $,IR,Iran,,,,
gdp_cap_ppp_imf,GDP per capita PPP current price (IMF),IMF,gregorian,2008,"13,390.17",International $,IR,Iran,,,,
gdp_cap_ppp_imf,GDP per capita PPP current price (IMF),IMF,gregorian,2009,"13,435.54",International $,IR,Iran,,,,
gdp_cap_ppp_imf,GDP per capita PPP current price (IMF),IMF,gregorian,2010,"14,200.84",International $,IR,Iran,,,,
gdp_cap_ppp_imf,GDP per capita PPP current price (IMF),IMF,gregorian,2011,"15,111.39",International $,IR,Iran,,,,
gdp_cap_ppp_imf,GDP per capita PPP current price (IMF),IMF,gregorian,2012,"14,642.88",International $,IR,Iran,,,,
gdp_cap_ppp_imf,GDP per capita PPP current price (IMF),IMF,gregorian,2013,"14,479.21",International $,IR,Iran,,,,
gdp_cap_ppp_imf,GDP per capita PPP current price (IMF),IMF,gregorian,2014,"15,276.50",International $,IR,Iran,,,,
gdp_cap_ppp_imf,GDP per capita PPP current price (IMF),IMF,gregorian,2015,"15,011.82",International $,IR,Iran,,,,
gdp_cap_ppp_imf,GDP per capita PPP current price (IMF),IMF,gregorian,2016,"15,945.74",International $,IR,Iran,,,,
gdp_cap_ppp_imf,GDP per capita PPP current price (IMF),IMF,gregorian,2017,"16,486.63",International $,IR,Iran,,,,
gdp_cap_ppp_imf,GDP per capita PPP current price (IMF),IMF,gregorian,2018,"16,077.17",International $,IR,Iran,,,,
gdp_cap_ppp_imf,GDP per capita PPP current price (IMF),IMF,gregorian,2019,"14,594.20",International $,IR,Iran,,,,
gdp_cap_ppp_imf,GDP per capita PPP current price (IMF),IMF,gregorian,2020,"15,782.36",International $,IR,Iran,,,,
gdp_cap_ppp_imf,GDP per capita PPP current price (IMF),IMF,gregorian,2021,"16,716.02",International $,IR,Iran,,,,
gdp_cap_ppp_imf,GDP per capita PPP current price (IMF),IMF,gregorian,2022,"18,542.01",International $,IR,Iran,,,,
gdp_cap_ppp_imf,GDP per capita PPP current price (IMF),IMF,gregorian,2023,"20,104.09",International $,IR,Iran,,,,
gdp_cap_ppp_imf,GDP per capita PPP current price (IMF),IMF,gregorian,2024,"21,144.80",International $,IR,Iran,,,,
gdp_cap_ppp_imf,GDP per capita PPP current price (IMF),IMF,gregorian,2025,"21,199.54",International $,IR,Iran,,,Outlook (April 2026),پیش‌بینی آوریل ۲۰۲۶
gdp_cap_ppp_imf,GDP per capita PPP current price (IMF),IMF,gregorian,2026,"20,279.07",International $,IR,Iran,,,Outlook (April 2026),پیش‌بینی آوریل ۲۰۲۶
gdp_cap_ppp_imf,GDP per capita PPP current price (IMF),IMF,gregorian,2027,"21,177.02",International $,IR,Iran,,,Outlook (April 2026),پیش‌بینی آوریل ۲۰۲۶
gdp_cap_ppp_imf,GDP per capita PPP current price (IMF),IMF,gregorian,2028,"21,624.45",International $,IR,Iran,,,Outlook (April 2026),پیش‌بینی آوریل ۲۰۲۶
gdp_cap_ppp_imf,GDP per capita PPP current price (IMF),IMF,gregorian,2029,"22,183.91",International $,IR,Iran,,,Outlook (April 2026),پیش‌بینی آوریل ۲۰۲۶
gdp_cap_ppp_imf,GDP per capita PPP current price (IMF),IMF,gregorian,2030,"22,825.24",International $,IR,Iran,,,Outlook (April 2026),پیش‌بینی آوریل ۲۰۲۶
gdp_cap_ppp_imf,GDP per capita PPP current price (IMF),IMF,gregorian,2031,"23,478.85",International $,IR,Iran,,,Outlook (April 2026),پیش‌بینی آوریل ۲۰۲۶
gdp_gth-imf,GDP growth (IMF),IMF,gregorian,1980,-21.60,%,IR,Iran,,,,
gdp_gth-imf,GDP growth (IMF),IMF,gregorian,1981,-5.70,%,IR,Iran,,,,
gdp_gth-imf,GDP growth (IMF),IMF,gregorian,1982,23.20,%,IR,Iran,,,,
gdp_gth-imf,GDP growth (IMF),IMF,gregorian,1983,11.10,%,IR,Iran,,,,
gdp_gth-imf,GDP growth (IMF),IMF,gregorian,1984,-7.10,%,IR,Iran,,,,
gdp_gth-imf,GDP growth (IMF),IMF,gregorian,1985,1.90,%,IR,Iran,,,,
gdp_gth-imf,GDP growth (IMF),IMF,gregorian,1986,-9.80,%,IR,Iran,,,,
gdp_gth-imf,GDP growth (IMF),IMF,gregorian,1987,-0.20,%,IR,Iran,,,,
gdp_gth-imf,GDP growth (IMF),IMF,gregorian,1988,-6.10,%,IR,Iran,,,,
gdp_gth-imf,GDP growth (IMF),IMF,gregorian,1989,6.10,%,IR,Iran,,,,
gdp_gth-imf,GDP growth (IMF),IMF,gregorian,1990,13.60,%,IR,Iran,,,,
gdp_gth-imf,GDP growth (IMF),IMF,gregorian,1991,12.70,%,IR,Iran,,,,
gdp_gth-imf,GDP growth (IMF),IMF,gregorian,1992,3.30,%,IR,Iran,,,,
gdp_gth-imf,GDP growth (IMF),IMF,gregorian,1993,-1.50,%,IR,Iran,,,,
gdp_gth-imf,GDP growth (IMF),IMF,gregorian,1994,-1.70,%,IR,Iran,,,,
gdp_gth-imf,GDP growth (IMF),IMF,gregorian,1995,2.40,%,IR,Iran,,,,
gdp_gth-imf,GDP growth (IMF),IMF,gregorian,1996,6.40,%,IR,Iran,,,,
gdp_gth-imf,GDP growth (IMF),IMF,gregorian,1997,1.40,%,IR,Iran,,,,
gdp_gth-imf,GDP growth (IMF),IMF,gregorian,1998,2.10,%,IR,Iran,,,,
gdp_gth-imf,GDP growth (IMF),IMF,gregorian,1999,2.00,%,IR,Iran,,,,
gdp_gth-imf,GDP growth (IMF),IMF,gregorian,2000,5.80,%,IR,Iran,,,,
gdp_gth-imf,GDP growth (IMF),IMF,gregorian,2001,2.40,%,IR,Iran,,,,
gdp_gth-imf,GDP growth (IMF),IMF,gregorian,2002,8.10,%,IR,Iran,,,,
gdp_gth-imf,GDP growth (IMF),IMF,gregorian,2003,8.60,%,IR,Iran,,,,
gdp_gth-imf,GDP growth (IMF),IMF,gregorian,2004,4.30,%,IR,Iran,,,,
gdp_gth-imf,GDP growth (IMF),IMF,gregorian,2005,3.20,%,IR,Iran,,,,
gdp_gth-imf,GDP growth (IMF),IMF,gregorian,2006,5.00,%,IR,Iran,,,,
gdp_gth-imf,GDP growth (IMF),IMF,gregorian,2007,8.20,%,IR,Iran,,,,
gdp_gth-imf,GDP growth (IMF),IMF,gregorian,2008,0.30,%,IR,Iran,,,,
gdp_gth-imf,GDP growth (IMF),IMF,gregorian,2009,1.00,%,IR,Iran,,,,
gdp_gth-imf,GDP growth (IMF),IMF,gregorian,2010,5.80,%,IR,Iran,,,,
gdp_gth-imf,GDP growth (IMF),IMF,gregorian,2011,5.70,%,IR,Iran,,,,
gdp_gth-imf,GDP growth (IMF),IMF,gregorian,2012,-3.70,%,IR,Iran,,,,
gdp_gth-imf,GDP growth (IMF),IMF,gregorian,2013,-1.50,%,IR,Iran,,,,
gdp_gth-imf,GDP growth (IMF),IMF,gregorian,2014,5.00,%,IR,Iran,,,,
gdp_gth-imf,GDP growth (IMF),IMF,gregorian,2015,-1.40,%,IR,Iran,,,,
gdp_gth-imf,GDP growth (IMF),IMF,gregorian,2016,6.50,%,IR,Iran,,,,
gdp_gth-imf,GDP growth (IMF),IMF,gregorian,2017,3.00,%,IR,Iran,,,,
gdp_gth-imf,GDP growth (IMF),IMF,gregorian,2018,-3.70,%,IR,Iran,,,,
gdp_gth-imf,GDP growth (IMF),IMF,gregorian,2019,-2.40,%,IR,Iran,,,,
gdp_gth-imf,GDP growth (IMF),IMF,gregorian,2020,4.40,%,IR,Iran,,,,
gdp_gth-imf,GDP growth (IMF),IMF,gregorian,2021,4.10,%,IR,Iran,,,,
gdp_gth-imf,GDP growth (IMF),IMF,gregorian,2022,4.40,%,IR,Iran,,,,
gdp_gth-imf,GDP growth (IMF),IMF,gregorian,2023,5.30,%,IR,Iran,,,,
gdp_gth-imf,GDP growth (IMF),IMF,gregorian,2024,3.70,%,IR,Iran,,,,
gdp_gth-imf,GDP growth (IMF),IMF,gregorian,2025,-1.50,%,IR,Iran,,,Outlook (April 2026),پیش‌بینی آوریل ۲۰۲۶
gdp_gth-imf,GDP growth (IMF),IMF,gregorian,2026,-6.10,%,IR,Iran,,,Outlook (April 2026),پیش‌بینی آوریل ۲۰۲۶
gdp_gth-imf,GDP growth (IMF),IMF,gregorian,2027,3.20,%,IR,Iran,,,Outlook (April 2026),پیش‌بینی آوریل ۲۰۲۶
gdp_gth-imf,GDP growth (IMF),IMF,gregorian,2028,1.50,%,IR,Iran,,,Outlook (April 2026),پیش‌بینی آوریل ۲۰۲۶
gdp_gth-imf,GDP growth (IMF),IMF,gregorian,2029,1.80,%,IR,Iran,,,Outlook (April 2026),پیش‌بینی آوریل ۲۰۲۶
gdp_gth-imf,GDP growth (IMF),IMF,gregorian,2030,2.10,%,IR,Iran,,,Outlook (April 2026),پیش‌بینی آوریل ۲۰۲۶
gdp_gth-imf,GDP growth (IMF),IMF,gregorian,2031,2.10,%,IR,Iran,,,Outlook (April 2026),پیش‌بینی آوریل ۲۰۲۶
gdp_cur_cbi,GDP nominal current price (CBI - yearly),Central Bank of Iran,persian,1395,"1,454,355.50",Billion Toman,IR,Iran,,,,
gdp_cur_cbi,GDP nominal current price (CBI - yearly),Central Bank of Iran,persian,1396,"1,690,754.00",Billion Toman,IR,Iran,,,,
gdp_cur_cbi,GDP nominal current price (CBI - yearly),Central Bank of Iran,persian,1397,"2,163,186.90",Billion Toman,IR,Iran,,,,
gdp_cur_cbi,GDP nominal current price (CBI - yearly),Central Bank of Iran,persian,1398,"2,767,094.70",Billion Toman,IR,Iran,,,,
gdp_cur_cbi,GDP nominal current price (CBI - yearly),Central Bank of Iran,persian,1399,"4,270,838.20",Billion Toman,IR,Iran,,,,
gdp_cur_cbi,GDP nominal current price (CBI - yearly),Central Bank of Iran,persian,1400,"6,923,830.10",Billion Toman,IR,Iran,,,,
gdp_cur_cbi,GDP nominal current price (CBI - yearly),Central Bank of Iran,persian,1401,"10,876,798.60",Billion Toman,IR,Iran,,,,
gdp_cur_cbi,GDP nominal current price (CBI - yearly),Central Bank of Iran,persian,1402,"15,713,477.20",Billion Toman,IR,Iran,,,,
gdp_cur_cbi,GDP nominal current price (CBI - yearly),Central Bank of Iran,persian,1403,"20,803,126.50",Billion Toman,IR,Iran,,,,
gdp_cur_cbi_se,GDP nominal current price (CBI - seasonal),Central Bank of Iran,persian,1395-01,"347,458.80",Billion Toman,IR,Iran,,,seasonal adjustment,تعدیل فصلی
gdp_cur_cbi_se,GDP nominal current price (CBI - seasonal),Central Bank of Iran,persian,1395-02,"342,657.60",Billion Toman,IR,Iran,,,seasonal adjustment,تعدیل فصلی
gdp_cur_cbi_se,GDP nominal current price (CBI - seasonal),Central Bank of Iran,persian,1395-03,"358,055.20",Billion Toman,IR,Iran,,,seasonal adjustment,تعدیل فصلی
gdp_cur_cbi_se,GDP nominal current price (CBI - seasonal),Central Bank of Iran,persian,1395-04,"406,183.90",Billion Toman,IR,Iran,,,seasonal adjustment,تعدیل فصلی
gdp_cur_cbi_se,GDP nominal current price (CBI - seasonal),Central Bank of Iran,persian,1396-01,"405,495.00",Billion Toman,IR,Iran,,,seasonal adjustment,تعدیل فصلی
gdp_cur_cbi_se,GDP nominal current price (CBI - seasonal),Central Bank of Iran,persian,1396-02,"384,378.30",Billion Toman,IR,Iran,,,seasonal adjustment,تعدیل فصلی
gdp_cur_cbi_se,GDP nominal current price (CBI - seasonal),Central Bank of Iran,persian,1396-03,"424,185.50",Billion Toman,IR,Iran,,,seasonal adjustment,تعدیل فصلی
gdp_cur_cbi_se,GDP nominal current price (CBI - seasonal),Central Bank of Iran,persian,1396-04,"476,695.20",Billion Toman,IR,Iran,,,seasonal adjustment,تعدیل فصلی
gdp_cur_cbi_se,GDP nominal current price (CBI - seasonal),Central Bank of Iran,persian,1397-01,"492,755.20",Billion Toman,IR,Iran,,,seasonal adjustment,تعدیل فصلی
gdp_cur_cbi_se,GDP nominal current price (CBI - seasonal),Central Bank of Iran,persian,1397-02,"527,810.90",Billion Toman,IR,Iran,,,seasonal adjustment,تعدیل فصلی
gdp_cur_cbi_se,GDP nominal current price (CBI - seasonal),Central Bank of Iran,persian,1397-03,"535,780.60",Billion Toman,IR,Iran,,,seasonal adjustment,تعدیل فصلی
gdp_cur_cbi_se,GDP nominal current price (CBI - seasonal),Central Bank of Iran,persian,1397-04,"606,840.20",Billion Toman,IR,Iran,,,seasonal adjustment,تعدیل فصلی
gdp_cur_cbi_se,GDP nominal current price (CBI - seasonal),Central Bank of Iran,persian,1398-01,"669,231.30",Billion Toman,IR,Iran,,,seasonal adjustment,تعدیل فصلی
gdp_cur_cbi_se,GDP nominal current price (CBI - seasonal),Central Bank of Iran,persian,1398-02,"642,833.00",Billion Toman,IR,Iran,,,seasonal adjustment,تعدیل فصلی
gdp_cur_cbi_se,GDP nominal current price (CBI - seasonal),Central Bank of Iran,persian,1398-03,"685,129.70",Billion Toman,IR,Iran,,,seasonal adjustment,تعدیل فصلی
gdp_cur_cbi_se,GDP nominal current price (CBI - seasonal),Central Bank of Iran,persian,1398-04,"769,900.70",Billion Toman,IR,Iran,,,seasonal adjustment,تعدیل فصلی
gdp_cur_cbi_se,GDP nominal current price (CBI - seasonal),Central Bank of Iran,persian,1399-01,"835,031.20",Billion Toman,IR,Iran,,,seasonal adjustment,تعدیل فصلی
gdp_cur_cbi_se,GDP nominal current price (CBI - seasonal),Central Bank of Iran,persian,1399-02,"966,802.60",Billion Toman,IR,Iran,,,seasonal adjustment,تعدیل فصلی
gdp_cur_cbi_se,GDP nominal current price (CBI - seasonal),Central Bank of Iran,persian,1399-03,"1,149,829.30",Billion Toman,IR,Iran,,,seasonal adjustment,تعدیل فصلی
gdp_cur_cbi_se,GDP nominal current price (CBI - seasonal),Central Bank of Iran,persian,1399-04,"1,319,175.10",Billion Toman,IR,Iran,,,seasonal adjustment,تعدیل فصلی
gdp_cur_cbi_se,GDP nominal current price (CBI - seasonal),Central Bank of Iran,persian,1400-01,"1,490,356.70",Billion Toman,IR,Iran,,,seasonal adjustment,تعدیل فصلی
gdp_cur_cbi_se,GDP nominal current price (CBI - seasonal),Central Bank of Iran,persian,1400-02,"1,572,456.10",Billion Toman,IR,Iran,,,seasonal adjustment,تعدیل فصلی
gdp_cur_cbi_se,GDP nominal current price (CBI - seasonal),Central Bank of Iran,persian,1400-03,"1,816,384.80",Billion Toman,IR,Iran,,,seasonal adjustment,تعدیل فصلی
gdp_cur_cbi_se,GDP nominal current price (CBI - seasonal),Central Bank of Iran,persian,1400-04,"2,044,632.40",Billion Toman,IR,Iran,,,seasonal adjustment,تعدیل فصلی
gdp_cur_cbi_se,GDP nominal current price (CBI - seasonal),Central Bank of Iran,persian,1401-01,"2,380,506.10",Billion Toman,IR,Iran,,,seasonal adjustment,تعدیل فصلی
gdp_cur_cbi_se,GDP nominal current price (CBI - seasonal),Central Bank of Iran,persian,1401-02,"2,628,310.20",Billion Toman,IR,Iran,,,seasonal adjustment,تعدیل فصلی
gdp_cur_cbi_se,GDP nominal current price (CBI - seasonal),Central Bank of Iran,persian,1401-03,"2,790,548.70",Billion Toman,IR,Iran,,,seasonal adjustment,تعدیل فصلی
gdp_cur_cbi_se,GDP nominal current price (CBI - seasonal),Central Bank of Iran,persian,1401-04,"3,077,433.70",Billion Toman,IR,Iran,,,seasonal adjustment,تعدیل فصلی
gdp_cur_cbi_se,GDP nominal current price (CBI - seasonal),Central Bank of Iran,persian,1402-01,"3,501,620.80",Billion Toman,IR,Iran,,,seasonal adjustment,تعدیل فصلی
gdp_cur_cbi_se,GDP nominal current price (CBI - seasonal),Central Bank of Iran,persian,1402-02,"3,868,600.40",Billion Toman,IR,Iran,,,seasonal adjustment,تعدیل فصلی
gdp_cur_cbi_se,GDP nominal current price (CBI - seasonal),Central Bank of Iran,persian,1402-03,"4,087,476.90",Billion Toman,IR,Iran,,,seasonal adjustment,تعدیل فصلی
gdp_cur_cbi_se,GDP nominal current price (CBI - seasonal),Central Bank of Iran,persian,1402-04,"4,255,779.10",Billion Toman,IR,Iran,,,seasonal adjustment,تعدیل فصلی
gdp_cur_cbi_se,GDP nominal current price (CBI - seasonal),Central Bank of Iran,persian,1403-01,"4,611,587.30",Billion Toman,IR,Iran,,,seasonal adjustment,تعدیل فصلی
gdp_cur_cbi_se,GDP nominal current price (CBI - seasonal),Central Bank of Iran,persian,1403-02,"5,137,887.70",Billion Toman,IR,Iran,,,seasonal adjustment,تعدیل فصلی
gdp_cur_cbi_se,GDP nominal current price (CBI - seasonal),Central Bank of Iran,persian,1403-03,"5,374,015.70",Billion Toman,IR,Iran,,,seasonal adjustment,تعدیل فصلی
gdp_cur_cbi_se,GDP nominal current price (CBI - seasonal),Central Bank of Iran,persian,1403-04,"5,679,635.90",Billion Toman,IR,Iran,,,seasonal adjustment,تعدیل فصلی
gdp_cos_cbi,GDP nominal constant price (CBI - yearly),Central Bank of Iran,persian,1395,"6,570,734.70",Billion Toman 1400,IR,Iran,,,,
gdp_cos_cbi,GDP nominal constant price (CBI - yearly),Central Bank of Iran,persian,1396,"6,761,104.10",Billion Toman 1400,IR,Iran,,,,
gdp_cos_cbi,GDP nominal constant price (CBI - yearly),Central Bank of Iran,persian,1397,"6,470,593.40",Billion Toman 1400,IR,Iran,,,,
gdp_cos_cbi,GDP nominal constant price (CBI - yearly),Central Bank of Iran,persian,1398,"6,336,580.40",Billion Toman 1400,IR,Iran,,,,
gdp_cos_cbi,GDP nominal constant price (CBI - yearly),Central Bank of Iran,persian,1399,"6,658,017.00",Billion Toman 1400,IR,Iran,,,,
gdp_cos_cbi,GDP nominal constant price (CBI - yearly),Central Bank of Iran,persian,1400,"6,923,830.10",Billion Toman 1400,IR,Iran,,,,
gdp_cos_cbi,GDP nominal constant price (CBI - yearly),Central Bank of Iran,persian,1401,"7,241,381.10",Billion Toman 1400,IR,Iran,,,,
gdp_cos_cbi,GDP nominal constant price (CBI - yearly),Central Bank of Iran,persian,1402,"7,606,579.60",Billion Toman 1400,IR,Iran,,,,
gdp_cos_cbi,GDP nominal constant price (CBI - yearly),Central Bank of Iran,persian,1403,"7,844,375.50",Billion Toman 1400,IR,Iran,,,,
gdp_cos_cbi_se,GDP nominal constant price (CBI - seasonal),Central Bank of Iran,persian,1395-01,"16,101,419.00",Billion Toman 1400,IR,Iran,,,seasonal adjustment,تعدیل فصلی
gdp_cos_cbi_se,GDP nominal constant price (CBI - seasonal),Central Bank of Iran,persian,1395-02,"16,303,240.00",Billion Toman 1400,IR,Iran,,,seasonal adjustment,تعدیل فصلی
gdp_cos_cbi_se,GDP nominal constant price (CBI - seasonal),Central Bank of Iran,persian,1395-03,"16,433,481.00",Billion Toman 1400,IR,Iran,,,seasonal adjustment,تعدیل فصلی
gdp_cos_cbi_se,GDP nominal constant price (CBI - seasonal),Central Bank of Iran,persian,1395-04,"16,869,207.00",Billion Toman 1400,IR,Iran,,,seasonal adjustment,تعدیل فصلی
gdp_cos_cbi_se,GDP nominal constant price (CBI - seasonal),Central Bank of Iran,persian,1396-01,"16,826,770.00",Billion Toman 1400,IR,Iran,,,seasonal adjustment,تعدیل فصلی
gdp_cos_cbi_se,GDP nominal constant price (CBI - seasonal),Central Bank of Iran,persian,1396-02,"16,448,191.00",Billion Toman 1400,IR,Iran,,,seasonal adjustment,تعدیل فصلی
gdp_cos_cbi_se,GDP nominal constant price (CBI - seasonal),Central Bank of Iran,persian,1396-03,"17,149,519.00",Billion Toman 1400,IR,Iran,,,seasonal adjustment,تعدیل فصلی
gdp_cos_cbi_se,GDP nominal constant price (CBI - seasonal),Central Bank of Iran,persian,1396-04,"17,186,561.00",Billion Toman 1400,IR,Iran,,,seasonal adjustment,تعدیل فصلی
gdp_cos_cbi_se,GDP nominal constant price (CBI - seasonal),Central Bank of Iran,persian,1397-01,"16,756,087.00",Billion Toman 1400,IR,Iran,,,seasonal adjustment,تعدیل فصلی
gdp_cos_cbi_se,GDP nominal constant price (CBI - seasonal),Central Bank of Iran,persian,1397-02,"16,700,415.00",Billion Toman 1400,IR,Iran,,,seasonal adjustment,تعدیل فصلی
gdp_cos_cbi_se,GDP nominal constant price (CBI - seasonal),Central Bank of Iran,persian,1397-03,"15,360,356.00",Billion Toman 1400,IR,Iran,,,seasonal adjustment,تعدیل فصلی
gdp_cos_cbi_se,GDP nominal constant price (CBI - seasonal),Central Bank of Iran,persian,1397-04,"15,889,076.00",Billion Toman 1400,IR,Iran,,,seasonal adjustment,تعدیل فصلی
gdp_cos_cbi_se,GDP nominal constant price (CBI - seasonal),Central Bank of Iran,persian,1398-01,"15,979,352.00",Billion Toman 1400,IR,Iran,,,seasonal adjustment,تعدیل فصلی
gdp_cos_cbi_se,GDP nominal constant price (CBI - seasonal),Central Bank of Iran,persian,1398-02,"15,671,247.00",Billion Toman 1400,IR,Iran,,,seasonal adjustment,تعدیل فصلی
gdp_cos_cbi_se,GDP nominal constant price (CBI - seasonal),Central Bank of Iran,persian,1398-03,"16,092,035.00",Billion Toman 1400,IR,Iran,,,seasonal adjustment,تعدیل فصلی
gdp_cos_cbi_se,GDP nominal constant price (CBI - seasonal),Central Bank of Iran,persian,1398-04,"15,623,170.00",Billion Toman 1400,IR,Iran,,,seasonal adjustment,تعدیل فصلی
gdp_cos_cbi_se,GDP nominal constant price (CBI - seasonal),Central Bank of Iran,persian,1399-01,"16,287,302.00",Billion Toman 1400,IR,Iran,,,seasonal adjustment,تعدیل فصلی
gdp_cos_cbi_se,GDP nominal constant price (CBI - seasonal),Central Bank of Iran,persian,1399-02,"16,770,576.00",Billion Toman 1400,IR,Iran,,,seasonal adjustment,تعدیل فصلی
gdp_cos_cbi_se,GDP nominal constant price (CBI - seasonal),Central Bank of Iran,persian,1399-03,"16,734,335.00",Billion Toman 1400,IR,Iran,,,seasonal adjustment,تعدیل فصلی
gdp_cos_cbi_se,GDP nominal constant price (CBI - seasonal),Central Bank of Iran,persian,1399-04,"16,787,956.00",Billion Toman 1400,IR,Iran,,,seasonal adjustment,تعدیل فصلی
gdp_cos_cbi_se,GDP nominal constant price (CBI - seasonal),Central Bank of Iran,persian,1400-01,"17,235,437.00",Billion Toman 1400,IR,Iran,,,seasonal adjustment,تعدیل فصلی
gdp_cos_cbi_se,GDP nominal constant price (CBI - seasonal),Central Bank of Iran,persian,1400-02,"16,953,901.00",Billion Toman 1400,IR,Iran,,,seasonal adjustment,تعدیل فصلی
gdp_cos_cbi_se,GDP nominal constant price (CBI - seasonal),Central Bank of Iran,persian,1400-03,"17,562,208.00",Billion Toman 1400,IR,Iran,,,seasonal adjustment,تعدیل فصلی
gdp_cos_cbi_se,GDP nominal constant price (CBI - seasonal),Central Bank of Iran,persian,1400-04,"17,486,754.00",Billion Toman 1400,IR,Iran,,,seasonal adjustment,تعدیل فصلی
gdp_cos_cbi_se,GDP nominal constant price (CBI - seasonal),Central Bank of Iran,persian,1401-01,"17,662,167.00",Billion Toman 1400,IR,Iran,,,seasonal adjustment,تعدیل فصلی
gdp_cos_cbi_se,GDP nominal constant price (CBI - seasonal),Central Bank of Iran,persian,1401-02,"17,952,778.00",Billion Toman 1400,IR,Iran,,,seasonal adjustment,تعدیل فصلی
gdp_cos_cbi_se,GDP nominal constant price (CBI - seasonal),Central Bank of Iran,persian,1401-03,"18,377,736.00",Billion Toman 1400,IR,Iran,,,seasonal adjustment,تعدیل فصلی
gdp_cos_cbi_se,GDP nominal constant price (CBI - seasonal),Central Bank of Iran,persian,1401-04,"18,421,130.00",Billion Toman 1400,IR,Iran,,,seasonal adjustment,تعدیل فصلی
gdp_cos_cbi_se,GDP nominal constant price (CBI - seasonal),Central Bank of Iran,persian,1402-01,"18,741,935.00",Billion Toman 1400,IR,Iran,,,seasonal adjustment,تعدیل فصلی
gdp_cos_cbi_se,GDP nominal constant price (CBI - seasonal),Central Bank of Iran,persian,1402-02,"18,883,851.00",Billion Toman 1400,IR,Iran,,,seasonal adjustment,تعدیل فصلی
gdp_cos_cbi_se,GDP nominal constant price (CBI - seasonal),Central Bank of Iran,persian,1402-03,"19,062,762.00",Billion Toman 1400,IR,Iran,,,seasonal adjustment,تعدیل فصلی
gdp_cos_cbi_se,GDP nominal constant price (CBI - seasonal),Central Bank of Iran,persian,1402-04,"19,377,248.00",Billion Toman 1400,IR,Iran,,,seasonal adjustment,تعدیل فصلی
gdp_cos_cbi_se,GDP nominal constant price (CBI - seasonal),Central Bank of Iran,persian,1403-01,"19,285,715.00",Billion Toman 1400,IR,Iran,,,seasonal adjustment,تعدیل فصلی
gdp_cos_cbi_se,GDP nominal constant price (CBI - seasonal),Central Bank of Iran,persian,1403-02,"19,389,203.00",Billion Toman 1400,IR,Iran,,,seasonal adjustment,تعدیل فصلی
gdp_cos_cbi_se,GDP nominal constant price (CBI - seasonal),Central Bank of Iran,persian,1403-03,"19,792,635.00",Billion Toman 1400,IR,Iran,,,seasonal adjustment,تعدیل فصلی
gdp_cos_cbi_se,GDP nominal constant price (CBI - seasonal),Central Bank of Iran,persian,1403-04,"19,976,202.00",Billion Toman 1400,IR,Iran,,,seasonal adjustment,تعدیل فصلی
gdp_gth-cbi,GDP growth (CBI yearly),Central Bank of Iran,persian,1396,2.90,%,IR,Iran,,,,
gdp_gth-cbi,GDP growth (CBI yearly),Central Bank of Iran,persian,1397,-4.30,%,IR,Iran,,,,
gdp_gth-cbi,GDP growth (CBI yearly),Central Bank of Iran,persian,1398,-2.10,%,IR,Iran,,,,
gdp_gth-cbi,GDP growth (CBI yearly),Central Bank of Iran,persian,1399,5.10,%,IR,Iran,,,,
gdp_gth-cbi,GDP growth (CBI yearly),Central Bank of Iran,persian,1400,4.00,%,IR,Iran,,,,
gdp_gth-cbi,GDP growth (CBI yearly),Central Bank of Iran,persian,1401,4.60,%,IR,Iran,,,,
gdp_gth-cbi,GDP growth (CBI yearly),Central Bank of Iran,persian,1402,5.00,%,IR,Iran,,,,
gdp_gth-cbi,GDP growth (CBI yearly),Central Bank of Iran,persian,1403,3.10,%,IR,Iran,,,,
gdp_gth-cbi_se,GDP growth (CBI seasonal),Central Bank of Iran,persian,1396-01,5.00,%,IR,Iran,,,,
gdp_gth-cbi_se,GDP growth (CBI seasonal),Central Bank of Iran,persian,1396-02,1.10,%,IR,Iran,,,,
gdp_gth-cbi_se,GDP growth (CBI seasonal),Central Bank of Iran,persian,1396-03,4.90,%,IR,Iran,,,,
gdp_gth-cbi_se,GDP growth (CBI seasonal),Central Bank of Iran,persian,1396-04,0.80,%,IR,Iran,,,,
gdp_gth-cbi_se,GDP growth (CBI seasonal),Central Bank of Iran,persian,1397-01,-0.50,%,IR,Iran,,,,
gdp_gth-cbi_se,GDP growth (CBI seasonal),Central Bank of Iran,persian,1397-02,0.90,%,IR,Iran,,,,
gdp_gth-cbi_se,GDP growth (CBI seasonal),Central Bank of Iran,persian,1397-03,-10.00,%,IR,Iran,,,,
gdp_gth-cbi_se,GDP growth (CBI seasonal),Central Bank of Iran,persian,1397-04,-8.40,%,IR,Iran,,,,
gdp_gth-cbi_se,GDP growth (CBI seasonal),Central Bank of Iran,persian,1398-01,-5.00,%,IR,Iran,,,,
gdp_gth-cbi_se,GDP growth (CBI seasonal),Central Bank of Iran,persian,1398-02,-5.30,%,IR,Iran,,,,
gdp_gth-cbi_se,GDP growth (CBI seasonal),Central Bank of Iran,persian,1398-03,5.40,%,IR,Iran,,,,
gdp_gth-cbi_se,GDP growth (CBI seasonal),Central Bank of Iran,persian,1398-04,-2.20,%,IR,Iran,,,,
gdp_gth-cbi_se,GDP growth (CBI seasonal),Central Bank of Iran,persian,1399-01,2.10,%,IR,Iran,,,,
gdp_gth-cbi_se,GDP growth (CBI seasonal),Central Bank of Iran,persian,1399-02,6.10,%,IR,Iran,,,,
gdp_gth-cbi_se,GDP growth (CBI seasonal),Central Bank of Iran,persian,1399-03,5.00,%,IR,Iran,,,,
gdp_gth-cbi_se,GDP growth (CBI seasonal),Central Bank of Iran,persian,1399-04,7.10,%,IR,Iran,,,,
gdp_gth-cbi_se,GDP growth (CBI seasonal),Central Bank of Iran,persian,1400-01,6.30,%,IR,Iran,,,,
gdp_gth-cbi_se,GDP growth (CBI seasonal),Central Bank of Iran,persian,1400-02,0.00,%,IR,Iran,,,,
gdp_gth-cbi_se,GDP growth (CBI seasonal),Central Bank of Iran,persian,1400-03,5.40,%,IR,Iran,,,,
gdp_gth-cbi_se,GDP growth (CBI seasonal),Central Bank of Iran,persian,1400-04,5.00,%,IR,Iran,,,,
gdp_gth-cbi_se,GDP growth (CBI seasonal),Central Bank of Iran,persian,1401-01,2.80,%,IR,Iran,,,,
gdp_gth-cbi_se,GDP growth (CBI seasonal),Central Bank of Iran,persian,1401-02,5.10,%,IR,Iran,,,,
gdp_gth-cbi_se,GDP growth (CBI seasonal),Central Bank of Iran,persian,1401-03,5.20,%,IR,Iran,,,,
gdp_gth-cbi_se,GDP growth (CBI seasonal),Central Bank of Iran,persian,1401-04,5.20,%,IR,Iran,,,,
gdp_gth-cbi_se,GDP growth (CBI seasonal),Central Bank of Iran,persian,1402-01,6.20,%,IR,Iran,,,,
gdp_gth-cbi_se,GDP growth (CBI seasonal),Central Bank of Iran,persian,1402-02,4.40,%,IR,Iran,,,,
gdp_gth-cbi_se,GDP growth (CBI seasonal),Central Bank of Iran,persian,1402-03,3.90,%,IR,Iran,,,,
gdp_gth-cbi_se,GDP growth (CBI seasonal),Central Bank of Iran,persian,1402-04,5.80,%,IR,Iran,,,,
gdp_gth-cbi_se,GDP growth (CBI seasonal),Central Bank of Iran,persian,1403-01,2.90,%,IR,Iran,,,,
gdp_gth-cbi_se,GDP growth (CBI seasonal),Central Bank of Iran,persian,1403-02,2.60,%,IR,Iran,,,,
gdp_gth-cbi_se,GDP growth (CBI seasonal),Central Bank of Iran,persian,1403-03,3.90,%,IR,Iran,,,,
gdp_gth-cbi_se,GDP growth (CBI seasonal),Central Bank of Iran,persian,1403-04,3.20,%,IR,Iran,,,,
gdp_cur_stt,GDP nominal current price (Statistical Center of Iran - yearly),Statistical Center of Iran,persian,1390,"729,300.20",Billion Toman,IR,Iran,,,,
gdp_cur_stt,GDP nominal current price (Statistical Center of Iran - yearly),Statistical Center of Iran,persian,1391,"922,907.90",Billion Toman,IR,Iran,,,,
gdp_cur_stt,GDP nominal current price (Statistical Center of Iran - yearly),Statistical Center of Iran,persian,1392,"1,236,159.00",Billion Toman,IR,Iran,,,,
gdp_cur_stt,GDP nominal current price (Statistical Center of Iran - yearly),Statistical Center of Iran,persian,1393,"1,334,074.20",Billion Toman,IR,Iran,,,,
gdp_cur_stt,GDP nominal current price (Statistical Center of Iran - yearly),Statistical Center of Iran,persian,1394,"1,293,408.40",Billion Toman,IR,Iran,,,,
gdp_cur_stt,GDP nominal current price (Statistical Center of Iran - yearly),Statistical Center of Iran,persian,1395,"1,535,265.30",Billion Toman,IR,Iran,,,,
gdp_cur_stt,GDP nominal current price (Statistical Center of Iran - yearly),Statistical Center of Iran,persian,1396,"1,836,670.10",Billion Toman,IR,Iran,,,,
gdp_cur_stt,GDP nominal current price (Statistical Center of Iran - yearly),Statistical Center of Iran,persian,1397,"2,654,846.20",Billion Toman,IR,Iran,,,,
gdp_cur_stt,GDP nominal current price (Statistical Center of Iran - yearly),Statistical Center of Iran,persian,1398,"3,570,818.10",Billion Toman,IR,Iran,,,,
gdp_cur_stt,GDP nominal current price (Statistical Center of Iran - yearly),Statistical Center of Iran,persian,1399,"5,323,868.10",Billion Toman,IR,Iran,,,,
gdp_cur_stt,GDP nominal current price (Statistical Center of Iran - yearly),Statistical Center of Iran,persian,1400,"8,976,417.00",Billion Toman,IR,Iran,,,,
gdp_cur_stt,GDP nominal current price (Statistical Center of Iran - yearly),Statistical Center of Iran,persian,1401,"13,660,229.00",Billion Toman,IR,Iran,,,,
gdp_cur_stt,GDP nominal current price (Statistical Center of Iran - yearly),Statistical Center of Iran,persian,1402,"18,576,997.20",Billion Toman,IR,Iran,,,,
gdp_cur_stt,GDP nominal current price (Statistical Center of Iran - yearly),Statistical Center of Iran,persian,1403,"25,103,126.90",Billion Toman,IR,Iran,,,,
gdp_cur_stt_se,GDP nominal current price (Statistical Center of Iran - seasonal),Statistical Center of Iran,persian,1390-01,"151,924.80",Billion Toman,IR,Iran,,,,
gdp_cur_stt_se,GDP nominal current price (Statistical Center of Iran - seasonal),Statistical Center of Iran,persian,1390-02,"179,078.30",Billion Toman,IR,Iran,,,,
gdp_cur_stt_se,GDP nominal current price (Statistical Center of Iran - seasonal),Statistical Center of Iran,persian,1390-03,"190,566.50",Billion Toman,IR,Iran,,,,
gdp_cur_stt_se,GDP nominal current price (Statistical Center of Iran - seasonal),Statistical Center of Iran,persian,1390-04,"207,730.50",Billion Toman,IR,Iran,,,,
gdp_cur_stt_se,GDP nominal current price (Statistical Center of Iran - seasonal),Statistical Center of Iran,persian,1391-01,"193,748.40",Billion Toman,IR,Iran,,,,
gdp_cur_stt_se,GDP nominal current price (Statistical Center of Iran - seasonal),Statistical Center of Iran,persian,1391-02,"218,798.40",Billion Toman,IR,Iran,,,,
gdp_cur_stt_se,GDP nominal current price (Statistical Center of Iran - seasonal),Statistical Center of Iran,persian,1391-03,"249,923.00",Billion Toman,IR,Iran,,,,
gdp_cur_stt_se,GDP nominal current price (Statistical Center of Iran - seasonal),Statistical Center of Iran,persian,1391-04,"260,437.90",Billion Toman,IR,Iran,,,,
gdp_cur_stt_se,GDP nominal current price (Statistical Center of Iran - seasonal),Statistical Center of Iran,persian,1392-01,"276,215.10",Billion Toman,IR,Iran,,,,
gdp_cur_stt_se,GDP nominal current price (Statistical Center of Iran - seasonal),Statistical Center of Iran,persian,1392-02,"331,619.00",Billion Toman,IR,Iran,,,,
gdp_cur_stt_se,GDP nominal current price (Statistical Center of Iran - seasonal),Statistical Center of Iran,persian,1392-03,"313,423.70",Billion Toman,IR,Iran,,,,
gdp_cur_stt_se,GDP nominal current price (Statistical Center of Iran - seasonal),Statistical Center of Iran,persian,1392-04,"314,901.30",Billion Toman,IR,Iran,,,,
gdp_cur_stt_se,GDP nominal current price (Statistical Center of Iran - seasonal),Statistical Center of Iran,persian,1393-01,"320,541.70",Billion Toman,IR,Iran,,,,
gdp_cur_stt_se,GDP nominal current price (Statistical Center of Iran - seasonal),Statistical Center of Iran,persian,1393-02,"376,035.30",Billion Toman,IR,Iran,,,,
gdp_cur_stt_se,GDP nominal current price (Statistical Center of Iran - seasonal),Statistical Center of Iran,persian,1393-03,"341,222.90",Billion Toman,IR,Iran,,,,
gdp_cur_stt_se,GDP nominal current price (Statistical Center of Iran - seasonal),Statistical Center of Iran,persian,1393-04,"296,274.20",Billion Toman,IR,Iran,,,,
gdp_cur_stt_se,GDP nominal current price (Statistical Center of Iran - seasonal),Statistical Center of Iran,persian,1394-01,"308,157.40",Billion Toman,IR,Iran,,,,
gdp_cur_stt_se,GDP nominal current price (Statistical Center of Iran - seasonal),Statistical Center of Iran,persian,1394-02,"354,399.80",Billion Toman,IR,Iran,,,,
gdp_cur_stt_se,GDP nominal current price (Statistical Center of Iran - seasonal),Statistical Center of Iran,persian,1394-03,"331,841.80",Billion Toman,IR,Iran,,,,
gdp_cur_stt_se,GDP nominal current price (Statistical Center of Iran - seasonal),Statistical Center of Iran,persian,1394-04,"299,009.40",Billion Toman,IR,Iran,,,,
gdp_cur_stt_se,GDP nominal current price (Statistical Center of Iran - seasonal),Statistical Center of Iran,persian,1395-01,"344,476.00",Billion Toman,IR,Iran,,,,
gdp_cur_stt_se,GDP nominal current price (Statistical Center of Iran - seasonal),Statistical Center of Iran,persian,1395-02,"410,685.90",Billion Toman,IR,Iran,,,,
gdp_cur_stt_se,GDP nominal current price (Statistical Center of Iran - seasonal),Statistical Center of Iran,persian,1395-03,"382,442.60",Billion Toman,IR,Iran,,,,
gdp_cur_stt_se,GDP nominal current price (Statistical Center of Iran - seasonal),Statistical Center of Iran,persian,1395-04,"397,660.80",Billion Toman,IR,Iran,,,,
gdp_cur_stt_se,GDP nominal current price (Statistical Center of Iran - seasonal),Statistical Center of Iran,persian,1396-01,"400,038.30",Billion Toman,IR,Iran,,,,
gdp_cur_stt_se,GDP nominal current price (Statistical Center of Iran - seasonal),Statistical Center of Iran,persian,1396-02,"481,303.20",Billion Toman,IR,Iran,,,,
gdp_cur_stt_se,GDP nominal current price (Statistical Center of Iran - seasonal),Statistical Center of Iran,persian,1396-03,"460,275.80",Billion Toman,IR,Iran,,,,
gdp_cur_stt_se,GDP nominal current price (Statistical Center of Iran - seasonal),Statistical Center of Iran,persian,1396-04,"495,052.80",Billion Toman,IR,Iran,,,,
gdp_cur_stt_se,GDP nominal current price (Statistical Center of Iran - seasonal),Statistical Center of Iran,persian,1397-01,"577,164.60",Billion Toman,IR,Iran,,,,
gdp_cur_stt_se,GDP nominal current price (Statistical Center of Iran - seasonal),Statistical Center of Iran,persian,1397-02,"721,998.10",Billion Toman,IR,Iran,,,,
gdp_cur_stt_se,GDP nominal current price (Statistical Center of Iran - seasonal),Statistical Center of Iran,persian,1397-03,"655,951.40",Billion Toman,IR,Iran,,,,
gdp_cur_stt_se,GDP nominal current price (Statistical Center of Iran - seasonal),Statistical Center of Iran,persian,1397-04,"699,732.10",Billion Toman,IR,Iran,,,,
gdp_cur_stt_se,GDP nominal current price (Statistical Center of Iran - seasonal),Statistical Center of Iran,persian,1398-01,"807,641.50",Billion Toman,IR,Iran,,,,
gdp_cur_stt_se,GDP nominal current price (Statistical Center of Iran - seasonal),Statistical Center of Iran,persian,1398-02,"965,272.20",Billion Toman,IR,Iran,,,,
gdp_cur_stt_se,GDP nominal current price (Statistical Center of Iran - seasonal),Statistical Center of Iran,persian,1398-03,"890,838.80",Billion Toman,IR,Iran,,,,
gdp_cur_stt_se,GDP nominal current price (Statistical Center of Iran - seasonal),Statistical Center of Iran,persian,1398-04,"907,065.60",Billion Toman,IR,Iran,,,,
gdp_cur_stt_se,GDP nominal current price (Statistical Center of Iran - seasonal),Statistical Center of Iran,persian,1399-01,"904,640.60",Billion Toman,IR,Iran,,,,
gdp_cur_stt_se,GDP nominal current price (Statistical Center of Iran - seasonal),Statistical Center of Iran,persian,1399-02,"1,326,111.00",Billion Toman,IR,Iran,,,,
gdp_cur_stt_se,GDP nominal current price (Statistical Center of Iran - seasonal),Statistical Center of Iran,persian,1399-03,"1,424,479.80",Billion Toman,IR,Iran,,,,
gdp_cur_stt_se,GDP nominal current price (Statistical Center of Iran - seasonal),Statistical Center of Iran,persian,1399-04,"1,668,636.70",Billion Toman,IR,Iran,,,,
gdp_cur_stt_se,GDP nominal current price (Statistical Center of Iran - seasonal),Statistical Center of Iran,persian,1400-01,"1,760,744.70",Billion Toman,IR,Iran,,,,
gdp_cur_stt_se,GDP nominal current price (Statistical Center of Iran - seasonal),Statistical Center of Iran,persian,1400-02,"2,206,863.90",Billion Toman,IR,Iran,,,,
gdp_cur_stt_se,GDP nominal current price (Statistical Center of Iran - seasonal),Statistical Center of Iran,persian,1400-03,"2,334,368.30",Billion Toman,IR,Iran,,,,
gdp_cur_stt_se,GDP nominal current price (Statistical Center of Iran - seasonal),Statistical Center of Iran,persian,1400-04,"2,674,440.10",Billion Toman,IR,Iran,,,,
gdp_cur_stt_se,GDP nominal current price (Statistical Center of Iran - seasonal),Statistical Center of Iran,persian,1401-01,"3,081,082.60",Billion Toman,IR,Iran,,,,
gdp_cur_stt_se,GDP nominal current price (Statistical Center of Iran - seasonal),Statistical Center of Iran,persian,1401-02,"3,480,821.80",Billion Toman,IR,Iran,,,,
gdp_cur_stt_se,GDP nominal current price (Statistical Center of Iran - seasonal),Statistical Center of Iran,persian,1401-03,"3,388,718.50",Billion Toman,IR,Iran,,,,
gdp_cur_stt_se,GDP nominal current price (Statistical Center of Iran - seasonal),Statistical Center of Iran,persian,1401-04,"3,709,606.20",Billion Toman,IR,Iran,,,,
gdp_cur_stt_se,GDP nominal current price (Statistical Center of Iran - seasonal),Statistical Center of Iran,persian,1402-01,"4,026,538.20",Billion Toman,IR,Iran,,,,
gdp_cur_stt_se,GDP nominal current price (Statistical Center of Iran - seasonal),Statistical Center of Iran,persian,1402-02,"4,753,666.40",Billion Toman,IR,Iran,,,,
gdp_cur_stt_se,GDP nominal current price (Statistical Center of Iran - seasonal),Statistical Center of Iran,persian,1402-03,"4,763,246.50",Billion Toman,IR,Iran,,,,
gdp_cur_stt_se,GDP nominal current price (Statistical Center of Iran - seasonal),Statistical Center of Iran,persian,1402-04,"5,033,546.00",Billion Toman,IR,Iran,,,,
gdp_cur_stt_se,GDP nominal current price (Statistical Center of Iran - seasonal),Statistical Center of Iran,persian,1403-01,"5,383,611.80",Billion Toman,IR,Iran,,,,
gdp_cur_stt_se,GDP nominal current price (Statistical Center of Iran - seasonal),Statistical Center of Iran,persian,1403-02,"6,145,389.40",Billion Toman,IR,Iran,,,,
gdp_cur_stt_se,GDP nominal current price (Statistical Center of Iran - seasonal),Statistical Center of Iran,persian,1403-03,"6,162,279.70",Billion Toman,IR,Iran,,,,
gdp_cur_stt_se,GDP nominal current price (Statistical Center of Iran - seasonal),Statistical Center of Iran,persian,1403-04,"7,411,846.10",Billion Toman,IR,Iran,,,,
gdp_cur_stt_se,GDP nominal current price (Statistical Center of Iran - seasonal),Statistical Center of Iran,persian,1404-01,"7,486,187.10",Billion Toman,IR,Iran,,,,
gdp_cur_stt_se,GDP nominal current price (Statistical Center of Iran - seasonal),Statistical Center of Iran,persian,1404-02,"8,842,014.20",Billion Toman,IR,Iran,,,,
gdp_cur_stt_se,GDP nominal current price (Statistical Center of Iran - seasonal),Statistical Center of Iran,persian,1404-03,"9,205,439.70",Billion Toman,IR,Iran,,,,
gdp_cos_stt,GDP nominal constant price (Statistical Center of Iran - yearly),Statistical Center of Iran,persian,1390,"8,865,143.40",Billion Toman 1400,IR,Iran,,,,
gdp_cos_stt,GDP nominal constant price (Statistical Center of Iran - yearly),Statistical Center of Iran,persian,1391,"8,116,447.90",Billion Toman 1400,IR,Iran,,,,
gdp_cos_stt,GDP nominal constant price (Statistical Center of Iran - yearly),Statistical Center of Iran,persian,1392,"8,007,348.50",Billion Toman 1400,IR,Iran,,,,
gdp_cos_stt,GDP nominal constant price (Statistical Center of Iran - yearly),Statistical Center of Iran,persian,1393,"8,117,228.30",Billion Toman 1400,IR,Iran,,,,
gdp_cos_stt,GDP nominal constant price (Statistical Center of Iran - yearly),Statistical Center of Iran,persian,1394,"8,037,547.50",Billion Toman 1400,IR,Iran,,,,
gdp_cos_stt,GDP nominal constant price (Statistical Center of Iran - yearly),Statistical Center of Iran,persian,1395,"9,094,437.00",Billion Toman 1400,IR,Iran,,,,
gdp_cos_stt,GDP nominal constant price (Statistical Center of Iran - yearly),Statistical Center of Iran,persian,1396,"9,648,728.60",Billion Toman 1400,IR,Iran,,,,
gdp_cos_stt,GDP nominal constant price (Statistical Center of Iran - yearly),Statistical Center of Iran,persian,1397,"9,214,433.40",Billion Toman 1400,IR,Iran,,,,
gdp_cos_stt,GDP nominal constant price (Statistical Center of Iran - yearly),Statistical Center of Iran,persian,1398,"8,742,873.40",Billion Toman 1400,IR,Iran,,,,
gdp_cos_stt,GDP nominal constant price (Statistical Center of Iran - yearly),Statistical Center of Iran,persian,1399,"8,660,003.10",Billion Toman 1400,IR,Iran,,,,
gdp_cos_stt,GDP nominal constant price (Statistical Center of Iran - yearly),Statistical Center of Iran,persian,1400,"8,976,417.00",Billion Toman 1400,IR,Iran,,,,
gdp_cos_stt,GDP nominal constant price (Statistical Center of Iran - yearly),Statistical Center of Iran,persian,1401,"9,303,698.40",Billion Toman 1400,IR,Iran,,,,
gdp_cos_stt,GDP nominal constant price (Statistical Center of Iran - yearly),Statistical Center of Iran,persian,1402,"9,730,102.20",Billion Toman 1400,IR,Iran,,,,
gdp_cos_stt,GDP nominal constant price (Statistical Center of Iran - yearly),Statistical Center of Iran,persian,1403,"10,028,084.70",Billion Toman 1400,IR,Iran,,,,
gdp_cos_stt_se,GDP nominal constant price (Statistical Center of Iran - seasonal),Statistical Center of Iran,persian,1390-01,"1,939,271.50",Billion Toman 1400,IR,Iran,,,,
gdp_cos_stt_se,GDP nominal constant price (Statistical Center of Iran - seasonal),Statistical Center of Iran,persian,1390-02,"2,308,720.10",Billion Toman 1400,IR,Iran,,,,
gdp_cos_stt_se,GDP nominal constant price (Statistical Center of Iran - seasonal),Statistical Center of Iran,persian,1390-03,"2,334,147.20",Billion Toman 1400,IR,Iran,,,,
gdp_cos_stt_se,GDP nominal constant price (Statistical Center of Iran - seasonal),Statistical Center of Iran,persian,1390-04,"2,283,004.60",Billion Toman 1400,IR,Iran,,,,
gdp_cos_stt_se,GDP nominal constant price (Statistical Center of Iran - seasonal),Statistical Center of Iran,persian,1391-01,"1,962,919.10",Billion Toman 1400,IR,Iran,,,,
gdp_cos_stt_se,GDP nominal constant price (Statistical Center of Iran - seasonal),Statistical Center of Iran,persian,1391-02,"2,096,642.60",Billion Toman 1400,IR,Iran,,,,
gdp_cos_stt_se,GDP nominal constant price (Statistical Center of Iran - seasonal),Statistical Center of Iran,persian,1391-03,"2,050,607.00",Billion Toman 1400,IR,Iran,,,,
gdp_cos_stt_se,GDP nominal constant price (Statistical Center of Iran - seasonal),Statistical Center of Iran,persian,1391-04,"2,006,279.20",Billion Toman 1400,IR,Iran,,,,
gdp_cos_stt_se,GDP nominal constant price (Statistical Center of Iran - seasonal),Statistical Center of Iran,persian,1392-01,"1,879,451.70",Billion Toman 1400,IR,Iran,,,,
gdp_cos_stt_se,GDP nominal constant price (Statistical Center of Iran - seasonal),Statistical Center of Iran,persian,1392-02,"2,122,997.50",Billion Toman 1400,IR,Iran,,,,
gdp_cos_stt_se,GDP nominal constant price (Statistical Center of Iran - seasonal),Statistical Center of Iran,persian,1392-03,"2,007,130.30",Billion Toman 1400,IR,Iran,,,,
gdp_cos_stt_se,GDP nominal constant price (Statistical Center of Iran - seasonal),Statistical Center of Iran,persian,1392-04,"1,997,769.10",Billion Toman 1400,IR,Iran,,,,
gdp_cos_stt_se,GDP nominal constant price (Statistical Center of Iran - seasonal),Statistical Center of Iran,persian,1393-01,"1,911,929.60",Billion Toman 1400,IR,Iran,,,,
gdp_cos_stt_se,GDP nominal constant price (Statistical Center of Iran - seasonal),Statistical Center of Iran,persian,1393-02,"2,188,785.90",Billion Toman 1400,IR,Iran,,,,
gdp_cos_stt_se,GDP nominal constant price (Statistical Center of Iran - seasonal),Statistical Center of Iran,persian,1393-03,"2,076,654.00",Billion Toman 1400,IR,Iran,,,,
gdp_cos_stt_se,GDP nominal constant price (Statistical Center of Iran - seasonal),Statistical Center of Iran,persian,1393-04,"1,939,858.90",Billion Toman 1400,IR,Iran,,,,
gdp_cos_stt_se,GDP nominal constant price (Statistical Center of Iran - seasonal),Statistical Center of Iran,persian,1394-01,"1,893,048.20",Billion Toman 1400,IR,Iran,,,,
gdp_cos_stt_se,GDP nominal constant price (Statistical Center of Iran - seasonal),Statistical Center of Iran,persian,1394-02,"2,148,793.70",Billion Toman 1400,IR,Iran,,,,
gdp_cos_stt_se,GDP nominal constant price (Statistical Center of Iran - seasonal),Statistical Center of Iran,persian,1394-03,"2,038,643.50",Billion Toman 1400,IR,Iran,,,,
gdp_cos_stt_se,GDP nominal constant price (Statistical Center of Iran - seasonal),Statistical Center of Iran,persian,1394-04,"1,957,062.00",Billion Toman 1400,IR,Iran,,,,
gdp_cos_stt_se,GDP nominal constant price (Statistical Center of Iran - seasonal),Statistical Center of Iran,persian,1395-01,"2,071,894.70",Billion Toman 1400,IR,Iran,,,,
gdp_cos_stt_se,GDP nominal constant price (Statistical Center of Iran - seasonal),Statistical Center of Iran,persian,1395-02,"2,401,963.50",Billion Toman 1400,IR,Iran,,,,
gdp_cos_stt_se,GDP nominal constant price (Statistical Center of Iran - seasonal),Statistical Center of Iran,persian,1395-03,"2,265,381.20",Billion Toman 1400,IR,Iran,,,,
gdp_cos_stt_se,GDP nominal constant price (Statistical Center of Iran - seasonal),Statistical Center of Iran,persian,1395-04,"2,355,197.60",Billion Toman 1400,IR,Iran,,,,
gdp_cos_stt_se,GDP nominal constant price (Statistical Center of Iran - seasonal),Statistical Center of Iran,persian,1396-01,"2,221,031.90",Billion Toman 1400,IR,Iran,,,,
gdp_cos_stt_se,GDP nominal constant price (Statistical Center of Iran - seasonal),Statistical Center of Iran,persian,1396-02,"2,601,650.40",Billion Toman 1400,IR,Iran,,,,
gdp_cos_stt_se,GDP nominal constant price (Statistical Center of Iran - seasonal),Statistical Center of Iran,persian,1396-03,"2,397,978.60",Billion Toman 1400,IR,Iran,,,,
gdp_cos_stt_se,GDP nominal constant price (Statistical Center of Iran - seasonal),Statistical Center of Iran,persian,1396-04,"2,428,067.70",Billion Toman 1400,IR,Iran,,,,
gdp_cos_stt_se,GDP nominal constant price (Statistical Center of Iran - seasonal),Statistical Center of Iran,persian,1397-01,"2,277,084.90",Billion Toman 1400,IR,Iran,,,,
gdp_cos_stt_se,GDP nominal constant price (Statistical Center of Iran - seasonal),Statistical Center of Iran,persian,1397-02,"2,549,528.00",Billion Toman 1400,IR,Iran,,,,
gdp_cos_stt_se,GDP nominal constant price (Statistical Center of Iran - seasonal),Statistical Center of Iran,persian,1397-03,"2,120,997.40",Billion Toman 1400,IR,Iran,,,,
gdp_cos_stt_se,GDP nominal constant price (Statistical Center of Iran - seasonal),Statistical Center of Iran,persian,1397-04,"2,266,823.10",Billion Toman 1400,IR,Iran,,,,
gdp_cos_stt_se,GDP nominal constant price (Statistical Center of Iran - seasonal),Statistical Center of Iran,persian,1398-01,"2,053,540.00",Billion Toman 1400,IR,Iran,,,,
gdp_cos_stt_se,GDP nominal constant price (Statistical Center of Iran - seasonal),Statistical Center of Iran,persian,1398-02,"2,349,227.60",Billion Toman 1400,IR,Iran,,,,
gdp_cos_stt_se,GDP nominal constant price (Statistical Center of Iran - seasonal),Statistical Center of Iran,persian,1398-03,"2,201,380.00",Billion Toman 1400,IR,Iran,,,,
gdp_cos_stt_se,GDP nominal constant price (Statistical Center of Iran - seasonal),Statistical Center of Iran,persian,1398-04,"2,138,725.70",Billion Toman 1400,IR,Iran,,,,
gdp_cos_stt_se,GDP nominal constant price (Statistical Center of Iran - seasonal),Statistical Center of Iran,persian,1399-01,"1,961,922.90",Billion Toman 1400,IR,Iran,,,,
gdp_cos_stt_se,GDP nominal constant price (Statistical Center of Iran - seasonal),Statistical Center of Iran,persian,1399-02,"2,333,406.30",Billion Toman 1400,IR,Iran,,,,
gdp_cos_stt_se,GDP nominal constant price (Statistical Center of Iran - seasonal),Statistical Center of Iran,persian,1399-03,"2,160,052.70",Billion Toman 1400,IR,Iran,,,,
gdp_cos_stt_se,GDP nominal constant price (Statistical Center of Iran - seasonal),Statistical Center of Iran,persian,1399-04,"2,204,621.20",Billion Toman 1400,IR,Iran,,,,
gdp_cos_stt_se,GDP nominal constant price (Statistical Center of Iran - seasonal),Statistical Center of Iran,persian,1400-01,"2,124,802.90",Billion Toman 1400,IR,Iran,,,,
gdp_cos_stt_se,GDP nominal constant price (Statistical Center of Iran - seasonal),Statistical Center of Iran,persian,1400-02,"2,373,429.40",Billion Toman 1400,IR,Iran,,,,
gdp_cos_stt_se,GDP nominal constant price (Statistical Center of Iran - seasonal),Statistical Center of Iran,persian,1400-03,"2,218,074.40",Billion Toman 1400,IR,Iran,,,,
gdp_cos_stt_se,GDP nominal constant price (Statistical Center of Iran - seasonal),Statistical Center of Iran,persian,1400-04,"2,260,110.40",Billion Toman 1400,IR,Iran,,,,
gdp_cos_stt_se,GDP nominal constant price (Statistical Center of Iran - seasonal),Statistical Center of Iran,persian,1401-01,"2,224,001.20",Billion Toman 1400,IR,Iran,,,,
gdp_cos_stt_se,GDP nominal constant price (Statistical Center of Iran - seasonal),Statistical Center of Iran,persian,1401-02,"2,443,949.30",Billion Toman 1400,IR,Iran,,,,
gdp_cos_stt_se,GDP nominal constant price (Statistical Center of Iran - seasonal),Statistical Center of Iran,persian,1401-03,"2,303,740.80",Billion Toman 1400,IR,Iran,,,,
gdp_cos_stt_se,GDP nominal constant price (Statistical Center of Iran - seasonal),Statistical Center of Iran,persian,1401-04,"2,332,007.10",Billion Toman 1400,IR,Iran,,,,
gdp_cos_stt_se,GDP nominal constant price (Statistical Center of Iran - seasonal),Statistical Center of Iran,persian,1402-01,"2,321,905.10",Billion Toman 1400,IR,Iran,,,,
gdp_cos_stt_se,GDP nominal constant price (Statistical Center of Iran - seasonal),Statistical Center of Iran,persian,1402-02,"2,550,791.70",Billion Toman 1400,IR,Iran,,,,
gdp_cos_stt_se,GDP nominal constant price (Statistical Center of Iran - seasonal),Statistical Center of Iran,persian,1402-03,"2,430,005.50",Billion Toman 1400,IR,Iran,,,,
gdp_cos_stt_se,GDP nominal constant price (Statistical Center of Iran - seasonal),Statistical Center of Iran,persian,1402-04,"2,427,399.90",Billion Toman 1400,IR,Iran,,,,
gdp_cos_stt_se,GDP nominal constant price (Statistical Center of Iran - seasonal),Statistical Center of Iran,persian,1403-01,"2,430,152.00",Billion Toman 1400,IR,Iran,,,,
gdp_cos_stt_se,GDP nominal constant price (Statistical Center of Iran - seasonal),Statistical Center of Iran,persian,1403-02,"2,631,034.80",Billion Toman 1400,IR,Iran,,,,
gdp_cos_stt_se,GDP nominal constant price (Statistical Center of Iran - seasonal),Statistical Center of Iran,persian,1403-03,"2,471,028.80",Billion Toman 1400,IR,Iran,,,,
gdp_cos_stt_se,GDP nominal constant price (Statistical Center of Iran - seasonal),Statistical Center of Iran,persian,1403-04,"2,495,869.00",Billion Toman 1400,IR,Iran,,,,
gdp_cos_stt_se,GDP nominal constant price (Statistical Center of Iran - seasonal),Statistical Center of Iran,persian,1404-01,"2,426,030.70",Billion Toman 1400,IR,Iran,,,,
gdp_cos_stt_se,GDP nominal constant price (Statistical Center of Iran - seasonal),Statistical Center of Iran,persian,1404-02,"2,639,275.40",Billion Toman 1400,IR,Iran,,,,
gdp_cos_stt_se,GDP nominal constant price (Statistical Center of Iran - seasonal),Statistical Center of Iran,persian,1404-03,"2,645,027.50",Billion Toman 1400,IR,Iran,,,,
gdp_cos_stt_se,GDP nominal constant price (Statistical Center of Iran - seasonal),Statistical Center of Iran,persian,1404-04,"2,539,216.20",Billion Toman 1400,IR,Iran,,,,
gdp_gth-stt,GDP growth (Statistical Center of Iran yearly),Statistical Center of Iran,persian,1391,-8.40,%,IR,Iran,,,,
gdp_gth-stt,GDP growth (Statistical Center of Iran yearly),Statistical Center of Iran,persian,1392,-1.30,%,IR,Iran,,,,
gdp_gth-stt,GDP growth (Statistical Center of Iran yearly),Statistical Center of Iran,persian,1393,1.40,%,IR,Iran,,,,
gdp_gth-stt,GDP growth (Statistical Center of Iran yearly),Statistical Center of Iran,persian,1394,-1.00,%,IR,Iran,,,,
gdp_gth-stt,GDP growth (Statistical Center of Iran yearly),Statistical Center of Iran,persian,1395,13.10,%,IR,Iran,,,,
gdp_gth-stt,GDP growth (Statistical Center of Iran yearly),Statistical Center of Iran,persian,1396,6.10,%,IR,Iran,,,,
gdp_gth-stt,GDP growth (Statistical Center of Iran yearly),Statistical Center of Iran,persian,1397,-4.50,%,IR,Iran,,,,
gdp_gth-stt,GDP growth (Statistical Center of Iran yearly),Statistical Center of Iran,persian,1398,-5.10,%,IR,Iran,,,,
gdp_gth-stt,GDP growth (Statistical Center of Iran yearly),Statistical Center of Iran,persian,1399,-0.90,%,IR,Iran,,,,
gdp_gth-stt,GDP growth (Statistical Center of Iran yearly),Statistical Center of Iran,persian,1400,3.70,%,IR,Iran,,,,
gdp_gth-stt,GDP growth (Statistical Center of Iran yearly),Statistical Center of Iran,persian,1401,3.60,%,IR,Iran,,,,
gdp_gth-stt,GDP growth (Statistical Center of Iran yearly),Statistical Center of Iran,persian,1402,4.60,%,IR,Iran,,,,
gdp_gth-stt,GDP growth (Statistical Center of Iran yearly),Statistical Center of Iran,persian,1403,3.10,%,IR,Iran,,,,
gdp_gth-stt_se,GDP growth (Statistical Center of Iran seasonal),Statistical Center of Iran,persian,1391-01,1.20,%,IR,Iran,,,,
gdp_gth-stt_se,GDP growth (Statistical Center of Iran seasonal),Statistical Center of Iran,persian,1391-02,-9.20,%,IR,Iran,,,,
gdp_gth-stt_se,GDP growth (Statistical Center of Iran seasonal),Statistical Center of Iran,persian,1391-03,-12.10,%,IR,Iran,,,,
gdp_gth-stt_se,GDP growth (Statistical Center of Iran seasonal),Statistical Center of Iran,persian,1391-04,-12.10,%,IR,Iran,,,,
gdp_gth-stt_se,GDP growth (Statistical Center of Iran seasonal),Statistical Center of Iran,persian,1392-01,-4.30,%,IR,Iran,,,,
gdp_gth-stt_se,GDP growth (Statistical Center of Iran seasonal),Statistical Center of Iran,persian,1392-02,1.30,%,IR,Iran,,,,
gdp_gth-stt_se,GDP growth (Statistical Center of Iran seasonal),Statistical Center of Iran,persian,1392-03,-2.10,%,IR,Iran,,,,
gdp_gth-stt_se,GDP growth (Statistical Center of Iran seasonal),Statistical Center of Iran,persian,1392-04,-0.40,%,IR,Iran,,,,
gdp_gth-stt_se,GDP growth (Statistical Center of Iran seasonal),Statistical Center of Iran,persian,1393-01,1.70,%,IR,Iran,,,,
gdp_gth-stt_se,GDP growth (Statistical Center of Iran seasonal),Statistical Center of Iran,persian,1393-02,3.10,%,IR,Iran,,,,
gdp_gth-stt_se,GDP growth (Statistical Center of Iran seasonal),Statistical Center of Iran,persian,1393-03,3.50,%,IR,Iran,,,,
gdp_gth-stt_se,GDP growth (Statistical Center of Iran seasonal),Statistical Center of Iran,persian,1393-04,-2.90,%,IR,Iran,,,,
gdp_gth-stt_se,GDP growth (Statistical Center of Iran seasonal),Statistical Center of Iran,persian,1394-01,-1.00,%,IR,Iran,,,,
gdp_gth-stt_se,GDP growth (Statistical Center of Iran seasonal),Statistical Center of Iran,persian,1394-02,-1.80,%,IR,Iran,,,,
gdp_gth-stt_se,GDP growth (Statistical Center of Iran seasonal),Statistical Center of Iran,persian,1394-03,-1.80,%,IR,Iran,,,,
gdp_gth-stt_se,GDP growth (Statistical Center of Iran seasonal),Statistical Center of Iran,persian,1394-04,0.90,%,IR,Iran,,,,
gdp_gth-stt_se,GDP growth (Statistical Center of Iran seasonal),Statistical Center of Iran,persian,1395-01,9.40,%,IR,Iran,,,,
gdp_gth-stt_se,GDP growth (Statistical Center of Iran seasonal),Statistical Center of Iran,persian,1395-02,11.80,%,IR,Iran,,,,
gdp_gth-stt_se,GDP growth (Statistical Center of Iran seasonal),Statistical Center of Iran,persian,1395-03,11.10,%,IR,Iran,,,,
gdp_gth-stt_se,GDP growth (Statistical Center of Iran seasonal),Statistical Center of Iran,persian,1395-04,20.30,%,IR,Iran,,,,
gdp_gth-stt_se,GDP growth (Statistical Center of Iran seasonal),Statistical Center of Iran,persian,1396-01,7.20,%,IR,Iran,,,,
gdp_gth-stt_se,GDP growth (Statistical Center of Iran seasonal),Statistical Center of Iran,persian,1396-02,8.30,%,IR,Iran,,,,
gdp_gth-stt_se,GDP growth (Statistical Center of Iran seasonal),Statistical Center of Iran,persian,1396-03,5.90,%,IR,Iran,,,,
gdp_gth-stt_se,GDP growth (Statistical Center of Iran seasonal),Statistical Center of Iran,persian,1396-04,3.10,%,IR,Iran,,,,
gdp_gth-stt_se,GDP growth (Statistical Center of Iran seasonal),Statistical Center of Iran,persian,1397-01,2.50,%,IR,Iran,,,,
gdp_gth-stt_se,GDP growth (Statistical Center of Iran seasonal),Statistical Center of Iran,persian,1397-02,-2.00,%,IR,Iran,,,,
gdp_gth-stt_se,GDP growth (Statistical Center of Iran seasonal),Statistical Center of Iran,persian,1397-03,-11.60,%,IR,Iran,,,,
gdp_gth-stt_se,GDP growth (Statistical Center of Iran seasonal),Statistical Center of Iran,persian,1397-04,-6.60,%,IR,Iran,,,,
gdp_gth-stt_se,GDP growth (Statistical Center of Iran seasonal),Statistical Center of Iran,persian,1398-01,-9.80,%,IR,Iran,,,,
gdp_gth-stt_se,GDP growth (Statistical Center of Iran seasonal),Statistical Center of Iran,persian,1398-02,-7.90,%,IR,Iran,,,,
gdp_gth-stt_se,GDP growth (Statistical Center of Iran seasonal),Statistical Center of Iran,persian,1398-03,3.80,%,IR,Iran,,,,
gdp_gth-stt_se,GDP growth (Statistical Center of Iran seasonal),Statistical Center of Iran,persian,1398-04,-5.70,%,IR,Iran,,,,
gdp_gth-stt_se,GDP growth (Statistical Center of Iran seasonal),Statistical Center of Iran,persian,1399-01,-4.50,%,IR,Iran,,,,
gdp_gth-stt_se,GDP growth (Statistical Center of Iran seasonal),Statistical Center of Iran,persian,1399-02,-0.70,%,IR,Iran,,,,
gdp_gth-stt_se,GDP growth (Statistical Center of Iran seasonal),Statistical Center of Iran,persian,1399-03,-1.90,%,IR,Iran,,,,
gdp_gth-stt_se,GDP growth (Statistical Center of Iran seasonal),Statistical Center of Iran,persian,1399-04,3.10,%,IR,Iran,,,,
gdp_gth-stt_se,GDP growth (Statistical Center of Iran seasonal),Statistical Center of Iran,persian,1400-01,8.30,%,IR,Iran,,,,
gdp_gth-stt_se,GDP growth (Statistical Center of Iran seasonal),Statistical Center of Iran,persian,1400-02,1.70,%,IR,Iran,,,,
gdp_gth-stt_se,GDP growth (Statistical Center of Iran seasonal),Statistical Center of Iran,persian,1400-03,2.70,%,IR,Iran,,,,
gdp_gth-stt_se,GDP growth (Statistical Center of Iran seasonal),Statistical Center of Iran,persian,1400-04,2.50,%,IR,Iran,,,,
gdp_gth-stt_se,GDP growth (Statistical Center of Iran seasonal),Statistical Center of Iran,persian,1401-01,4.70,%,IR,Iran,,,,
gdp_gth-stt_se,GDP growth (Statistical Center of Iran seasonal),Statistical Center of Iran,persian,1401-02,3.00,%,IR,Iran,,,,
gdp_gth-stt_se,GDP growth (Statistical Center of Iran seasonal),Statistical Center of Iran,persian,1401-03,3.90,%,IR,Iran,,,,
gdp_gth-stt_se,GDP growth (Statistical Center of Iran seasonal),Statistical Center of Iran,persian,1401-04,3.20,%,IR,Iran,,,,
gdp_gth-stt_se,GDP growth (Statistical Center of Iran seasonal),Statistical Center of Iran,persian,1402-01,4.40,%,IR,Iran,,,,
gdp_gth-stt_se,GDP growth (Statistical Center of Iran seasonal),Statistical Center of Iran,persian,1402-02,4.40,%,IR,Iran,,,,
gdp_gth-stt_se,GDP growth (Statistical Center of Iran seasonal),Statistical Center of Iran,persian,1402-03,5.50,%,IR,Iran,,,,
gdp_gth-stt_se,GDP growth (Statistical Center of Iran seasonal),Statistical Center of Iran,persian,1402-04,4.10,%,IR,Iran,,,,
gdp_gth-stt_se,GDP growth (Statistical Center of Iran seasonal),Statistical Center of Iran,persian,1403-01,4.70,%,IR,Iran,,,,
gdp_gth-stt_se,GDP growth (Statistical Center of Iran seasonal),Statistical Center of Iran,persian,1403-02,3.10,%,IR,Iran,,,,
gdp_gth-stt_se,GDP growth (Statistical Center of Iran seasonal),Statistical Center of Iran,persian,1403-03,1.70,%,IR,Iran,,,,
gdp_gth-stt_se,GDP growth (Statistical Center of Iran seasonal),Statistical Center of Iran,persian,1403-04,2.80,%,IR,Iran,,,,
gdp_gth-stt_se,GDP growth (Statistical Center of Iran seasonal),Statistical Center of Iran,persian,1404-01,-0.20,%,IR,Iran,,,,
gdp_gth-stt_se,GDP growth (Statistical Center of Iran seasonal),Statistical Center of Iran,persian,1404-02,0.50,%,IR,Iran,,,,
gdp_gth-stt_se,GDP growth (Statistical Center of Iran seasonal),Statistical Center of Iran,persian,1404-03,2.80,%,IR,Iran,,,,
gdp_pr_oil,GDP provincial current price,Statistical Center of Iran,persian,1390,"20,239.79",Billion Toman,IR-01,East Azerbaijan,,,,
gdp_pr_oil,GDP provincial current price,Statistical Center of Iran,persian,1390,"12,427.58",Billion Toman,IR-02,West Azerbaijan,,,,
gdp_pr_oil,GDP provincial current price,Statistical Center of Iran,persian,1390,"4,916.06",Billion Toman,IR-03,Ardabil,,,,
gdp_pr_oil,GDP provincial current price,Statistical Center of Iran,persian,1390,"35,816.07",Billion Toman,IR-04,Isfahan,,,,
gdp_pr_oil,GDP provincial current price,Statistical Center of Iran,persian,1390,"15,016.02",Billion Toman,IR-05,Alborz,,,,
gdp_pr_oil,GDP provincial current price,Statistical Center of Iran,persian,1390,"8,584.86",Billion Toman,IR-06,Ilam,,,,
gdp_pr_oil,GDP provincial current price,Statistical Center of Iran,persian,1390,"36,135.93",Billion Toman,IR-07,Bushehr,,,,
gdp_pr_oil,GDP provincial current price,Statistical Center of Iran,persian,1390,"163,538.03",Billion Toman,IR-08,Tehran,,,,
gdp_pr_oil,GDP provincial current price,Statistical Center of Iran,persian,1390,"3,910.30",Billion Toman,IR-09,Chaharmahal and Bakhtiari,,,,
gdp_pr_oil,GDP provincial current price,Statistical Center of Iran,persian,1390,"2,483.56",Billion Toman,IR-10,South Khorasan,,,,
gdp_pr_oil,GDP provincial current price,Statistical Center of Iran,persian,1390,"30,897.08",Billion Toman,IR-11,Razavi Khorasan,,,,
gdp_pr_oil,GDP provincial current price,Statistical Center of Iran,persian,1390,"3,126.64",Billion Toman,IR-12,North Khorasan,,,,
gdp_pr_oil,GDP provincial current price,Statistical Center of Iran,persian,1390,"142,482.82",Billion Toman,IR-13,Khuzestan,,,,
gdp_pr_oil,GDP provincial current price,Statistical Center of Iran,persian,1390,"5,542.80",Billion Toman,IR-14,Zanjan,,,,
gdp_pr_oil,GDP provincial current price,Statistical Center of Iran,persian,1390,"4,878.54",Billion Toman,IR-15,Semnan,,,,
gdp_pr_oil,GDP provincial current price,Statistical Center of Iran,persian,1390,"6,318.64",Billion Toman,IR-16,Sistan and Baluchestan,,,,
gdp_pr_oil,GDP provincial current price,Statistical Center of Iran,persian,1390,"28,050.29",Billion Toman,IR-17,Fars,,,,
gdp_pr_oil,GDP provincial current price,Statistical Center of Iran,persian,1390,"8,844.58",Billion Toman,IR-18,Qazvin,,,,
gdp_pr_oil,GDP provincial current price,Statistical Center of Iran,persian,1390,"5,134.07",Billion Toman,IR-19,Qom,,,,
gdp_pr_oil,GDP provincial current price,Statistical Center of Iran,persian,1390,"5,630.32",Billion Toman,IR-20,Kurdistan,,,,
gdp_pr_oil,GDP provincial current price,Statistical Center of Iran,persian,1390,"14,846.81",Billion Toman,IR-21,Kerman,,,,
gdp_pr_oil,GDP provincial current price,Statistical Center of Iran,persian,1390,"10,457.88",Billion Toman,IR-22,Kermanshah,,,,
gdp_pr_oil,GDP provincial current price,Statistical Center of Iran,persian,1390,"18,664.47",Billion Toman,IR-23,Kohgiluyeh and Boyer-Ahmad,,,,
gdp_pr_oil,GDP provincial current price,Statistical Center of Iran,persian,1390,"6,943.83",Billion Toman,IR-24,Golestan,,,,
gdp_pr_oil,GDP provincial current price,Statistical Center of Iran,persian,1390,"13,561.68",Billion Toman,IR-25,Gilan,,,,
gdp_pr_oil,GDP provincial current price,Statistical Center of Iran,persian,1390,"6,963.98",Billion Toman,IR-26,Lorestan,,,,
gdp_pr_oil,GDP provincial current price,Statistical Center of Iran,persian,1390,"22,169.92",Billion Toman,IR-27,Mazandaran,,,,
gdp_pr_oil,GDP provincial current price,Statistical Center of Iran,persian,1390,"10,091.87",Billion Toman,IR-28,Markazi,,,,
gdp_pr_oil,GDP provincial current price,Statistical Center of Iran,persian,1390,"10,274.26",Billion Toman,IR-29,Hormozgan,,,,
gdp_pr_oil,GDP provincial current price,Statistical Center of Iran,persian,1390,"8,134.44",Billion Toman,IR-30,Hamadan,,,,
gdp_pr_oil,GDP provincial current price,Statistical Center of Iran,persian,1390,"10,128.51",Billion Toman,IR-31,Yazd,,,,
gdp_pr_oil,GDP provincial current price,Statistical Center of Iran,persian,1390,"25,834.00",Billion Toman,IR-X,Supranational (Iran),,,,
gdp_pr_oil,GDP provincial current price,Statistical Center of Iran,persian,1390,"702,045.63",Billion Toman,IR,Iran,,,,
gdp_pr_oil,GDP provincial current price,Statistical Center of Iran,persian,1391,"27,193.08",Billion Toman,IR-01,East Azerbaijan,,,,
gdp_pr_oil,GDP provincial current price,Statistical Center of Iran,persian,1391,"16,753.17",Billion Toman,IR-02,West Azerbaijan,,,,
gdp_pr_oil,GDP provincial current price,Statistical Center of Iran,persian,1391,"6,665.95",Billion Toman,IR-03,Ardabil,,,,
gdp_pr_oil,GDP provincial current price,Statistical Center of Iran,persian,1391,"43,526.58",Billion Toman,IR-04,Isfahan,,,,
gdp_pr_oil,GDP provincial current price,Statistical Center of Iran,persian,1391,"20,555.85",Billion Toman,IR-05,Alborz,,,,
gdp_pr_oil,GDP provincial current price,Statistical Center of Iran,persian,1391,"6,620.44",Billion Toman,IR-06,Ilam,,,,
gdp_pr_oil,GDP provincial current price,Statistical Center of Iran,persian,1391,"45,575.68",Billion Toman,IR-07,Bushehr,,,,
gdp_pr_oil,GDP provincial current price,Statistical Center of Iran,persian,1391,"205,908.93",Billion Toman,IR-08,Tehran,,,,
gdp_pr_oil,GDP provincial current price,Statistical Center of Iran,persian,1391,"5,126.64",Billion Toman,IR-09,Chaharmahal and Bakhtiari,,,,
gdp_pr_oil,GDP provincial current price,Statistical Center of Iran,persian,1391,"3,431.49",Billion Toman,IR-10,South Khorasan,,,,
gdp_pr_oil,GDP provincial current price,Statistical Center of Iran,persian,1391,"39,826.77",Billion Toman,IR-11,Razavi Khorasan,,,,
gdp_pr_oil,GDP provincial current price,Statistical Center of Iran,persian,1391,"4,262.55",Billion Toman,IR-12,North Khorasan,,,,
gdp_pr_oil,GDP provincial current price,Statistical Center of Iran,persian,1391,"176,180.03",Billion Toman,IR-13,Khuzestan,,,,
gdp_pr_oil,GDP provincial current price,Statistical Center of Iran,persian,1391,"7,728.09",Billion Toman,IR-14,Zanjan,,,,
gdp_pr_oil,GDP provincial current price,Statistical Center of Iran,persian,1391,"6,386.79",Billion Toman,IR-15,Semnan,,,,
gdp_pr_oil,GDP provincial current price,Statistical Center of Iran,persian,1391,"9,421.36",Billion Toman,IR-16,Sistan and Baluchestan,,,,
gdp_pr_oil,GDP provincial current price,Statistical Center of Iran,persian,1391,"37,807.17",Billion Toman,IR-17,Fars,,,,
gdp_pr_oil,GDP provincial current price,Statistical Center of Iran,persian,1391,"11,775.21",Billion Toman,IR-18,Qazvin,,,,
gdp_pr_oil,GDP provincial current price,Statistical Center of Iran,persian,1391,"6,810.13",Billion Toman,IR-19,Qom,,,,
gdp_pr_oil,GDP provincial current price,Statistical Center of Iran,persian,1391,"7,607.04",Billion Toman,IR-20,Kurdistan,,,,
gdp_pr_oil,GDP provincial current price,Statistical Center of Iran,persian,1391,"23,730.00",Billion Toman,IR-21,Kerman,,,,
gdp_pr_oil,GDP provincial current price,Statistical Center of Iran,persian,1391,"13,404.72",Billion Toman,IR-22,Kermanshah,,,,
gdp_pr_oil,GDP provincial current price,Statistical Center of Iran,persian,1391,"20,807.82",Billion Toman,IR-23,Kohgiluyeh and Boyer-Ahmad,,,,
gdp_pr_oil,GDP provincial current price,Statistical Center of Iran,persian,1391,"9,486.33",Billion Toman,IR-24,Golestan,,,,
gdp_pr_oil,GDP provincial current price,Statistical Center of Iran,persian,1391,"18,324.63",Billion Toman,IR-25,Gilan,,,,
gdp_pr_oil,GDP provincial current price,Statistical Center of Iran,persian,1391,"9,398.48",Billion Toman,IR-26,Lorestan,,,,
gdp_pr_oil,GDP provincial current price,Statistical Center of Iran,persian,1391,"29,577.71",Billion Toman,IR-27,Mazandaran,,,,
gdp_pr_oil,GDP provincial current price,Statistical Center of Iran,persian,1391,"13,548.60",Billion Toman,IR-28,Markazi,,,,
gdp_pr_oil,GDP provincial current price,Statistical Center of Iran,persian,1391,"15,241.93",Billion Toman,IR-29,Hormozgan,,,,
gdp_pr_oil,GDP provincial current price,Statistical Center of Iran,persian,1391,"10,567.78",Billion Toman,IR-30,Hamadan,,,,
gdp_pr_oil,GDP provincial current price,Statistical Center of Iran,persian,1391,"14,221.56",Billion Toman,IR-31,Yazd,,,,
gdp_pr_oil,GDP provincial current price,Statistical Center of Iran,persian,1391,"27,393.85",Billion Toman,IR-X,Supranational (Iran),,,,
gdp_pr_oil,GDP provincial current price,Statistical Center of Iran,persian,1391,"894,866.37",Billion Toman,IR,Iran,,,,
gdp_pr_oil,GDP provincial current price,Statistical Center of Iran,persian,1392,"32,944.45",Billion Toman,IR-01,East Azerbaijan,,,,
gdp_pr_oil,GDP provincial current price,Statistical Center of Iran,persian,1392,"21,479.86",Billion Toman,IR-02,West Azerbaijan,,,,
gdp_pr_oil,GDP provincial current price,Statistical Center of Iran,persian,1392,"8,905.06",Billion Toman,IR-03,Ardabil,,,,
gdp_pr_oil,GDP provincial current price,Statistical Center of Iran,persian,1392,"59,555.46",Billion Toman,IR-04,Isfahan,,,,
gdp_pr_oil,GDP provincial current price,Statistical Center of Iran,persian,1392,"23,634.05",Billion Toman,IR-05,Alborz,,,,
gdp_pr_oil,GDP provincial current price,Statistical Center of Iran,persian,1392,"11,145.11",Billion Toman,IR-06,Ilam,,,,
gdp_pr_oil,GDP provincial current price,Statistical Center of Iran,persian,1392,"71,945.69",Billion Toman,IR-07,Bushehr,,,,
gdp_pr_oil,GDP provincial current price,Statistical Center of Iran,persian,1392,"260,189.44",Billion Toman,IR-08,Tehran,,,,
gdp_pr_oil,GDP provincial current price,Statistical Center of Iran,persian,1392,"6,356.34",Billion Toman,IR-09,Chaharmahal and Bakhtiari,,,,
gdp_pr_oil,GDP provincial current price,Statistical Center of Iran,persian,1392,"4,129.16",Billion Toman,IR-10,South Khorasan,,,,
gdp_pr_oil,GDP provincial current price,Statistical Center of Iran,persian,1392,"49,184.65",Billion Toman,IR-11,Razavi Khorasan,,,,
gdp_pr_oil,GDP provincial current price,Statistical Center of Iran,persian,1392,"5,637.05",Billion Toman,IR-12,North Khorasan,,,,
gdp_pr_oil,GDP provincial current price,Statistical Center of Iran,persian,1392,"208,908.63",Billion Toman,IR-13,Khuzestan,,,,
gdp_pr_oil,GDP provincial current price,Statistical Center of Iran,persian,1392,"9,945.70",Billion Toman,IR-14,Zanjan,,,,
gdp_pr_oil,GDP provincial current price,Statistical Center of Iran,persian,1392,"8,012.65",Billion Toman,IR-15,Semnan,,,,
gdp_pr_oil,GDP provincial current price,Statistical Center of Iran,persian,1392,"10,045.93",Billion Toman,IR-16,Sistan and Baluchestan,,,,
gdp_pr_oil,GDP provincial current price,Statistical Center of Iran,persian,1392,"48,816.13",Billion Toman,IR-17,Fars,,,,
gdp_pr_oil,GDP provincial current price,Statistical Center of Iran,persian,1392,"14,019.91",Billion Toman,IR-18,Qazvin,,,,
gdp_pr_oil,GDP provincial current price,Statistical Center of Iran,persian,1392,"8,296.50",Billion Toman,IR-19,Qom,,,,
gdp_pr_oil,GDP provincial current price,Statistical Center of Iran,persian,1392,"9,639.24",Billion Toman,IR-20,Kurdistan,,,,
gdp_pr_oil,GDP provincial current price,Statistical Center of Iran,persian,1392,"28,866.96",Billion Toman,IR-21,Kerman,,,,
gdp_pr_oil,GDP provincial current price,Statistical Center of Iran,persian,1392,"15,751.85",Billion Toman,IR-22,Kermanshah,,,,
gdp_pr_oil,GDP provincial current price,Statistical Center of Iran,persian,1392,"29,004.13",Billion Toman,IR-23,Kohgiluyeh and Boyer-Ahmad,,,,
gdp_pr_oil,GDP provincial current price,Statistical Center of Iran,persian,1392,"12,172.88",Billion Toman,IR-24,Golestan,,,,
gdp_pr_oil,GDP provincial current price,Statistical Center of Iran,persian,1392,"23,511.68",Billion Toman,IR-25,Gilan,,,,
gdp_pr_oil,GDP provincial current price,Statistical Center of Iran,persian,1392,"11,568.61",Billion Toman,IR-26,Lorestan,,,,
gdp_pr_oil,GDP provincial current price,Statistical Center of Iran,persian,1392,"37,185.78",Billion Toman,IR-27,Mazandaran,,,,
gdp_pr_oil,GDP provincial current price,Statistical Center of Iran,persian,1392,"18,116.80",Billion Toman,IR-28,Markazi,,,,
gdp_pr_oil,GDP provincial current price,Statistical Center of Iran,persian,1392,"19,859.31",Billion Toman,IR-29,Hormozgan,,,,
gdp_pr_oil,GDP provincial current price,Statistical Center of Iran,persian,1392,"14,226.48",Billion Toman,IR-30,Hamadan,,,,
gdp_pr_oil,GDP provincial current price,Statistical Center of Iran,persian,1392,"18,327.89",Billion Toman,IR-31,Yazd,,,,
gdp_pr_oil,GDP provincial current price,Statistical Center of Iran,persian,1392,"56,950.36",Billion Toman,IR-X,Supranational (Iran),,,,
gdp_pr_oil,GDP provincial current price,Statistical Center of Iran,persian,1392,"1,158,333.74",Billion Toman,IR,Iran,,,,
gdp_pr_oil,GDP provincial current price,Statistical Center of Iran,persian,1393,"39,807.77",Billion Toman,IR-01,East Azerbaijan,,,,
gdp_pr_oil,GDP provincial current price,Statistical Center of Iran,persian,1393,"25,407.47",Billion Toman,IR-02,West Azerbaijan,,,,
gdp_pr_oil,GDP provincial current price,Statistical Center of Iran,persian,1393,"10,843.97",Billion Toman,IR-03,Ardabil,,,,
gdp_pr_oil,GDP provincial current price,Statistical Center of Iran,persian,1393,"69,710.48",Billion Toman,IR-04,Isfahan,,,,
gdp_pr_oil,GDP provincial current price,Statistical Center of Iran,persian,1393,"30,447.17",Billion Toman,IR-05,Alborz,,,,
gdp_pr_oil,GDP provincial current price,Statistical Center of Iran,persian,1393,"11,027.26",Billion Toman,IR-06,Ilam,,,,
gdp_pr_oil,GDP provincial current price,Statistical Center of Iran,persian,1393,"89,412.60",Billion Toman,IR-07,Bushehr,,,,
gdp_pr_oil,GDP provincial current price,Statistical Center of Iran,persian,1393,"310,488.94",Billion Toman,IR-08,Tehran,,,,
gdp_pr_oil,GDP provincial current price,Statistical Center of Iran,persian,1393,"7,261.03",Billion Toman,IR-09,Chaharmahal and Bakhtiari,,,,
gdp_pr_oil,GDP provincial current price,Statistical Center of Iran,persian,1393,"5,244.85",Billion Toman,IR-10,South Khorasan,,,,
gdp_pr_oil,GDP provincial current price,Statistical Center of Iran,persian,1393,"62,904.84",Billion Toman,IR-11,Razavi Khorasan,,,,
gdp_pr_oil,GDP provincial current price,Statistical Center of Iran,persian,1393,"6,683.00",Billion Toman,IR-12,North Khorasan,,,,
gdp_pr_oil,GDP provincial current price,Statistical Center of Iran,persian,1393,"202,205.58",Billion Toman,IR-13,Khuzestan,,,,
gdp_pr_oil,GDP provincial current price,Statistical Center of Iran,persian,1393,"11,708.00",Billion Toman,IR-14,Zanjan,,,,
gdp_pr_oil,GDP provincial current price,Statistical Center of Iran,persian,1393,"9,395.25",Billion Toman,IR-15,Semnan,,,,
gdp_pr_oil,GDP provincial current price,Statistical Center of Iran,persian,1393,"13,143.25",Billion Toman,IR-16,Sistan and Baluchestan,,,,
gdp_pr_oil,GDP provincial current price,Statistical Center of Iran,persian,1393,"57,671.10",Billion Toman,IR-17,Fars,,,,
gdp_pr_oil,GDP provincial current price,Statistical Center of Iran,persian,1393,"18,197.98",Billion Toman,IR-18,Qazvin,,,,
gdp_pr_oil,GDP provincial current price,Statistical Center of Iran,persian,1393,"10,276.59",Billion Toman,IR-19,Qom,,,,
gdp_pr_oil,GDP provincial current price,Statistical Center of Iran,persian,1393,"11,697.99",Billion Toman,IR-20,Kurdistan,,,,
gdp_pr_oil,GDP provincial current price,Statistical Center of Iran,persian,1393,"32,731.81",Billion Toman,IR-21,Kerman,,,,
gdp_pr_oil,GDP provincial current price,Statistical Center of Iran,persian,1393,"19,826.18",Billion Toman,IR-22,Kermanshah,,,,
gdp_pr_oil,GDP provincial current price,Statistical Center of Iran,persian,1393,"32,788.98",Billion Toman,IR-23,Kohgiluyeh and Boyer-Ahmad,,,,
gdp_pr_oil,GDP provincial current price,Statistical Center of Iran,persian,1393,"15,141.88",Billion Toman,IR-24,Golestan,,,,
gdp_pr_oil,GDP provincial current price,Statistical Center of Iran,persian,1393,"28,503.52",Billion Toman,IR-25,Gilan,,,,
gdp_pr_oil,GDP provincial current price,Statistical Center of Iran,persian,1393,"13,016.40",Billion Toman,IR-26,Lorestan,,,,
gdp_pr_oil,GDP provincial current price,Statistical Center of Iran,persian,1393,"43,903.02",Billion Toman,IR-27,Mazandaran,,,,
gdp_pr_oil,GDP provincial current price,Statistical Center of Iran,persian,1393,"22,233.54",Billion Toman,IR-28,Markazi,,,,
gdp_pr_oil,GDP provincial current price,Statistical Center of Iran,persian,1393,"21,626.48",Billion Toman,IR-29,Hormozgan,,,,
gdp_pr_oil,GDP provincial current price,Statistical Center of Iran,persian,1393,"17,305.72",Billion Toman,IR-30,Hamadan,,,,
gdp_pr_oil,GDP provincial current price,Statistical Center of Iran,persian,1393,"22,227.92",Billion Toman,IR-31,Yazd,,,,
gdp_pr_oil,GDP provincial current price,Statistical Center of Iran,persian,1393,"29,538.69",Billion Toman,IR-X,Supranational (Iran),,,,
gdp_pr_oil,GDP provincial current price,Statistical Center of Iran,persian,1393,"1,302,379.25",Billion Toman,IR,Iran,,,,
gdp_pr_oil,GDP provincial current price,Statistical Center of Iran,persian,1394,"45,308.00",Billion Toman,IR-01,East Azerbaijan,,,,
gdp_pr_oil,GDP provincial current price,Statistical Center of Iran,persian,1394,"29,295.45",Billion Toman,IR-02,West Azerbaijan,,,,
gdp_pr_oil,GDP provincial current price,Statistical Center of Iran,persian,1394,"12,483.82",Billion Toman,IR-03,Ardabil,,,,
gdp_pr_oil,GDP provincial current price,Statistical Center of Iran,persian,1394,"74,831.61",Billion Toman,IR-04,Isfahan,,,,
gdp_pr_oil,GDP provincial current price,Statistical Center of Iran,persian,1394,"35,555.51",Billion Toman,IR-05,Alborz,,,,
gdp_pr_oil,GDP provincial current price,Statistical Center of Iran,persian,1394,"9,400.07",Billion Toman,IR-06,Ilam,,,,
gdp_pr_oil,GDP provincial current price,Statistical Center of Iran,persian,1394,"64,215.52",Billion Toman,IR-07,Bushehr,,,,
gdp_pr_oil,GDP provincial current price,Statistical Center of Iran,persian,1394,"339,236.63",Billion Toman,IR-08,Tehran,,,,
gdp_pr_oil,GDP provincial current price,Statistical Center of Iran,persian,1394,"8,505.62",Billion Toman,IR-09,Chaharmahal and Bakhtiari,,,,
gdp_pr_oil,GDP provincial current price,Statistical Center of Iran,persian,1394,"6,537.54",Billion Toman,IR-10,South Khorasan,,,,
gdp_pr_oil,GDP provincial current price,Statistical Center of Iran,persian,1394,"70,364.32",Billion Toman,IR-11,Razavi Khorasan,,,,
gdp_pr_oil,GDP provincial current price,Statistical Center of Iran,persian,1394,"7,310.79",Billion Toman,IR-12,North Khorasan,,,,
gdp_pr_oil,GDP provincial current price,Statistical Center of Iran,persian,1394,"142,787.23",Billion Toman,IR-13,Khuzestan,,,,
gdp_pr_oil,GDP provincial current price,Statistical Center of Iran,persian,1394,"14,240.24",Billion Toman,IR-14,Zanjan,,,,
gdp_pr_oil,GDP provincial current price,Statistical Center of Iran,persian,1394,"10,821.51",Billion Toman,IR-15,Semnan,,,,
gdp_pr_oil,GDP provincial current price,Statistical Center of Iran,persian,1394,"16,866.03",Billion Toman,IR-16,Sistan and Baluchestan,,,,
gdp_pr_oil,GDP provincial current price,Statistical Center of Iran,persian,1394,"62,186.62",Billion Toman,IR-17,Fars,,,,
gdp_pr_oil,GDP provincial current price,Statistical Center of Iran,persian,1394,"22,268.32",Billion Toman,IR-18,Qazvin,,,,
gdp_pr_oil,GDP provincial current price,Statistical Center of Iran,persian,1394,"11,723.76",Billion Toman,IR-19,Qom,,,,
gdp_pr_oil,GDP provincial current price,Statistical Center of Iran,persian,1394,"13,361.68",Billion Toman,IR-20,Kurdistan,,,,
gdp_pr_oil,GDP provincial current price,Statistical Center of Iran,persian,1394,"35,777.06",Billion Toman,IR-21,Kerman,,,,
gdp_pr_oil,GDP provincial current price,Statistical Center of Iran,persian,1394,"21,026.97",Billion Toman,IR-22,Kermanshah,,,,
gdp_pr_oil,GDP provincial current price,Statistical Center of Iran,persian,1394,"21,999.31",Billion Toman,IR-23,Kohgiluyeh and Boyer-Ahmad,,,,
gdp_pr_oil,GDP provincial current price,Statistical Center of Iran,persian,1394,"17,610.75",Billion Toman,IR-24,Golestan,,,,
gdp_pr_oil,GDP provincial current price,Statistical Center of Iran,persian,1394,"32,161.17",Billion Toman,IR-25,Gilan,,,,
gdp_pr_oil,GDP provincial current price,Statistical Center of Iran,persian,1394,"15,292.79",Billion Toman,IR-26,Lorestan,,,,
gdp_pr_oil,GDP provincial current price,Statistical Center of Iran,persian,1394,"50,928.70",Billion Toman,IR-27,Mazandaran,,,,
gdp_pr_oil,GDP provincial current price,Statistical Center of Iran,persian,1394,"24,203.49",Billion Toman,IR-28,Markazi,,,,
gdp_pr_oil,GDP provincial current price,Statistical Center of Iran,persian,1394,"25,063.17",Billion Toman,IR-29,Hormozgan,,,,
gdp_pr_oil,GDP provincial current price,Statistical Center of Iran,persian,1394,"18,523.94",Billion Toman,IR-30,Hamadan,,,,
gdp_pr_oil,GDP provincial current price,Statistical Center of Iran,persian,1394,"22,957.49",Billion Toman,IR-31,Yazd,,,,
gdp_pr_oil,GDP provincial current price,Statistical Center of Iran,persian,1394,"14,980.94",Billion Toman,IR-X,Supranational (Iran),,,,
gdp_pr_oil,GDP provincial current price,Statistical Center of Iran,persian,1394,"1,297,826.02",Billion Toman,IR,Iran,,,,
gdp_pr_oil,GDP provincial current price,Statistical Center of Iran,persian,1395,"52,630.57",Billion Toman,IR-01,East Azerbaijan,,,,
gdp_pr_oil,GDP provincial current price,Statistical Center of Iran,persian,1395,"33,191.15",Billion Toman,IR-02,West Azerbaijan,,,,
gdp_pr_oil,GDP provincial current price,Statistical Center of Iran,persian,1395,"13,658.98",Billion Toman,IR-03,Ardabil,,,,
gdp_pr_oil,GDP provincial current price,Statistical Center of Iran,persian,1395,"87,574.92",Billion Toman,IR-04,Isfahan,,,,
gdp_pr_oil,GDP provincial current price,Statistical Center of Iran,persian,1395,"39,948.16",Billion Toman,IR-05,Alborz,,,,
gdp_pr_oil,GDP provincial current price,Statistical Center of Iran,persian,1395,"14,549.32",Billion Toman,IR-06,Ilam,,,,
gdp_pr_oil,GDP provincial current price,Statistical Center of Iran,persian,1395,"89,619.09",Billion Toman,IR-07,Bushehr,,,,
gdp_pr_oil,GDP provincial current price,Statistical Center of Iran,persian,1395,"389,631.89",Billion Toman,IR-08,Tehran,,,,
gdp_pr_oil,GDP provincial current price,Statistical Center of Iran,persian,1395,"9,626.59",Billion Toman,IR-09,Chaharmahal and Bakhtiari,,,,
gdp_pr_oil,GDP provincial current price,Statistical Center of Iran,persian,1395,"7,287.07",Billion Toman,IR-10,South Khorasan,,,,
gdp_pr_oil,GDP provincial current price,Statistical Center of Iran,persian,1395,"75,857.39",Billion Toman,IR-11,Razavi Khorasan,,,,
gdp_pr_oil,GDP provincial current price,Statistical Center of Iran,persian,1395,"8,453.89",Billion Toman,IR-12,North Khorasan,,,,
gdp_pr_oil,GDP provincial current price,Statistical Center of Iran,persian,1395,"202,582.43",Billion Toman,IR-13,Khuzestan,,,,
gdp_pr_oil,GDP provincial current price,Statistical Center of Iran,persian,1395,"16,774.84",Billion Toman,IR-14,Zanjan,,,,
gdp_pr_oil,GDP provincial current price,Statistical Center of Iran,persian,1395,"13,855.11",Billion Toman,IR-15,Semnan,,,,
gdp_pr_oil,GDP provincial current price,Statistical Center of Iran,persian,1395,"19,567.90",Billion Toman,IR-16,Sistan and Baluchestan,,,,
gdp_pr_oil,GDP provincial current price,Statistical Center of Iran,persian,1395,"72,954.55",Billion Toman,IR-17,Fars,,,,
gdp_pr_oil,GDP provincial current price,Statistical Center of Iran,persian,1395,"25,029.95",Billion Toman,IR-18,Qazvin,,,,
gdp_pr_oil,GDP provincial current price,Statistical Center of Iran,persian,1395,"13,410.56",Billion Toman,IR-19,Qom,,,,
gdp_pr_oil,GDP provincial current price,Statistical Center of Iran,persian,1395,"15,693.59",Billion Toman,IR-20,Kurdistan,,,,
gdp_pr_oil,GDP provincial current price,Statistical Center of Iran,persian,1395,"42,899.91",Billion Toman,IR-21,Kerman,,,,
gdp_pr_oil,GDP provincial current price,Statistical Center of Iran,persian,1395,"23,631.21",Billion Toman,IR-22,Kermanshah,,,,
gdp_pr_oil,GDP provincial current price,Statistical Center of Iran,persian,1395,"30,456.63",Billion Toman,IR-23,Kohgiluyeh and Boyer-Ahmad,,,,
gdp_pr_oil,GDP provincial current price,Statistical Center of Iran,persian,1395,"20,456.91",Billion Toman,IR-24,Golestan,,,,
gdp_pr_oil,GDP provincial current price,Statistical Center of Iran,persian,1395,"37,323.42",Billion Toman,IR-25,Gilan,,,,
gdp_pr_oil,GDP provincial current price,Statistical Center of Iran,persian,1395,"17,465.48",Billion Toman,IR-26,Lorestan,,,,
gdp_pr_oil,GDP provincial current price,Statistical Center of Iran,persian,1395,"57,720.66",Billion Toman,IR-27,Mazandaran,,,,
gdp_pr_oil,GDP provincial current price,Statistical Center of Iran,persian,1395,"27,252.40",Billion Toman,IR-28,Markazi,,,,
gdp_pr_oil,GDP provincial current price,Statistical Center of Iran,persian,1395,"30,415.81",Billion Toman,IR-29,Hormozgan,,,,
gdp_pr_oil,GDP provincial current price,Statistical Center of Iran,persian,1395,"20,691.52",Billion Toman,IR-30,Hamadan,,,,
gdp_pr_oil,GDP provincial current price,Statistical Center of Iran,persian,1395,"25,737.50",Billion Toman,IR-31,Yazd,,,,
gdp_pr_oil,GDP provincial current price,Statistical Center of Iran,persian,1395,"19,036.51",Billion Toman,IR-X,Supranational (Iran),,,,
gdp_pr_oil,GDP provincial current price,Statistical Center of Iran,persian,1395,"1,554,985.88",Billion Toman,IR,Iran,,,,
gdp_pr_oil,GDP provincial current price,Statistical Center of Iran,persian,1396,"61,823.74",Billion Toman,IR-01,East Azerbaijan,,,,
gdp_pr_oil,GDP provincial current price,Statistical Center of Iran,persian,1396,"37,205.57",Billion Toman,IR-02,West Azerbaijan,,,,
gdp_pr_oil,GDP provincial current price,Statistical Center of Iran,persian,1396,"15,816.09",Billion Toman,IR-03,Ardabil,,,,
gdp_pr_oil,GDP provincial current price,Statistical Center of Iran,persian,1396,"104,568.73",Billion Toman,IR-04,Isfahan,,,,
gdp_pr_oil,GDP provincial current price,Statistical Center of Iran,persian,1396,"46,674.06",Billion Toman,IR-05,Alborz,,,,
gdp_pr_oil,GDP provincial current price,Statistical Center of Iran,persian,1396,"20,469.47",Billion Toman,IR-06,Ilam,,,,
gdp_pr_oil,GDP provincial current price,Statistical Center of Iran,persian,1396,"93,818.11",Billion Toman,IR-07,Bushehr,,,,
gdp_pr_oil,GDP provincial current price,Statistical Center of Iran,persian,1396,"455,954.55",Billion Toman,IR-08,Tehran,,,,
gdp_pr_oil,GDP provincial current price,Statistical Center of Iran,persian,1396,"11,495.77",Billion Toman,IR-09,Chaharmahal and Bakhtiari,,,,
gdp_pr_oil,GDP provincial current price,Statistical Center of Iran,persian,1396,"8,550.90",Billion Toman,IR-10,South Khorasan,,,,
gdp_pr_oil,GDP provincial current price,Statistical Center of Iran,persian,1396,"88,065.10",Billion Toman,IR-11,Razavi Khorasan,,,,
gdp_pr_oil,GDP provincial current price,Statistical Center of Iran,persian,1396,"9,792.71",Billion Toman,IR-12,North Khorasan,,,,
gdp_pr_oil,GDP provincial current price,Statistical Center of Iran,persian,1396,"278,676.20",Billion Toman,IR-13,Khuzestan,,,,
gdp_pr_oil,GDP provincial current price,Statistical Center of Iran,persian,1396,"20,303.56",Billion Toman,IR-14,Zanjan,,,,
gdp_pr_oil,GDP provincial current price,Statistical Center of Iran,persian,1396,"15,271.36",Billion Toman,IR-15,Semnan,,,,
gdp_pr_oil,GDP provincial current price,Statistical Center of Iran,persian,1396,"23,261.86",Billion Toman,IR-16,Sistan and Baluchestan,,,,
gdp_pr_oil,GDP provincial current price,Statistical Center of Iran,persian,1396,"83,309.20",Billion Toman,IR-17,Fars,,,,
gdp_pr_oil,GDP provincial current price,Statistical Center of Iran,persian,1396,"27,281.88",Billion Toman,IR-18,Qazvin,,,,
gdp_pr_oil,GDP provincial current price,Statistical Center of Iran,persian,1396,"15,378.20",Billion Toman,IR-19,Qom,,,,
gdp_pr_oil,GDP provincial current price,Statistical Center of Iran,persian,1396,"17,594.10",Billion Toman,IR-20,Kurdistan,,,,
gdp_pr_oil,GDP provincial current price,Statistical Center of Iran,persian,1396,"53,572.72",Billion Toman,IR-21,Kerman,,,,
gdp_pr_oil,GDP provincial current price,Statistical Center of Iran,persian,1396,"27,421.71",Billion Toman,IR-22,Kermanshah,,,,
gdp_pr_oil,GDP provincial current price,Statistical Center of Iran,persian,1396,"40,506.25",Billion Toman,IR-23,Kohgiluyeh and Boyer-Ahmad,,,,
gdp_pr_oil,GDP provincial current price,Statistical Center of Iran,persian,1396,"23,050.50",Billion Toman,IR-24,Golestan,,,,
gdp_pr_oil,GDP provincial current price,Statistical Center of Iran,persian,1396,"44,291.15",Billion Toman,IR-25,Gilan,,,,
gdp_pr_oil,GDP provincial current price,Statistical Center of Iran,persian,1396,"20,345.80",Billion Toman,IR-26,Lorestan,,,,
gdp_pr_oil,GDP provincial current price,Statistical Center of Iran,persian,1396,"67,311.29",Billion Toman,IR-27,Mazandaran,,,,
gdp_pr_oil,GDP provincial current price,Statistical Center of Iran,persian,1396,"32,827.03",Billion Toman,IR-28,Markazi,,,,
gdp_pr_oil,GDP provincial current price,Statistical Center of Iran,persian,1396,"39,281.25",Billion Toman,IR-29,Hormozgan,,,,
gdp_pr_oil,GDP provincial current price,Statistical Center of Iran,persian,1396,"24,287.88",Billion Toman,IR-30,Hamadan,,,,
gdp_pr_oil,GDP provincial current price,Statistical Center of Iran,persian,1396,"30,327.21",Billion Toman,IR-31,Yazd,,,,
gdp_pr_oil,GDP provincial current price,Statistical Center of Iran,persian,1396,"31,752.94",Billion Toman,IR-X,Supranational (Iran),,,,
gdp_pr_oil,GDP provincial current price,Statistical Center of Iran,persian,1396,"1,870,286.88",Billion Toman,IR,Iran,,,,
gdp_pr_oil,GDP provincial current price,Statistical Center of Iran,persian,1397,"85,991.84",Billion Toman,IR-01,East Azerbaijan,,,,
gdp_pr_oil,GDP provincial current price,Statistical Center of Iran,persian,1397,"50,164.55",Billion Toman,IR-02,West Azerbaijan,,,,
gdp_pr_oil,GDP provincial current price,Statistical Center of Iran,persian,1397,"20,353.10",Billion Toman,IR-03,Ardabil,,,,
gdp_pr_oil,GDP provincial current price,Statistical Center of Iran,persian,1397,"136,669.02",Billion Toman,IR-04,Isfahan,,,,
gdp_pr_oil,GDP provincial current price,Statistical Center of Iran,persian,1397,"59,677.81",Billion Toman,IR-05,Alborz,,,,
gdp_pr_oil,GDP provincial current price,Statistical Center of Iran,persian,1397,"34,306.08",Billion Toman,IR-06,Ilam,,,,
gdp_pr_oil,GDP provincial current price,Statistical Center of Iran,persian,1397,"162,368.63",Billion Toman,IR-07,Bushehr,,,,
gdp_pr_oil,GDP provincial current price,Statistical Center of Iran,persian,1397,"570,093.44",Billion Toman,IR-08,Tehran,,,,
gdp_pr_oil,GDP provincial current price,Statistical Center of Iran,persian,1397,"15,186.87",Billion Toman,IR-09,Chaharmahal and Bakhtiari,,,,
gdp_pr_oil,GDP provincial current price,Statistical Center of Iran,persian,1397,"10,260.08",Billion Toman,IR-10,South Khorasan,,,,
gdp_pr_oil,GDP provincial current price,Statistical Center of Iran,persian,1397,"115,822.77",Billion Toman,IR-11,Razavi Khorasan,,,,
gdp_pr_oil,GDP provincial current price,Statistical Center of Iran,persian,1397,"13,720.02",Billion Toman,IR-12,North Khorasan,,,,
gdp_pr_oil,GDP provincial current price,Statistical Center of Iran,persian,1397,"468,693.09",Billion Toman,IR-13,Khuzestan,,,,
gdp_pr_oil,GDP provincial current price,Statistical Center of Iran,persian,1397,"25,530.07",Billion Toman,IR-14,Zanjan,,,,
gdp_pr_oil,GDP provincial current price,Statistical Center of Iran,persian,1397,"19,391.48",Billion Toman,IR-15,Semnan,,,,
gdp_pr_oil,GDP provincial current price,Statistical Center of Iran,persian,1397,"29,347.32",Billion Toman,IR-16,Sistan and Baluchestan,,,,
gdp_pr_oil,GDP provincial current price,Statistical Center of Iran,persian,1397,"111,421.07",Billion Toman,IR-17,Fars,,,,
gdp_pr_oil,GDP provincial current price,Statistical Center of Iran,persian,1397,"34,644.10",Billion Toman,IR-18,Qazvin,,,,
gdp_pr_oil,GDP provincial current price,Statistical Center of Iran,persian,1397,"19,077.26",Billion Toman,IR-19,Qom,,,,
gdp_pr_oil,GDP provincial current price,Statistical Center of Iran,persian,1397,"22,281.27",Billion Toman,IR-20,Kurdistan,,,,
gdp_pr_oil,GDP provincial current price,Statistical Center of Iran,persian,1397,"64,671.18",Billion Toman,IR-21,Kerman,,,,
gdp_pr_oil,GDP provincial current price,Statistical Center of Iran,persian,1397,"43,251.68",Billion Toman,IR-22,Kermanshah,,,,
gdp_pr_oil,GDP provincial current price,Statistical Center of Iran,persian,1397,"58,932.30",Billion Toman,IR-23,Kohgiluyeh and Boyer-Ahmad,,,,
gdp_pr_oil,GDP provincial current price,Statistical Center of Iran,persian,1397,"29,725.08",Billion Toman,IR-24,Golestan,,,,
gdp_pr_oil,GDP provincial current price,Statistical Center of Iran,persian,1397,"55,205.45",Billion Toman,IR-25,Gilan,,,,
gdp_pr_oil,GDP provincial current price,Statistical Center of Iran,persian,1397,"25,653.90",Billion Toman,IR-26,Lorestan,,,,
gdp_pr_oil,GDP provincial current price,Statistical Center of Iran,persian,1397,"84,255.03",Billion Toman,IR-27,Mazandaran,,,,
gdp_pr_oil,GDP provincial current price,Statistical Center of Iran,persian,1397,"47,955.62",Billion Toman,IR-28,Markazi,,,,
gdp_pr_oil,GDP provincial current price,Statistical Center of Iran,persian,1397,"53,000.54",Billion Toman,IR-29,Hormozgan,,,,
gdp_pr_oil,GDP provincial current price,Statistical Center of Iran,persian,1397,"34,733.14",Billion Toman,IR-30,Hamadan,,,,
gdp_pr_oil,GDP provincial current price,Statistical Center of Iran,persian,1397,"44,196.08",Billion Toman,IR-31,Yazd,,,,
gdp_pr_oil,GDP provincial current price,Statistical Center of Iran,persian,1397,"52,953.00",Billion Toman,IR-X,Supranational (Iran),,,,
gdp_pr_oil,GDP provincial current price,Statistical Center of Iran,persian,1397,"2,599,532.85",Billion Toman,IR,Iran,,,,
gdp_pr_oil,GDP provincial current price,Statistical Center of Iran,persian,1398,"114,406.69",Billion Toman,IR-01,East Azerbaijan,,,,
gdp_pr_oil,GDP provincial current price,Statistical Center of Iran,persian,1398,"64,632.20",Billion Toman,IR-02,West Azerbaijan,,,,
gdp_pr_oil,GDP provincial current price,Statistical Center of Iran,persian,1398,"31,425.63",Billion Toman,IR-03,Ardabil,,,,
gdp_pr_oil,GDP provincial current price,Statistical Center of Iran,persian,1398,"181,940.71",Billion Toman,IR-04,Isfahan,,,,
gdp_pr_oil,GDP provincial current price,Statistical Center of Iran,persian,1398,"86,257.21",Billion Toman,IR-05,Alborz,,,,
gdp_pr_oil,GDP provincial current price,Statistical Center of Iran,persian,1398,"36,235.39",Billion Toman,IR-06,Ilam,,,,
gdp_pr_oil,GDP provincial current price,Statistical Center of Iran,persian,1398,"232,596.48",Billion Toman,IR-07,Bushehr,,,,
gdp_pr_oil,GDP provincial current price,Statistical Center of Iran,persian,1398,"775,920.02",Billion Toman,IR-08,Tehran,,,,
gdp_pr_oil,GDP provincial current price,Statistical Center of Iran,persian,1398,"21,009.97",Billion Toman,IR-09,Chaharmahal and Bakhtiari,,,,
gdp_pr_oil,GDP provincial current price,Statistical Center of Iran,persian,1398,"15,820.18",Billion Toman,IR-10,South Khorasan,,,,
gdp_pr_oil,GDP provincial current price,Statistical Center of Iran,persian,1398,"155,947.53",Billion Toman,IR-11,Razavi Khorasan,,,,
gdp_pr_oil,GDP provincial current price,Statistical Center of Iran,persian,1398,"19,406.90",Billion Toman,IR-12,North Khorasan,,,,
gdp_pr_oil,GDP provincial current price,Statistical Center of Iran,persian,1398,"572,894.23",Billion Toman,IR-13,Khuzestan,,,,
gdp_pr_oil,GDP provincial current price,Statistical Center of Iran,persian,1398,"35,512.53",Billion Toman,IR-14,Zanjan,,,,
gdp_pr_oil,GDP provincial current price,Statistical Center of Iran,persian,1398,"33,537.00",Billion Toman,IR-15,Semnan,,,,
gdp_pr_oil,GDP provincial current price,Statistical Center of Iran,persian,1398,"35,961.95",Billion Toman,IR-16,Sistan and Baluchestan,,,,
gdp_pr_oil,GDP provincial current price,Statistical Center of Iran,persian,1398,"140,399.39",Billion Toman,IR-17,Fars,,,,
gdp_pr_oil,GDP provincial current price,Statistical Center of Iran,persian,1398,"48,636.45",Billion Toman,IR-18,Qazvin,,,,
gdp_pr_oil,GDP provincial current price,Statistical Center of Iran,persian,1398,"28,804.53",Billion Toman,IR-19,Qom,,,,
gdp_pr_oil,GDP provincial current price,Statistical Center of Iran,persian,1398,"30,309.19",Billion Toman,IR-20,Kurdistan,,,,
gdp_pr_oil,GDP provincial current price,Statistical Center of Iran,persian,1398,"108,012.91",Billion Toman,IR-21,Kerman,,,,
gdp_pr_oil,GDP provincial current price,Statistical Center of Iran,persian,1398,"52,340.69",Billion Toman,IR-22,Kermanshah,,,,
gdp_pr_oil,GDP provincial current price,Statistical Center of Iran,persian,1398,"43,451.53",Billion Toman,IR-23,Kohgiluyeh and Boyer-Ahmad,,,,
gdp_pr_oil,GDP provincial current price,Statistical Center of Iran,persian,1398,"43,626.25",Billion Toman,IR-24,Golestan,,,,
gdp_pr_oil,GDP provincial current price,Statistical Center of Iran,persian,1398,"75,793.25",Billion Toman,IR-25,Gilan,,,,
gdp_pr_oil,GDP provincial current price,Statistical Center of Iran,persian,1398,"34,870.36",Billion Toman,IR-26,Lorestan,,,,
gdp_pr_oil,GDP provincial current price,Statistical Center of Iran,persian,1398,"113,994.70",Billion Toman,IR-27,Mazandaran,,,,
gdp_pr_oil,GDP provincial current price,Statistical Center of Iran,persian,1398,"61,941.69",Billion Toman,IR-28,Markazi,,,,
gdp_pr_oil,GDP provincial current price,Statistical Center of Iran,persian,1398,"77,419.26",Billion Toman,IR-29,Hormozgan,,,,
gdp_pr_oil,GDP provincial current price,Statistical Center of Iran,persian,1398,"44,702.13",Billion Toman,IR-30,Hamadan,,,,
gdp_pr_oil,GDP provincial current price,Statistical Center of Iran,persian,1398,"65,104.38",Billion Toman,IR-31,Yazd,,,,
gdp_pr_oil,GDP provincial current price,Statistical Center of Iran,persian,1398,"63,578.29",Billion Toman,IR-X,Supranational (Iran),,,,
gdp_pr_oil,GDP provincial current price,Statistical Center of Iran,persian,1398,"3,446,489.62",Billion Toman,IR,Iran,,,,
gdp_pr_oil,GDP provincial current price,Statistical Center of Iran,persian,1399,"188,876.61",Billion Toman,IR-01,East Azerbaijan,,,,
gdp_pr_oil,GDP provincial current price,Statistical Center of Iran,persian,1399,"100,408.07",Billion Toman,IR-02,West Azerbaijan,,,,
gdp_pr_oil,GDP provincial current price,Statistical Center of Iran,persian,1399,"47,300.05",Billion Toman,IR-03,Ardabil,,,,
gdp_pr_oil,GDP provincial current price,Statistical Center of Iran,persian,1399,"304,817.10",Billion Toman,IR-04,Isfahan,,,,
gdp_pr_oil,GDP provincial current price,Statistical Center of Iran,persian,1399,"120,086.41",Billion Toman,IR-05,Alborz,,,,
gdp_pr_oil,GDP provincial current price,Statistical Center of Iran,persian,1399,"52,604.19",Billion Toman,IR-06,Ilam,,,,
gdp_pr_oil,GDP provincial current price,Statistical Center of Iran,persian,1399,"319,162.10",Billion Toman,IR-07,Bushehr,,,,
gdp_pr_oil,GDP provincial current price,Statistical Center of Iran,persian,1399,"1,184,494.91",Billion Toman,IR-08,Tehran,,,,
gdp_pr_oil,GDP provincial current price,Statistical Center of Iran,persian,1399,"32,196.84",Billion Toman,IR-09,Chaharmahal and Bakhtiari,,,,
gdp_pr_oil,GDP provincial current price,Statistical Center of Iran,persian,1399,"23,789.39",Billion Toman,IR-10,South Khorasan,,,,
gdp_pr_oil,GDP provincial current price,Statistical Center of Iran,persian,1399,"236,185.23",Billion Toman,IR-11,Razavi Khorasan,,,,
gdp_pr_oil,GDP provincial current price,Statistical Center of Iran,persian,1399,"26,819.94",Billion Toman,IR-12,North Khorasan,,,,
gdp_pr_oil,GDP provincial current price,Statistical Center of Iran,persian,1399,"760,147.42",Billion Toman,IR-13,Khuzestan,,,,
gdp_pr_oil,GDP provincial current price,Statistical Center of Iran,persian,1399,"62,510.98",Billion Toman,IR-14,Zanjan,,,,
gdp_pr_oil,GDP provincial current price,Statistical Center of Iran,persian,1399,"51,818.04",Billion Toman,IR-15,Semnan,,,,
gdp_pr_oil,GDP provincial current price,Statistical Center of Iran,persian,1399,"53,633.30",Billion Toman,IR-16,Sistan and Baluchestan,,,,
gdp_pr_oil,GDP provincial current price,Statistical Center of Iran,persian,1399,"211,553.02",Billion Toman,IR-17,Fars,,,,
gdp_pr_oil,GDP provincial current price,Statistical Center of Iran,persian,1399,"75,516.31",Billion Toman,IR-18,Qazvin,,,,
gdp_pr_oil,GDP provincial current price,Statistical Center of Iran,persian,1399,"45,019.02",Billion Toman,IR-19,Qom,,,,
gdp_pr_oil,GDP provincial current price,Statistical Center of Iran,persian,1399,"45,006.27",Billion Toman,IR-20,Kurdistan,,,,
gdp_pr_oil,GDP provincial current price,Statistical Center of Iran,persian,1399,"183,095.78",Billion Toman,IR-21,Kerman,,,,
gdp_pr_oil,GDP provincial current price,Statistical Center of Iran,persian,1399,"78,999.02",Billion Toman,IR-22,Kermanshah,,,,
gdp_pr_oil,GDP provincial current price,Statistical Center of Iran,persian,1399,"63,675.88",Billion Toman,IR-23,Kohgiluyeh and Boyer-Ahmad,,,,
gdp_pr_oil,GDP provincial current price,Statistical Center of Iran,persian,1399,"62,213.56",Billion Toman,IR-24,Golestan,,,,
gdp_pr_oil,GDP provincial current price,Statistical Center of Iran,persian,1399,"112,046.60",Billion Toman,IR-25,Gilan,,,,
gdp_pr_oil,GDP provincial current price,Statistical Center of Iran,persian,1399,"50,578.17",Billion Toman,IR-26,Lorestan,,,,
gdp_pr_oil,GDP provincial current price,Statistical Center of Iran,persian,1399,"174,152.28",Billion Toman,IR-27,Mazandaran,,,,
gdp_pr_oil,GDP provincial current price,Statistical Center of Iran,persian,1399,"108,114.69",Billion Toman,IR-28,Markazi,,,,
gdp_pr_oil,GDP provincial current price,Statistical Center of Iran,persian,1399,"134,233.33",Billion Toman,IR-29,Hormozgan,,,,
gdp_pr_oil,GDP provincial current price,Statistical Center of Iran,persian,1399,"67,128.43",Billion Toman,IR-30,Hamadan,,,,
gdp_pr_oil,GDP provincial current price,Statistical Center of Iran,persian,1399,"120,722.34",Billion Toman,IR-31,Yazd,,,,
gdp_pr_oil,GDP provincial current price,Statistical Center of Iran,persian,1399,"83,680.14",Billion Toman,IR-X,Supranational (Iran),,,,
gdp_pr_oil,GDP provincial current price,Statistical Center of Iran,persian,1399,"5,180,585.42",Billion Toman,IR,Iran,,,,
gdp_pr_oil,GDP provincial current price,Statistical Center of Iran,persian,1400,"293,550.55",Billion Toman,IR-01,East Azerbaijan,,,,
gdp_pr_oil,GDP provincial current price,Statistical Center of Iran,persian,1400,"149,418.63",Billion Toman,IR-02,West Azerbaijan,,,,
gdp_pr_oil,GDP provincial current price,Statistical Center of Iran,persian,1400,"65,166.21",Billion Toman,IR-03,Ardabil,,,,
gdp_pr_oil,GDP provincial current price,Statistical Center of Iran,persian,1400,"478,071.38",Billion Toman,IR-04,Isfahan,,,,
gdp_pr_oil,GDP provincial current price,Statistical Center of Iran,persian,1400,"184,198.85",Billion Toman,IR-05,Alborz,,,,
gdp_pr_oil,GDP provincial current price,Statistical Center of Iran,persian,1400,"104,898.82",Billion Toman,IR-06,Ilam,,,,
gdp_pr_oil,GDP provincial current price,Statistical Center of Iran,persian,1400,"679,407.09",Billion Toman,IR-07,Bushehr,,,,
gdp_pr_oil,GDP provincial current price,Statistical Center of Iran,persian,1400,"1,760,771.47",Billion Toman,IR-08,Tehran,,,,
gdp_pr_oil,GDP provincial current price,Statistical Center of Iran,persian,1400,"47,867.35",Billion Toman,IR-09,Chaharmahal and Bakhtiari,,,,
gdp_pr_oil,GDP provincial current price,Statistical Center of Iran,persian,1400,"38,491.65",Billion Toman,IR-10,South Khorasan,,,,
gdp_pr_oil,GDP provincial current price,Statistical Center of Iran,persian,1400,"350,596.11",Billion Toman,IR-11,Razavi Khorasan,,,,
gdp_pr_oil,GDP provincial current price,Statistical Center of Iran,persian,1400,"48,994.80",Billion Toman,IR-12,North Khorasan,,,,
gdp_pr_oil,GDP provincial current price,Statistical Center of Iran,persian,1400,"1,448,353.47",Billion Toman,IR-13,Khuzestan,,,,
gdp_pr_oil,GDP provincial current price,Statistical Center of Iran,persian,1400,"99,768.46",Billion Toman,IR-14,Zanjan,,,,
gdp_pr_oil,GDP provincial current price,Statistical Center of Iran,persian,1400,"91,477.71",Billion Toman,IR-15,Semnan,,,,
gdp_pr_oil,GDP provincial current price,Statistical Center of Iran,persian,1400,"79,371.30",Billion Toman,IR-16,Sistan and Baluchestan,,,,
gdp_pr_oil,GDP provincial current price,Statistical Center of Iran,persian,1400,"342,102.73",Billion Toman,IR-17,Fars,,,,
gdp_pr_oil,GDP provincial current price,Statistical Center of Iran,persian,1400,"108,211.47",Billion Toman,IR-18,Qazvin,,,,
gdp_pr_oil,GDP provincial current price,Statistical Center of Iran,persian,1400,"72,219.22",Billion Toman,IR-19,Qom,,,,
gdp_pr_oil,GDP provincial current price,Statistical Center of Iran,persian,1400,"72,143.73",Billion Toman,IR-20,Kurdistan,,,,
gdp_pr_oil,GDP provincial current price,Statistical Center of Iran,persian,1400,"288,553.39",Billion Toman,IR-21,Kerman,,,,
gdp_pr_oil,GDP provincial current price,Statistical Center of Iran,persian,1400,"115,634.01",Billion Toman,IR-22,Kermanshah,,,,
gdp_pr_oil,GDP provincial current price,Statistical Center of Iran,persian,1400,"156,607.19",Billion Toman,IR-23,Kohgiluyeh and Boyer-Ahmad,,,,
gdp_pr_oil,GDP provincial current price,Statistical Center of Iran,persian,1400,"95,337.23",Billion Toman,IR-24,Golestan,,,,
gdp_pr_oil,GDP provincial current price,Statistical Center of Iran,persian,1400,"155,731.77",Billion Toman,IR-25,Gilan,,,,
gdp_pr_oil,GDP provincial current price,Statistical Center of Iran,persian,1400,"73,848.71",Billion Toman,IR-26,Lorestan,,,,
gdp_pr_oil,GDP provincial current price,Statistical Center of Iran,persian,1400,"263,901.59",Billion Toman,IR-27,Mazandaran,,,,
gdp_pr_oil,GDP provincial current price,Statistical Center of Iran,persian,1400,"175,112.61",Billion Toman,IR-28,Markazi,,,,
gdp_pr_oil,GDP provincial current price,Statistical Center of Iran,persian,1400,"217,186.24",Billion Toman,IR-29,Hormozgan,,,,
gdp_pr_oil,GDP provincial current price,Statistical Center of Iran,persian,1400,"102,724.84",Billion Toman,IR-30,Hamadan,,,,
gdp_pr_oil,GDP provincial current price,Statistical Center of Iran,persian,1400,"217,364.74",Billion Toman,IR-31,Yazd,,,,
gdp_pr_oil,GDP provincial current price,Statistical Center of Iran,persian,1400,"156,844.11",Billion Toman,IR-X,Supranational (Iran),,,,
gdp_pr_oil,GDP provincial current price,Statistical Center of Iran,persian,1400,"8,533,927.45",Billion Toman,IR,Iran,,,,
gdp_pr_no_oil,GDP provincial current price (without oil),Statistical Center of Iran,persian,1390,"19,766.16",Billion Toman,IR-01,East Azerbaijan,,,,
gdp_pr_no_oil,GDP provincial current price (without oil),Statistical Center of Iran,persian,1390,"12,413.28",Billion Toman,IR-02,West Azerbaijan,,,,
gdp_pr_no_oil,GDP provincial current price (without oil),Statistical Center of Iran,persian,1390,"4,914.41",Billion Toman,IR-03,Ardabil,,,,
gdp_pr_no_oil,GDP provincial current price (without oil),Statistical Center of Iran,persian,1390,"33,837.48",Billion Toman,IR-04,Isfahan,,,,
gdp_pr_no_oil,GDP provincial current price (without oil),Statistical Center of Iran,persian,1390,"14,981.67",Billion Toman,IR-05,Alborz,,,,
gdp_pr_no_oil,GDP provincial current price (without oil),Statistical Center of Iran,persian,1390,"2,040.69",Billion Toman,IR-06,Ilam,,,,
gdp_pr_no_oil,GDP provincial current price (without oil),Statistical Center of Iran,persian,1390,"16,713.46",Billion Toman,IR-07,Bushehr,,,,
gdp_pr_no_oil,GDP provincial current price (without oil),Statistical Center of Iran,persian,1390,"162,437.47",Billion Toman,IR-08,Tehran,,,,
gdp_pr_no_oil,GDP provincial current price (without oil),Statistical Center of Iran,persian,1390,"3,903.37",Billion Toman,IR-09,Chaharmahal and Bakhtiari,,,,
gdp_pr_no_oil,GDP provincial current price (without oil),Statistical Center of Iran,persian,1390,"2,467.93",Billion Toman,IR-10,South Khorasan,,,,
gdp_pr_no_oil,GDP provincial current price (without oil),Statistical Center of Iran,persian,1390,"30,758.57",Billion Toman,IR-11,Razavi Khorasan,,,,
gdp_pr_no_oil,GDP provincial current price (without oil),Statistical Center of Iran,persian,1390,"3,126.64",Billion Toman,IR-12,North Khorasan,,,,
gdp_pr_no_oil,GDP provincial current price (without oil),Statistical Center of Iran,persian,1390,"26,281.13",Billion Toman,IR-13,Khuzestan,,,,
gdp_pr_no_oil,GDP provincial current price (without oil),Statistical Center of Iran,persian,1390,"5,516.05",Billion Toman,IR-14,Zanjan,,,,
gdp_pr_no_oil,GDP provincial current price (without oil),Statistical Center of Iran,persian,1390,"4,847.77",Billion Toman,IR-15,Semnan,,,,
gdp_pr_no_oil,GDP provincial current price (without oil),Statistical Center of Iran,persian,1390,"6,311.82",Billion Toman,IR-16,Sistan and Baluchestan,,,,
gdp_pr_no_oil,GDP provincial current price (without oil),Statistical Center of Iran,persian,1390,"25,461.87",Billion Toman,IR-17,Fars,,,,
gdp_pr_no_oil,GDP provincial current price (without oil),Statistical Center of Iran,persian,1390,"8,828.41",Billion Toman,IR-18,Qazvin,,,,
gdp_pr_no_oil,GDP provincial current price (without oil),Statistical Center of Iran,persian,1390,"5,123.46",Billion Toman,IR-19,Qom,,,,
gdp_pr_no_oil,GDP provincial current price (without oil),Statistical Center of Iran,persian,1390,"5,629.95",Billion Toman,IR-20,Kurdistan,,,,
gdp_pr_no_oil,GDP provincial current price (without oil),Statistical Center of Iran,persian,1390,"14,830.90",Billion Toman,IR-21,Kerman,,,,
gdp_pr_no_oil,GDP provincial current price (without oil),Statistical Center of Iran,persian,1390,"9,615.12",Billion Toman,IR-22,Kermanshah,,,,
gdp_pr_no_oil,GDP provincial current price (without oil),Statistical Center of Iran,persian,1390,"3,162.86",Billion Toman,IR-23,Kohgiluyeh and Boyer-Ahmad,,,,
gdp_pr_no_oil,GDP provincial current price (without oil),Statistical Center of Iran,persian,1390,"6,934.87",Billion Toman,IR-24,Golestan,,,,
gdp_pr_no_oil,GDP provincial current price (without oil),Statistical Center of Iran,persian,1390,"13,552.52",Billion Toman,IR-25,Gilan,,,,
gdp_pr_no_oil,GDP provincial current price (without oil),Statistical Center of Iran,persian,1390,"6,627.76",Billion Toman,IR-26,Lorestan,,,,
gdp_pr_no_oil,GDP provincial current price (without oil),Statistical Center of Iran,persian,1390,"22,122.38",Billion Toman,IR-27,Mazandaran,,,,
gdp_pr_no_oil,GDP provincial current price (without oil),Statistical Center of Iran,persian,1390,"9,334.94",Billion Toman,IR-28,Markazi,,,,
gdp_pr_no_oil,GDP provincial current price (without oil),Statistical Center of Iran,persian,1390,"9,316.05",Billion Toman,IR-29,Hormozgan,,,,
gdp_pr_no_oil,GDP provincial current price (without oil),Statistical Center of Iran,persian,1390,"8,110.84",Billion Toman,IR-30,Hamadan,,,,
gdp_pr_no_oil,GDP provincial current price (without oil),Statistical Center of Iran,persian,1390,"10,120.69",Billion Toman,IR-31,Yazd,,,,
gdp_pr_no_oil,GDP provincial current price (without oil),Statistical Center of Iran,persian,1390,198.30,Billion Toman,IR-X,Supranational (Iran),,,,
gdp_pr_no_oil,GDP provincial current price (without oil),Statistical Center of Iran,persian,1390,"509,288.82",Billion Toman,IR,Iran,,,,
gdp_pr_no_oil,GDP provincial current price (without oil),Statistical Center of Iran,persian,1391,"26,704.26",Billion Toman,IR-01,East Azerbaijan,,,,
gdp_pr_no_oil,GDP provincial current price (without oil),Statistical Center of Iran,persian,1391,"16,739.77",Billion Toman,IR-02,West Azerbaijan,,,,
gdp_pr_no_oil,GDP provincial current price (without oil),Statistical Center of Iran,persian,1391,"6,663.66",Billion Toman,IR-03,Ardabil,,,,
gdp_pr_no_oil,GDP provincial current price (without oil),Statistical Center of Iran,persian,1391,"41,868.66",Billion Toman,IR-04,Isfahan,,,,
gdp_pr_no_oil,GDP provincial current price (without oil),Statistical Center of Iran,persian,1391,"20,507.59",Billion Toman,IR-05,Alborz,,,,
gdp_pr_no_oil,GDP provincial current price (without oil),Statistical Center of Iran,persian,1391,"2,773.84",Billion Toman,IR-06,Ilam,,,,
gdp_pr_no_oil,GDP provincial current price (without oil),Statistical Center of Iran,persian,1391,"25,517.38",Billion Toman,IR-07,Bushehr,,,,
gdp_pr_no_oil,GDP provincial current price (without oil),Statistical Center of Iran,persian,1391,"204,134.36",Billion Toman,IR-08,Tehran,,,,
gdp_pr_no_oil,GDP provincial current price (without oil),Statistical Center of Iran,persian,1391,"5,119.15",Billion Toman,IR-09,Chaharmahal and Bakhtiari,,,,
gdp_pr_no_oil,GDP provincial current price (without oil),Statistical Center of Iran,persian,1391,"3,417.79",Billion Toman,IR-10,South Khorasan,,,,
gdp_pr_no_oil,GDP provincial current price (without oil),Statistical Center of Iran,persian,1391,"39,658.42",Billion Toman,IR-11,Razavi Khorasan,,,,
gdp_pr_no_oil,GDP provincial current price (without oil),Statistical Center of Iran,persian,1391,"4,262.55",Billion Toman,IR-12,North Khorasan,,,,
gdp_pr_no_oil,GDP provincial current price (without oil),Statistical Center of Iran,persian,1391,"41,890.26",Billion Toman,IR-13,Khuzestan,,,,
gdp_pr_no_oil,GDP provincial current price (without oil),Statistical Center of Iran,persian,1391,"7,694.64",Billion Toman,IR-14,Zanjan,,,,
gdp_pr_no_oil,GDP provincial current price (without oil),Statistical Center of Iran,persian,1391,"6,340.49",Billion Toman,IR-15,Semnan,,,,
gdp_pr_no_oil,GDP provincial current price (without oil),Statistical Center of Iran,persian,1391,"9,415.96",Billion Toman,IR-16,Sistan and Baluchestan,,,,
gdp_pr_no_oil,GDP provincial current price (without oil),Statistical Center of Iran,persian,1391,"34,174.57",Billion Toman,IR-17,Fars,,,,
gdp_pr_no_oil,GDP provincial current price (without oil),Statistical Center of Iran,persian,1391,"11,748.78",Billion Toman,IR-18,Qazvin,,,,
gdp_pr_no_oil,GDP provincial current price (without oil),Statistical Center of Iran,persian,1391,"6,785.26",Billion Toman,IR-19,Qom,,,,
gdp_pr_no_oil,GDP provincial current price (without oil),Statistical Center of Iran,persian,1391,"7,605.88",Billion Toman,IR-20,Kurdistan,,,,
gdp_pr_no_oil,GDP provincial current price (without oil),Statistical Center of Iran,persian,1391,"23,708.84",Billion Toman,IR-21,Kerman,,,,
gdp_pr_no_oil,GDP provincial current price (without oil),Statistical Center of Iran,persian,1391,"12,131.71",Billion Toman,IR-22,Kermanshah,,,,
gdp_pr_no_oil,GDP provincial current price (without oil),Statistical Center of Iran,persian,1391,"4,493.71",Billion Toman,IR-23,Kohgiluyeh and Boyer-Ahmad,,,,
gdp_pr_no_oil,GDP provincial current price (without oil),Statistical Center of Iran,persian,1391,"9,475.75",Billion Toman,IR-24,Golestan,,,,
gdp_pr_no_oil,GDP provincial current price (without oil),Statistical Center of Iran,persian,1391,"18,303.70",Billion Toman,IR-25,Gilan,,,,
gdp_pr_no_oil,GDP provincial current price (without oil),Statistical Center of Iran,persian,1391,"9,016.00",Billion Toman,IR-26,Lorestan,,,,
gdp_pr_no_oil,GDP provincial current price (without oil),Statistical Center of Iran,persian,1391,"29,534.47",Billion Toman,IR-27,Mazandaran,,,,
gdp_pr_no_oil,GDP provincial current price (without oil),Statistical Center of Iran,persian,1391,"13,012.52",Billion Toman,IR-28,Markazi,,,,
gdp_pr_no_oil,GDP provincial current price (without oil),Statistical Center of Iran,persian,1391,"13,633.97",Billion Toman,IR-29,Hormozgan,,,,
gdp_pr_no_oil,GDP provincial current price (without oil),Statistical Center of Iran,persian,1391,"10,539.36",Billion Toman,IR-30,Hamadan,,,,
gdp_pr_no_oil,GDP provincial current price (without oil),Statistical Center of Iran,persian,1391,"14,213.63",Billion Toman,IR-31,Yazd,,,,
gdp_pr_no_oil,GDP provincial current price (without oil),Statistical Center of Iran,persian,1391,"1,021.00",Billion Toman,IR-X,Supranational (Iran),,,,
gdp_pr_no_oil,GDP provincial current price (without oil),Statistical Center of Iran,persian,1391,"682,107.95",Billion Toman,IR,Iran,,,,
gdp_pr_no_oil,GDP provincial current price (without oil),Statistical Center of Iran,persian,1392,"31,786.20",Billion Toman,IR-01,East Azerbaijan,,,,
gdp_pr_no_oil,GDP provincial current price (without oil),Statistical Center of Iran,persian,1392,"21,464.00",Billion Toman,IR-02,West Azerbaijan,,,,
gdp_pr_no_oil,GDP provincial current price (without oil),Statistical Center of Iran,persian,1392,"8,899.47",Billion Toman,IR-03,Ardabil,,,,
gdp_pr_no_oil,GDP provincial current price (without oil),Statistical Center of Iran,persian,1392,"57,065.03",Billion Toman,IR-04,Isfahan,,,,
gdp_pr_no_oil,GDP provincial current price (without oil),Statistical Center of Iran,persian,1392,"23,634.05",Billion Toman,IR-05,Alborz,,,,
gdp_pr_no_oil,GDP provincial current price (without oil),Statistical Center of Iran,persian,1392,"3,319.02",Billion Toman,IR-06,Ilam,,,,
gdp_pr_no_oil,GDP provincial current price (without oil),Statistical Center of Iran,persian,1392,"29,247.69",Billion Toman,IR-07,Bushehr,,,,
gdp_pr_no_oil,GDP provincial current price (without oil),Statistical Center of Iran,persian,1392,"257,244.00",Billion Toman,IR-08,Tehran,,,,
gdp_pr_no_oil,GDP provincial current price (without oil),Statistical Center of Iran,persian,1392,"6,345.73",Billion Toman,IR-09,Chaharmahal and Bakhtiari,,,,
gdp_pr_no_oil,GDP provincial current price (without oil),Statistical Center of Iran,persian,1392,"4,129.16",Billion Toman,IR-10,South Khorasan,,,,
gdp_pr_no_oil,GDP provincial current price (without oil),Statistical Center of Iran,persian,1392,"48,937.11",Billion Toman,IR-11,Razavi Khorasan,,,,
gdp_pr_no_oil,GDP provincial current price (without oil),Statistical Center of Iran,persian,1392,"5,636.12",Billion Toman,IR-12,North Khorasan,,,,
gdp_pr_no_oil,GDP provincial current price (without oil),Statistical Center of Iran,persian,1392,"44,786.83",Billion Toman,IR-13,Khuzestan,,,,
gdp_pr_no_oil,GDP provincial current price (without oil),Statistical Center of Iran,persian,1392,"9,898.38",Billion Toman,IR-14,Zanjan,,,,
gdp_pr_no_oil,GDP provincial current price (without oil),Statistical Center of Iran,persian,1392,"7,961.60",Billion Toman,IR-15,Semnan,,,,
gdp_pr_no_oil,GDP provincial current price (without oil),Statistical Center of Iran,persian,1392,"10,040.23",Billion Toman,IR-16,Sistan and Baluchestan,,,,
gdp_pr_no_oil,GDP provincial current price (without oil),Statistical Center of Iran,persian,1392,"43,545.12",Billion Toman,IR-17,Fars,,,,
gdp_pr_no_oil,GDP provincial current price (without oil),Statistical Center of Iran,persian,1392,"13,977.22",Billion Toman,IR-18,Qazvin,,,,
gdp_pr_no_oil,GDP provincial current price (without oil),Statistical Center of Iran,persian,1392,"8,244.00",Billion Toman,IR-19,Qom,,,,
gdp_pr_no_oil,GDP provincial current price (without oil),Statistical Center of Iran,persian,1392,"9,637.92",Billion Toman,IR-20,Kurdistan,,,,
gdp_pr_no_oil,GDP provincial current price (without oil),Statistical Center of Iran,persian,1392,"28,827.07",Billion Toman,IR-21,Kerman,,,,
gdp_pr_no_oil,GDP provincial current price (without oil),Statistical Center of Iran,persian,1392,"14,572.09",Billion Toman,IR-22,Kermanshah,,,,
gdp_pr_no_oil,GDP provincial current price (without oil),Statistical Center of Iran,persian,1392,"5,195.73",Billion Toman,IR-23,Kohgiluyeh and Boyer-Ahmad,,,,
gdp_pr_no_oil,GDP provincial current price (without oil),Statistical Center of Iran,persian,1392,"12,160.91",Billion Toman,IR-24,Golestan,,,,
gdp_pr_no_oil,GDP provincial current price (without oil),Statistical Center of Iran,persian,1392,"23,382.90",Billion Toman,IR-25,Gilan,,,,
gdp_pr_no_oil,GDP provincial current price (without oil),Statistical Center of Iran,persian,1392,"11,123.08",Billion Toman,IR-26,Lorestan,,,,
gdp_pr_no_oil,GDP provincial current price (without oil),Statistical Center of Iran,persian,1392,"37,127.33",Billion Toman,IR-27,Mazandaran,,,,
gdp_pr_no_oil,GDP provincial current price (without oil),Statistical Center of Iran,persian,1392,"15,776.23",Billion Toman,IR-28,Markazi,,,,
gdp_pr_no_oil,GDP provincial current price (without oil),Statistical Center of Iran,persian,1392,"15,544.15",Billion Toman,IR-29,Hormozgan,,,,
gdp_pr_no_oil,GDP provincial current price (without oil),Statistical Center of Iran,persian,1392,"14,189.81",Billion Toman,IR-30,Hamadan,,,,
gdp_pr_no_oil,GDP provincial current price (without oil),Statistical Center of Iran,persian,1392,"18,317.54",Billion Toman,IR-31,Yazd,,,,
gdp_pr_no_oil,GDP provincial current price (without oil),Statistical Center of Iran,persian,1392,837.70,Billion Toman,IR-X,Supranational (Iran),,,,
gdp_pr_no_oil,GDP provincial current price (without oil),Statistical Center of Iran,persian,1392,"842,853.45",Billion Toman,IR,Iran,,,,
gdp_pr_no_oil,GDP provincial current price (without oil),Statistical Center of Iran,persian,1393,"39,144.32",Billion Toman,IR-01,East Azerbaijan,,,,
gdp_pr_no_oil,GDP provincial current price (without oil),Statistical Center of Iran,persian,1393,"25,392.65",Billion Toman,IR-02,West Azerbaijan,,,,
gdp_pr_no_oil,GDP provincial current price (without oil),Statistical Center of Iran,persian,1393,"10,831.49",Billion Toman,IR-03,Ardabil,,,,
gdp_pr_no_oil,GDP provincial current price (without oil),Statistical Center of Iran,persian,1393,"67,911.46",Billion Toman,IR-04,Isfahan,,,,
gdp_pr_no_oil,GDP provincial current price (without oil),Statistical Center of Iran,persian,1393,"30,447.17",Billion Toman,IR-05,Alborz,,,,
gdp_pr_no_oil,GDP provincial current price (without oil),Statistical Center of Iran,persian,1393,"4,687.99",Billion Toman,IR-06,Ilam,,,,
gdp_pr_no_oil,GDP provincial current price (without oil),Statistical Center of Iran,persian,1393,"39,999.24",Billion Toman,IR-07,Bushehr,,,,
gdp_pr_no_oil,GDP provincial current price (without oil),Statistical Center of Iran,persian,1393,"307,427.49",Billion Toman,IR-08,Tehran,,,,
gdp_pr_no_oil,GDP provincial current price (without oil),Statistical Center of Iran,persian,1393,"7,249.24",Billion Toman,IR-09,Chaharmahal and Bakhtiari,,,,
gdp_pr_no_oil,GDP provincial current price (without oil),Statistical Center of Iran,persian,1393,"5,244.85",Billion Toman,IR-10,South Khorasan,,,,
gdp_pr_no_oil,GDP provincial current price (without oil),Statistical Center of Iran,persian,1393,"62,676.38",Billion Toman,IR-11,Razavi Khorasan,,,,
gdp_pr_no_oil,GDP provincial current price (without oil),Statistical Center of Iran,persian,1393,"6,682.98",Billion Toman,IR-12,North Khorasan,,,,
gdp_pr_no_oil,GDP provincial current price (without oil),Statistical Center of Iran,persian,1393,"66,276.62",Billion Toman,IR-13,Khuzestan,,,,
gdp_pr_no_oil,GDP provincial current price (without oil),Statistical Center of Iran,persian,1393,"11,662.26",Billion Toman,IR-14,Zanjan,,,,
gdp_pr_no_oil,GDP provincial current price (without oil),Statistical Center of Iran,persian,1393,"9,349.12",Billion Toman,IR-15,Semnan,,,,
gdp_pr_no_oil,GDP provincial current price (without oil),Statistical Center of Iran,persian,1393,"13,138.22",Billion Toman,IR-16,Sistan and Baluchestan,,,,
gdp_pr_no_oil,GDP provincial current price (without oil),Statistical Center of Iran,persian,1393,"53,422.32",Billion Toman,IR-17,Fars,,,,
gdp_pr_no_oil,GDP provincial current price (without oil),Statistical Center of Iran,persian,1393,"18,155.60",Billion Toman,IR-18,Qazvin,,,,
gdp_pr_no_oil,GDP provincial current price (without oil),Statistical Center of Iran,persian,1393,"10,220.82",Billion Toman,IR-19,Qom,,,,
gdp_pr_no_oil,GDP provincial current price (without oil),Statistical Center of Iran,persian,1393,"11,696.70",Billion Toman,IR-20,Kurdistan,,,,
gdp_pr_no_oil,GDP provincial current price (without oil),Statistical Center of Iran,persian,1393,"32,696.93",Billion Toman,IR-21,Kerman,,,,
gdp_pr_no_oil,GDP provincial current price (without oil),Statistical Center of Iran,persian,1393,"18,869.16",Billion Toman,IR-22,Kermanshah,,,,
gdp_pr_no_oil,GDP provincial current price (without oil),Statistical Center of Iran,persian,1393,"7,718.43",Billion Toman,IR-23,Kohgiluyeh and Boyer-Ahmad,,,,
gdp_pr_no_oil,GDP provincial current price (without oil),Statistical Center of Iran,persian,1393,"15,126.39",Billion Toman,IR-24,Golestan,,,,
gdp_pr_no_oil,GDP provincial current price (without oil),Statistical Center of Iran,persian,1393,"28,475.69",Billion Toman,IR-25,Gilan,,,,
gdp_pr_no_oil,GDP provincial current price (without oil),Statistical Center of Iran,persian,1393,"12,589.17",Billion Toman,IR-26,Lorestan,,,,
gdp_pr_no_oil,GDP provincial current price (without oil),Statistical Center of Iran,persian,1393,"43,837.24",Billion Toman,IR-27,Mazandaran,,,,
gdp_pr_no_oil,GDP provincial current price (without oil),Statistical Center of Iran,persian,1393,"20,599.45",Billion Toman,IR-28,Markazi,,,,
gdp_pr_no_oil,GDP provincial current price (without oil),Statistical Center of Iran,persian,1393,"20,585.11",Billion Toman,IR-29,Hormozgan,,,,
gdp_pr_no_oil,GDP provincial current price (without oil),Statistical Center of Iran,persian,1393,"17,268.36",Billion Toman,IR-30,Hamadan,,,,
gdp_pr_no_oil,GDP provincial current price (without oil),Statistical Center of Iran,persian,1393,"22,216.51",Billion Toman,IR-31,Yazd,,,,
gdp_pr_no_oil,GDP provincial current price (without oil),Statistical Center of Iran,persian,1393,"2,286.75",Billion Toman,IR-X,Supranational (Iran),,,,
gdp_pr_no_oil,GDP provincial current price (without oil),Statistical Center of Iran,persian,1393,"1,043,886.09",Billion Toman,IR,Iran,,,,
gdp_pr_no_oil,GDP provincial current price (without oil),Statistical Center of Iran,persian,1394,"44,757.89",Billion Toman,IR-01,East Azerbaijan,,,,
gdp_pr_no_oil,GDP provincial current price (without oil),Statistical Center of Iran,persian,1394,"29,288.82",Billion Toman,IR-02,West Azerbaijan,,,,
gdp_pr_no_oil,GDP provincial current price (without oil),Statistical Center of Iran,persian,1394,"12,478.15",Billion Toman,IR-03,Ardabil,,,,
gdp_pr_no_oil,GDP provincial current price (without oil),Statistical Center of Iran,persian,1394,"72,873.76",Billion Toman,IR-04,Isfahan,,,,
gdp_pr_no_oil,GDP provincial current price (without oil),Statistical Center of Iran,persian,1394,"35,555.51",Billion Toman,IR-05,Alborz,,,,
gdp_pr_no_oil,GDP provincial current price (without oil),Statistical Center of Iran,persian,1394,"5,302.11",Billion Toman,IR-06,Ilam,,,,
gdp_pr_no_oil,GDP provincial current price (without oil),Statistical Center of Iran,persian,1394,"35,658.81",Billion Toman,IR-07,Bushehr,,,,
gdp_pr_no_oil,GDP provincial current price (without oil),Statistical Center of Iran,persian,1394,"336,057.50",Billion Toman,IR-08,Tehran,,,,
gdp_pr_no_oil,GDP provincial current price (without oil),Statistical Center of Iran,persian,1394,"8,492.98",Billion Toman,IR-09,Chaharmahal and Bakhtiari,,,,
gdp_pr_no_oil,GDP provincial current price (without oil),Statistical Center of Iran,persian,1394,"6,537.54",Billion Toman,IR-10,South Khorasan,,,,
gdp_pr_no_oil,GDP provincial current price (without oil),Statistical Center of Iran,persian,1394,"70,155.15",Billion Toman,IR-11,Razavi Khorasan,,,,
gdp_pr_no_oil,GDP provincial current price (without oil),Statistical Center of Iran,persian,1394,"7,309.64",Billion Toman,IR-12,North Khorasan,,,,
gdp_pr_no_oil,GDP provincial current price (without oil),Statistical Center of Iran,persian,1394,"62,566.27",Billion Toman,IR-13,Khuzestan,,,,
gdp_pr_no_oil,GDP provincial current price (without oil),Statistical Center of Iran,persian,1394,"14,198.08",Billion Toman,IR-14,Zanjan,,,,
gdp_pr_no_oil,GDP provincial current price (without oil),Statistical Center of Iran,persian,1394,"10,744.53",Billion Toman,IR-15,Semnan,,,,
gdp_pr_no_oil,GDP provincial current price (without oil),Statistical Center of Iran,persian,1394,"16,865.53",Billion Toman,IR-16,Sistan and Baluchestan,,,,
gdp_pr_no_oil,GDP provincial current price (without oil),Statistical Center of Iran,persian,1394,"59,037.76",Billion Toman,IR-17,Fars,,,,
gdp_pr_no_oil,GDP provincial current price (without oil),Statistical Center of Iran,persian,1394,"22,234.11",Billion Toman,IR-18,Qazvin,,,,
gdp_pr_no_oil,GDP provincial current price (without oil),Statistical Center of Iran,persian,1394,"11,646.04",Billion Toman,IR-19,Qom,,,,
gdp_pr_no_oil,GDP provincial current price (without oil),Statistical Center of Iran,persian,1394,"13,360.10",Billion Toman,IR-20,Kurdistan,,,,
gdp_pr_no_oil,GDP provincial current price (without oil),Statistical Center of Iran,persian,1394,"35,738.77",Billion Toman,IR-21,Kerman,,,,
gdp_pr_no_oil,GDP provincial current price (without oil),Statistical Center of Iran,persian,1394,"20,696.26",Billion Toman,IR-22,Kermanshah,,,,
gdp_pr_no_oil,GDP provincial current price (without oil),Statistical Center of Iran,persian,1394,"7,639.57",Billion Toman,IR-23,Kohgiluyeh and Boyer-Ahmad,,,,
gdp_pr_no_oil,GDP provincial current price (without oil),Statistical Center of Iran,persian,1394,"17,595.07",Billion Toman,IR-24,Golestan,,,,
gdp_pr_no_oil,GDP provincial current price (without oil),Statistical Center of Iran,persian,1394,"32,029.77",Billion Toman,IR-25,Gilan,,,,
gdp_pr_no_oil,GDP provincial current price (without oil),Statistical Center of Iran,persian,1394,"14,995.53",Billion Toman,IR-26,Lorestan,,,,
gdp_pr_no_oil,GDP provincial current price (without oil),Statistical Center of Iran,persian,1394,"50,849.61",Billion Toman,IR-27,Mazandaran,,,,
gdp_pr_no_oil,GDP provincial current price (without oil),Statistical Center of Iran,persian,1394,"22,412.55",Billion Toman,IR-28,Markazi,,,,
gdp_pr_no_oil,GDP provincial current price (without oil),Statistical Center of Iran,persian,1394,"23,686.19",Billion Toman,IR-29,Hormozgan,,,,
gdp_pr_no_oil,GDP provincial current price (without oil),Statistical Center of Iran,persian,1394,"18,481.14",Billion Toman,IR-30,Hamadan,,,,
gdp_pr_no_oil,GDP provincial current price (without oil),Statistical Center of Iran,persian,1394,"22,939.92",Billion Toman,IR-31,Yazd,,,,
gdp_pr_no_oil,GDP provincial current price (without oil),Statistical Center of Iran,persian,1394,529.98,Billion Toman,IR-X,Supranational (Iran),,,,
gdp_pr_no_oil,GDP provincial current price (without oil),Statistical Center of Iran,persian,1394,"1,142,714.63",Billion Toman,IR,Iran,,,,
gdp_pr_no_oil,GDP provincial current price (without oil),Statistical Center of Iran,persian,1395,"51,806.87",Billion Toman,IR-01,East Azerbaijan,,,,
gdp_pr_no_oil,GDP provincial current price (without oil),Statistical Center of Iran,persian,1395,"33,183.78",Billion Toman,IR-02,West Azerbaijan,,,,
gdp_pr_no_oil,GDP provincial current price (without oil),Statistical Center of Iran,persian,1395,"13,653.80",Billion Toman,IR-03,Ardabil,,,,
gdp_pr_no_oil,GDP provincial current price (without oil),Statistical Center of Iran,persian,1395,"84,718.77",Billion Toman,IR-04,Isfahan,,,,
gdp_pr_no_oil,GDP provincial current price (without oil),Statistical Center of Iran,persian,1395,"39,890.36",Billion Toman,IR-05,Alborz,,,,
gdp_pr_no_oil,GDP provincial current price (without oil),Statistical Center of Iran,persian,1395,"6,405.89",Billion Toman,IR-06,Ilam,,,,
gdp_pr_no_oil,GDP provincial current price (without oil),Statistical Center of Iran,persian,1395,"42,445.07",Billion Toman,IR-07,Bushehr,,,,
gdp_pr_no_oil,GDP provincial current price (without oil),Statistical Center of Iran,persian,1395,"385,500.66",Billion Toman,IR-08,Tehran,,,,
gdp_pr_no_oil,GDP provincial current price (without oil),Statistical Center of Iran,persian,1395,"9,614.54",Billion Toman,IR-09,Chaharmahal and Bakhtiari,,,,
gdp_pr_no_oil,GDP provincial current price (without oil),Statistical Center of Iran,persian,1395,"7,286.26",Billion Toman,IR-10,South Khorasan,,,,
gdp_pr_no_oil,GDP provincial current price (without oil),Statistical Center of Iran,persian,1395,"75,522.59",Billion Toman,IR-11,Razavi Khorasan,,,,
gdp_pr_no_oil,GDP provincial current price (without oil),Statistical Center of Iran,persian,1395,"8,452.58",Billion Toman,IR-12,North Khorasan,,,,
gdp_pr_no_oil,GDP provincial current price (without oil),Statistical Center of Iran,persian,1395,"75,925.14",Billion Toman,IR-13,Khuzestan,,,,
gdp_pr_no_oil,GDP provincial current price (without oil),Statistical Center of Iran,persian,1395,"16,730.85",Billion Toman,IR-14,Zanjan,,,,
gdp_pr_no_oil,GDP provincial current price (without oil),Statistical Center of Iran,persian,1395,"13,574.31",Billion Toman,IR-15,Semnan,,,,
gdp_pr_no_oil,GDP provincial current price (without oil),Statistical Center of Iran,persian,1395,"19,569.00",Billion Toman,IR-16,Sistan and Baluchestan,,,,
gdp_pr_no_oil,GDP provincial current price (without oil),Statistical Center of Iran,persian,1395,"68,039.08",Billion Toman,IR-17,Fars,,,,
gdp_pr_no_oil,GDP provincial current price (without oil),Statistical Center of Iran,persian,1395,"24,972.19",Billion Toman,IR-18,Qazvin,,,,
gdp_pr_no_oil,GDP provincial current price (without oil),Statistical Center of Iran,persian,1395,"13,345.92",Billion Toman,IR-19,Qom,,,,
gdp_pr_no_oil,GDP provincial current price (without oil),Statistical Center of Iran,persian,1395,"15,691.77",Billion Toman,IR-20,Kurdistan,,,,
gdp_pr_no_oil,GDP provincial current price (without oil),Statistical Center of Iran,persian,1395,"42,858.27",Billion Toman,IR-21,Kerman,,,,
gdp_pr_no_oil,GDP provincial current price (without oil),Statistical Center of Iran,persian,1395,"23,253.89",Billion Toman,IR-22,Kermanshah,,,,
gdp_pr_no_oil,GDP provincial current price (without oil),Statistical Center of Iran,persian,1395,"9,666.22",Billion Toman,IR-23,Kohgiluyeh and Boyer-Ahmad,,,,
gdp_pr_no_oil,GDP provincial current price (without oil),Statistical Center of Iran,persian,1395,"20,440.01",Billion Toman,IR-24,Golestan,,,,
gdp_pr_no_oil,GDP provincial current price (without oil),Statistical Center of Iran,persian,1395,"37,140.78",Billion Toman,IR-25,Gilan,,,,
gdp_pr_no_oil,GDP provincial current price (without oil),Statistical Center of Iran,persian,1395,"17,150.30",Billion Toman,IR-26,Lorestan,,,,
gdp_pr_no_oil,GDP provincial current price (without oil),Statistical Center of Iran,persian,1395,"57,611.04",Billion Toman,IR-27,Mazandaran,,,,
gdp_pr_no_oil,GDP provincial current price (without oil),Statistical Center of Iran,persian,1395,"25,276.02",Billion Toman,IR-28,Markazi,,,,
gdp_pr_no_oil,GDP provincial current price (without oil),Statistical Center of Iran,persian,1395,"27,723.69",Billion Toman,IR-29,Hormozgan,,,,
gdp_pr_no_oil,GDP provincial current price (without oil),Statistical Center of Iran,persian,1395,"20,605.52",Billion Toman,IR-30,Hamadan,,,,
gdp_pr_no_oil,GDP provincial current price (without oil),Statistical Center of Iran,persian,1395,"25,690.13",Billion Toman,IR-31,Yazd,,,,
gdp_pr_no_oil,GDP provincial current price (without oil),Statistical Center of Iran,persian,1395,"1,870.53",Billion Toman,IR-X,Supranational (Iran),,,,
gdp_pr_no_oil,GDP provincial current price (without oil),Statistical Center of Iran,persian,1395,"1,315,615.82",Billion Toman,IR,Iran,,,,
gdp_pr_no_oil,GDP provincial current price (without oil),Statistical Center of Iran,persian,1396,"60,652.31",Billion Toman,IR-01,East Azerbaijan,,,,
gdp_pr_no_oil,GDP provincial current price (without oil),Statistical Center of Iran,persian,1396,"37,196.21",Billion Toman,IR-02,West Azerbaijan,,,,
gdp_pr_no_oil,GDP provincial current price (without oil),Statistical Center of Iran,persian,1396,"15,791.52",Billion Toman,IR-03,Ardabil,,,,
gdp_pr_no_oil,GDP provincial current price (without oil),Statistical Center of Iran,persian,1396,"100,779.04",Billion Toman,IR-04,Isfahan,,,,
gdp_pr_no_oil,GDP provincial current price (without oil),Statistical Center of Iran,persian,1396,"46,606.55",Billion Toman,IR-05,Alborz,,,,
gdp_pr_no_oil,GDP provincial current price (without oil),Statistical Center of Iran,persian,1396,"7,814.02",Billion Toman,IR-06,Ilam,,,,
gdp_pr_no_oil,GDP provincial current price (without oil),Statistical Center of Iran,persian,1396,"48,359.48",Billion Toman,IR-07,Bushehr,,,,
gdp_pr_no_oil,GDP provincial current price (without oil),Statistical Center of Iran,persian,1396,"451,114.89",Billion Toman,IR-08,Tehran,,,,
gdp_pr_no_oil,GDP provincial current price (without oil),Statistical Center of Iran,persian,1396,"11,482.46",Billion Toman,IR-09,Chaharmahal and Bakhtiari,,,,
gdp_pr_no_oil,GDP provincial current price (without oil),Statistical Center of Iran,persian,1396,"8,549.91",Billion Toman,IR-10,South Khorasan,,,,
gdp_pr_no_oil,GDP provincial current price (without oil),Statistical Center of Iran,persian,1396,"87,403.20",Billion Toman,IR-11,Razavi Khorasan,,,,
gdp_pr_no_oil,GDP provincial current price (without oil),Statistical Center of Iran,persian,1396,"9,792.21",Billion Toman,IR-12,North Khorasan,,,,
gdp_pr_no_oil,GDP provincial current price (without oil),Statistical Center of Iran,persian,1396,"97,646.60",Billion Toman,IR-13,Khuzestan,,,,
gdp_pr_no_oil,GDP provincial current price (without oil),Statistical Center of Iran,persian,1396,"20,246.79",Billion Toman,IR-14,Zanjan,,,,
gdp_pr_no_oil,GDP provincial current price (without oil),Statistical Center of Iran,persian,1396,"14,916.11",Billion Toman,IR-15,Semnan,,,,
gdp_pr_no_oil,GDP provincial current price (without oil),Statistical Center of Iran,persian,1396,"23,258.59",Billion Toman,IR-16,Sistan and Baluchestan,,,,
gdp_pr_no_oil,GDP provincial current price (without oil),Statistical Center of Iran,persian,1396,"76,993.43",Billion Toman,IR-17,Fars,,,,
gdp_pr_no_oil,GDP provincial current price (without oil),Statistical Center of Iran,persian,1396,"27,213.84",Billion Toman,IR-18,Qazvin,,,,
gdp_pr_no_oil,GDP provincial current price (without oil),Statistical Center of Iran,persian,1396,"15,275.50",Billion Toman,IR-19,Qom,,,,
gdp_pr_no_oil,GDP provincial current price (without oil),Statistical Center of Iran,persian,1396,"17,594.10",Billion Toman,IR-20,Kurdistan,,,,
gdp_pr_no_oil,GDP provincial current price (without oil),Statistical Center of Iran,persian,1396,"53,515.23",Billion Toman,IR-21,Kerman,,,,
gdp_pr_no_oil,GDP provincial current price (without oil),Statistical Center of Iran,persian,1396,"27,109.18",Billion Toman,IR-22,Kermanshah,,,,
gdp_pr_no_oil,GDP provincial current price (without oil),Statistical Center of Iran,persian,1396,"12,149.16",Billion Toman,IR-23,Kohgiluyeh and Boyer-Ahmad,,,,
gdp_pr_no_oil,GDP provincial current price (without oil),Statistical Center of Iran,persian,1396,"23,029.42",Billion Toman,IR-24,Golestan,,,,
gdp_pr_no_oil,GDP provincial current price (without oil),Statistical Center of Iran,persian,1396,"44,186.51",Billion Toman,IR-25,Gilan,,,,
gdp_pr_no_oil,GDP provincial current price (without oil),Statistical Center of Iran,persian,1396,"19,969.11",Billion Toman,IR-26,Lorestan,,,,
gdp_pr_no_oil,GDP provincial current price (without oil),Statistical Center of Iran,persian,1396,"66,808.67",Billion Toman,IR-27,Mazandaran,,,,
gdp_pr_no_oil,GDP provincial current price (without oil),Statistical Center of Iran,persian,1396,"30,245.47",Billion Toman,IR-28,Markazi,,,,
gdp_pr_no_oil,GDP provincial current price (without oil),Statistical Center of Iran,persian,1396,"35,641.65",Billion Toman,IR-29,Hormozgan,,,,
gdp_pr_no_oil,GDP provincial current price (without oil),Statistical Center of Iran,persian,1396,"24,184.74",Billion Toman,IR-30,Hamadan,,,,
gdp_pr_no_oil,GDP provincial current price (without oil),Statistical Center of Iran,persian,1396,"30,297.69",Billion Toman,IR-31,Yazd,,,,
gdp_pr_no_oil,GDP provincial current price (without oil),Statistical Center of Iran,persian,1396,"3,313.49",Billion Toman,IR-X,Supranational (Iran),,,,
gdp_pr_no_oil,GDP provincial current price (without oil),Statistical Center of Iran,persian,1396,"1,549,137.07",Billion Toman,IR,Iran,,,,
gdp_pr_no_oil,GDP provincial current price (without oil),Statistical Center of Iran,persian,1397,"83,450.99",Billion Toman,IR-01,East Azerbaijan,,,,
gdp_pr_no_oil,GDP provincial current price (without oil),Statistical Center of Iran,persian,1397,"49,988.34",Billion Toman,IR-02,West Azerbaijan,,,,
gdp_pr_no_oil,GDP provincial current price (without oil),Statistical Center of Iran,persian,1397,"20,346.24",Billion Toman,IR-03,Ardabil,,,,
gdp_pr_no_oil,GDP provincial current price (without oil),Statistical Center of Iran,persian,1397,"129,260.93",Billion Toman,IR-04,Isfahan,,,,
gdp_pr_no_oil,GDP provincial current price (without oil),Statistical Center of Iran,persian,1397,"59,585.02",Billion Toman,IR-05,Alborz,,,,
gdp_pr_no_oil,GDP provincial current price (without oil),Statistical Center of Iran,persian,1397,"10,436.39",Billion Toman,IR-06,Ilam,,,,
gdp_pr_no_oil,GDP provincial current price (without oil),Statistical Center of Iran,persian,1397,"76,049.56",Billion Toman,IR-07,Bushehr,,,,
gdp_pr_no_oil,GDP provincial current price (without oil),Statistical Center of Iran,persian,1397,"562,387.85",Billion Toman,IR-08,Tehran,,,,
gdp_pr_no_oil,GDP provincial current price (without oil),Statistical Center of Iran,persian,1397,"15,165.93",Billion Toman,IR-09,Chaharmahal and Bakhtiari,,,,
gdp_pr_no_oil,GDP provincial current price (without oil),Statistical Center of Iran,persian,1397,"10,258.56",Billion Toman,IR-10,South Khorasan,,,,
gdp_pr_no_oil,GDP provincial current price (without oil),Statistical Center of Iran,persian,1397,"115,099.20",Billion Toman,IR-11,Razavi Khorasan,,,,
gdp_pr_no_oil,GDP provincial current price (without oil),Statistical Center of Iran,persian,1397,"13,720.02",Billion Toman,IR-12,North Khorasan,,,,
gdp_pr_no_oil,GDP provincial current price (without oil),Statistical Center of Iran,persian,1397,"134,808.15",Billion Toman,IR-13,Khuzestan,,,,
gdp_pr_no_oil,GDP provincial current price (without oil),Statistical Center of Iran,persian,1397,"25,479.24",Billion Toman,IR-14,Zanjan,,,,
gdp_pr_no_oil,GDP provincial current price (without oil),Statistical Center of Iran,persian,1397,"19,085.23",Billion Toman,IR-15,Semnan,,,,
gdp_pr_no_oil,GDP provincial current price (without oil),Statistical Center of Iran,persian,1397,"29,344.90",Billion Toman,IR-16,Sistan and Baluchestan,,,,
gdp_pr_no_oil,GDP provincial current price (without oil),Statistical Center of Iran,persian,1397,"101,264.65",Billion Toman,IR-17,Fars,,,,
gdp_pr_no_oil,GDP provincial current price (without oil),Statistical Center of Iran,persian,1397,"34,549.64",Billion Toman,IR-18,Qazvin,,,,
gdp_pr_no_oil,GDP provincial current price (without oil),Statistical Center of Iran,persian,1397,"18,875.10",Billion Toman,IR-19,Qom,,,,
gdp_pr_no_oil,GDP provincial current price (without oil),Statistical Center of Iran,persian,1397,"22,281.27",Billion Toman,IR-20,Kurdistan,,,,
gdp_pr_no_oil,GDP provincial current price (without oil),Statistical Center of Iran,persian,1397,"64,605.47",Billion Toman,IR-21,Kerman,,,,
gdp_pr_no_oil,GDP provincial current price (without oil),Statistical Center of Iran,persian,1397,"42,797.24",Billion Toman,IR-22,Kermanshah,,,,
gdp_pr_no_oil,GDP provincial current price (without oil),Statistical Center of Iran,persian,1397,"16,579.13",Billion Toman,IR-23,Kohgiluyeh and Boyer-Ahmad,,,,
gdp_pr_no_oil,GDP provincial current price (without oil),Statistical Center of Iran,persian,1397,"29,706.51",Billion Toman,IR-24,Golestan,,,,
gdp_pr_no_oil,GDP provincial current price (without oil),Statistical Center of Iran,persian,1397,"55,022.83",Billion Toman,IR-25,Gilan,,,,
gdp_pr_no_oil,GDP provincial current price (without oil),Statistical Center of Iran,persian,1397,"25,015.71",Billion Toman,IR-26,Lorestan,,,,
gdp_pr_no_oil,GDP provincial current price (without oil),Statistical Center of Iran,persian,1397,"84,085.02",Billion Toman,IR-27,Mazandaran,,,,
gdp_pr_no_oil,GDP provincial current price (without oil),Statistical Center of Iran,persian,1397,"42,696.93",Billion Toman,IR-28,Markazi,,,,
gdp_pr_no_oil,GDP provincial current price (without oil),Statistical Center of Iran,persian,1397,"46,081.01",Billion Toman,IR-29,Hormozgan,,,,
gdp_pr_no_oil,GDP provincial current price (without oil),Statistical Center of Iran,persian,1397,"34,592.68",Billion Toman,IR-30,Hamadan,,,,
gdp_pr_no_oil,GDP provincial current price (without oil),Statistical Center of Iran,persian,1397,"44,164.04",Billion Toman,IR-31,Yazd,,,,
gdp_pr_no_oil,GDP provincial current price (without oil),Statistical Center of Iran,persian,1397,"5,379.39",Billion Toman,IR-X,Supranational (Iran),,,,
gdp_pr_no_oil,GDP provincial current price (without oil),Statistical Center of Iran,persian,1397,"2,022,163.13",Billion Toman,IR,Iran,,,,
gdp_pr_no_oil,GDP provincial current price (without oil),Statistical Center of Iran,persian,1398,"112,308.15",Billion Toman,IR-01,East Azerbaijan,,,,
gdp_pr_no_oil,GDP provincial current price (without oil),Statistical Center of Iran,persian,1398,"64,581.68",Billion Toman,IR-02,West Azerbaijan,,,,
gdp_pr_no_oil,GDP provincial current price (without oil),Statistical Center of Iran,persian,1398,"31,419.78",Billion Toman,IR-03,Ardabil,,,,
gdp_pr_no_oil,GDP provincial current price (without oil),Statistical Center of Iran,persian,1398,"175,611.55",Billion Toman,IR-04,Isfahan,,,,
gdp_pr_no_oil,GDP provincial current price (without oil),Statistical Center of Iran,persian,1398,"86,077.23",Billion Toman,IR-05,Alborz,,,,
gdp_pr_no_oil,GDP provincial current price (without oil),Statistical Center of Iran,persian,1398,"13,572.69",Billion Toman,IR-06,Ilam,,,,
gdp_pr_no_oil,GDP provincial current price (without oil),Statistical Center of Iran,persian,1398,"112,957.66",Billion Toman,IR-07,Bushehr,,,,
gdp_pr_no_oil,GDP provincial current price (without oil),Statistical Center of Iran,persian,1398,"767,350.94",Billion Toman,IR-08,Tehran,,,,
gdp_pr_no_oil,GDP provincial current price (without oil),Statistical Center of Iran,persian,1398,"20,987.57",Billion Toman,IR-09,Chaharmahal and Bakhtiari,,,,
gdp_pr_no_oil,GDP provincial current price (without oil),Statistical Center of Iran,persian,1398,"15,807.42",Billion Toman,IR-10,South Khorasan,,,,
gdp_pr_no_oil,GDP provincial current price (without oil),Statistical Center of Iran,persian,1398,"154,992.15",Billion Toman,IR-11,Razavi Khorasan,,,,
gdp_pr_no_oil,GDP provincial current price (without oil),Statistical Center of Iran,persian,1398,"19,405.10",Billion Toman,IR-12,North Khorasan,,,,
gdp_pr_no_oil,GDP provincial current price (without oil),Statistical Center of Iran,persian,1398,"189,387.38",Billion Toman,IR-13,Khuzestan,,,,
gdp_pr_no_oil,GDP provincial current price (without oil),Statistical Center of Iran,persian,1398,"35,443.61",Billion Toman,IR-14,Zanjan,,,,
gdp_pr_no_oil,GDP provincial current price (without oil),Statistical Center of Iran,persian,1398,"33,293.99",Billion Toman,IR-15,Semnan,,,,
gdp_pr_no_oil,GDP provincial current price (without oil),Statistical Center of Iran,persian,1398,"35,958.91",Billion Toman,IR-16,Sistan and Baluchestan,,,,
gdp_pr_no_oil,GDP provincial current price (without oil),Statistical Center of Iran,persian,1398,"132,633.81",Billion Toman,IR-17,Fars,,,,
gdp_pr_no_oil,GDP provincial current price (without oil),Statistical Center of Iran,persian,1398,"48,499.94",Billion Toman,IR-18,Qazvin,,,,
gdp_pr_no_oil,GDP provincial current price (without oil),Statistical Center of Iran,persian,1398,"28,543.19",Billion Toman,IR-19,Qom,,,,
gdp_pr_no_oil,GDP provincial current price (without oil),Statistical Center of Iran,persian,1398,"30,305.77",Billion Toman,IR-20,Kurdistan,,,,
gdp_pr_no_oil,GDP provincial current price (without oil),Statistical Center of Iran,persian,1398,"107,952.35",Billion Toman,IR-21,Kerman,,,,
gdp_pr_no_oil,GDP provincial current price (without oil),Statistical Center of Iran,persian,1398,"50,940.21",Billion Toman,IR-22,Kermanshah,,,,
gdp_pr_no_oil,GDP provincial current price (without oil),Statistical Center of Iran,persian,1398,"19,663.84",Billion Toman,IR-23,Kohgiluyeh and Boyer-Ahmad,,,,
gdp_pr_no_oil,GDP provincial current price (without oil),Statistical Center of Iran,persian,1398,"43,533.75",Billion Toman,IR-24,Golestan,,,,
gdp_pr_no_oil,GDP provincial current price (without oil),Statistical Center of Iran,persian,1398,"75,666.67",Billion Toman,IR-25,Gilan,,,,
gdp_pr_no_oil,GDP provincial current price (without oil),Statistical Center of Iran,persian,1398,"34,381.45",Billion Toman,IR-26,Lorestan,,,,
gdp_pr_no_oil,GDP provincial current price (without oil),Statistical Center of Iran,persian,1398,"113,769.82",Billion Toman,IR-27,Mazandaran,,,,
gdp_pr_no_oil,GDP provincial current price (without oil),Statistical Center of Iran,persian,1398,"55,141.12",Billion Toman,IR-28,Markazi,,,,
gdp_pr_no_oil,GDP provincial current price (without oil),Statistical Center of Iran,persian,1398,"68,402.87",Billion Toman,IR-29,Hormozgan,,,,
gdp_pr_no_oil,GDP provincial current price (without oil),Statistical Center of Iran,persian,1398,"44,463.82",Billion Toman,IR-30,Hamadan,,,,
gdp_pr_no_oil,GDP provincial current price (without oil),Statistical Center of Iran,persian,1398,"64,998.05",Billion Toman,IR-31,Yazd,,,,
gdp_pr_no_oil,GDP provincial current price (without oil),Statistical Center of Iran,persian,1398,"8,403.46",Billion Toman,IR-X,Supranational (Iran),,,,
gdp_pr_no_oil,GDP provincial current price (without oil),Statistical Center of Iran,persian,1398,"2,796,455.92",Billion Toman,IR,Iran,,,,
gdp_pr_no_oil,GDP provincial current price (without oil),Statistical Center of Iran,persian,1399,"180,871.89",Billion Toman,IR-01,East Azerbaijan,,,,
gdp_pr_no_oil,GDP provincial current price (without oil),Statistical Center of Iran,persian,1399,"100,290.88",Billion Toman,IR-02,West Azerbaijan,,,,
gdp_pr_no_oil,GDP provincial current price (without oil),Statistical Center of Iran,persian,1399,"47,291.64",Billion Toman,IR-03,Ardabil,,,,
gdp_pr_no_oil,GDP provincial current price (without oil),Statistical Center of Iran,persian,1399,"280,571.00",Billion Toman,IR-04,Isfahan,,,,
gdp_pr_no_oil,GDP provincial current price (without oil),Statistical Center of Iran,persian,1399,"119,741.35",Billion Toman,IR-05,Alborz,,,,
gdp_pr_no_oil,GDP provincial current price (without oil),Statistical Center of Iran,persian,1399,"16,804.65",Billion Toman,IR-06,Ilam,,,,
gdp_pr_no_oil,GDP provincial current price (without oil),Statistical Center of Iran,persian,1399,"163,977.81",Billion Toman,IR-07,Bushehr,,,,
gdp_pr_no_oil,GDP provincial current price (without oil),Statistical Center of Iran,persian,1399,"1,167,058.34",Billion Toman,IR-08,Tehran,,,,
gdp_pr_no_oil,GDP provincial current price (without oil),Statistical Center of Iran,persian,1399,"32,171.65",Billion Toman,IR-09,Chaharmahal and Bakhtiari,,,,
gdp_pr_no_oil,GDP provincial current price (without oil),Statistical Center of Iran,persian,1399,"23,789.39",Billion Toman,IR-10,South Khorasan,,,,
gdp_pr_no_oil,GDP provincial current price (without oil),Statistical Center of Iran,persian,1399,"235,123.18",Billion Toman,IR-11,Razavi Khorasan,,,,
gdp_pr_no_oil,GDP provincial current price (without oil),Statistical Center of Iran,persian,1399,"26,819.94",Billion Toman,IR-12,North Khorasan,,,,
gdp_pr_no_oil,GDP provincial current price (without oil),Statistical Center of Iran,persian,1399,"261,987.54",Billion Toman,IR-13,Khuzestan,,,,
gdp_pr_no_oil,GDP provincial current price (without oil),Statistical Center of Iran,persian,1399,"62,419.17",Billion Toman,IR-14,Zanjan,,,,
gdp_pr_no_oil,GDP provincial current price (without oil),Statistical Center of Iran,persian,1399,"51,332.64",Billion Toman,IR-15,Semnan,,,,
gdp_pr_no_oil,GDP provincial current price (without oil),Statistical Center of Iran,persian,1399,"53,629.30",Billion Toman,IR-16,Sistan and Baluchestan,,,,
gdp_pr_no_oil,GDP provincial current price (without oil),Statistical Center of Iran,persian,1399,"197,594.58",Billion Toman,IR-17,Fars,,,,
gdp_pr_no_oil,GDP provincial current price (without oil),Statistical Center of Iran,persian,1399,"74,441.42",Billion Toman,IR-18,Qazvin,,,,
gdp_pr_no_oil,GDP provincial current price (without oil),Statistical Center of Iran,persian,1399,"44,298.84",Billion Toman,IR-19,Qom,,,,
gdp_pr_no_oil,GDP provincial current price (without oil),Statistical Center of Iran,persian,1399,"44,965.10",Billion Toman,IR-20,Kurdistan,,,,
gdp_pr_no_oil,GDP provincial current price (without oil),Statistical Center of Iran,persian,1399,"183,019.90",Billion Toman,IR-21,Kerman,,,,
gdp_pr_no_oil,GDP provincial current price (without oil),Statistical Center of Iran,persian,1399,"77,498.89",Billion Toman,IR-22,Kermanshah,,,,
gdp_pr_no_oil,GDP provincial current price (without oil),Statistical Center of Iran,persian,1399,"25,147.65",Billion Toman,IR-23,Kohgiluyeh and Boyer-Ahmad,,,,
gdp_pr_no_oil,GDP provincial current price (without oil),Statistical Center of Iran,persian,1399,"62,163.00",Billion Toman,IR-24,Golestan,,,,
gdp_pr_no_oil,GDP provincial current price (without oil),Statistical Center of Iran,persian,1399,"111,878.32",Billion Toman,IR-25,Gilan,,,,
gdp_pr_no_oil,GDP provincial current price (without oil),Statistical Center of Iran,persian,1399,"49,756.30",Billion Toman,IR-26,Lorestan,,,,
gdp_pr_no_oil,GDP provincial current price (without oil),Statistical Center of Iran,persian,1399,"173,765.94",Billion Toman,IR-27,Mazandaran,,,,
gdp_pr_no_oil,GDP provincial current price (without oil),Statistical Center of Iran,persian,1399,"89,867.22",Billion Toman,IR-28,Markazi,,,,
gdp_pr_no_oil,GDP provincial current price (without oil),Statistical Center of Iran,persian,1399,"98,821.92",Billion Toman,IR-29,Hormozgan,,,,
gdp_pr_no_oil,GDP provincial current price (without oil),Statistical Center of Iran,persian,1399,"66,832.60",Billion Toman,IR-30,Hamadan,,,,
gdp_pr_no_oil,GDP provincial current price (without oil),Statistical Center of Iran,persian,1399,"120,672.92",Billion Toman,IR-31,Yazd,,,,
gdp_pr_no_oil,GDP provincial current price (without oil),Statistical Center of Iran,persian,1399,"4,729.55",Billion Toman,IR-X,Supranational (Iran),,,,
gdp_pr_no_oil,GDP provincial current price (without oil),Statistical Center of Iran,persian,1399,"4,249,334.53",Billion Toman,IR,Iran,,,,
gdp_pr_no_oil,GDP provincial current price (without oil),Statistical Center of Iran,persian,1400,"286,287.59",Billion Toman,IR-01,East Azerbaijan,,,,
gdp_pr_no_oil,GDP provincial current price (without oil),Statistical Center of Iran,persian,1400,"149,323.41",Billion Toman,IR-02,West Azerbaijan,,,,
gdp_pr_no_oil,GDP provincial current price (without oil),Statistical Center of Iran,persian,1400,"65,153.45",Billion Toman,IR-03,Ardabil,,,,
gdp_pr_no_oil,GDP provincial current price (without oil),Statistical Center of Iran,persian,1400,"454,166.02",Billion Toman,IR-04,Isfahan,,,,
gdp_pr_no_oil,GDP provincial current price (without oil),Statistical Center of Iran,persian,1400,"183,407.29",Billion Toman,IR-05,Alborz,,,,
gdp_pr_no_oil,GDP provincial current price (without oil),Statistical Center of Iran,persian,1400,"25,630.22",Billion Toman,IR-06,Ilam,,,,
gdp_pr_no_oil,GDP provincial current price (without oil),Statistical Center of Iran,persian,1400,"266,721.18",Billion Toman,IR-07,Bushehr,,,,
gdp_pr_no_oil,GDP provincial current price (without oil),Statistical Center of Iran,persian,1400,"1,737,101.68",Billion Toman,IR-08,Tehran,,,,
gdp_pr_no_oil,GDP provincial current price (without oil),Statistical Center of Iran,persian,1400,"47,848.11",Billion Toman,IR-09,Chaharmahal and Bakhtiari,,,,
gdp_pr_no_oil,GDP provincial current price (without oil),Statistical Center of Iran,persian,1400,"38,483.96",Billion Toman,IR-10,South Khorasan,,,,
gdp_pr_no_oil,GDP provincial current price (without oil),Statistical Center of Iran,persian,1400,"348,425.04",Billion Toman,IR-11,Razavi Khorasan,,,,
gdp_pr_no_oil,GDP provincial current price (without oil),Statistical Center of Iran,persian,1400,"48,994.80",Billion Toman,IR-12,North Khorasan,,,,
gdp_pr_no_oil,GDP provincial current price (without oil),Statistical Center of Iran,persian,1400,"403,977.16",Billion Toman,IR-13,Khuzestan,,,,
gdp_pr_no_oil,GDP provincial current price (without oil),Statistical Center of Iran,persian,1400,"99,527.99",Billion Toman,IR-14,Zanjan,,,,
gdp_pr_no_oil,GDP provincial current price (without oil),Statistical Center of Iran,persian,1400,"90,664.62",Billion Toman,IR-15,Semnan,,,,
gdp_pr_no_oil,GDP provincial current price (without oil),Statistical Center of Iran,persian,1400,"79,368.29",Billion Toman,IR-16,Sistan and Baluchestan,,,,
gdp_pr_no_oil,GDP provincial current price (without oil),Statistical Center of Iran,persian,1400,"316,778.71",Billion Toman,IR-17,Fars,,,,
gdp_pr_no_oil,GDP provincial current price (without oil),Statistical Center of Iran,persian,1400,"107,709.51",Billion Toman,IR-18,Qazvin,,,,
gdp_pr_no_oil,GDP provincial current price (without oil),Statistical Center of Iran,persian,1400,"70,559.14",Billion Toman,IR-19,Qom,,,,
gdp_pr_no_oil,GDP provincial current price (without oil),Statistical Center of Iran,persian,1400,"72,112.14",Billion Toman,IR-20,Kurdistan,,,,
gdp_pr_no_oil,GDP provincial current price (without oil),Statistical Center of Iran,persian,1400,"288,444.34",Billion Toman,IR-21,Kerman,,,,
gdp_pr_no_oil,GDP provincial current price (without oil),Statistical Center of Iran,persian,1400,"113,261.98",Billion Toman,IR-22,Kermanshah,,,,
gdp_pr_no_oil,GDP provincial current price (without oil),Statistical Center of Iran,persian,1400,"37,769.85",Billion Toman,IR-23,Kohgiluyeh and Boyer-Ahmad,,,,
gdp_pr_no_oil,GDP provincial current price (without oil),Statistical Center of Iran,persian,1400,"95,255.20",Billion Toman,IR-24,Golestan,,,,
gdp_pr_no_oil,GDP provincial current price (without oil),Statistical Center of Iran,persian,1400,"155,305.56",Billion Toman,IR-25,Gilan,,,,
gdp_pr_no_oil,GDP provincial current price (without oil),Statistical Center of Iran,persian,1400,"71,871.36",Billion Toman,IR-26,Lorestan,,,,
gdp_pr_no_oil,GDP provincial current price (without oil),Statistical Center of Iran,persian,1400,"263,278.42",Billion Toman,IR-27,Mazandaran,,,,
gdp_pr_no_oil,GDP provincial current price (without oil),Statistical Center of Iran,persian,1400,"145,177.00",Billion Toman,IR-28,Markazi,,,,
gdp_pr_no_oil,GDP provincial current price (without oil),Statistical Center of Iran,persian,1400,"167,317.29",Billion Toman,IR-29,Hormozgan,,,,
gdp_pr_no_oil,GDP provincial current price (without oil),Statistical Center of Iran,persian,1400,"102,336.88",Billion Toman,IR-30,Hamadan,,,,
gdp_pr_no_oil,GDP provincial current price (without oil),Statistical Center of Iran,persian,1400,"217,265.96",Billion Toman,IR-31,Yazd,,,,
gdp_pr_no_oil,GDP provincial current price (without oil),Statistical Center of Iran,persian,1400,"4,189.78",Billion Toman,IR-X,Supranational (Iran),,,,
gdp_pr_no_oil,GDP provincial current price (without oil),Statistical Center of Iran,persian,1400,"6,553,713.95",Billion Toman,IR,Iran,,,,
gdp_pr_oil_share,GDP provincial share,Statistical Center of Iran,persian,1390,2.88,%,IR-01,East Azerbaijan,,,,
gdp_pr_oil_share,GDP provincial share,Statistical Center of Iran,persian,1390,1.77,%,IR-02,West Azerbaijan,,,,
gdp_pr_oil_share,GDP provincial share,Statistical Center of Iran,persian,1390,0.70,%,IR-03,Ardabil,,,,
gdp_pr_oil_share,GDP provincial share,Statistical Center of Iran,persian,1390,5.10,%,IR-04,Isfahan,,,,
gdp_pr_oil_share,GDP provincial share,Statistical Center of Iran,persian,1390,2.14,%,IR-05,Alborz,,,,
gdp_pr_oil_share,GDP provincial share,Statistical Center of Iran,persian,1390,1.22,%,IR-06,Ilam,,,,
gdp_pr_oil_share,GDP provincial share,Statistical Center of Iran,persian,1390,5.15,%,IR-07,Bushehr,,,,
gdp_pr_oil_share,GDP provincial share,Statistical Center of Iran,persian,1390,23.29,%,IR-08,Tehran,,,,
gdp_pr_oil_share,GDP provincial share,Statistical Center of Iran,persian,1390,0.56,%,IR-09,Chaharmahal and Bakhtiari,,,,
gdp_pr_oil_share,GDP provincial share,Statistical Center of Iran,persian,1390,0.35,%,IR-10,South Khorasan,,,,
gdp_pr_oil_share,GDP provincial share,Statistical Center of Iran,persian,1390,4.40,%,IR-11,Razavi Khorasan,,,,
gdp_pr_oil_share,GDP provincial share,Statistical Center of Iran,persian,1390,0.45,%,IR-12,North Khorasan,,,,
gdp_pr_oil_share,GDP provincial share,Statistical Center of Iran,persian,1390,20.30,%,IR-13,Khuzestan,,,,
gdp_pr_oil_share,GDP provincial share,Statistical Center of Iran,persian,1390,0.79,%,IR-14,Zanjan,,,,
gdp_pr_oil_share,GDP provincial share,Statistical Center of Iran,persian,1390,0.69,%,IR-15,Semnan,,,,
gdp_pr_oil_share,GDP provincial share,Statistical Center of Iran,persian,1390,0.90,%,IR-16,Sistan and Baluchestan,,,,
gdp_pr_oil_share,GDP provincial share,Statistical Center of Iran,persian,1390,4.00,%,IR-17,Fars,,,,
gdp_pr_oil_share,GDP provincial share,Statistical Center of Iran,persian,1390,1.26,%,IR-18,Qazvin,,,,
gdp_pr_oil_share,GDP provincial share,Statistical Center of Iran,persian,1390,0.73,%,IR-19,Qom,,,,
gdp_pr_oil_share,GDP provincial share,Statistical Center of Iran,persian,1390,0.80,%,IR-20,Kurdistan,,,,
gdp_pr_oil_share,GDP provincial share,Statistical Center of Iran,persian,1390,2.11,%,IR-21,Kerman,,,,
gdp_pr_oil_share,GDP provincial share,Statistical Center of Iran,persian,1390,1.49,%,IR-22,Kermanshah,,,,
gdp_pr_oil_share,GDP provincial share,Statistical Center of Iran,persian,1390,2.66,%,IR-23,Kohgiluyeh and Boyer-Ahmad,,,,
gdp_pr_oil_share,GDP provincial share,Statistical Center of Iran,persian,1390,0.99,%,IR-24,Golestan,,,,
gdp_pr_oil_share,GDP provincial share,Statistical Center of Iran,persian,1390,1.93,%,IR-25,Gilan,,,,
gdp_pr_oil_share,GDP provincial share,Statistical Center of Iran,persian,1390,0.99,%,IR-26,Lorestan,,,,
gdp_pr_oil_share,GDP provincial share,Statistical Center of Iran,persian,1390,3.16,%,IR-27,Mazandaran,,,,
gdp_pr_oil_share,GDP provincial share,Statistical Center of Iran,persian,1390,1.44,%,IR-28,Markazi,,,,
gdp_pr_oil_share,GDP provincial share,Statistical Center of Iran,persian,1390,1.46,%,IR-29,Hormozgan,,,,
gdp_pr_oil_share,GDP provincial share,Statistical Center of Iran,persian,1390,1.16,%,IR-30,Hamadan,,,,
gdp_pr_oil_share,GDP provincial share,Statistical Center of Iran,persian,1390,1.44,%,IR-31,Yazd,,,,
gdp_pr_oil_share,GDP provincial share,Statistical Center of Iran,persian,1390,3.68,%,IR-X,Supranational (Iran),,,,
gdp_pr_oil_share,GDP provincial share,Statistical Center of Iran,persian,1390,100.00,%,IR,Iran,,,,
gdp_pr_oil_share,GDP provincial share,Statistical Center of Iran,persian,1391,3.04,%,IR-01,East Azerbaijan,,,,
gdp_pr_oil_share,GDP provincial share,Statistical Center of Iran,persian,1391,1.87,%,IR-02,West Azerbaijan,,,,
gdp_pr_oil_share,GDP provincial share,Statistical Center of Iran,persian,1391,0.74,%,IR-03,Ardabil,,,,
gdp_pr_oil_share,GDP provincial share,Statistical Center of Iran,persian,1391,4.86,%,IR-04,Isfahan,,,,
gdp_pr_oil_share,GDP provincial share,Statistical Center of Iran,persian,1391,2.30,%,IR-05,Alborz,,,,
gdp_pr_oil_share,GDP provincial share,Statistical Center of Iran,persian,1391,0.74,%,IR-06,Ilam,,,,
gdp_pr_oil_share,GDP provincial share,Statistical Center of Iran,persian,1391,5.09,%,IR-07,Bushehr,,,,
gdp_pr_oil_share,GDP provincial share,Statistical Center of Iran,persian,1391,23.01,%,IR-08,Tehran,,,,
gdp_pr_oil_share,GDP provincial share,Statistical Center of Iran,persian,1391,0.57,%,IR-09,Chaharmahal and Bakhtiari,,,,
gdp_pr_oil_share,GDP provincial share,Statistical Center of Iran,persian,1391,0.38,%,IR-10,South Khorasan,,,,
gdp_pr_oil_share,GDP provincial share,Statistical Center of Iran,persian,1391,4.45,%,IR-11,Razavi Khorasan,,,,
gdp_pr_oil_share,GDP provincial share,Statistical Center of Iran,persian,1391,0.48,%,IR-12,North Khorasan,,,,
gdp_pr_oil_share,GDP provincial share,Statistical Center of Iran,persian,1391,19.69,%,IR-13,Khuzestan,,,,
gdp_pr_oil_share,GDP provincial share,Statistical Center of Iran,persian,1391,0.86,%,IR-14,Zanjan,,,,
gdp_pr_oil_share,GDP provincial share,Statistical Center of Iran,persian,1391,0.71,%,IR-15,Semnan,,,,
gdp_pr_oil_share,GDP provincial share,Statistical Center of Iran,persian,1391,1.05,%,IR-16,Sistan and Baluchestan,,,,
gdp_pr_oil_share,GDP provincial share,Statistical Center of Iran,persian,1391,4.22,%,IR-17,Fars,,,,
gdp_pr_oil_share,GDP provincial share,Statistical Center of Iran,persian,1391,1.32,%,IR-18,Qazvin,,,,
gdp_pr_oil_share,GDP provincial share,Statistical Center of Iran,persian,1391,0.76,%,IR-19,Qom,,,,
gdp_pr_oil_share,GDP provincial share,Statistical Center of Iran,persian,1391,0.85,%,IR-20,Kurdistan,,,,
gdp_pr_oil_share,GDP provincial share,Statistical Center of Iran,persian,1391,2.65,%,IR-21,Kerman,,,,
gdp_pr_oil_share,GDP provincial share,Statistical Center of Iran,persian,1391,1.50,%,IR-22,Kermanshah,,,,
gdp_pr_oil_share,GDP provincial share,Statistical Center of Iran,persian,1391,2.33,%,IR-23,Kohgiluyeh and Boyer-Ahmad,,,,
gdp_pr_oil_share,GDP provincial share,Statistical Center of Iran,persian,1391,1.06,%,IR-24,Golestan,,,,
gdp_pr_oil_share,GDP provincial share,Statistical Center of Iran,persian,1391,2.05,%,IR-25,Gilan,,,,
gdp_pr_oil_share,GDP provincial share,Statistical Center of Iran,persian,1391,1.05,%,IR-26,Lorestan,,,,
gdp_pr_oil_share,GDP provincial share,Statistical Center of Iran,persian,1391,3.31,%,IR-27,Mazandaran,,,,
gdp_pr_oil_share,GDP provincial share,Statistical Center of Iran,persian,1391,1.51,%,IR-28,Markazi,,,,
gdp_pr_oil_share,GDP provincial share,Statistical Center of Iran,persian,1391,1.70,%,IR-29,Hormozgan,,,,
gdp_pr_oil_share,GDP provincial share,Statistical Center of Iran,persian,1391,1.18,%,IR-30,Hamadan,,,,
gdp_pr_oil_share,GDP provincial share,Statistical Center of Iran,persian,1391,1.59,%,IR-31,Yazd,,,,
gdp_pr_oil_share,GDP provincial share,Statistical Center of Iran,persian,1391,3.06,%,IR-X,Supranational (Iran),,,,
gdp_pr_oil_share,GDP provincial share,Statistical Center of Iran,persian,1391,100.00,%,IR,Iran,,,,
gdp_pr_oil_share,GDP provincial share,Statistical Center of Iran,persian,1392,2.84,%,IR-01,East Azerbaijan,,,,
gdp_pr_oil_share,GDP provincial share,Statistical Center of Iran,persian,1392,1.85,%,IR-02,West Azerbaijan,,,,
gdp_pr_oil_share,GDP provincial share,Statistical Center of Iran,persian,1392,0.77,%,IR-03,Ardabil,,,,
gdp_pr_oil_share,GDP provincial share,Statistical Center of Iran,persian,1392,5.14,%,IR-04,Isfahan,,,,
gdp_pr_oil_share,GDP provincial share,Statistical Center of Iran,persian,1392,2.04,%,IR-05,Alborz,,,,
gdp_pr_oil_share,GDP provincial share,Statistical Center of Iran,persian,1392,0.96,%,IR-06,Ilam,,,,
gdp_pr_oil_share,GDP provincial share,Statistical Center of Iran,persian,1392,6.21,%,IR-07,Bushehr,,,,
gdp_pr_oil_share,GDP provincial share,Statistical Center of Iran,persian,1392,22.46,%,IR-08,Tehran,,,,
gdp_pr_oil_share,GDP provincial share,Statistical Center of Iran,persian,1392,0.55,%,IR-09,Chaharmahal and Bakhtiari,,,,
gdp_pr_oil_share,GDP provincial share,Statistical Center of Iran,persian,1392,0.36,%,IR-10,South Khorasan,,,,
gdp_pr_oil_share,GDP provincial share,Statistical Center of Iran,persian,1392,4.25,%,IR-11,Razavi Khorasan,,,,
gdp_pr_oil_share,GDP provincial share,Statistical Center of Iran,persian,1392,0.49,%,IR-12,North Khorasan,,,,
gdp_pr_oil_share,GDP provincial share,Statistical Center of Iran,persian,1392,18.04,%,IR-13,Khuzestan,,,,
gdp_pr_oil_share,GDP provincial share,Statistical Center of Iran,persian,1392,0.86,%,IR-14,Zanjan,,,,
gdp_pr_oil_share,GDP provincial share,Statistical Center of Iran,persian,1392,0.69,%,IR-15,Semnan,,,,
gdp_pr_oil_share,GDP provincial share,Statistical Center of Iran,persian,1392,0.87,%,IR-16,Sistan and Baluchestan,,,,
gdp_pr_oil_share,GDP provincial share,Statistical Center of Iran,persian,1392,4.21,%,IR-17,Fars,,,,
gdp_pr_oil_share,GDP provincial share,Statistical Center of Iran,persian,1392,1.21,%,IR-18,Qazvin,,,,
gdp_pr_oil_share,GDP provincial share,Statistical Center of Iran,persian,1392,0.72,%,IR-19,Qom,,,,
gdp_pr_oil_share,GDP provincial share,Statistical Center of Iran,persian,1392,0.83,%,IR-20,Kurdistan,,,,
gdp_pr_oil_share,GDP provincial share,Statistical Center of Iran,persian,1392,2.49,%,IR-21,Kerman,,,,
gdp_pr_oil_share,GDP provincial share,Statistical Center of Iran,persian,1392,1.36,%,IR-22,Kermanshah,,,,
gdp_pr_oil_share,GDP provincial share,Statistical Center of Iran,persian,1392,2.50,%,IR-23,Kohgiluyeh and Boyer-Ahmad,,,,
gdp_pr_oil_share,GDP provincial share,Statistical Center of Iran,persian,1392,1.05,%,IR-24,Golestan,,,,
gdp_pr_oil_share,GDP provincial share,Statistical Center of Iran,persian,1392,2.03,%,IR-25,Gilan,,,,
gdp_pr_oil_share,GDP provincial share,Statistical Center of Iran,persian,1392,1.00,%,IR-26,Lorestan,,,,
gdp_pr_oil_share,GDP provincial share,Statistical Center of Iran,persian,1392,3.21,%,IR-27,Mazandaran,,,,
gdp_pr_oil_share,GDP provincial share,Statistical Center of Iran,persian,1392,1.56,%,IR-28,Markazi,,,,
gdp_pr_oil_share,GDP provincial share,Statistical Center of Iran,persian,1392,1.71,%,IR-29,Hormozgan,,,,
gdp_pr_oil_share,GDP provincial share,Statistical Center of Iran,persian,1392,1.23,%,IR-30,Hamadan,,,,
gdp_pr_oil_share,GDP provincial share,Statistical Center of Iran,persian,1392,1.58,%,IR-31,Yazd,,,,
gdp_pr_oil_share,GDP provincial share,Statistical Center of Iran,persian,1392,4.92,%,IR-X,Supranational (Iran),,,,
gdp_pr_oil_share,GDP provincial share,Statistical Center of Iran,persian,1392,100.00,%,IR,Iran,,,,
gdp_pr_oil_share,GDP provincial share,Statistical Center of Iran,persian,1393,3.06,%,IR-01,East Azerbaijan,,,,
gdp_pr_oil_share,GDP provincial share,Statistical Center of Iran,persian,1393,1.95,%,IR-02,West Azerbaijan,,,,
gdp_pr_oil_share,GDP provincial share,Statistical Center of Iran,persian,1393,0.83,%,IR-03,Ardabil,,,,
gdp_pr_oil_share,GDP provincial share,Statistical Center of Iran,persian,1393,5.35,%,IR-04,Isfahan,,,,
gdp_pr_oil_share,GDP provincial share,Statistical Center of Iran,persian,1393,2.34,%,IR-05,Alborz,,,,
gdp_pr_oil_share,GDP provincial share,Statistical Center of Iran,persian,1393,0.85,%,IR-06,Ilam,,,,
gdp_pr_oil_share,GDP provincial share,Statistical Center of Iran,persian,1393,6.87,%,IR-07,Bushehr,,,,
gdp_pr_oil_share,GDP provincial share,Statistical Center of Iran,persian,1393,23.84,%,IR-08,Tehran,,,,
gdp_pr_oil_share,GDP provincial share,Statistical Center of Iran,persian,1393,0.56,%,IR-09,Chaharmahal and Bakhtiari,,,,
gdp_pr_oil_share,GDP provincial share,Statistical Center of Iran,persian,1393,0.40,%,IR-10,South Khorasan,,,,
gdp_pr_oil_share,GDP provincial share,Statistical Center of Iran,persian,1393,4.83,%,IR-11,Razavi Khorasan,,,,
gdp_pr_oil_share,GDP provincial share,Statistical Center of Iran,persian,1393,0.51,%,IR-12,North Khorasan,,,,
gdp_pr_oil_share,GDP provincial share,Statistical Center of Iran,persian,1393,15.53,%,IR-13,Khuzestan,,,,
gdp_pr_oil_share,GDP provincial share,Statistical Center of Iran,persian,1393,0.90,%,IR-14,Zanjan,,,,
gdp_pr_oil_share,GDP provincial share,Statistical Center of Iran,persian,1393,0.72,%,IR-15,Semnan,,,,
gdp_pr_oil_share,GDP provincial share,Statistical Center of Iran,persian,1393,1.01,%,IR-16,Sistan and Baluchestan,,,,
gdp_pr_oil_share,GDP provincial share,Statistical Center of Iran,persian,1393,4.43,%,IR-17,Fars,,,,
gdp_pr_oil_share,GDP provincial share,Statistical Center of Iran,persian,1393,1.40,%,IR-18,Qazvin,,,,
gdp_pr_oil_share,GDP provincial share,Statistical Center of Iran,persian,1393,0.79,%,IR-19,Qom,,,,
gdp_pr_oil_share,GDP provincial share,Statistical Center of Iran,persian,1393,0.90,%,IR-20,Kurdistan,,,,
gdp_pr_oil_share,GDP provincial share,Statistical Center of Iran,persian,1393,2.51,%,IR-21,Kerman,,,,
gdp_pr_oil_share,GDP provincial share,Statistical Center of Iran,persian,1393,1.52,%,IR-22,Kermanshah,,,,
gdp_pr_oil_share,GDP provincial share,Statistical Center of Iran,persian,1393,2.52,%,IR-23,Kohgiluyeh and Boyer-Ahmad,,,,
gdp_pr_oil_share,GDP provincial share,Statistical Center of Iran,persian,1393,1.16,%,IR-24,Golestan,,,,
gdp_pr_oil_share,GDP provincial share,Statistical Center of Iran,persian,1393,2.19,%,IR-25,Gilan,,,,
gdp_pr_oil_share,GDP provincial share,Statistical Center of Iran,persian,1393,1.00,%,IR-26,Lorestan,,,,
gdp_pr_oil_share,GDP provincial share,Statistical Center of Iran,persian,1393,3.37,%,IR-27,Mazandaran,,,,
gdp_pr_oil_share,GDP provincial share,Statistical Center of Iran,persian,1393,1.71,%,IR-28,Markazi,,,,
gdp_pr_oil_share,GDP provincial share,Statistical Center of Iran,persian,1393,1.66,%,IR-29,Hormozgan,,,,
gdp_pr_oil_share,GDP provincial share,Statistical Center of Iran,persian,1393,1.33,%,IR-30,Hamadan,,,,
gdp_pr_oil_share,GDP provincial share,Statistical Center of Iran,persian,1393,1.71,%,IR-31,Yazd,,,,
gdp_pr_oil_share,GDP provincial share,Statistical Center of Iran,persian,1393,2.27,%,IR-X,Supranational (Iran),,,,
gdp_pr_oil_share,GDP provincial share,Statistical Center of Iran,persian,1393,100.00,%,IR,Iran,,,,
gdp_pr_oil_share,GDP provincial share,Statistical Center of Iran,persian,1394,3.49,%,IR-01,East Azerbaijan,,,,
gdp_pr_oil_share,GDP provincial share,Statistical Center of Iran,persian,1394,2.26,%,IR-02,West Azerbaijan,,,,
gdp_pr_oil_share,GDP provincial share,Statistical Center of Iran,persian,1394,0.96,%,IR-03,Ardabil,,,,
gdp_pr_oil_share,GDP provincial share,Statistical Center of Iran,persian,1394,5.77,%,IR-04,Isfahan,,,,
gdp_pr_oil_share,GDP provincial share,Statistical Center of Iran,persian,1394,2.74,%,IR-05,Alborz,,,,
gdp_pr_oil_share,GDP provincial share,Statistical Center of Iran,persian,1394,0.72,%,IR-06,Ilam,,,,
gdp_pr_oil_share,GDP provincial share,Statistical Center of Iran,persian,1394,4.95,%,IR-07,Bushehr,,,,
gdp_pr_oil_share,GDP provincial share,Statistical Center of Iran,persian,1394,26.14,%,IR-08,Tehran,,,,
gdp_pr_oil_share,GDP provincial share,Statistical Center of Iran,persian,1394,0.66,%,IR-09,Chaharmahal and Bakhtiari,,,,
gdp_pr_oil_share,GDP provincial share,Statistical Center of Iran,persian,1394,0.50,%,IR-10,South Khorasan,,,,
gdp_pr_oil_share,GDP provincial share,Statistical Center of Iran,persian,1394,5.42,%,IR-11,Razavi Khorasan,,,,
gdp_pr_oil_share,GDP provincial share,Statistical Center of Iran,persian,1394,0.56,%,IR-12,North Khorasan,,,,
gdp_pr_oil_share,GDP provincial share,Statistical Center of Iran,persian,1394,11.00,%,IR-13,Khuzestan,,,,
gdp_pr_oil_share,GDP provincial share,Statistical Center of Iran,persian,1394,1.10,%,IR-14,Zanjan,,,,
gdp_pr_oil_share,GDP provincial share,Statistical Center of Iran,persian,1394,0.83,%,IR-15,Semnan,,,,
gdp_pr_oil_share,GDP provincial share,Statistical Center of Iran,persian,1394,1.30,%,IR-16,Sistan and Baluchestan,,,,
gdp_pr_oil_share,GDP provincial share,Statistical Center of Iran,persian,1394,4.79,%,IR-17,Fars,,,,
gdp_pr_oil_share,GDP provincial share,Statistical Center of Iran,persian,1394,1.72,%,IR-18,Qazvin,,,,
gdp_pr_oil_share,GDP provincial share,Statistical Center of Iran,persian,1394,0.90,%,IR-19,Qom,,,,
gdp_pr_oil_share,GDP provincial share,Statistical Center of Iran,persian,1394,1.03,%,IR-20,Kurdistan,,,,
gdp_pr_oil_share,GDP provincial share,Statistical Center of Iran,persian,1394,2.76,%,IR-21,Kerman,,,,
gdp_pr_oil_share,GDP provincial share,Statistical Center of Iran,persian,1394,1.62,%,IR-22,Kermanshah,,,,
gdp_pr_oil_share,GDP provincial share,Statistical Center of Iran,persian,1394,1.70,%,IR-23,Kohgiluyeh and Boyer-Ahmad,,,,
gdp_pr_oil_share,GDP provincial share,Statistical Center of Iran,persian,1394,1.36,%,IR-24,Golestan,,,,
gdp_pr_oil_share,GDP provincial share,Statistical Center of Iran,persian,1394,2.48,%,IR-25,Gilan,,,,
gdp_pr_oil_share,GDP provincial share,Statistical Center of Iran,persian,1394,1.18,%,IR-26,Lorestan,,,,
gdp_pr_oil_share,GDP provincial share,Statistical Center of Iran,persian,1394,3.92,%,IR-27,Mazandaran,,,,
gdp_pr_oil_share,GDP provincial share,Statistical Center of Iran,persian,1394,1.86,%,IR-28,Markazi,,,,
gdp_pr_oil_share,GDP provincial share,Statistical Center of Iran,persian,1394,1.93,%,IR-29,Hormozgan,,,,
gdp_pr_oil_share,GDP provincial share,Statistical Center of Iran,persian,1394,1.43,%,IR-30,Hamadan,,,,
gdp_pr_oil_share,GDP provincial share,Statistical Center of Iran,persian,1394,1.77,%,IR-31,Yazd,,,,
gdp_pr_oil_share,GDP provincial share,Statistical Center of Iran,persian,1394,1.15,%,IR-X,Supranational (Iran),,,,
gdp_pr_oil_share,GDP provincial share,Statistical Center of Iran,persian,1394,100.00,%,IR,Iran,,,,
gdp_pr_oil_share,GDP provincial share,Statistical Center of Iran,persian,1395,3.38,%,IR-01,East Azerbaijan,,,,
gdp_pr_oil_share,GDP provincial share,Statistical Center of Iran,persian,1395,2.13,%,IR-02,West Azerbaijan,,,,
gdp_pr_oil_share,GDP provincial share,Statistical Center of Iran,persian,1395,0.88,%,IR-03,Ardabil,,,,
gdp_pr_oil_share,GDP provincial share,Statistical Center of Iran,persian,1395,5.63,%,IR-04,Isfahan,,,,
gdp_pr_oil_share,GDP provincial share,Statistical Center of Iran,persian,1395,2.57,%,IR-05,Alborz,,,,
gdp_pr_oil_share,GDP provincial share,Statistical Center of Iran,persian,1395,0.94,%,IR-06,Ilam,,,,
gdp_pr_oil_share,GDP provincial share,Statistical Center of Iran,persian,1395,5.76,%,IR-07,Bushehr,,,,
gdp_pr_oil_share,GDP provincial share,Statistical Center of Iran,persian,1395,25.06,%,IR-08,Tehran,,,,
gdp_pr_oil_share,GDP provincial share,Statistical Center of Iran,persian,1395,0.62,%,IR-09,Chaharmahal and Bakhtiari,,,,
gdp_pr_oil_share,GDP provincial share,Statistical Center of Iran,persian,1395,0.47,%,IR-10,South Khorasan,,,,
gdp_pr_oil_share,GDP provincial share,Statistical Center of Iran,persian,1395,4.88,%,IR-11,Razavi Khorasan,,,,
gdp_pr_oil_share,GDP provincial share,Statistical Center of Iran,persian,1395,0.54,%,IR-12,North Khorasan,,,,
gdp_pr_oil_share,GDP provincial share,Statistical Center of Iran,persian,1395,13.03,%,IR-13,Khuzestan,,,,
gdp_pr_oil_share,GDP provincial share,Statistical Center of Iran,persian,1395,1.08,%,IR-14,Zanjan,,,,
gdp_pr_oil_share,GDP provincial share,Statistical Center of Iran,persian,1395,0.89,%,IR-15,Semnan,,,,
gdp_pr_oil_share,GDP provincial share,Statistical Center of Iran,persian,1395,1.26,%,IR-16,Sistan and Baluchestan,,,,
gdp_pr_oil_share,GDP provincial share,Statistical Center of Iran,persian,1395,4.69,%,IR-17,Fars,,,,
gdp_pr_oil_share,GDP provincial share,Statistical Center of Iran,persian,1395,1.61,%,IR-18,Qazvin,,,,
gdp_pr_oil_share,GDP provincial share,Statistical Center of Iran,persian,1395,0.86,%,IR-19,Qom,,,,
gdp_pr_oil_share,GDP provincial share,Statistical Center of Iran,persian,1395,1.01,%,IR-20,Kurdistan,,,,
gdp_pr_oil_share,GDP provincial share,Statistical Center of Iran,persian,1395,2.76,%,IR-21,Kerman,,,,
gdp_pr_oil_share,GDP provincial share,Statistical Center of Iran,persian,1395,1.52,%,IR-22,Kermanshah,,,,
gdp_pr_oil_share,GDP provincial share,Statistical Center of Iran,persian,1395,1.96,%,IR-23,Kohgiluyeh and Boyer-Ahmad,,,,
gdp_pr_oil_share,GDP provincial share,Statistical Center of Iran,persian,1395,1.32,%,IR-24,Golestan,,,,
gdp_pr_oil_share,GDP provincial share,Statistical Center of Iran,persian,1395,2.40,%,IR-25,Gilan,,,,
gdp_pr_oil_share,GDP provincial share,Statistical Center of Iran,persian,1395,1.12,%,IR-26,Lorestan,,,,
gdp_pr_oil_share,GDP provincial share,Statistical Center of Iran,persian,1395,3.71,%,IR-27,Mazandaran,,,,
gdp_pr_oil_share,GDP provincial share,Statistical Center of Iran,persian,1395,1.75,%,IR-28,Markazi,,,,
gdp_pr_oil_share,GDP provincial share,Statistical Center of Iran,persian,1395,1.96,%,IR-29,Hormozgan,,,,
gdp_pr_oil_share,GDP provincial share,Statistical Center of Iran,persian,1395,1.33,%,IR-30,Hamadan,,,,
gdp_pr_oil_share,GDP provincial share,Statistical Center of Iran,persian,1395,1.66,%,IR-31,Yazd,,,,
gdp_pr_oil_share,GDP provincial share,Statistical Center of Iran,persian,1395,1.22,%,IR-X,Supranational (Iran),,,,
gdp_pr_oil_share,GDP provincial share,Statistical Center of Iran,persian,1395,100.00,%,IR,Iran,,,,
gdp_pr_oil_share,GDP provincial share,Statistical Center of Iran,persian,1396,3.31,%,IR-01,East Azerbaijan,,,,
gdp_pr_oil_share,GDP provincial share,Statistical Center of Iran,persian,1396,1.99,%,IR-02,West Azerbaijan,,,,
gdp_pr_oil_share,GDP provincial share,Statistical Center of Iran,persian,1396,0.85,%,IR-03,Ardabil,,,,
gdp_pr_oil_share,GDP provincial share,Statistical Center of Iran,persian,1396,5.59,%,IR-04,Isfahan,,,,
gdp_pr_oil_share,GDP provincial share,Statistical Center of Iran,persian,1396,2.50,%,IR-05,Alborz,,,,
gdp_pr_oil_share,GDP provincial share,Statistical Center of Iran,persian,1396,1.09,%,IR-06,Ilam,,,,
gdp_pr_oil_share,GDP provincial share,Statistical Center of Iran,persian,1396,5.02,%,IR-07,Bushehr,,,,
gdp_pr_oil_share,GDP provincial share,Statistical Center of Iran,persian,1396,24.38,%,IR-08,Tehran,,,,
gdp_pr_oil_share,GDP provincial share,Statistical Center of Iran,persian,1396,0.61,%,IR-09,Chaharmahal and Bakhtiari,,,,
gdp_pr_oil_share,GDP provincial share,Statistical Center of Iran,persian,1396,0.46,%,IR-10,South Khorasan,,,,
gdp_pr_oil_share,GDP provincial share,Statistical Center of Iran,persian,1396,4.71,%,IR-11,Razavi Khorasan,,,,
gdp_pr_oil_share,GDP provincial share,Statistical Center of Iran,persian,1396,0.52,%,IR-12,North Khorasan,,,,
gdp_pr_oil_share,GDP provincial share,Statistical Center of Iran,persian,1396,14.90,%,IR-13,Khuzestan,,,,
gdp_pr_oil_share,GDP provincial share,Statistical Center of Iran,persian,1396,1.09,%,IR-14,Zanjan,,,,
gdp_pr_oil_share,GDP provincial share,Statistical Center of Iran,persian,1396,0.82,%,IR-15,Semnan,,,,
gdp_pr_oil_share,GDP provincial share,Statistical Center of Iran,persian,1396,1.24,%,IR-16,Sistan and Baluchestan,,,,
gdp_pr_oil_share,GDP provincial share,Statistical Center of Iran,persian,1396,4.45,%,IR-17,Fars,,,,
gdp_pr_oil_share,GDP provincial share,Statistical Center of Iran,persian,1396,1.46,%,IR-18,Qazvin,,,,
gdp_pr_oil_share,GDP provincial share,Statistical Center of Iran,persian,1396,0.82,%,IR-19,Qom,,,,
gdp_pr_oil_share,GDP provincial share,Statistical Center of Iran,persian,1396,0.94,%,IR-20,Kurdistan,,,,
gdp_pr_oil_share,GDP provincial share,Statistical Center of Iran,persian,1396,2.86,%,IR-21,Kerman,,,,
gdp_pr_oil_share,GDP provincial share,Statistical Center of Iran,persian,1396,1.47,%,IR-22,Kermanshah,,,,
gdp_pr_oil_share,GDP provincial share,Statistical Center of Iran,persian,1396,2.17,%,IR-23,Kohgiluyeh and Boyer-Ahmad,,,,
gdp_pr_oil_share,GDP provincial share,Statistical Center of Iran,persian,1396,1.23,%,IR-24,Golestan,,,,
gdp_pr_oil_share,GDP provincial share,Statistical Center of Iran,persian,1396,2.37,%,IR-25,Gilan,,,,
gdp_pr_oil_share,GDP provincial share,Statistical Center of Iran,persian,1396,1.09,%,IR-26,Lorestan,,,,
gdp_pr_oil_share,GDP provincial share,Statistical Center of Iran,persian,1396,3.60,%,IR-27,Mazandaran,,,,
gdp_pr_oil_share,GDP provincial share,Statistical Center of Iran,persian,1396,1.76,%,IR-28,Markazi,,,,
gdp_pr_oil_share,GDP provincial share,Statistical Center of Iran,persian,1396,2.10,%,IR-29,Hormozgan,,,,
gdp_pr_oil_share,GDP provincial share,Statistical Center of Iran,persian,1396,1.30,%,IR-30,Hamadan,,,,
gdp_pr_oil_share,GDP provincial share,Statistical Center of Iran,persian,1396,1.62,%,IR-31,Yazd,,,,
gdp_pr_oil_share,GDP provincial share,Statistical Center of Iran,persian,1396,1.70,%,IR-X,Supranational (Iran),,,,
gdp_pr_oil_share,GDP provincial share,Statistical Center of Iran,persian,1396,100.00,%,IR,Iran,,,,
gdp_pr_oil_share,GDP provincial share,Statistical Center of Iran,persian,1397,3.31,%,IR-01,East Azerbaijan,,,,
gdp_pr_oil_share,GDP provincial share,Statistical Center of Iran,persian,1397,1.93,%,IR-02,West Azerbaijan,,,,
gdp_pr_oil_share,GDP provincial share,Statistical Center of Iran,persian,1397,0.78,%,IR-03,Ardabil,,,,
gdp_pr_oil_share,GDP provincial share,Statistical Center of Iran,persian,1397,5.26,%,IR-04,Isfahan,,,,
gdp_pr_oil_share,GDP provincial share,Statistical Center of Iran,persian,1397,2.30,%,IR-05,Alborz,,,,
gdp_pr_oil_share,GDP provincial share,Statistical Center of Iran,persian,1397,1.32,%,IR-06,Ilam,,,,
gdp_pr_oil_share,GDP provincial share,Statistical Center of Iran,persian,1397,6.25,%,IR-07,Bushehr,,,,
gdp_pr_oil_share,GDP provincial share,Statistical Center of Iran,persian,1397,21.93,%,IR-08,Tehran,,,,
gdp_pr_oil_share,GDP provincial share,Statistical Center of Iran,persian,1397,0.58,%,IR-09,Chaharmahal and Bakhtiari,,,,
gdp_pr_oil_share,GDP provincial share,Statistical Center of Iran,persian,1397,0.39,%,IR-10,South Khorasan,,,,
gdp_pr_oil_share,GDP provincial share,Statistical Center of Iran,persian,1397,4.46,%,IR-11,Razavi Khorasan,,,,
gdp_pr_oil_share,GDP provincial share,Statistical Center of Iran,persian,1397,0.53,%,IR-12,North Khorasan,,,,
gdp_pr_oil_share,GDP provincial share,Statistical Center of Iran,persian,1397,18.03,%,IR-13,Khuzestan,,,,
gdp_pr_oil_share,GDP provincial share,Statistical Center of Iran,persian,1397,0.98,%,IR-14,Zanjan,,,,
gdp_pr_oil_share,GDP provincial share,Statistical Center of Iran,persian,1397,0.75,%,IR-15,Semnan,,,,
gdp_pr_oil_share,GDP provincial share,Statistical Center of Iran,persian,1397,1.13,%,IR-16,Sistan and Baluchestan,,,,
gdp_pr_oil_share,GDP provincial share,Statistical Center of Iran,persian,1397,4.29,%,IR-17,Fars,,,,
gdp_pr_oil_share,GDP provincial share,Statistical Center of Iran,persian,1397,1.33,%,IR-18,Qazvin,,,,
gdp_pr_oil_share,GDP provincial share,Statistical Center of Iran,persian,1397,0.73,%,IR-19,Qom,,,,
gdp_pr_oil_share,GDP provincial share,Statistical Center of Iran,persian,1397,0.86,%,IR-20,Kurdistan,,,,
gdp_pr_oil_share,GDP provincial share,Statistical Center of Iran,persian,1397,2.49,%,IR-21,Kerman,,,,
gdp_pr_oil_share,GDP provincial share,Statistical Center of Iran,persian,1397,1.66,%,IR-22,Kermanshah,,,,
gdp_pr_oil_share,GDP provincial share,Statistical Center of Iran,persian,1397,2.27,%,IR-23,Kohgiluyeh and Boyer-Ahmad,,,,
gdp_pr_oil_share,GDP provincial share,Statistical Center of Iran,persian,1397,1.14,%,IR-24,Golestan,,,,
gdp_pr_oil_share,GDP provincial share,Statistical Center of Iran,persian,1397,2.12,%,IR-25,Gilan,,,,
gdp_pr_oil_share,GDP provincial share,Statistical Center of Iran,persian,1397,0.99,%,IR-26,Lorestan,,,,
gdp_pr_oil_share,GDP provincial share,Statistical Center of Iran,persian,1397,3.24,%,IR-27,Mazandaran,,,,
gdp_pr_oil_share,GDP provincial share,Statistical Center of Iran,persian,1397,1.84,%,IR-28,Markazi,,,,
gdp_pr_oil_share,GDP provincial share,Statistical Center of Iran,persian,1397,2.04,%,IR-29,Hormozgan,,,,
gdp_pr_oil_share,GDP provincial share,Statistical Center of Iran,persian,1397,1.34,%,IR-30,Hamadan,,,,
gdp_pr_oil_share,GDP provincial share,Statistical Center of Iran,persian,1397,1.70,%,IR-31,Yazd,,,,
gdp_pr_oil_share,GDP provincial share,Statistical Center of Iran,persian,1397,2.04,%,IR-X,Supranational (Iran),,,,
gdp_pr_oil_share,GDP provincial share,Statistical Center of Iran,persian,1397,100.00,%,IR,Iran,,,,
gdp_pr_oil_share,GDP provincial share,Statistical Center of Iran,persian,1398,3.32,%,IR-01,East Azerbaijan,,,,
gdp_pr_oil_share,GDP provincial share,Statistical Center of Iran,persian,1398,1.88,%,IR-02,West Azerbaijan,,,,
gdp_pr_oil_share,GDP provincial share,Statistical Center of Iran,persian,1398,0.91,%,IR-03,Ardabil,,,,
gdp_pr_oil_share,GDP provincial share,Statistical Center of Iran,persian,1398,5.28,%,IR-04,Isfahan,,,,
gdp_pr_oil_share,GDP provincial share,Statistical Center of Iran,persian,1398,2.50,%,IR-05,Alborz,,,,
gdp_pr_oil_share,GDP provincial share,Statistical Center of Iran,persian,1398,1.05,%,IR-06,Ilam,,,,
gdp_pr_oil_share,GDP provincial share,Statistical Center of Iran,persian,1398,6.75,%,IR-07,Bushehr,,,,
gdp_pr_oil_share,GDP provincial share,Statistical Center of Iran,persian,1398,22.51,%,IR-08,Tehran,,,,
gdp_pr_oil_share,GDP provincial share,Statistical Center of Iran,persian,1398,0.61,%,IR-09,Chaharmahal and Bakhtiari,,,,
gdp_pr_oil_share,GDP provincial share,Statistical Center of Iran,persian,1398,0.46,%,IR-10,South Khorasan,,,,
gdp_pr_oil_share,GDP provincial share,Statistical Center of Iran,persian,1398,4.52,%,IR-11,Razavi Khorasan,,,,
gdp_pr_oil_share,GDP provincial share,Statistical Center of Iran,persian,1398,0.56,%,IR-12,North Khorasan,,,,
gdp_pr_oil_share,GDP provincial share,Statistical Center of Iran,persian,1398,16.62,%,IR-13,Khuzestan,,,,
gdp_pr_oil_share,GDP provincial share,Statistical Center of Iran,persian,1398,1.03,%,IR-14,Zanjan,,,,
gdp_pr_oil_share,GDP provincial share,Statistical Center of Iran,persian,1398,0.97,%,IR-15,Semnan,,,,
gdp_pr_oil_share,GDP provincial share,Statistical Center of Iran,persian,1398,1.04,%,IR-16,Sistan and Baluchestan,,,,
gdp_pr_oil_share,GDP provincial share,Statistical Center of Iran,persian,1398,4.07,%,IR-17,Fars,,,,
gdp_pr_oil_share,GDP provincial share,Statistical Center of Iran,persian,1398,1.41,%,IR-18,Qazvin,,,,
gdp_pr_oil_share,GDP provincial share,Statistical Center of Iran,persian,1398,0.84,%,IR-19,Qom,,,,
gdp_pr_oil_share,GDP provincial share,Statistical Center of Iran,persian,1398,0.88,%,IR-20,Kurdistan,,,,
gdp_pr_oil_share,GDP provincial share,Statistical Center of Iran,persian,1398,3.13,%,IR-21,Kerman,,,,
gdp_pr_oil_share,GDP provincial share,Statistical Center of Iran,persian,1398,1.52,%,IR-22,Kermanshah,,,,
gdp_pr_oil_share,GDP provincial share,Statistical Center of Iran,persian,1398,1.26,%,IR-23,Kohgiluyeh and Boyer-Ahmad,,,,
gdp_pr_oil_share,GDP provincial share,Statistical Center of Iran,persian,1398,1.27,%,IR-24,Golestan,,,,
gdp_pr_oil_share,GDP provincial share,Statistical Center of Iran,persian,1398,2.20,%,IR-25,Gilan,,,,
gdp_pr_oil_share,GDP provincial share,Statistical Center of Iran,persian,1398,1.01,%,IR-26,Lorestan,,,,
gdp_pr_oil_share,GDP provincial share,Statistical Center of Iran,persian,1398,3.31,%,IR-27,Mazandaran,,,,
gdp_pr_oil_share,GDP provincial share,Statistical Center of Iran,persian,1398,1.80,%,IR-28,Markazi,,,,
gdp_pr_oil_share,GDP provincial share,Statistical Center of Iran,persian,1398,2.25,%,IR-29,Hormozgan,,,,
gdp_pr_oil_share,GDP provincial share,Statistical Center of Iran,persian,1398,1.30,%,IR-30,Hamadan,,,,
gdp_pr_oil_share,GDP provincial share,Statistical Center of Iran,persian,1398,1.89,%,IR-31,Yazd,,,,
gdp_pr_oil_share,GDP provincial share,Statistical Center of Iran,persian,1398,1.84,%,IR-X,Supranational (Iran),,,,
gdp_pr_oil_share,GDP provincial share,Statistical Center of Iran,persian,1398,100.00,%,IR,Iran,,,,
gdp_pr_oil_share,GDP provincial share,Statistical Center of Iran,persian,1399,3.65,%,IR-01,East Azerbaijan,,,,
gdp_pr_oil_share,GDP provincial share,Statistical Center of Iran,persian,1399,1.94,%,IR-02,West Azerbaijan,,,,
gdp_pr_oil_share,GDP provincial share,Statistical Center of Iran,persian,1399,0.91,%,IR-03,Ardabil,,,,
gdp_pr_oil_share,GDP provincial share,Statistical Center of Iran,persian,1399,5.88,%,IR-04,Isfahan,,,,
gdp_pr_oil_share,GDP provincial share,Statistical Center of Iran,persian,1399,2.32,%,IR-05,Alborz,,,,
gdp_pr_oil_share,GDP provincial share,Statistical Center of Iran,persian,1399,1.02,%,IR-06,Ilam,,,,
gdp_pr_oil_share,GDP provincial share,Statistical Center of Iran,persian,1399,6.16,%,IR-07,Bushehr,,,,
gdp_pr_oil_share,GDP provincial share,Statistical Center of Iran,persian,1399,22.86,%,IR-08,Tehran,,,,
gdp_pr_oil_share,GDP provincial share,Statistical Center of Iran,persian,1399,0.62,%,IR-09,Chaharmahal and Bakhtiari,,,,
gdp_pr_oil_share,GDP provincial share,Statistical Center of Iran,persian,1399,0.46,%,IR-10,South Khorasan,,,,
gdp_pr_oil_share,GDP provincial share,Statistical Center of Iran,persian,1399,4.56,%,IR-11,Razavi Khorasan,,,,
gdp_pr_oil_share,GDP provincial share,Statistical Center of Iran,persian,1399,0.52,%,IR-12,North Khorasan,,,,
gdp_pr_oil_share,GDP provincial share,Statistical Center of Iran,persian,1399,14.67,%,IR-13,Khuzestan,,,,
gdp_pr_oil_share,GDP provincial share,Statistical Center of Iran,persian,1399,1.21,%,IR-14,Zanjan,,,,
gdp_pr_oil_share,GDP provincial share,Statistical Center of Iran,persian,1399,1.00,%,IR-15,Semnan,,,,
gdp_pr_oil_share,GDP provincial share,Statistical Center of Iran,persian,1399,1.04,%,IR-16,Sistan and Baluchestan,,,,
gdp_pr_oil_share,GDP provincial share,Statistical Center of Iran,persian,1399,4.08,%,IR-17,Fars,,,,
gdp_pr_oil_share,GDP provincial share,Statistical Center of Iran,persian,1399,1.46,%,IR-18,Qazvin,,,,
gdp_pr_oil_share,GDP provincial share,Statistical Center of Iran,persian,1399,0.87,%,IR-19,Qom,,,,
gdp_pr_oil_share,GDP provincial share,Statistical Center of Iran,persian,1399,0.87,%,IR-20,Kurdistan,,,,
gdp_pr_oil_share,GDP provincial share,Statistical Center of Iran,persian,1399,3.53,%,IR-21,Kerman,,,,
gdp_pr_oil_share,GDP provincial share,Statistical Center of Iran,persian,1399,1.52,%,IR-22,Kermanshah,,,,
gdp_pr_oil_share,GDP provincial share,Statistical Center of Iran,persian,1399,1.23,%,IR-23,Kohgiluyeh and Boyer-Ahmad,,,,
gdp_pr_oil_share,GDP provincial share,Statistical Center of Iran,persian,1399,1.20,%,IR-24,Golestan,,,,
gdp_pr_oil_share,GDP provincial share,Statistical Center of Iran,persian,1399,2.16,%,IR-25,Gilan,,,,
gdp_pr_oil_share,GDP provincial share,Statistical Center of Iran,persian,1399,0.98,%,IR-26,Lorestan,,,,
gdp_pr_oil_share,GDP provincial share,Statistical Center of Iran,persian,1399,3.36,%,IR-27,Mazandaran,,,,
gdp_pr_oil_share,GDP provincial share,Statistical Center of Iran,persian,1399,2.09,%,IR-28,Markazi,,,,
gdp_pr_oil_share,GDP provincial share,Statistical Center of Iran,persian,1399,2.59,%,IR-29,Hormozgan,,,,
gdp_pr_oil_share,GDP provincial share,Statistical Center of Iran,persian,1399,1.30,%,IR-30,Hamadan,,,,
gdp_pr_oil_share,GDP provincial share,Statistical Center of Iran,persian,1399,2.33,%,IR-31,Yazd,,,,
gdp_pr_oil_share,GDP provincial share,Statistical Center of Iran,persian,1399,1.62,%,IR-X,Supranational (Iran),,,,
gdp_pr_oil_share,GDP provincial share,Statistical Center of Iran,persian,1399,100.00,%,IR,Iran,,,,
gdp_pr_oil_share,GDP provincial share,Statistical Center of Iran,persian,1400,3.44,%,IR-01,East Azerbaijan,,,,
gdp_pr_oil_share,GDP provincial share,Statistical Center of Iran,persian,1400,1.75,%,IR-02,West Azerbaijan,,,,
gdp_pr_oil_share,GDP provincial share,Statistical Center of Iran,persian,1400,0.76,%,IR-03,Ardabil,,,,
gdp_pr_oil_share,GDP provincial share,Statistical Center of Iran,persian,1400,5.60,%,IR-04,Isfahan,,,,
gdp_pr_oil_share,GDP provincial share,Statistical Center of Iran,persian,1400,2.16,%,IR-05,Alborz,,,,
gdp_pr_oil_share,GDP provincial share,Statistical Center of Iran,persian,1400,1.23,%,IR-06,Ilam,,,,
gdp_pr_oil_share,GDP provincial share,Statistical Center of Iran,persian,1400,7.96,%,IR-07,Bushehr,,,,
gdp_pr_oil_share,GDP provincial share,Statistical Center of Iran,persian,1400,20.63,%,IR-08,Tehran,,,,
gdp_pr_oil_share,GDP provincial share,Statistical Center of Iran,persian,1400,0.56,%,IR-09,Chaharmahal and Bakhtiari,,,,
gdp_pr_oil_share,GDP provincial share,Statistical Center of Iran,persian,1400,0.45,%,IR-10,South Khorasan,,,,
gdp_pr_oil_share,GDP provincial share,Statistical Center of Iran,persian,1400,4.11,%,IR-11,Razavi Khorasan,,,,
gdp_pr_oil_share,GDP provincial share,Statistical Center of Iran,persian,1400,0.57,%,IR-12,North Khorasan,,,,
gdp_pr_oil_share,GDP provincial share,Statistical Center of Iran,persian,1400,16.97,%,IR-13,Khuzestan,,,,
gdp_pr_oil_share,GDP provincial share,Statistical Center of Iran,persian,1400,1.17,%,IR-14,Zanjan,,,,
gdp_pr_oil_share,GDP provincial share,Statistical Center of Iran,persian,1400,1.07,%,IR-15,Semnan,,,,
gdp_pr_oil_share,GDP provincial share,Statistical Center of Iran,persian,1400,0.93,%,IR-16,Sistan and Baluchestan,,,,
gdp_pr_oil_share,GDP provincial share,Statistical Center of Iran,persian,1400,4.01,%,IR-17,Fars,,,,
gdp_pr_oil_share,GDP provincial share,Statistical Center of Iran,persian,1400,1.27,%,IR-18,Qazvin,,,,
gdp_pr_oil_share,GDP provincial share,Statistical Center of Iran,persian,1400,0.85,%,IR-19,Qom,,,,
gdp_pr_oil_share,GDP provincial share,Statistical Center of Iran,persian,1400,0.85,%,IR-20,Kurdistan,,,,
gdp_pr_oil_share,GDP provincial share,Statistical Center of Iran,persian,1400,3.38,%,IR-21,Kerman,,,,
gdp_pr_oil_share,GDP provincial share,Statistical Center of Iran,persian,1400,1.35,%,IR-22,Kermanshah,,,,
gdp_pr_oil_share,GDP provincial share,Statistical Center of Iran,persian,1400,1.84,%,IR-23,Kohgiluyeh and Boyer-Ahmad,,,,
gdp_pr_oil_share,GDP provincial share,Statistical Center of Iran,persian,1400,1.12,%,IR-24,Golestan,,,,
gdp_pr_oil_share,GDP provincial share,Statistical Center of Iran,persian,1400,1.82,%,IR-25,Gilan,,,,
gdp_pr_oil_share,GDP provincial share,Statistical Center of Iran,persian,1400,0.87,%,IR-26,Lorestan,,,,
gdp_pr_oil_share,GDP provincial share,Statistical Center of Iran,persian,1400,3.09,%,IR-27,Mazandaran,,,,
gdp_pr_oil_share,GDP provincial share,Statistical Center of Iran,persian,1400,2.05,%,IR-28,Markazi,,,,
gdp_pr_oil_share,GDP provincial share,Statistical Center of Iran,persian,1400,2.54,%,IR-29,Hormozgan,,,,
gdp_pr_oil_share,GDP provincial share,Statistical Center of Iran,persian,1400,1.20,%,IR-30,Hamadan,,,,
gdp_pr_oil_share,GDP provincial share,Statistical Center of Iran,persian,1400,2.55,%,IR-31,Yazd,,,,
gdp_pr_oil_share,GDP provincial share,Statistical Center of Iran,persian,1400,1.84,%,IR-X,Supranational (Iran),,,,
gdp_pr_oil_share,GDP provincial share,Statistical Center of Iran,persian,1400,100.00,%,IR,Iran,,,,
gdp_pr_no_oil_share,GDP provincial share (without oil),Statistical Center of Iran,persian,1390,3.88,%,IR-01,East Azerbaijan,,,,
gdp_pr_no_oil_share,GDP provincial share (without oil),Statistical Center of Iran,persian,1390,2.44,%,IR-02,West Azerbaijan,,,,
gdp_pr_no_oil_share,GDP provincial share (without oil),Statistical Center of Iran,persian,1390,0.96,%,IR-03,Ardabil,,,,
gdp_pr_no_oil_share,GDP provincial share (without oil),Statistical Center of Iran,persian,1390,6.64,%,IR-04,Isfahan,,,,
gdp_pr_no_oil_share,GDP provincial share (without oil),Statistical Center of Iran,persian,1390,2.94,%,IR-05,Alborz,,,,
gdp_pr_no_oil_share,GDP provincial share (without oil),Statistical Center of Iran,persian,1390,0.40,%,IR-06,Ilam,,,,
gdp_pr_no_oil_share,GDP provincial share (without oil),Statistical Center of Iran,persian,1390,3.28,%,IR-07,Bushehr,,,,
gdp_pr_no_oil_share,GDP provincial share (without oil),Statistical Center of Iran,persian,1390,31.89,%,IR-08,Tehran,,,,
gdp_pr_no_oil_share,GDP provincial share (without oil),Statistical Center of Iran,persian,1390,0.77,%,IR-09,Chaharmahal and Bakhtiari,,,,
gdp_pr_no_oil_share,GDP provincial share (without oil),Statistical Center of Iran,persian,1390,0.48,%,IR-10,South Khorasan,,,,
gdp_pr_no_oil_share,GDP provincial share (without oil),Statistical Center of Iran,persian,1390,6.04,%,IR-11,Razavi Khorasan,,,,
gdp_pr_no_oil_share,GDP provincial share (without oil),Statistical Center of Iran,persian,1390,0.61,%,IR-12,North Khorasan,,,,
gdp_pr_no_oil_share,GDP provincial share (without oil),Statistical Center of Iran,persian,1390,5.16,%,IR-13,Khuzestan,,,,
gdp_pr_no_oil_share,GDP provincial share (without oil),Statistical Center of Iran,persian,1390,1.08,%,IR-14,Zanjan,,,,
gdp_pr_no_oil_share,GDP provincial share (without oil),Statistical Center of Iran,persian,1390,0.95,%,IR-15,Semnan,,,,
gdp_pr_no_oil_share,GDP provincial share (without oil),Statistical Center of Iran,persian,1390,1.24,%,IR-16,Sistan and Baluchestan,,,,
gdp_pr_no_oil_share,GDP provincial share (without oil),Statistical Center of Iran,persian,1390,5.00,%,IR-17,Fars,,,,
gdp_pr_no_oil_share,GDP provincial share (without oil),Statistical Center of Iran,persian,1390,1.73,%,IR-18,Qazvin,,,,
gdp_pr_no_oil_share,GDP provincial share (without oil),Statistical Center of Iran,persian,1390,1.01,%,IR-19,Qom,,,,
gdp_pr_no_oil_share,GDP provincial share (without oil),Statistical Center of Iran,persian,1390,1.11,%,IR-20,Kurdistan,,,,
gdp_pr_no_oil_share,GDP provincial share (without oil),Statistical Center of Iran,persian,1390,2.91,%,IR-21,Kerman,,,,
gdp_pr_no_oil_share,GDP provincial share (without oil),Statistical Center of Iran,persian,1390,1.89,%,IR-22,Kermanshah,,,,
gdp_pr_no_oil_share,GDP provincial share (without oil),Statistical Center of Iran,persian,1390,0.62,%,IR-23,Kohgiluyeh and Boyer-Ahmad,,,,
gdp_pr_no_oil_share,GDP provincial share (without oil),Statistical Center of Iran,persian,1390,1.36,%,IR-24,Golestan,,,,
gdp_pr_no_oil_share,GDP provincial share (without oil),Statistical Center of Iran,persian,1390,2.66,%,IR-25,Gilan,,,,
gdp_pr_no_oil_share,GDP provincial share (without oil),Statistical Center of Iran,persian,1390,1.30,%,IR-26,Lorestan,,,,
gdp_pr_no_oil_share,GDP provincial share (without oil),Statistical Center of Iran,persian,1390,4.34,%,IR-27,Mazandaran,,,,
gdp_pr_no_oil_share,GDP provincial share (without oil),Statistical Center of Iran,persian,1390,1.83,%,IR-28,Markazi,,,,
gdp_pr_no_oil_share,GDP provincial share (without oil),Statistical Center of Iran,persian,1390,1.83,%,IR-29,Hormozgan,,,,
gdp_pr_no_oil_share,GDP provincial share (without oil),Statistical Center of Iran,persian,1390,1.59,%,IR-30,Hamadan,,,,
gdp_pr_no_oil_share,GDP provincial share (without oil),Statistical Center of Iran,persian,1390,1.99,%,IR-31,Yazd,,,,
gdp_pr_no_oil_share,GDP provincial share (without oil),Statistical Center of Iran,persian,1390,0.04,%,IR-X,Supranational (Iran),,,,
gdp_pr_no_oil_share,GDP provincial share (without oil),Statistical Center of Iran,persian,1390,100.00,%,IR,Iran,,,,
gdp_pr_no_oil_share,GDP provincial share (without oil),Statistical Center of Iran,persian,1391,3.91,%,IR-01,East Azerbaijan,,,,
gdp_pr_no_oil_share,GDP provincial share (without oil),Statistical Center of Iran,persian,1391,2.45,%,IR-02,West Azerbaijan,,,,
gdp_pr_no_oil_share,GDP provincial share (without oil),Statistical Center of Iran,persian,1391,0.98,%,IR-03,Ardabil,,,,
gdp_pr_no_oil_share,GDP provincial share (without oil),Statistical Center of Iran,persian,1391,6.14,%,IR-04,Isfahan,,,,
gdp_pr_no_oil_share,GDP provincial share (without oil),Statistical Center of Iran,persian,1391,3.01,%,IR-05,Alborz,,,,
gdp_pr_no_oil_share,GDP provincial share (without oil),Statistical Center of Iran,persian,1391,0.41,%,IR-06,Ilam,,,,
gdp_pr_no_oil_share,GDP provincial share (without oil),Statistical Center of Iran,persian,1391,3.74,%,IR-07,Bushehr,,,,
gdp_pr_no_oil_share,GDP provincial share (without oil),Statistical Center of Iran,persian,1391,29.93,%,IR-08,Tehran,,,,
gdp_pr_no_oil_share,GDP provincial share (without oil),Statistical Center of Iran,persian,1391,0.75,%,IR-09,Chaharmahal and Bakhtiari,,,,
gdp_pr_no_oil_share,GDP provincial share (without oil),Statistical Center of Iran,persian,1391,0.50,%,IR-10,South Khorasan,,,,
gdp_pr_no_oil_share,GDP provincial share (without oil),Statistical Center of Iran,persian,1391,5.81,%,IR-11,Razavi Khorasan,,,,
gdp_pr_no_oil_share,GDP provincial share (without oil),Statistical Center of Iran,persian,1391,0.62,%,IR-12,North Khorasan,,,,
gdp_pr_no_oil_share,GDP provincial share (without oil),Statistical Center of Iran,persian,1391,6.14,%,IR-13,Khuzestan,,,,
gdp_pr_no_oil_share,GDP provincial share (without oil),Statistical Center of Iran,persian,1391,1.13,%,IR-14,Zanjan,,,,
gdp_pr_no_oil_share,GDP provincial share (without oil),Statistical Center of Iran,persian,1391,0.93,%,IR-15,Semnan,,,,
gdp_pr_no_oil_share,GDP provincial share (without oil),Statistical Center of Iran,persian,1391,1.38,%,IR-16,Sistan and Baluchestan,,,,
gdp_pr_no_oil_share,GDP provincial share (without oil),Statistical Center of Iran,persian,1391,5.01,%,IR-17,Fars,,,,
gdp_pr_no_oil_share,GDP provincial share (without oil),Statistical Center of Iran,persian,1391,1.72,%,IR-18,Qazvin,,,,
gdp_pr_no_oil_share,GDP provincial share (without oil),Statistical Center of Iran,persian,1391,0.99,%,IR-19,Qom,,,,
gdp_pr_no_oil_share,GDP provincial share (without oil),Statistical Center of Iran,persian,1391,1.12,%,IR-20,Kurdistan,,,,
gdp_pr_no_oil_share,GDP provincial share (without oil),Statistical Center of Iran,persian,1391,3.48,%,IR-21,Kerman,,,,
gdp_pr_no_oil_share,GDP provincial share (without oil),Statistical Center of Iran,persian,1391,1.78,%,IR-22,Kermanshah,,,,
gdp_pr_no_oil_share,GDP provincial share (without oil),Statistical Center of Iran,persian,1391,0.66,%,IR-23,Kohgiluyeh and Boyer-Ahmad,,,,
gdp_pr_no_oil_share,GDP provincial share (without oil),Statistical Center of Iran,persian,1391,1.39,%,IR-24,Golestan,,,,
gdp_pr_no_oil_share,GDP provincial share (without oil),Statistical Center of Iran,persian,1391,2.68,%,IR-25,Gilan,,,,
gdp_pr_no_oil_share,GDP provincial share (without oil),Statistical Center of Iran,persian,1391,1.32,%,IR-26,Lorestan,,,,
gdp_pr_no_oil_share,GDP provincial share (without oil),Statistical Center of Iran,persian,1391,4.33,%,IR-27,Mazandaran,,,,
gdp_pr_no_oil_share,GDP provincial share (without oil),Statistical Center of Iran,persian,1391,1.91,%,IR-28,Markazi,,,,
gdp_pr_no_oil_share,GDP provincial share (without oil),Statistical Center of Iran,persian,1391,2.00,%,IR-29,Hormozgan,,,,
gdp_pr_no_oil_share,GDP provincial share (without oil),Statistical Center of Iran,persian,1391,1.55,%,IR-30,Hamadan,,,,
gdp_pr_no_oil_share,GDP provincial share (without oil),Statistical Center of Iran,persian,1391,2.08,%,IR-31,Yazd,,,,
gdp_pr_no_oil_share,GDP provincial share (without oil),Statistical Center of Iran,persian,1391,0.15,%,IR-X,Supranational (Iran),,,,
gdp_pr_no_oil_share,GDP provincial share (without oil),Statistical Center of Iran,persian,1391,100.00,%,IR,Iran,,,,
gdp_pr_no_oil_share,GDP provincial share (without oil),Statistical Center of Iran,persian,1392,3.77,%,IR-01,East Azerbaijan,,,,
gdp_pr_no_oil_share,GDP provincial share (without oil),Statistical Center of Iran,persian,1392,2.55,%,IR-02,West Azerbaijan,,,,
gdp_pr_no_oil_share,GDP provincial share (without oil),Statistical Center of Iran,persian,1392,1.06,%,IR-03,Ardabil,,,,
gdp_pr_no_oil_share,GDP provincial share (without oil),Statistical Center of Iran,persian,1392,6.77,%,IR-04,Isfahan,,,,
gdp_pr_no_oil_share,GDP provincial share (without oil),Statistical Center of Iran,persian,1392,2.80,%,IR-05,Alborz,,,,
gdp_pr_no_oil_share,GDP provincial share (without oil),Statistical Center of Iran,persian,1392,0.39,%,IR-06,Ilam,,,,
gdp_pr_no_oil_share,GDP provincial share (without oil),Statistical Center of Iran,persian,1392,3.47,%,IR-07,Bushehr,,,,
gdp_pr_no_oil_share,GDP provincial share (without oil),Statistical Center of Iran,persian,1392,30.52,%,IR-08,Tehran,,,,
gdp_pr_no_oil_share,GDP provincial share (without oil),Statistical Center of Iran,persian,1392,0.75,%,IR-09,Chaharmahal and Bakhtiari,,,,
gdp_pr_no_oil_share,GDP provincial share (without oil),Statistical Center of Iran,persian,1392,0.49,%,IR-10,South Khorasan,,,,
gdp_pr_no_oil_share,GDP provincial share (without oil),Statistical Center of Iran,persian,1392,5.81,%,IR-11,Razavi Khorasan,,,,
gdp_pr_no_oil_share,GDP provincial share (without oil),Statistical Center of Iran,persian,1392,0.67,%,IR-12,North Khorasan,,,,
gdp_pr_no_oil_share,GDP provincial share (without oil),Statistical Center of Iran,persian,1392,5.31,%,IR-13,Khuzestan,,,,
gdp_pr_no_oil_share,GDP provincial share (without oil),Statistical Center of Iran,persian,1392,1.17,%,IR-14,Zanjan,,,,
gdp_pr_no_oil_share,GDP provincial share (without oil),Statistical Center of Iran,persian,1392,0.94,%,IR-15,Semnan,,,,
gdp_pr_no_oil_share,GDP provincial share (without oil),Statistical Center of Iran,persian,1392,1.19,%,IR-16,Sistan and Baluchestan,,,,
gdp_pr_no_oil_share,GDP provincial share (without oil),Statistical Center of Iran,persian,1392,5.17,%,IR-17,Fars,,,,
gdp_pr_no_oil_share,GDP provincial share (without oil),Statistical Center of Iran,persian,1392,1.66,%,IR-18,Qazvin,,,,
gdp_pr_no_oil_share,GDP provincial share (without oil),Statistical Center of Iran,persian,1392,0.98,%,IR-19,Qom,,,,
gdp_pr_no_oil_share,GDP provincial share (without oil),Statistical Center of Iran,persian,1392,1.14,%,IR-20,Kurdistan,,,,
gdp_pr_no_oil_share,GDP provincial share (without oil),Statistical Center of Iran,persian,1392,3.42,%,IR-21,Kerman,,,,
gdp_pr_no_oil_share,GDP provincial share (without oil),Statistical Center of Iran,persian,1392,1.73,%,IR-22,Kermanshah,,,,
gdp_pr_no_oil_share,GDP provincial share (without oil),Statistical Center of Iran,persian,1392,0.62,%,IR-23,Kohgiluyeh and Boyer-Ahmad,,,,
gdp_pr_no_oil_share,GDP provincial share (without oil),Statistical Center of Iran,persian,1392,1.44,%,IR-24,Golestan,,,,
gdp_pr_no_oil_share,GDP provincial share (without oil),Statistical Center of Iran,persian,1392,2.77,%,IR-25,Gilan,,,,
gdp_pr_no_oil_share,GDP provincial share (without oil),Statistical Center of Iran,persian,1392,1.32,%,IR-26,Lorestan,,,,
gdp_pr_no_oil_share,GDP provincial share (without oil),Statistical Center of Iran,persian,1392,4.40,%,IR-27,Mazandaran,,,,
gdp_pr_no_oil_share,GDP provincial share (without oil),Statistical Center of Iran,persian,1392,1.87,%,IR-28,Markazi,,,,
gdp_pr_no_oil_share,GDP provincial share (without oil),Statistical Center of Iran,persian,1392,1.84,%,IR-29,Hormozgan,,,,
gdp_pr_no_oil_share,GDP provincial share (without oil),Statistical Center of Iran,persian,1392,1.68,%,IR-30,Hamadan,,,,
gdp_pr_no_oil_share,GDP provincial share (without oil),Statistical Center of Iran,persian,1392,2.17,%,IR-31,Yazd,,,,
gdp_pr_no_oil_share,GDP provincial share (without oil),Statistical Center of Iran,persian,1392,0.10,%,IR-X,Supranational (Iran),,,,
gdp_pr_no_oil_share,GDP provincial share (without oil),Statistical Center of Iran,persian,1392,100.00,%,IR,Iran,,,,
gdp_pr_no_oil_share,GDP provincial share (without oil),Statistical Center of Iran,persian,1393,3.75,%,IR-01,East Azerbaijan,,,,
gdp_pr_no_oil_share,GDP provincial share (without oil),Statistical Center of Iran,persian,1393,2.43,%,IR-02,West Azerbaijan,,,,
gdp_pr_no_oil_share,GDP provincial share (without oil),Statistical Center of Iran,persian,1393,1.04,%,IR-03,Ardabil,,,,
gdp_pr_no_oil_share,GDP provincial share (without oil),Statistical Center of Iran,persian,1393,6.51,%,IR-04,Isfahan,,,,
gdp_pr_no_oil_share,GDP provincial share (without oil),Statistical Center of Iran,persian,1393,2.92,%,IR-05,Alborz,,,,
gdp_pr_no_oil_share,GDP provincial share (without oil),Statistical Center of Iran,persian,1393,0.45,%,IR-06,Ilam,,,,
gdp_pr_no_oil_share,GDP provincial share (without oil),Statistical Center of Iran,persian,1393,3.83,%,IR-07,Bushehr,,,,
gdp_pr_no_oil_share,GDP provincial share (without oil),Statistical Center of Iran,persian,1393,29.45,%,IR-08,Tehran,,,,
gdp_pr_no_oil_share,GDP provincial share (without oil),Statistical Center of Iran,persian,1393,0.69,%,IR-09,Chaharmahal and Bakhtiari,,,,
gdp_pr_no_oil_share,GDP provincial share (without oil),Statistical Center of Iran,persian,1393,0.50,%,IR-10,South Khorasan,,,,
gdp_pr_no_oil_share,GDP provincial share (without oil),Statistical Center of Iran,persian,1393,6.00,%,IR-11,Razavi Khorasan,,,,
gdp_pr_no_oil_share,GDP provincial share (without oil),Statistical Center of Iran,persian,1393,0.64,%,IR-12,North Khorasan,,,,
gdp_pr_no_oil_share,GDP provincial share (without oil),Statistical Center of Iran,persian,1393,6.35,%,IR-13,Khuzestan,,,,
gdp_pr_no_oil_share,GDP provincial share (without oil),Statistical Center of Iran,persian,1393,1.12,%,IR-14,Zanjan,,,,
gdp_pr_no_oil_share,GDP provincial share (without oil),Statistical Center of Iran,persian,1393,0.90,%,IR-15,Semnan,,,,
gdp_pr_no_oil_share,GDP provincial share (without oil),Statistical Center of Iran,persian,1393,1.26,%,IR-16,Sistan and Baluchestan,,,,
gdp_pr_no_oil_share,GDP provincial share (without oil),Statistical Center of Iran,persian,1393,5.12,%,IR-17,Fars,,,,
gdp_pr_no_oil_share,GDP provincial share (without oil),Statistical Center of Iran,persian,1393,1.74,%,IR-18,Qazvin,,,,
gdp_pr_no_oil_share,GDP provincial share (without oil),Statistical Center of Iran,persian,1393,0.98,%,IR-19,Qom,,,,
gdp_pr_no_oil_share,GDP provincial share (without oil),Statistical Center of Iran,persian,1393,1.12,%,IR-20,Kurdistan,,,,
gdp_pr_no_oil_share,GDP provincial share (without oil),Statistical Center of Iran,persian,1393,3.13,%,IR-21,Kerman,,,,
gdp_pr_no_oil_share,GDP provincial share (without oil),Statistical Center of Iran,persian,1393,1.81,%,IR-22,Kermanshah,,,,
gdp_pr_no_oil_share,GDP provincial share (without oil),Statistical Center of Iran,persian,1393,0.74,%,IR-23,Kohgiluyeh and Boyer-Ahmad,,,,
gdp_pr_no_oil_share,GDP provincial share (without oil),Statistical Center of Iran,persian,1393,1.45,%,IR-24,Golestan,,,,
gdp_pr_no_oil_share,GDP provincial share (without oil),Statistical Center of Iran,persian,1393,2.73,%,IR-25,Gilan,,,,
gdp_pr_no_oil_share,GDP provincial share (without oil),Statistical Center of Iran,persian,1393,1.21,%,IR-26,Lorestan,,,,
gdp_pr_no_oil_share,GDP provincial share (without oil),Statistical Center of Iran,persian,1393,4.20,%,IR-27,Mazandaran,,,,
gdp_pr_no_oil_share,GDP provincial share (without oil),Statistical Center of Iran,persian,1393,1.97,%,IR-28,Markazi,,,,
gdp_pr_no_oil_share,GDP provincial share (without oil),Statistical Center of Iran,persian,1393,1.97,%,IR-29,Hormozgan,,,,
gdp_pr_no_oil_share,GDP provincial share (without oil),Statistical Center of Iran,persian,1393,1.65,%,IR-30,Hamadan,,,,
gdp_pr_no_oil_share,GDP provincial share (without oil),Statistical Center of Iran,persian,1393,2.13,%,IR-31,Yazd,,,,
gdp_pr_no_oil_share,GDP provincial share (without oil),Statistical Center of Iran,persian,1393,0.22,%,IR-X,Supranational (Iran),,,,
gdp_pr_no_oil_share,GDP provincial share (without oil),Statistical Center of Iran,persian,1393,100.00,%,IR,Iran,,,,
gdp_pr_no_oil_share,GDP provincial share (without oil),Statistical Center of Iran,persian,1394,3.92,%,IR-01,East Azerbaijan,,,,
gdp_pr_no_oil_share,GDP provincial share (without oil),Statistical Center of Iran,persian,1394,2.56,%,IR-02,West Azerbaijan,,,,
gdp_pr_no_oil_share,GDP provincial share (without oil),Statistical Center of Iran,persian,1394,1.09,%,IR-03,Ardabil,,,,
gdp_pr_no_oil_share,GDP provincial share (without oil),Statistical Center of Iran,persian,1394,6.38,%,IR-04,Isfahan,,,,
gdp_pr_no_oil_share,GDP provincial share (without oil),Statistical Center of Iran,persian,1394,3.11,%,IR-05,Alborz,,,,
gdp_pr_no_oil_share,GDP provincial share (without oil),Statistical Center of Iran,persian,1394,0.46,%,IR-06,Ilam,,,,
gdp_pr_no_oil_share,GDP provincial share (without oil),Statistical Center of Iran,persian,1394,3.12,%,IR-07,Bushehr,,,,
gdp_pr_no_oil_share,GDP provincial share (without oil),Statistical Center of Iran,persian,1394,29.41,%,IR-08,Tehran,,,,
gdp_pr_no_oil_share,GDP provincial share (without oil),Statistical Center of Iran,persian,1394,0.74,%,IR-09,Chaharmahal and Bakhtiari,,,,
gdp_pr_no_oil_share,GDP provincial share (without oil),Statistical Center of Iran,persian,1394,0.57,%,IR-10,South Khorasan,,,,
gdp_pr_no_oil_share,GDP provincial share (without oil),Statistical Center of Iran,persian,1394,6.14,%,IR-11,Razavi Khorasan,,,,
gdp_pr_no_oil_share,GDP provincial share (without oil),Statistical Center of Iran,persian,1394,0.64,%,IR-12,North Khorasan,,,,
gdp_pr_no_oil_share,GDP provincial share (without oil),Statistical Center of Iran,persian,1394,5.48,%,IR-13,Khuzestan,,,,
gdp_pr_no_oil_share,GDP provincial share (without oil),Statistical Center of Iran,persian,1394,1.24,%,IR-14,Zanjan,,,,
gdp_pr_no_oil_share,GDP provincial share (without oil),Statistical Center of Iran,persian,1394,0.94,%,IR-15,Semnan,,,,
gdp_pr_no_oil_share,GDP provincial share (without oil),Statistical Center of Iran,persian,1394,1.48,%,IR-16,Sistan and Baluchestan,,,,
gdp_pr_no_oil_share,GDP provincial share (without oil),Statistical Center of Iran,persian,1394,5.17,%,IR-17,Fars,,,,
gdp_pr_no_oil_share,GDP provincial share (without oil),Statistical Center of Iran,persian,1394,1.95,%,IR-18,Qazvin,,,,
gdp_pr_no_oil_share,GDP provincial share (without oil),Statistical Center of Iran,persian,1394,1.02,%,IR-19,Qom,,,,
gdp_pr_no_oil_share,GDP provincial share (without oil),Statistical Center of Iran,persian,1394,1.17,%,IR-20,Kurdistan,,,,
gdp_pr_no_oil_share,GDP provincial share (without oil),Statistical Center of Iran,persian,1394,3.13,%,IR-21,Kerman,,,,
gdp_pr_no_oil_share,GDP provincial share (without oil),Statistical Center of Iran,persian,1394,1.81,%,IR-22,Kermanshah,,,,
gdp_pr_no_oil_share,GDP provincial share (without oil),Statistical Center of Iran,persian,1394,0.67,%,IR-23,Kohgiluyeh and Boyer-Ahmad,,,,
gdp_pr_no_oil_share,GDP provincial share (without oil),Statistical Center of Iran,persian,1394,1.54,%,IR-24,Golestan,,,,
gdp_pr_no_oil_share,GDP provincial share (without oil),Statistical Center of Iran,persian,1394,2.80,%,IR-25,Gilan,,,,
gdp_pr_no_oil_share,GDP provincial share (without oil),Statistical Center of Iran,persian,1394,1.31,%,IR-26,Lorestan,,,,
gdp_pr_no_oil_share,GDP provincial share (without oil),Statistical Center of Iran,persian,1394,4.45,%,IR-27,Mazandaran,,,,
gdp_pr_no_oil_share,GDP provincial share (without oil),Statistical Center of Iran,persian,1394,1.96,%,IR-28,Markazi,,,,
gdp_pr_no_oil_share,GDP provincial share (without oil),Statistical Center of Iran,persian,1394,2.07,%,IR-29,Hormozgan,,,,
gdp_pr_no_oil_share,GDP provincial share (without oil),Statistical Center of Iran,persian,1394,1.62,%,IR-30,Hamadan,,,,
gdp_pr_no_oil_share,GDP provincial share (without oil),Statistical Center of Iran,persian,1394,2.01,%,IR-31,Yazd,,,,
gdp_pr_no_oil_share,GDP provincial share (without oil),Statistical Center of Iran,persian,1394,0.05,%,IR-X,Supranational (Iran),,,,
gdp_pr_no_oil_share,GDP provincial share (without oil),Statistical Center of Iran,persian,1394,100.00,%,IR,Iran,,,,
gdp_pr_no_oil_share,GDP provincial share (without oil),Statistical Center of Iran,persian,1395,3.94,%,IR-01,East Azerbaijan,,,,
gdp_pr_no_oil_share,GDP provincial share (without oil),Statistical Center of Iran,persian,1395,2.52,%,IR-02,West Azerbaijan,,,,
gdp_pr_no_oil_share,GDP provincial share (without oil),Statistical Center of Iran,persian,1395,1.04,%,IR-03,Ardabil,,,,
gdp_pr_no_oil_share,GDP provincial share (without oil),Statistical Center of Iran,persian,1395,6.44,%,IR-04,Isfahan,,,,
gdp_pr_no_oil_share,GDP provincial share (without oil),Statistical Center of Iran,persian,1395,3.03,%,IR-05,Alborz,,,,
gdp_pr_no_oil_share,GDP provincial share (without oil),Statistical Center of Iran,persian,1395,0.49,%,IR-06,Ilam,,,,
gdp_pr_no_oil_share,GDP provincial share (without oil),Statistical Center of Iran,persian,1395,3.23,%,IR-07,Bushehr,,,,
gdp_pr_no_oil_share,GDP provincial share (without oil),Statistical Center of Iran,persian,1395,29.30,%,IR-08,Tehran,,,,
gdp_pr_no_oil_share,GDP provincial share (without oil),Statistical Center of Iran,persian,1395,0.73,%,IR-09,Chaharmahal and Bakhtiari,,,,
gdp_pr_no_oil_share,GDP provincial share (without oil),Statistical Center of Iran,persian,1395,0.55,%,IR-10,South Khorasan,,,,
gdp_pr_no_oil_share,GDP provincial share (without oil),Statistical Center of Iran,persian,1395,5.74,%,IR-11,Razavi Khorasan,,,,
gdp_pr_no_oil_share,GDP provincial share (without oil),Statistical Center of Iran,persian,1395,0.64,%,IR-12,North Khorasan,,,,
gdp_pr_no_oil_share,GDP provincial share (without oil),Statistical Center of Iran,persian,1395,5.77,%,IR-13,Khuzestan,,,,
gdp_pr_no_oil_share,GDP provincial share (without oil),Statistical Center of Iran,persian,1395,1.27,%,IR-14,Zanjan,,,,
gdp_pr_no_oil_share,GDP provincial share (without oil),Statistical Center of Iran,persian,1395,1.03,%,IR-15,Semnan,,,,
gdp_pr_no_oil_share,GDP provincial share (without oil),Statistical Center of Iran,persian,1395,1.49,%,IR-16,Sistan and Baluchestan,,,,
gdp_pr_no_oil_share,GDP provincial share (without oil),Statistical Center of Iran,persian,1395,5.17,%,IR-17,Fars,,,,
gdp_pr_no_oil_share,GDP provincial share (without oil),Statistical Center of Iran,persian,1395,1.90,%,IR-18,Qazvin,,,,
gdp_pr_no_oil_share,GDP provincial share (without oil),Statistical Center of Iran,persian,1395,1.01,%,IR-19,Qom,,,,
gdp_pr_no_oil_share,GDP provincial share (without oil),Statistical Center of Iran,persian,1395,1.19,%,IR-20,Kurdistan,,,,
gdp_pr_no_oil_share,GDP provincial share (without oil),Statistical Center of Iran,persian,1395,3.26,%,IR-21,Kerman,,,,
gdp_pr_no_oil_share,GDP provincial share (without oil),Statistical Center of Iran,persian,1395,1.77,%,IR-22,Kermanshah,,,,
gdp_pr_no_oil_share,GDP provincial share (without oil),Statistical Center of Iran,persian,1395,0.73,%,IR-23,Kohgiluyeh and Boyer-Ahmad,,,,
gdp_pr_no_oil_share,GDP provincial share (without oil),Statistical Center of Iran,persian,1395,1.55,%,IR-24,Golestan,,,,
gdp_pr_no_oil_share,GDP provincial share (without oil),Statistical Center of Iran,persian,1395,2.82,%,IR-25,Gilan,,,,
gdp_pr_no_oil_share,GDP provincial share (without oil),Statistical Center of Iran,persian,1395,1.30,%,IR-26,Lorestan,,,,
gdp_pr_no_oil_share,GDP provincial share (without oil),Statistical Center of Iran,persian,1395,4.38,%,IR-27,Mazandaran,,,,
gdp_pr_no_oil_share,GDP provincial share (without oil),Statistical Center of Iran,persian,1395,1.92,%,IR-28,Markazi,,,,
gdp_pr_no_oil_share,GDP provincial share (without oil),Statistical Center of Iran,persian,1395,2.11,%,IR-29,Hormozgan,,,,
gdp_pr_no_oil_share,GDP provincial share (without oil),Statistical Center of Iran,persian,1395,1.57,%,IR-30,Hamadan,,,,
gdp_pr_no_oil_share,GDP provincial share (without oil),Statistical Center of Iran,persian,1395,1.95,%,IR-31,Yazd,,,,
gdp_pr_no_oil_share,GDP provincial share (without oil),Statistical Center of Iran,persian,1395,0.14,%,IR-X,Supranational (Iran),,,,
gdp_pr_no_oil_share,GDP provincial share (without oil),Statistical Center of Iran,persian,1395,100.00,%,IR,Iran,,,,
gdp_pr_no_oil_share,GDP provincial share (without oil),Statistical Center of Iran,persian,1396,3.92,%,IR-01,East Azerbaijan,,,,
gdp_pr_no_oil_share,GDP provincial share (without oil),Statistical Center of Iran,persian,1396,2.40,%,IR-02,West Azerbaijan,,,,
gdp_pr_no_oil_share,GDP provincial share (without oil),Statistical Center of Iran,persian,1396,1.02,%,IR-03,Ardabil,,,,
gdp_pr_no_oil_share,GDP provincial share (without oil),Statistical Center of Iran,persian,1396,6.51,%,IR-04,Isfahan,,,,
gdp_pr_no_oil_share,GDP provincial share (without oil),Statistical Center of Iran,persian,1396,3.01,%,IR-05,Alborz,,,,
gdp_pr_no_oil_share,GDP provincial share (without oil),Statistical Center of Iran,persian,1396,0.50,%,IR-06,Ilam,,,,
gdp_pr_no_oil_share,GDP provincial share (without oil),Statistical Center of Iran,persian,1396,3.12,%,IR-07,Bushehr,,,,
gdp_pr_no_oil_share,GDP provincial share (without oil),Statistical Center of Iran,persian,1396,29.12,%,IR-08,Tehran,,,,
gdp_pr_no_oil_share,GDP provincial share (without oil),Statistical Center of Iran,persian,1396,0.74,%,IR-09,Chaharmahal and Bakhtiari,,,,
gdp_pr_no_oil_share,GDP provincial share (without oil),Statistical Center of Iran,persian,1396,0.55,%,IR-10,South Khorasan,,,,
gdp_pr_no_oil_share,GDP provincial share (without oil),Statistical Center of Iran,persian,1396,5.64,%,IR-11,Razavi Khorasan,,,,
gdp_pr_no_oil_share,GDP provincial share (without oil),Statistical Center of Iran,persian,1396,0.63,%,IR-12,North Khorasan,,,,
gdp_pr_no_oil_share,GDP provincial share (without oil),Statistical Center of Iran,persian,1396,6.30,%,IR-13,Khuzestan,,,,
gdp_pr_no_oil_share,GDP provincial share (without oil),Statistical Center of Iran,persian,1396,1.31,%,IR-14,Zanjan,,,,
gdp_pr_no_oil_share,GDP provincial share (without oil),Statistical Center of Iran,persian,1396,0.96,%,IR-15,Semnan,,,,
gdp_pr_no_oil_share,GDP provincial share (without oil),Statistical Center of Iran,persian,1396,1.50,%,IR-16,Sistan and Baluchestan,,,,
gdp_pr_no_oil_share,GDP provincial share (without oil),Statistical Center of Iran,persian,1396,4.97,%,IR-17,Fars,,,,
gdp_pr_no_oil_share,GDP provincial share (without oil),Statistical Center of Iran,persian,1396,1.76,%,IR-18,Qazvin,,,,
gdp_pr_no_oil_share,GDP provincial share (without oil),Statistical Center of Iran,persian,1396,0.99,%,IR-19,Qom,,,,
gdp_pr_no_oil_share,GDP provincial share (without oil),Statistical Center of Iran,persian,1396,1.14,%,IR-20,Kurdistan,,,,
gdp_pr_no_oil_share,GDP provincial share (without oil),Statistical Center of Iran,persian,1396,3.45,%,IR-21,Kerman,,,,
gdp_pr_no_oil_share,GDP provincial share (without oil),Statistical Center of Iran,persian,1396,1.75,%,IR-22,Kermanshah,,,,
gdp_pr_no_oil_share,GDP provincial share (without oil),Statistical Center of Iran,persian,1396,0.78,%,IR-23,Kohgiluyeh and Boyer-Ahmad,,,,
gdp_pr_no_oil_share,GDP provincial share (without oil),Statistical Center of Iran,persian,1396,1.49,%,IR-24,Golestan,,,,
gdp_pr_no_oil_share,GDP provincial share (without oil),Statistical Center of Iran,persian,1396,2.85,%,IR-25,Gilan,,,,
gdp_pr_no_oil_share,GDP provincial share (without oil),Statistical Center of Iran,persian,1396,1.29,%,IR-26,Lorestan,,,,
gdp_pr_no_oil_share,GDP provincial share (without oil),Statistical Center of Iran,persian,1396,4.31,%,IR-27,Mazandaran,,,,
gdp_pr_no_oil_share,GDP provincial share (without oil),Statistical Center of Iran,persian,1396,1.95,%,IR-28,Markazi,,,,
gdp_pr_no_oil_share,GDP provincial share (without oil),Statistical Center of Iran,persian,1396,2.30,%,IR-29,Hormozgan,,,,
gdp_pr_no_oil_share,GDP provincial share (without oil),Statistical Center of Iran,persian,1396,1.56,%,IR-30,Hamadan,,,,
gdp_pr_no_oil_share,GDP provincial share (without oil),Statistical Center of Iran,persian,1396,1.96,%,IR-31,Yazd,,,,
gdp_pr_no_oil_share,GDP provincial share (without oil),Statistical Center of Iran,persian,1396,0.21,%,IR-X,Supranational (Iran),,,,
gdp_pr_no_oil_share,GDP provincial share (without oil),Statistical Center of Iran,persian,1396,100.00,%,IR,Iran,,,,
gdp_pr_no_oil_share,GDP provincial share (without oil),Statistical Center of Iran,persian,1397,4.13,%,IR-01,East Azerbaijan,,,,
gdp_pr_no_oil_share,GDP provincial share (without oil),Statistical Center of Iran,persian,1397,2.47,%,IR-02,West Azerbaijan,,,,
gdp_pr_no_oil_share,GDP provincial share (without oil),Statistical Center of Iran,persian,1397,1.01,%,IR-03,Ardabil,,,,
gdp_pr_no_oil_share,GDP provincial share (without oil),Statistical Center of Iran,persian,1397,6.39,%,IR-04,Isfahan,,,,
gdp_pr_no_oil_share,GDP provincial share (without oil),Statistical Center of Iran,persian,1397,2.95,%,IR-05,Alborz,,,,
gdp_pr_no_oil_share,GDP provincial share (without oil),Statistical Center of Iran,persian,1397,0.52,%,IR-06,Ilam,,,,
gdp_pr_no_oil_share,GDP provincial share (without oil),Statistical Center of Iran,persian,1397,3.76,%,IR-07,Bushehr,,,,
gdp_pr_no_oil_share,GDP provincial share (without oil),Statistical Center of Iran,persian,1397,27.81,%,IR-08,Tehran,,,,
gdp_pr_no_oil_share,GDP provincial share (without oil),Statistical Center of Iran,persian,1397,0.75,%,IR-09,Chaharmahal and Bakhtiari,,,,
gdp_pr_no_oil_share,GDP provincial share (without oil),Statistical Center of Iran,persian,1397,0.51,%,IR-10,South Khorasan,,,,
gdp_pr_no_oil_share,GDP provincial share (without oil),Statistical Center of Iran,persian,1397,5.69,%,IR-11,Razavi Khorasan,,,,
gdp_pr_no_oil_share,GDP provincial share (without oil),Statistical Center of Iran,persian,1397,0.68,%,IR-12,North Khorasan,,,,
gdp_pr_no_oil_share,GDP provincial share (without oil),Statistical Center of Iran,persian,1397,6.67,%,IR-13,Khuzestan,,,,
gdp_pr_no_oil_share,GDP provincial share (without oil),Statistical Center of Iran,persian,1397,1.26,%,IR-14,Zanjan,,,,
gdp_pr_no_oil_share,GDP provincial share (without oil),Statistical Center of Iran,persian,1397,0.94,%,IR-15,Semnan,,,,
gdp_pr_no_oil_share,GDP provincial share (without oil),Statistical Center of Iran,persian,1397,1.45,%,IR-16,Sistan and Baluchestan,,,,
gdp_pr_no_oil_share,GDP provincial share (without oil),Statistical Center of Iran,persian,1397,5.01,%,IR-17,Fars,,,,
gdp_pr_no_oil_share,GDP provincial share (without oil),Statistical Center of Iran,persian,1397,1.71,%,IR-18,Qazvin,,,,
gdp_pr_no_oil_share,GDP provincial share (without oil),Statistical Center of Iran,persian,1397,0.93,%,IR-19,Qom,,,,
gdp_pr_no_oil_share,GDP provincial share (without oil),Statistical Center of Iran,persian,1397,1.10,%,IR-20,Kurdistan,,,,
gdp_pr_no_oil_share,GDP provincial share (without oil),Statistical Center of Iran,persian,1397,3.19,%,IR-21,Kerman,,,,
gdp_pr_no_oil_share,GDP provincial share (without oil),Statistical Center of Iran,persian,1397,2.12,%,IR-22,Kermanshah,,,,
gdp_pr_no_oil_share,GDP provincial share (without oil),Statistical Center of Iran,persian,1397,0.82,%,IR-23,Kohgiluyeh and Boyer-Ahmad,,,,
gdp_pr_no_oil_share,GDP provincial share (without oil),Statistical Center of Iran,persian,1397,1.47,%,IR-24,Golestan,,,,
gdp_pr_no_oil_share,GDP provincial share (without oil),Statistical Center of Iran,persian,1397,2.72,%,IR-25,Gilan,,,,
gdp_pr_no_oil_share,GDP provincial share (without oil),Statistical Center of Iran,persian,1397,1.24,%,IR-26,Lorestan,,,,
gdp_pr_no_oil_share,GDP provincial share (without oil),Statistical Center of Iran,persian,1397,4.16,%,IR-27,Mazandaran,,,,
gdp_pr_no_oil_share,GDP provincial share (without oil),Statistical Center of Iran,persian,1397,2.11,%,IR-28,Markazi,,,,
gdp_pr_no_oil_share,GDP provincial share (without oil),Statistical Center of Iran,persian,1397,2.28,%,IR-29,Hormozgan,,,,
gdp_pr_no_oil_share,GDP provincial share (without oil),Statistical Center of Iran,persian,1397,1.71,%,IR-30,Hamadan,,,,
gdp_pr_no_oil_share,GDP provincial share (without oil),Statistical Center of Iran,persian,1397,2.18,%,IR-31,Yazd,,,,
gdp_pr_no_oil_share,GDP provincial share (without oil),Statistical Center of Iran,persian,1397,0.27,%,IR-X,Supranational (Iran),,,,
gdp_pr_no_oil_share,GDP provincial share (without oil),Statistical Center of Iran,persian,1397,100.00,%,IR,Iran,,,,
gdp_pr_no_oil_share,GDP provincial share (without oil),Statistical Center of Iran,persian,1398,4.02,%,IR-01,East Azerbaijan,,,,
gdp_pr_no_oil_share,GDP provincial share (without oil),Statistical Center of Iran,persian,1398,2.31,%,IR-02,West Azerbaijan,,,,
gdp_pr_no_oil_share,GDP provincial share (without oil),Statistical Center of Iran,persian,1398,1.12,%,IR-03,Ardabil,,,,
gdp_pr_no_oil_share,GDP provincial share (without oil),Statistical Center of Iran,persian,1398,6.28,%,IR-04,Isfahan,,,,
gdp_pr_no_oil_share,GDP provincial share (without oil),Statistical Center of Iran,persian,1398,3.08,%,IR-05,Alborz,,,,
gdp_pr_no_oil_share,GDP provincial share (without oil),Statistical Center of Iran,persian,1398,0.49,%,IR-06,Ilam,,,,
gdp_pr_no_oil_share,GDP provincial share (without oil),Statistical Center of Iran,persian,1398,4.04,%,IR-07,Bushehr,,,,
gdp_pr_no_oil_share,GDP provincial share (without oil),Statistical Center of Iran,persian,1398,27.44,%,IR-08,Tehran,,,,
gdp_pr_no_oil_share,GDP provincial share (without oil),Statistical Center of Iran,persian,1398,0.75,%,IR-09,Chaharmahal and Bakhtiari,,,,
gdp_pr_no_oil_share,GDP provincial share (without oil),Statistical Center of Iran,persian,1398,0.57,%,IR-10,South Khorasan,,,,
gdp_pr_no_oil_share,GDP provincial share (without oil),Statistical Center of Iran,persian,1398,5.54,%,IR-11,Razavi Khorasan,,,,
gdp_pr_no_oil_share,GDP provincial share (without oil),Statistical Center of Iran,persian,1398,0.69,%,IR-12,North Khorasan,,,,
gdp_pr_no_oil_share,GDP provincial share (without oil),Statistical Center of Iran,persian,1398,6.77,%,IR-13,Khuzestan,,,,
gdp_pr_no_oil_share,GDP provincial share (without oil),Statistical Center of Iran,persian,1398,1.27,%,IR-14,Zanjan,,,,
gdp_pr_no_oil_share,GDP provincial share (without oil),Statistical Center of Iran,persian,1398,1.19,%,IR-15,Semnan,,,,
gdp_pr_no_oil_share,GDP provincial share (without oil),Statistical Center of Iran,persian,1398,1.29,%,IR-16,Sistan and Baluchestan,,,,
gdp_pr_no_oil_share,GDP provincial share (without oil),Statistical Center of Iran,persian,1398,4.74,%,IR-17,Fars,,,,
gdp_pr_no_oil_share,GDP provincial share (without oil),Statistical Center of Iran,persian,1398,1.73,%,IR-18,Qazvin,,,,
gdp_pr_no_oil_share,GDP provincial share (without oil),Statistical Center of Iran,persian,1398,1.02,%,IR-19,Qom,,,,
gdp_pr_no_oil_share,GDP provincial share (without oil),Statistical Center of Iran,persian,1398,1.08,%,IR-20,Kurdistan,,,,
gdp_pr_no_oil_share,GDP provincial share (without oil),Statistical Center of Iran,persian,1398,3.86,%,IR-21,Kerman,,,,
gdp_pr_no_oil_share,GDP provincial share (without oil),Statistical Center of Iran,persian,1398,1.82,%,IR-22,Kermanshah,,,,
gdp_pr_no_oil_share,GDP provincial share (without oil),Statistical Center of Iran,persian,1398,0.70,%,IR-23,Kohgiluyeh and Boyer-Ahmad,,,,
gdp_pr_no_oil_share,GDP provincial share (without oil),Statistical Center of Iran,persian,1398,1.56,%,IR-24,Golestan,,,,
gdp_pr_no_oil_share,GDP provincial share (without oil),Statistical Center of Iran,persian,1398,2.71,%,IR-25,Gilan,,,,
gdp_pr_no_oil_share,GDP provincial share (without oil),Statistical Center of Iran,persian,1398,1.23,%,IR-26,Lorestan,,,,
gdp_pr_no_oil_share,GDP provincial share (without oil),Statistical Center of Iran,persian,1398,4.07,%,IR-27,Mazandaran,,,,
gdp_pr_no_oil_share,GDP provincial share (without oil),Statistical Center of Iran,persian,1398,1.97,%,IR-28,Markazi,,,,
gdp_pr_no_oil_share,GDP provincial share (without oil),Statistical Center of Iran,persian,1398,2.45,%,IR-29,Hormozgan,,,,
gdp_pr_no_oil_share,GDP provincial share (without oil),Statistical Center of Iran,persian,1398,1.59,%,IR-30,Hamadan,,,,
gdp_pr_no_oil_share,GDP provincial share (without oil),Statistical Center of Iran,persian,1398,2.32,%,IR-31,Yazd,,,,
gdp_pr_no_oil_share,GDP provincial share (without oil),Statistical Center of Iran,persian,1398,0.30,%,IR-X,Supranational (Iran),,,,
gdp_pr_no_oil_share,GDP provincial share (without oil),Statistical Center of Iran,persian,1398,100.00,%,IR,Iran,,,,
gdp_pr_no_oil_share,GDP provincial share (without oil),Statistical Center of Iran,persian,1399,4.26,%,IR-01,East Azerbaijan,,,,
gdp_pr_no_oil_share,GDP provincial share (without oil),Statistical Center of Iran,persian,1399,2.36,%,IR-02,West Azerbaijan,,,,
gdp_pr_no_oil_share,GDP provincial share (without oil),Statistical Center of Iran,persian,1399,1.11,%,IR-03,Ardabil,,,,
gdp_pr_no_oil_share,GDP provincial share (without oil),Statistical Center of Iran,persian,1399,6.60,%,IR-04,Isfahan,,,,
gdp_pr_no_oil_share,GDP provincial share (without oil),Statistical Center of Iran,persian,1399,2.82,%,IR-05,Alborz,,,,
gdp_pr_no_oil_share,GDP provincial share (without oil),Statistical Center of Iran,persian,1399,0.40,%,IR-06,Ilam,,,,
gdp_pr_no_oil_share,GDP provincial share (without oil),Statistical Center of Iran,persian,1399,3.86,%,IR-07,Bushehr,,,,
gdp_pr_no_oil_share,GDP provincial share (without oil),Statistical Center of Iran,persian,1399,27.46,%,IR-08,Tehran,,,,
gdp_pr_no_oil_share,GDP provincial share (without oil),Statistical Center of Iran,persian,1399,0.76,%,IR-09,Chaharmahal and Bakhtiari,,,,
gdp_pr_no_oil_share,GDP provincial share (without oil),Statistical Center of Iran,persian,1399,0.56,%,IR-10,South Khorasan,,,,
gdp_pr_no_oil_share,GDP provincial share (without oil),Statistical Center of Iran,persian,1399,5.53,%,IR-11,Razavi Khorasan,,,,
gdp_pr_no_oil_share,GDP provincial share (without oil),Statistical Center of Iran,persian,1399,0.63,%,IR-12,North Khorasan,,,,
gdp_pr_no_oil_share,GDP provincial share (without oil),Statistical Center of Iran,persian,1399,6.17,%,IR-13,Khuzestan,,,,
gdp_pr_no_oil_share,GDP provincial share (without oil),Statistical Center of Iran,persian,1399,1.47,%,IR-14,Zanjan,,,,
gdp_pr_no_oil_share,GDP provincial share (without oil),Statistical Center of Iran,persian,1399,1.21,%,IR-15,Semnan,,,,
gdp_pr_no_oil_share,GDP provincial share (without oil),Statistical Center of Iran,persian,1399,1.26,%,IR-16,Sistan and Baluchestan,,,,
gdp_pr_no_oil_share,GDP provincial share (without oil),Statistical Center of Iran,persian,1399,4.65,%,IR-17,Fars,,,,
gdp_pr_no_oil_share,GDP provincial share (without oil),Statistical Center of Iran,persian,1399,1.75,%,IR-18,Qazvin,,,,
gdp_pr_no_oil_share,GDP provincial share (without oil),Statistical Center of Iran,persian,1399,1.04,%,IR-19,Qom,,,,
gdp_pr_no_oil_share,GDP provincial share (without oil),Statistical Center of Iran,persian,1399,1.06,%,IR-20,Kurdistan,,,,
gdp_pr_no_oil_share,GDP provincial share (without oil),Statistical Center of Iran,persian,1399,4.31,%,IR-21,Kerman,,,,
gdp_pr_no_oil_share,GDP provincial share (without oil),Statistical Center of Iran,persian,1399,1.82,%,IR-22,Kermanshah,,,,
gdp_pr_no_oil_share,GDP provincial share (without oil),Statistical Center of Iran,persian,1399,0.59,%,IR-23,Kohgiluyeh and Boyer-Ahmad,,,,
gdp_pr_no_oil_share,GDP provincial share (without oil),Statistical Center of Iran,persian,1399,1.46,%,IR-24,Golestan,,,,
gdp_pr_no_oil_share,GDP provincial share (without oil),Statistical Center of Iran,persian,1399,2.63,%,IR-25,Gilan,,,,
gdp_pr_no_oil_share,GDP provincial share (without oil),Statistical Center of Iran,persian,1399,1.17,%,IR-26,Lorestan,,,,
gdp_pr_no_oil_share,GDP provincial share (without oil),Statistical Center of Iran,persian,1399,4.09,%,IR-27,Mazandaran,,,,
gdp_pr_no_oil_share,GDP provincial share (without oil),Statistical Center of Iran,persian,1399,2.11,%,IR-28,Markazi,,,,
gdp_pr_no_oil_share,GDP provincial share (without oil),Statistical Center of Iran,persian,1399,2.33,%,IR-29,Hormozgan,,,,
gdp_pr_no_oil_share,GDP provincial share (without oil),Statistical Center of Iran,persian,1399,1.57,%,IR-30,Hamadan,,,,
gdp_pr_no_oil_share,GDP provincial share (without oil),Statistical Center of Iran,persian,1399,2.84,%,IR-31,Yazd,,,,
gdp_pr_no_oil_share,GDP provincial share (without oil),Statistical Center of Iran,persian,1399,0.11,%,IR-X,Supranational (Iran),,,,
gdp_pr_no_oil_share,GDP provincial share (without oil),Statistical Center of Iran,persian,1399,100.00,%,IR,Iran,,,,
gdp_pr_no_oil_share,GDP provincial share (without oil),Statistical Center of Iran,persian,1400,4.37,%,IR-01,East Azerbaijan,,,,
gdp_pr_no_oil_share,GDP provincial share (without oil),Statistical Center of Iran,persian,1400,2.28,%,IR-02,West Azerbaijan,,,,
gdp_pr_no_oil_share,GDP provincial share (without oil),Statistical Center of Iran,persian,1400,0.99,%,IR-03,Ardabil,,,,
gdp_pr_no_oil_share,GDP provincial share (without oil),Statistical Center of Iran,persian,1400,6.93,%,IR-04,Isfahan,,,,
gdp_pr_no_oil_share,GDP provincial share (without oil),Statistical Center of Iran,persian,1400,2.80,%,IR-05,Alborz,,,,
gdp_pr_no_oil_share,GDP provincial share (without oil),Statistical Center of Iran,persian,1400,0.39,%,IR-06,Ilam,,,,
gdp_pr_no_oil_share,GDP provincial share (without oil),Statistical Center of Iran,persian,1400,4.07,%,IR-07,Bushehr,,,,
gdp_pr_no_oil_share,GDP provincial share (without oil),Statistical Center of Iran,persian,1400,26.51,%,IR-08,Tehran,,,,
gdp_pr_no_oil_share,GDP provincial share (without oil),Statistical Center of Iran,persian,1400,0.73,%,IR-09,Chaharmahal and Bakhtiari,,,,
gdp_pr_no_oil_share,GDP provincial share (without oil),Statistical Center of Iran,persian,1400,0.59,%,IR-10,South Khorasan,,,,
gdp_pr_no_oil_share,GDP provincial share (without oil),Statistical Center of Iran,persian,1400,5.32,%,IR-11,Razavi Khorasan,,,,
gdp_pr_no_oil_share,GDP provincial share (without oil),Statistical Center of Iran,persian,1400,0.75,%,IR-12,North Khorasan,,,,
gdp_pr_no_oil_share,GDP provincial share (without oil),Statistical Center of Iran,persian,1400,6.16,%,IR-13,Khuzestan,,,,
gdp_pr_no_oil_share,GDP provincial share (without oil),Statistical Center of Iran,persian,1400,1.52,%,IR-14,Zanjan,,,,
gdp_pr_no_oil_share,GDP provincial share (without oil),Statistical Center of Iran,persian,1400,1.38,%,IR-15,Semnan,,,,
gdp_pr_no_oil_share,GDP provincial share (without oil),Statistical Center of Iran,persian,1400,1.21,%,IR-16,Sistan and Baluchestan,,,,
gdp_pr_no_oil_share,GDP provincial share (without oil),Statistical Center of Iran,persian,1400,4.83,%,IR-17,Fars,,,,
gdp_pr_no_oil_share,GDP provincial share (without oil),Statistical Center of Iran,persian,1400,1.64,%,IR-18,Qazvin,,,,
gdp_pr_no_oil_share,GDP provincial share (without oil),Statistical Center of Iran,persian,1400,1.08,%,IR-19,Qom,,,,
gdp_pr_no_oil_share,GDP provincial share (without oil),Statistical Center of Iran,persian,1400,1.10,%,IR-20,Kurdistan,,,,
gdp_pr_no_oil_share,GDP provincial share (without oil),Statistical Center of Iran,persian,1400,4.40,%,IR-21,Kerman,,,,
gdp_pr_no_oil_share,GDP provincial share (without oil),Statistical Center of Iran,persian,1400,1.73,%,IR-22,Kermanshah,,,,
gdp_pr_no_oil_share,GDP provincial share (without oil),Statistical Center of Iran,persian,1400,0.58,%,IR-23,Kohgiluyeh and Boyer-Ahmad,,,,
gdp_pr_no_oil_share,GDP provincial share (without oil),Statistical Center of Iran,persian,1400,1.45,%,IR-24,Golestan,,,,
gdp_pr_no_oil_share,GDP provincial share (without oil),Statistical Center of Iran,persian,1400,2.37,%,IR-25,Gilan,,,,
gdp_pr_no_oil_share,GDP provincial share (without oil),Statistical Center of Iran,persian,1400,1.10,%,IR-26,Lorestan,,,,
gdp_pr_no_oil_share,GDP provincial share (without oil),Statistical Center of Iran,persian,1400,4.02,%,IR-27,Mazandaran,,,,
gdp_pr_no_oil_share,GDP provincial share (without oil),Statistical Center of Iran,persian,1400,2.22,%,IR-28,Markazi,,,,
gdp_pr_no_oil_share,GDP provincial share (without oil),Statistical Center of Iran,persian,1400,2.55,%,IR-29,Hormozgan,,,,
gdp_pr_no_oil_share,GDP provincial share (without oil),Statistical Center of Iran,persian,1400,1.56,%,IR-30,Hamadan,,,,
gdp_pr_no_oil_share,GDP provincial share (without oil),Statistical Center of Iran,persian,1400,3.32,%,IR-31,Yazd,,,,
gdp_pr_no_oil_share,GDP provincial share (without oil),Statistical Center of Iran,persian,1400,0.06,%,IR-X,Supranational (Iran),,,,
gdp_pr_no_oil_share,GDP provincial share (without oil),Statistical Center of Iran,persian,1400,100.00,%,IR,Iran,,,,