topic_id,indicator_label,Source,calendar,time_id,value,unit,geo_code,geo_label,sub_code,sub_label,detail,detail_fa
inf_wb_y,Yearly inflation rate- World Bank,World Bank,gregorian,1960,9.82,%,IR,Iran,,,,
inf_wb_y,Yearly inflation rate- World Bank,World Bank,gregorian,1961,3.16,%,IR,Iran,,,,
inf_wb_y,Yearly inflation rate- World Bank,World Bank,gregorian,1962,0.72,%,IR,Iran,,,,
inf_wb_y,Yearly inflation rate- World Bank,World Bank,gregorian,1963,0.37,%,IR,Iran,,,,
inf_wb_y,Yearly inflation rate- World Bank,World Bank,gregorian,1964,3.81,%,IR,Iran,,,,
inf_wb_y,Yearly inflation rate- World Bank,World Bank,gregorian,1965,2.15,%,IR,Iran,,,,
inf_wb_y,Yearly inflation rate- World Bank,World Bank,gregorian,1966,-0.39,%,IR,Iran,,,,
inf_wb_y,Yearly inflation rate- World Bank,World Bank,gregorian,1967,1.60,%,IR,Iran,,,,
inf_wb_y,Yearly inflation rate- World Bank,World Bank,gregorian,1968,0.69,%,IR,Iran,,,,
inf_wb_y,Yearly inflation rate- World Bank,World Bank,gregorian,1969,3.59,%,IR,Iran,,,,
inf_wb_y,Yearly inflation rate- World Bank,World Bank,gregorian,1970,1.67,%,IR,Iran,,,,
inf_wb_y,Yearly inflation rate- World Bank,World Bank,gregorian,1971,4.20,%,IR,Iran,,,,
inf_wb_y,Yearly inflation rate- World Bank,World Bank,gregorian,1972,6.40,%,IR,Iran,,,,
inf_wb_y,Yearly inflation rate- World Bank,World Bank,gregorian,1973,9.82,%,IR,Iran,,,,
inf_wb_y,Yearly inflation rate- World Bank,World Bank,gregorian,1974,14.25,%,IR,Iran,,,,
inf_wb_y,Yearly inflation rate- World Bank,World Bank,gregorian,1975,12.88,%,IR,Iran,,,,
inf_wb_y,Yearly inflation rate- World Bank,World Bank,gregorian,1976,11.26,%,IR,Iran,,,,
inf_wb_y,Yearly inflation rate- World Bank,World Bank,gregorian,1977,27.29,%,IR,Iran,,,,
inf_wb_y,Yearly inflation rate- World Bank,World Bank,gregorian,1978,11.72,%,IR,Iran,,,,
inf_wb_y,Yearly inflation rate- World Bank,World Bank,gregorian,1979,10.49,%,IR,Iran,,,,
inf_wb_y,Yearly inflation rate- World Bank,World Bank,gregorian,1980,20.64,%,IR,Iran,,,,
inf_wb_y,Yearly inflation rate- World Bank,World Bank,gregorian,1981,24.20,%,IR,Iran,,,,
inf_wb_y,Yearly inflation rate- World Bank,World Bank,gregorian,1982,18.69,%,IR,Iran,,,,
inf_wb_y,Yearly inflation rate- World Bank,World Bank,gregorian,1983,19.74,%,IR,Iran,,,,
inf_wb_y,Yearly inflation rate- World Bank,World Bank,gregorian,1984,12.54,%,IR,Iran,,,,
inf_wb_y,Yearly inflation rate- World Bank,World Bank,gregorian,1985,4.39,%,IR,Iran,,,,
inf_wb_y,Yearly inflation rate- World Bank,World Bank,gregorian,1986,18.43,%,IR,Iran,,,,
inf_wb_y,Yearly inflation rate- World Bank,World Bank,gregorian,1987,28.57,%,IR,Iran,,,,
inf_wb_y,Yearly inflation rate- World Bank,World Bank,gregorian,1988,28.67,%,IR,Iran,,,,
inf_wb_y,Yearly inflation rate- World Bank,World Bank,gregorian,1989,22.35,%,IR,Iran,,,,
inf_wb_y,Yearly inflation rate- World Bank,World Bank,gregorian,1990,7.63,%,IR,Iran,,,,
inf_wb_y,Yearly inflation rate- World Bank,World Bank,gregorian,1991,17.13,%,IR,Iran,,,,
inf_wb_y,Yearly inflation rate- World Bank,World Bank,gregorian,1992,25.81,%,IR,Iran,,,,
inf_wb_y,Yearly inflation rate- World Bank,World Bank,gregorian,1993,21.20,%,IR,Iran,,,,
inf_wb_y,Yearly inflation rate- World Bank,World Bank,gregorian,1994,31.45,%,IR,Iran,,,,
inf_wb_y,Yearly inflation rate- World Bank,World Bank,gregorian,1995,49.66,%,IR,Iran,,,,
inf_wb_y,Yearly inflation rate- World Bank,World Bank,gregorian,1996,28.94,%,IR,Iran,,,,
inf_wb_y,Yearly inflation rate- World Bank,World Bank,gregorian,1997,17.35,%,IR,Iran,,,,
inf_wb_y,Yearly inflation rate- World Bank,World Bank,gregorian,1998,17.87,%,IR,Iran,,,,
inf_wb_y,Yearly inflation rate- World Bank,World Bank,gregorian,1999,20.07,%,IR,Iran,,,,
inf_wb_y,Yearly inflation rate- World Bank,World Bank,gregorian,2000,14.48,%,IR,Iran,,,,
inf_wb_y,Yearly inflation rate- World Bank,World Bank,gregorian,2001,11.27,%,IR,Iran,,,,
inf_wb_y,Yearly inflation rate- World Bank,World Bank,gregorian,2002,14.34,%,IR,Iran,,,,
inf_wb_y,Yearly inflation rate- World Bank,World Bank,gregorian,2003,16.47,%,IR,Iran,,,,
inf_wb_y,Yearly inflation rate- World Bank,World Bank,gregorian,2004,14.76,%,IR,Iran,,,,
inf_wb_y,Yearly inflation rate- World Bank,World Bank,gregorian,2005,13.43,%,IR,Iran,,,,
inf_wb_y,Yearly inflation rate- World Bank,World Bank,gregorian,2006,10.02,%,IR,Iran,,,,
inf_wb_y,Yearly inflation rate- World Bank,World Bank,gregorian,2007,17.34,%,IR,Iran,,,,
inf_wb_y,Yearly inflation rate- World Bank,World Bank,gregorian,2008,25.41,%,IR,Iran,,,,
inf_wb_y,Yearly inflation rate- World Bank,World Bank,gregorian,2009,13.55,%,IR,Iran,,,,
inf_wb_y,Yearly inflation rate- World Bank,World Bank,gregorian,2010,10.09,%,IR,Iran,,,,
inf_wb_y,Yearly inflation rate- World Bank,World Bank,gregorian,2011,26.29,%,IR,Iran,,,,
inf_wb_y,Yearly inflation rate- World Bank,World Bank,gregorian,2012,27.26,%,IR,Iran,,,,
inf_wb_y,Yearly inflation rate- World Bank,World Bank,gregorian,2013,36.60,%,IR,Iran,,,,
inf_wb_y,Yearly inflation rate- World Bank,World Bank,gregorian,2014,16.61,%,IR,Iran,,,,
inf_wb_y,Yearly inflation rate- World Bank,World Bank,gregorian,2015,12.48,%,IR,Iran,,,,
inf_wb_y,Yearly inflation rate- World Bank,World Bank,gregorian,2016,7.25,%,IR,Iran,,,,
inf_wb_y,Yearly inflation rate- World Bank,World Bank,gregorian,2017,8.04,%,IR,Iran,,,,
inf_wb_y,Yearly inflation rate- World Bank,World Bank,gregorian,2018,18.01,%,IR,Iran,,,,
inf_wb_y,Yearly inflation rate- World Bank,World Bank,gregorian,2019,39.91,%,IR,Iran,,,,
inf_wb_y,Yearly inflation rate- World Bank,World Bank,gregorian,2020,30.59,%,IR,Iran,,,,
inf_wb_y,Yearly inflation rate- World Bank,World Bank,gregorian,2021,43.39,%,IR,Iran,,,,
inf_wb_y,Yearly inflation rate- World Bank,World Bank,gregorian,2022,43.49,%,IR,Iran,,,,
inf_wb_y,Yearly inflation rate- World Bank,World Bank,gregorian,2023,44.58,%,IR,Iran,,,,
inf_wb_y,Yearly inflation rate- World Bank,World Bank,gregorian,2024,32.46,%,IR,Iran,,,,
cpi_wb_y,CPI - World Bank (2010 = 100),World Bank,gregorian,1960,0.14,,IR,Iran,,,Base year  2010,سال پایه ۲۰۱۰
cpi_wb_y,CPI - World Bank (2010 = 100),World Bank,gregorian,1961,0.15,,IR,Iran,,,Base year  2010,سال پایه ۲۰۱۰
cpi_wb_y,CPI - World Bank (2010 = 100),World Bank,gregorian,1962,0.15,,IR,Iran,,,Base year  2010,سال پایه ۲۰۱۰
cpi_wb_y,CPI - World Bank (2010 = 100),World Bank,gregorian,1963,0.15,,IR,Iran,,,Base year  2010,سال پایه ۲۰۱۰
cpi_wb_y,CPI - World Bank (2010 = 100),World Bank,gregorian,1964,0.15,,IR,Iran,,,Base year  2010,سال پایه ۲۰۱۰
cpi_wb_y,CPI - World Bank (2010 = 100),World Bank,gregorian,1965,0.16,,IR,Iran,,,Base year  2010,سال پایه ۲۰۱۰
cpi_wb_y,CPI - World Bank (2010 = 100),World Bank,gregorian,1966,0.16,,IR,Iran,,,Base year  2010,سال پایه ۲۰۱۰
cpi_wb_y,CPI - World Bank (2010 = 100),World Bank,gregorian,1967,0.16,,IR,Iran,,,Base year  2010,سال پایه ۲۰۱۰
cpi_wb_y,CPI - World Bank (2010 = 100),World Bank,gregorian,1968,0.16,,IR,Iran,,,Base year  2010,سال پایه ۲۰۱۰
cpi_wb_y,CPI - World Bank (2010 = 100),World Bank,gregorian,1969,0.17,,IR,Iran,,,Base year  2010,سال پایه ۲۰۱۰
cpi_wb_y,CPI - World Bank (2010 = 100),World Bank,gregorian,1970,0.17,,IR,Iran,,,Base year  2010,سال پایه ۲۰۱۰
cpi_wb_y,CPI - World Bank (2010 = 100),World Bank,gregorian,1971,0.17,,IR,Iran,,,Base year  2010,سال پایه ۲۰۱۰
cpi_wb_y,CPI - World Bank (2010 = 100),World Bank,gregorian,1972,0.19,,IR,Iran,,,Base year  2010,سال پایه ۲۰۱۰
cpi_wb_y,CPI - World Bank (2010 = 100),World Bank,gregorian,1973,0.20,,IR,Iran,,,Base year  2010,سال پایه ۲۰۱۰
cpi_wb_y,CPI - World Bank (2010 = 100),World Bank,gregorian,1974,0.23,,IR,Iran,,,Base year  2010,سال پایه ۲۰۱۰
cpi_wb_y,CPI - World Bank (2010 = 100),World Bank,gregorian,1975,0.26,,IR,Iran,,,Base year  2010,سال پایه ۲۰۱۰
cpi_wb_y,CPI - World Bank (2010 = 100),World Bank,gregorian,1976,0.29,,IR,Iran,,,Base year  2010,سال پایه ۲۰۱۰
cpi_wb_y,CPI - World Bank (2010 = 100),World Bank,gregorian,1977,0.37,,IR,Iran,,,Base year  2010,سال پایه ۲۰۱۰
cpi_wb_y,CPI - World Bank (2010 = 100),World Bank,gregorian,1978,0.42,,IR,Iran,,,Base year  2010,سال پایه ۲۰۱۰
cpi_wb_y,CPI - World Bank (2010 = 100),World Bank,gregorian,1979,0.46,,IR,Iran,,,Base year  2010,سال پایه ۲۰۱۰
cpi_wb_y,CPI - World Bank (2010 = 100),World Bank,gregorian,1980,0.56,,IR,Iran,,,Base year  2010,سال پایه ۲۰۱۰
cpi_wb_y,CPI - World Bank (2010 = 100),World Bank,gregorian,1981,0.69,,IR,Iran,,,Base year  2010,سال پایه ۲۰۱۰
cpi_wb_y,CPI - World Bank (2010 = 100),World Bank,gregorian,1982,0.82,,IR,Iran,,,Base year  2010,سال پایه ۲۰۱۰
cpi_wb_y,CPI - World Bank (2010 = 100),World Bank,gregorian,1983,0.98,,IR,Iran,,,Base year  2010,سال پایه ۲۰۱۰
cpi_wb_y,CPI - World Bank (2010 = 100),World Bank,gregorian,1984,1.10,,IR,Iran,,,Base year  2010,سال پایه ۲۰۱۰
cpi_wb_y,CPI - World Bank (2010 = 100),World Bank,gregorian,1985,1.15,,IR,Iran,,,Base year  2010,سال پایه ۲۰۱۰
cpi_wb_y,CPI - World Bank (2010 = 100),World Bank,gregorian,1986,1.37,,IR,Iran,,,Base year  2010,سال پایه ۲۰۱۰
cpi_wb_y,CPI - World Bank (2010 = 100),World Bank,gregorian,1987,1.76,,IR,Iran,,,Base year  2010,سال پایه ۲۰۱۰
cpi_wb_y,CPI - World Bank (2010 = 100),World Bank,gregorian,1988,2.26,,IR,Iran,,,Base year  2010,سال پایه ۲۰۱۰
cpi_wb_y,CPI - World Bank (2010 = 100),World Bank,gregorian,1989,2.76,,IR,Iran,,,Base year  2010,سال پایه ۲۰۱۰
cpi_wb_y,CPI - World Bank (2010 = 100),World Bank,gregorian,1990,2.97,,IR,Iran,,,Base year  2010,سال پایه ۲۰۱۰
cpi_wb_y,CPI - World Bank (2010 = 100),World Bank,gregorian,1991,3.48,,IR,Iran,,,Base year  2010,سال پایه ۲۰۱۰
cpi_wb_y,CPI - World Bank (2010 = 100),World Bank,gregorian,1992,4.38,,IR,Iran,,,Base year  2010,سال پایه ۲۰۱۰
cpi_wb_y,CPI - World Bank (2010 = 100),World Bank,gregorian,1993,5.31,,IR,Iran,,,Base year  2010,سال پایه ۲۰۱۰
cpi_wb_y,CPI - World Bank (2010 = 100),World Bank,gregorian,1994,6.98,,IR,Iran,,,Base year  2010,سال پایه ۲۰۱۰
cpi_wb_y,CPI - World Bank (2010 = 100),World Bank,gregorian,1995,10.45,,IR,Iran,,,Base year  2010,سال پایه ۲۰۱۰
cpi_wb_y,CPI - World Bank (2010 = 100),World Bank,gregorian,1996,13.47,,IR,Iran,,,Base year  2010,سال پایه ۲۰۱۰
cpi_wb_y,CPI - World Bank (2010 = 100),World Bank,gregorian,1997,15.81,,IR,Iran,,,Base year  2010,سال پایه ۲۰۱۰
cpi_wb_y,CPI - World Bank (2010 = 100),World Bank,gregorian,1998,18.64,,IR,Iran,,,Base year  2010,سال پایه ۲۰۱۰
cpi_wb_y,CPI - World Bank (2010 = 100),World Bank,gregorian,1999,22.38,,IR,Iran,,,Base year  2010,سال پایه ۲۰۱۰
cpi_wb_y,CPI - World Bank (2010 = 100),World Bank,gregorian,2000,25.62,,IR,Iran,,,Base year  2010,سال پایه ۲۰۱۰
cpi_wb_y,CPI - World Bank (2010 = 100),World Bank,gregorian,2001,28.50,,IR,Iran,,,Base year  2010,سال پایه ۲۰۱۰
cpi_wb_y,CPI - World Bank (2010 = 100),World Bank,gregorian,2002,32.59,,IR,Iran,,,Base year  2010,سال پایه ۲۰۱۰
cpi_wb_y,CPI - World Bank (2010 = 100),World Bank,gregorian,2003,37.96,,IR,Iran,,,Base year  2010,سال پایه ۲۰۱۰
cpi_wb_y,CPI - World Bank (2010 = 100),World Bank,gregorian,2004,43.56,,IR,Iran,,,Base year  2010,سال پایه ۲۰۱۰
cpi_wb_y,CPI - World Bank (2010 = 100),World Bank,gregorian,2005,49.41,,IR,Iran,,,Base year  2010,سال پایه ۲۰۱۰
cpi_wb_y,CPI - World Bank (2010 = 100),World Bank,gregorian,2006,54.36,,IR,Iran,,,Base year  2010,سال پایه ۲۰۱۰
cpi_wb_y,CPI - World Bank (2010 = 100),World Bank,gregorian,2007,63.79,,IR,Iran,,,Base year  2010,سال پایه ۲۰۱۰
cpi_wb_y,CPI - World Bank (2010 = 100),World Bank,gregorian,2008,79.99,,IR,Iran,,,Base year  2010,سال پایه ۲۰۱۰
cpi_wb_y,CPI - World Bank (2010 = 100),World Bank,gregorian,2009,90.84,,IR,Iran,,,Base year  2010,سال پایه ۲۰۱۰
cpi_wb_y,CPI - World Bank (2010 = 100),World Bank,gregorian,2010,100.00,,IR,Iran,,,Base year  2010,سال پایه ۲۰۱۰
cpi_wb_y,CPI - World Bank (2010 = 100),World Bank,gregorian,2011,126.29,,IR,Iran,,,Base year  2010,سال پایه ۲۰۱۰
cpi_wb_y,CPI - World Bank (2010 = 100),World Bank,gregorian,2012,160.72,,IR,Iran,,,Base year  2010,سال پایه ۲۰۱۰
cpi_wb_y,CPI - World Bank (2010 = 100),World Bank,gregorian,2013,219.54,,IR,Iran,,,Base year  2010,سال پایه ۲۰۱۰
cpi_wb_y,CPI - World Bank (2010 = 100),World Bank,gregorian,2014,256.00,,IR,Iran,,,Base year  2010,سال پایه ۲۰۱۰
cpi_wb_y,CPI - World Bank (2010 = 100),World Bank,gregorian,2015,287.96,,IR,Iran,,,Base year  2010,سال پایه ۲۰۱۰
cpi_wb_y,CPI - World Bank (2010 = 100),World Bank,gregorian,2016,308.83,,IR,Iran,,,Base year  2010,سال پایه ۲۰۱۰
cpi_wb_y,CPI - World Bank (2010 = 100),World Bank,gregorian,2017,333.67,,IR,Iran,,,Base year  2010,سال پایه ۲۰۱۰
cpi_wb_y,CPI - World Bank (2010 = 100),World Bank,gregorian,2018,393.78,,IR,Iran,,,Base year  2010,سال پایه ۲۰۱۰
cpi_wb_y,CPI - World Bank (2010 = 100),World Bank,gregorian,2019,550.93,,IR,Iran,,,Base year  2010,سال پایه ۲۰۱۰
cpi_wb_y,CPI - World Bank (2010 = 100),World Bank,gregorian,2020,719.48,,IR,Iran,,,Base year  2010,سال پایه ۲۰۱۰
cpi_wb_y,CPI - World Bank (2010 = 100),World Bank,gregorian,2021,"1,031.66",,IR,Iran,,,Base year  2010,سال پایه ۲۰۱۰
cpi_wb_y,CPI - World Bank (2010 = 100),World Bank,gregorian,2022,"1,480.31",,IR,Iran,,,Base year  2010,سال پایه ۲۰۱۰
cpi_wb_y,CPI - World Bank (2010 = 100),World Bank,gregorian,2023,"2,140.22",,IR,Iran,,,Base year  2010,سال پایه ۲۰۱۰
cpi_wb_y,CPI - World Bank (2010 = 100),World Bank,gregorian,2024,"2,834.85",,IR,Iran,,,Base year  2010,سال پایه ۲۰۱۰
inf_imf_y,Yearly inflation rate- IMF,IMF,gregorian,1980,20.60,%,IR,Iran,,,,
inf_imf_y,Yearly inflation rate- IMF,IMF,gregorian,1981,24.20,%,IR,Iran,,,,
inf_imf_y,Yearly inflation rate- IMF,IMF,gregorian,1982,18.70,%,IR,Iran,,,,
inf_imf_y,Yearly inflation rate- IMF,IMF,gregorian,1983,19.70,%,IR,Iran,,,,
inf_imf_y,Yearly inflation rate- IMF,IMF,gregorian,1984,12.60,%,IR,Iran,,,,
inf_imf_y,Yearly inflation rate- IMF,IMF,gregorian,1985,4.40,%,IR,Iran,,,,
inf_imf_y,Yearly inflation rate- IMF,IMF,gregorian,1986,23.70,%,IR,Iran,,,,
inf_imf_y,Yearly inflation rate- IMF,IMF,gregorian,1987,27.70,%,IR,Iran,,,,
inf_imf_y,Yearly inflation rate- IMF,IMF,gregorian,1988,28.90,%,IR,Iran,,,,
inf_imf_y,Yearly inflation rate- IMF,IMF,gregorian,1989,17.40,%,IR,Iran,,,,
inf_imf_y,Yearly inflation rate- IMF,IMF,gregorian,1990,9.00,%,IR,Iran,,,,
inf_imf_y,Yearly inflation rate- IMF,IMF,gregorian,1991,20.20,%,IR,Iran,,,,
inf_imf_y,Yearly inflation rate- IMF,IMF,gregorian,1992,24.50,%,IR,Iran,,,,
inf_imf_y,Yearly inflation rate- IMF,IMF,gregorian,1993,22.50,%,IR,Iran,,,,
inf_imf_y,Yearly inflation rate- IMF,IMF,gregorian,1994,34.90,%,IR,Iran,,,,
inf_imf_y,Yearly inflation rate- IMF,IMF,gregorian,1995,49.30,%,IR,Iran,,,,
inf_imf_y,Yearly inflation rate- IMF,IMF,gregorian,1996,23.90,%,IR,Iran,,,,
inf_imf_y,Yearly inflation rate- IMF,IMF,gregorian,1997,16.50,%,IR,Iran,,,,
inf_imf_y,Yearly inflation rate- IMF,IMF,gregorian,1998,18.50,%,IR,Iran,,,,
inf_imf_y,Yearly inflation rate- IMF,IMF,gregorian,1999,20.20,%,IR,Iran,,,,
inf_imf_y,Yearly inflation rate- IMF,IMF,gregorian,2000,12.30,%,IR,Iran,,,,
inf_imf_y,Yearly inflation rate- IMF,IMF,gregorian,2001,11.50,%,IR,Iran,,,,
inf_imf_y,Yearly inflation rate- IMF,IMF,gregorian,2002,15.80,%,IR,Iran,,,,
inf_imf_y,Yearly inflation rate- IMF,IMF,gregorian,2003,15.60,%,IR,Iran,,,,
inf_imf_y,Yearly inflation rate- IMF,IMF,gregorian,2004,15.30,%,IR,Iran,,,,
inf_imf_y,Yearly inflation rate- IMF,IMF,gregorian,2005,10.30,%,IR,Iran,,,,
inf_imf_y,Yearly inflation rate- IMF,IMF,gregorian,2006,12.00,%,IR,Iran,,,,
inf_imf_y,Yearly inflation rate- IMF,IMF,gregorian,2007,18.40,%,IR,Iran,,,,
inf_imf_y,Yearly inflation rate- IMF,IMF,gregorian,2008,25.30,%,IR,Iran,,,,
inf_imf_y,Yearly inflation rate- IMF,IMF,gregorian,2009,10.80,%,IR,Iran,,,,
inf_imf_y,Yearly inflation rate- IMF,IMF,gregorian,2010,12.30,%,IR,Iran,,,,
inf_imf_y,Yearly inflation rate- IMF,IMF,gregorian,2011,25.30,%,IR,Iran,,,,
inf_imf_y,Yearly inflation rate- IMF,IMF,gregorian,2012,29.30,%,IR,Iran,,,,
inf_imf_y,Yearly inflation rate- IMF,IMF,gregorian,2013,32.90,%,IR,Iran,,,,
inf_imf_y,Yearly inflation rate- IMF,IMF,gregorian,2014,14.50,%,IR,Iran,,,,
inf_imf_y,Yearly inflation rate- IMF,IMF,gregorian,2015,11.10,%,IR,Iran,,,,
inf_imf_y,Yearly inflation rate- IMF,IMF,gregorian,2016,6.80,%,IR,Iran,,,,
inf_imf_y,Yearly inflation rate- IMF,IMF,gregorian,2017,8.20,%,IR,Iran,,,,
inf_imf_y,Yearly inflation rate- IMF,IMF,gregorian,2018,26.90,%,IR,Iran,,,,
inf_imf_y,Yearly inflation rate- IMF,IMF,gregorian,2019,34.80,%,IR,Iran,,,,
inf_imf_y,Yearly inflation rate- IMF,IMF,gregorian,2020,36.50,%,IR,Iran,,,,
inf_imf_y,Yearly inflation rate- IMF,IMF,gregorian,2021,40.20,%,IR,Iran,,,,
inf_imf_y,Yearly inflation rate- IMF,IMF,gregorian,2022,45.80,%,IR,Iran,,,,
inf_imf_y,Yearly inflation rate- IMF,IMF,gregorian,2023,40.70,%,IR,Iran,,,,
inf_imf_y,Yearly inflation rate- IMF,IMF,gregorian,2024,32.50,%,IR,Iran,,,,
inf_imf_y,Yearly inflation rate- IMF,IMF,gregorian,2025,42.40,%,IR,Iran,,,,
inf_imf_y,Yearly inflation rate- IMF,IMF,gregorian,2026,41.60,%,IR,Iran,,,,
inf_imf_y,Yearly inflation rate- IMF,IMF,gregorian,2027,33.80,%,IR,Iran,,,,
inf_imf_y,Yearly inflation rate- IMF,IMF,gregorian,2028,28.70,%,IR,Iran,,,,
inf_imf_y,Yearly inflation rate- IMF,IMF,gregorian,2029,25.00,%,IR,Iran,,,,
inf_imf_y,Yearly inflation rate- IMF,IMF,gregorian,2030,25.00,%,IR,Iran,,,,
inf_cbi_y,Yearly inflation rate- Central Bank of Iran,Central Bank of Iran,persian,1316,8.80,%,IR,Iran,,,,
inf_cbi_y,Yearly inflation rate- Central Bank of Iran,Central Bank of Iran,persian,1317,8.00,%,IR,Iran,,,,
inf_cbi_y,Yearly inflation rate- Central Bank of Iran,Central Bank of Iran,persian,1318,13.80,%,IR,Iran,,,,
inf_cbi_y,Yearly inflation rate- Central Bank of Iran,Central Bank of Iran,persian,1319,49.50,%,IR,Iran,,,,
inf_cbi_y,Yearly inflation rate- Central Bank of Iran,Central Bank of Iran,persian,1320,96.20,%,IR,Iran,,,,
inf_cbi_y,Yearly inflation rate- Central Bank of Iran,Central Bank of Iran,persian,1321,110.50,%,IR,Iran,,,,
inf_cbi_y,Yearly inflation rate- Central Bank of Iran,Central Bank of Iran,persian,1322,2.70,%,IR,Iran,,,,
inf_cbi_y,Yearly inflation rate- Central Bank of Iran,Central Bank of Iran,persian,1323,-14.40,%,IR,Iran,,,,
inf_cbi_y,Yearly inflation rate- Central Bank of Iran,Central Bank of Iran,persian,1324,-11.50,%,IR,Iran,,,,
inf_cbi_y,Yearly inflation rate- Central Bank of Iran,Central Bank of Iran,persian,1325,6.60,%,IR,Iran,,,,
inf_cbi_y,Yearly inflation rate- Central Bank of Iran,Central Bank of Iran,persian,1326,11.10,%,IR,Iran,,,,
inf_cbi_y,Yearly inflation rate- Central Bank of Iran,Central Bank of Iran,persian,1327,2.30,%,IR,Iran,,,,
inf_cbi_y,Yearly inflation rate- Central Bank of Iran,Central Bank of Iran,persian,1328,-17.20,%,IR,Iran,,,,
inf_cbi_y,Yearly inflation rate- Central Bank of Iran,Central Bank of Iran,persian,1329,8.30,%,IR,Iran,,,,
inf_cbi_y,Yearly inflation rate- Central Bank of Iran,Central Bank of Iran,persian,1330,7.20,%,IR,Iran,,,,
inf_cbi_y,Yearly inflation rate- Central Bank of Iran,Central Bank of Iran,persian,1331,9.20,%,IR,Iran,,,,
inf_cbi_y,Yearly inflation rate- Central Bank of Iran,Central Bank of Iran,persian,1332,15.90,%,IR,Iran,,,,
inf_cbi_y,Yearly inflation rate- Central Bank of Iran,Central Bank of Iran,persian,1333,1.70,%,IR,Iran,,,,
inf_cbi_y,Yearly inflation rate- Central Bank of Iran,Central Bank of Iran,persian,1334,8.80,%,IR,Iran,,,,
inf_cbi_y,Yearly inflation rate- Central Bank of Iran,Central Bank of Iran,persian,1335,4.40,%,IR,Iran,,,,
inf_cbi_y,Yearly inflation rate- Central Bank of Iran,Central Bank of Iran,persian,1336,1.00,%,IR,Iran,,,,
inf_cbi_y,Yearly inflation rate- Central Bank of Iran,Central Bank of Iran,persian,1337,13.00,%,IR,Iran,,,,
inf_cbi_y,Yearly inflation rate- Central Bank of Iran,Central Bank of Iran,persian,1338,7.90,%,IR,Iran,,,,
inf_cbi_y,Yearly inflation rate- Central Bank of Iran,Central Bank of Iran,persian,1339,1.60,%,IR,Iran,,,,
inf_cbi_y,Yearly inflation rate- Central Bank of Iran,Central Bank of Iran,persian,1340,0.90,%,IR,Iran,,,,
inf_cbi_y,Yearly inflation rate- Central Bank of Iran,Central Bank of Iran,persian,1341,1.00,%,IR,Iran,,,,
inf_cbi_y,Yearly inflation rate- Central Bank of Iran,Central Bank of Iran,persian,1342,4.50,%,IR,Iran,,,,
inf_cbi_y,Yearly inflation rate- Central Bank of Iran,Central Bank of Iran,persian,1343,0.30,%,IR,Iran,,,,
inf_cbi_y,Yearly inflation rate- Central Bank of Iran,Central Bank of Iran,persian,1344,0.80,%,IR,Iran,,,,
inf_cbi_y,Yearly inflation rate- Central Bank of Iran,Central Bank of Iran,persian,1345,0.80,%,IR,Iran,,,,
inf_cbi_y,Yearly inflation rate- Central Bank of Iran,Central Bank of Iran,persian,1346,1.50,%,IR,Iran,,,,
inf_cbi_y,Yearly inflation rate- Central Bank of Iran,Central Bank of Iran,persian,1347,3.60,%,IR,Iran,,,,
inf_cbi_y,Yearly inflation rate- Central Bank of Iran,Central Bank of Iran,persian,1348,1.50,%,IR,Iran,,,,
inf_cbi_y,Yearly inflation rate- Central Bank of Iran,Central Bank of Iran,persian,1349,5.50,%,IR,Iran,,,,
inf_cbi_y,Yearly inflation rate- Central Bank of Iran,Central Bank of Iran,persian,1350,6.30,%,IR,Iran,,,,
inf_cbi_y,Yearly inflation rate- Central Bank of Iran,Central Bank of Iran,persian,1351,11.20,%,IR,Iran,,,,
inf_cbi_y,Yearly inflation rate- Central Bank of Iran,Central Bank of Iran,persian,1352,15.50,%,IR,Iran,,,,
inf_cbi_y,Yearly inflation rate- Central Bank of Iran,Central Bank of Iran,persian,1353,9.90,%,IR,Iran,,,,
inf_cbi_y,Yearly inflation rate- Central Bank of Iran,Central Bank of Iran,persian,1354,16.60,%,IR,Iran,,,,
inf_cbi_y,Yearly inflation rate- Central Bank of Iran,Central Bank of Iran,persian,1355,25.10,%,IR,Iran,,,,
inf_cbi_y,Yearly inflation rate- Central Bank of Iran,Central Bank of Iran,persian,1356,10.00,%,IR,Iran,,,,
inf_cbi_y,Yearly inflation rate- Central Bank of Iran,Central Bank of Iran,persian,1357,11.40,%,IR,Iran,,,,
inf_cbi_y,Yearly inflation rate- Central Bank of Iran,Central Bank of Iran,persian,1358,23.50,%,IR,Iran,,,,
inf_cbi_y,Yearly inflation rate- Central Bank of Iran,Central Bank of Iran,persian,1359,22.80,%,IR,Iran,,,,
inf_cbi_y,Yearly inflation rate- Central Bank of Iran,Central Bank of Iran,persian,1360,19.20,%,IR,Iran,,,,
inf_cbi_y,Yearly inflation rate- Central Bank of Iran,Central Bank of Iran,persian,1361,14.80,%,IR,Iran,,,,
inf_cbi_y,Yearly inflation rate- Central Bank of Iran,Central Bank of Iran,persian,1362,10.40,%,IR,Iran,,,,
inf_cbi_y,Yearly inflation rate- Central Bank of Iran,Central Bank of Iran,persian,1363,6.90,%,IR,Iran,,,,
inf_cbi_y,Yearly inflation rate- Central Bank of Iran,Central Bank of Iran,persian,1364,23.70,%,IR,Iran,,,,
inf_cbi_y,Yearly inflation rate- Central Bank of Iran,Central Bank of Iran,persian,1365,27.70,%,IR,Iran,,,,
inf_cbi_y,Yearly inflation rate- Central Bank of Iran,Central Bank of Iran,persian,1366,28.90,%,IR,Iran,,,,
inf_cbi_y,Yearly inflation rate- Central Bank of Iran,Central Bank of Iran,persian,1367,17.40,%,IR,Iran,,,,
inf_cbi_y,Yearly inflation rate- Central Bank of Iran,Central Bank of Iran,persian,1368,9.00,%,IR,Iran,,,,
inf_cbi_y,Yearly inflation rate- Central Bank of Iran,Central Bank of Iran,persian,1369,20.70,%,IR,Iran,,,,
inf_cbi_y,Yearly inflation rate- Central Bank of Iran,Central Bank of Iran,persian,1370,24.40,%,IR,Iran,,,,
inf_cbi_y,Yearly inflation rate- Central Bank of Iran,Central Bank of Iran,persian,1371,22.90,%,IR,Iran,,,,
inf_cbi_y,Yearly inflation rate- Central Bank of Iran,Central Bank of Iran,persian,1372,35.20,%,IR,Iran,,,,
inf_cbi_y,Yearly inflation rate- Central Bank of Iran,Central Bank of Iran,persian,1373,49.40,%,IR,Iran,,,,
inf_cbi_y,Yearly inflation rate- Central Bank of Iran,Central Bank of Iran,persian,1374,23.20,%,IR,Iran,,,,
inf_cbi_y,Yearly inflation rate- Central Bank of Iran,Central Bank of Iran,persian,1375,17.30,%,IR,Iran,,,,
inf_cbi_y,Yearly inflation rate- Central Bank of Iran,Central Bank of Iran,persian,1376,18.10,%,IR,Iran,,,,
inf_cbi_y,Yearly inflation rate- Central Bank of Iran,Central Bank of Iran,persian,1377,20.10,%,IR,Iran,,,,
inf_cbi_y,Yearly inflation rate- Central Bank of Iran,Central Bank of Iran,persian,1378,12.60,%,IR,Iran,,,,
inf_cbi_y,Yearly inflation rate- Central Bank of Iran,Central Bank of Iran,persian,1379,11.40,%,IR,Iran,,,,
inf_cbi_y,Yearly inflation rate- Central Bank of Iran,Central Bank of Iran,persian,1380,15.80,%,IR,Iran,,,,
inf_cbi_y,Yearly inflation rate- Central Bank of Iran,Central Bank of Iran,persian,1381,15.60,%,IR,Iran,,,,
inf_cbi_y,Yearly inflation rate- Central Bank of Iran,Central Bank of Iran,persian,1382,15.20,%,IR,Iran,,,,
inf_cbi_y,Yearly inflation rate- Central Bank of Iran,Central Bank of Iran,persian,1383,10.40,%,IR,Iran,,,,
inf_cbi_y,Yearly inflation rate- Central Bank of Iran,Central Bank of Iran,persian,1384,11.90,%,IR,Iran,,,,
inf_cbi_y,Yearly inflation rate- Central Bank of Iran,Central Bank of Iran,persian,1385,18.40,%,IR,Iran,,,,
inf_cbi_y,Yearly inflation rate- Central Bank of Iran,Central Bank of Iran,persian,1386,25.40,%,IR,Iran,,,,
inf_cbi_y,Yearly inflation rate- Central Bank of Iran,Central Bank of Iran,persian,1387,10.80,%,IR,Iran,,,,
inf_cbi_y,Yearly inflation rate- Central Bank of Iran,Central Bank of Iran,persian,1388,12.40,%,IR,Iran,,,,
inf_cbi_y,Yearly inflation rate- Central Bank of Iran,Central Bank of Iran,persian,1389,21.50,%,IR,Iran,,,,
inf_cbi_y,Yearly inflation rate- Central Bank of Iran,Central Bank of Iran,persian,1390,30.50,%,IR,Iran,,,,
inf_cbi_y,Yearly inflation rate- Central Bank of Iran,Central Bank of Iran,persian,1391,34.70,%,IR,Iran,,,,
inf_cbi_y,Yearly inflation rate- Central Bank of Iran,Central Bank of Iran,persian,1392,15.60,%,IR,Iran,,,,
inf_cbi_y,Yearly inflation rate- Central Bank of Iran,Central Bank of Iran,persian,1393,11.90,%,IR,Iran,,,,
inf_cbi_y,Yearly inflation rate- Central Bank of Iran,Central Bank of Iran,persian,1394,9.00,%,IR,Iran,,,,
inf_cbi_y,Yearly inflation rate- Central Bank of Iran,Central Bank of Iran,persian,1395,9.60,%,IR,Iran,,,,
inf_cbi_y,Yearly inflation rate- Central Bank of Iran,Central Bank of Iran,persian,1396,31.20,%,IR,Iran,,,,
inf_cbi_y,Yearly inflation rate- Central Bank of Iran,Central Bank of Iran,persian,1397,41.20,%,IR,Iran,,,,
inf_cbi_y,Yearly inflation rate- Central Bank of Iran,Central Bank of Iran,persian,1398,47.10,%,IR,Iran,,,,
inf_cbi_y,Yearly inflation rate- Central Bank of Iran,Central Bank of Iran,persian,1399,46.20,%,IR,Iran,,,,
inf_cbi_y,Yearly inflation rate- Central Bank of Iran,Central Bank of Iran,persian,1400,46.50,%,IR,Iran,,,,
inf_cbi_y,Yearly inflation rate- Central Bank of Iran,Central Bank of Iran,persian,1401,53.10,%,IR,Iran,,,,
inf_cbi_y,Yearly inflation rate- Central Bank of Iran,Central Bank of Iran,persian,1402,47.40,%,IR,Iran,,,,
inf_cbi_y,Yearly inflation rate- Central Bank of Iran,Central Bank of Iran,persian,1403,35.80,%,IR,Iran,,,,
inf_cbi_y,Yearly inflation rate- Central Bank of Iran,Central Bank of Iran,persian,1404,48.30,%,IR,Iran,,,,
cpi_cbi_m_t_95,CPI total - Central Bank of Iran (1395 = 100),Central Bank of Iran,persian,1376-02,5.20,,IR,Iran,,,Base year 1395,سال پایه ۱۳۹۵
cpi_cbi_m_t_95,CPI total - Central Bank of Iran (1395 = 100),Central Bank of Iran,persian,1376-03,5.20,,IR,Iran,,,Base year 1395,سال پایه ۱۳۹۵
cpi_cbi_m_t_95,CPI total - Central Bank of Iran (1395 = 100),Central Bank of Iran,persian,1376-04,5.30,,IR,Iran,,,Base year 1395,سال پایه ۱۳۹۵
cpi_cbi_m_t_95,CPI total - Central Bank of Iran (1395 = 100),Central Bank of Iran,persian,1376-05,5.30,,IR,Iran,,,Base year 1395,سال پایه ۱۳۹۵
cpi_cbi_m_t_95,CPI total - Central Bank of Iran (1395 = 100),Central Bank of Iran,persian,1376-06,5.50,,IR,Iran,,,Base year 1395,سال پایه ۱۳۹۵
cpi_cbi_m_t_95,CPI total - Central Bank of Iran (1395 = 100),Central Bank of Iran,persian,1376-07,5.50,,IR,Iran,,,Base year 1395,سال پایه ۱۳۹۵
cpi_cbi_m_t_95,CPI total - Central Bank of Iran (1395 = 100),Central Bank of Iran,persian,1376-08,5.50,,IR,Iran,,,Base year 1395,سال پایه ۱۳۹۵
cpi_cbi_m_t_95,CPI total - Central Bank of Iran (1395 = 100),Central Bank of Iran,persian,1376-09,5.50,,IR,Iran,,,Base year 1395,سال پایه ۱۳۹۵
cpi_cbi_m_t_95,CPI total - Central Bank of Iran (1395 = 100),Central Bank of Iran,persian,1376-10,5.70,,IR,Iran,,,Base year 1395,سال پایه ۱۳۹۵
cpi_cbi_m_t_95,CPI total - Central Bank of Iran (1395 = 100),Central Bank of Iran,persian,1376-11,5.70,,IR,Iran,,,Base year 1395,سال پایه ۱۳۹۵
cpi_cbi_m_t_95,CPI total - Central Bank of Iran (1395 = 100),Central Bank of Iran,persian,1376-12,5.80,,IR,Iran,,,Base year 1395,سال پایه ۱۳۹۵
cpi_cbi_m_t_95,CPI total - Central Bank of Iran (1395 = 100),Central Bank of Iran,persian,1377-01,6.10,,IR,Iran,,,Base year 1395,سال پایه ۱۳۹۵
cpi_cbi_m_t_95,CPI total - Central Bank of Iran (1395 = 100),Central Bank of Iran,persian,1377-02,6.10,,IR,Iran,,,Base year 1395,سال پایه ۱۳۹۵
cpi_cbi_m_t_95,CPI total - Central Bank of Iran (1395 = 100),Central Bank of Iran,persian,1377-03,6.20,,IR,Iran,,,Base year 1395,سال پایه ۱۳۹۵
cpi_cbi_m_t_95,CPI total - Central Bank of Iran (1395 = 100),Central Bank of Iran,persian,1377-04,6.20,,IR,Iran,,,Base year 1395,سال پایه ۱۳۹۵
cpi_cbi_m_t_95,CPI total - Central Bank of Iran (1395 = 100),Central Bank of Iran,persian,1377-05,6.30,,IR,Iran,,,Base year 1395,سال پایه ۱۳۹۵
cpi_cbi_m_t_95,CPI total - Central Bank of Iran (1395 = 100),Central Bank of Iran,persian,1377-06,6.40,,IR,Iran,,,Base year 1395,سال پایه ۱۳۹۵
cpi_cbi_m_t_95,CPI total - Central Bank of Iran (1395 = 100),Central Bank of Iran,persian,1377-07,6.50,,IR,Iran,,,Base year 1395,سال پایه ۱۳۹۵
cpi_cbi_m_t_95,CPI total - Central Bank of Iran (1395 = 100),Central Bank of Iran,persian,1377-08,6.50,,IR,Iran,,,Base year 1395,سال پایه ۱۳۹۵
cpi_cbi_m_t_95,CPI total - Central Bank of Iran (1395 = 100),Central Bank of Iran,persian,1377-09,6.60,,IR,Iran,,,Base year 1395,سال پایه ۱۳۹۵
cpi_cbi_m_t_95,CPI total - Central Bank of Iran (1395 = 100),Central Bank of Iran,persian,1377-10,6.80,,IR,Iran,,,Base year 1395,سال پایه ۱۳۹۵
cpi_cbi_m_t_95,CPI total - Central Bank of Iran (1395 = 100),Central Bank of Iran,persian,1377-11,6.80,,IR,Iran,,,Base year 1395,سال پایه ۱۳۹۵
cpi_cbi_m_t_95,CPI total - Central Bank of Iran (1395 = 100),Central Bank of Iran,persian,1377-12,6.80,,IR,Iran,,,Base year 1395,سال پایه ۱۳۹۵
cpi_cbi_m_t_95,CPI total - Central Bank of Iran (1395 = 100),Central Bank of Iran,persian,1378-01,7.30,,IR,Iran,,,Base year 1395,سال پایه ۱۳۹۵
cpi_cbi_m_t_95,CPI total - Central Bank of Iran (1395 = 100),Central Bank of Iran,persian,1378-02,7.40,,IR,Iran,,,Base year 1395,سال پایه ۱۳۹۵
cpi_cbi_m_t_95,CPI total - Central Bank of Iran (1395 = 100),Central Bank of Iran,persian,1378-03,7.50,,IR,Iran,,,Base year 1395,سال پایه ۱۳۹۵
cpi_cbi_m_t_95,CPI total - Central Bank of Iran (1395 = 100),Central Bank of Iran,persian,1378-04,7.70,,IR,Iran,,,Base year 1395,سال پایه ۱۳۹۵
cpi_cbi_m_t_95,CPI total - Central Bank of Iran (1395 = 100),Central Bank of Iran,persian,1378-05,7.80,,IR,Iran,,,Base year 1395,سال پایه ۱۳۹۵
cpi_cbi_m_t_95,CPI total - Central Bank of Iran (1395 = 100),Central Bank of Iran,persian,1378-06,7.90,,IR,Iran,,,Base year 1395,سال پایه ۱۳۹۵
cpi_cbi_m_t_95,CPI total - Central Bank of Iran (1395 = 100),Central Bank of Iran,persian,1378-07,8.00,,IR,Iran,,,Base year 1395,سال پایه ۱۳۹۵
cpi_cbi_m_t_95,CPI total - Central Bank of Iran (1395 = 100),Central Bank of Iran,persian,1378-08,8.10,,IR,Iran,,,Base year 1395,سال پایه ۱۳۹۵
cpi_cbi_m_t_95,CPI total - Central Bank of Iran (1395 = 100),Central Bank of Iran,persian,1378-09,8.20,,IR,Iran,,,Base year 1395,سال پایه ۱۳۹۵
cpi_cbi_m_t_95,CPI total - Central Bank of Iran (1395 = 100),Central Bank of Iran,persian,1378-10,8.30,,IR,Iran,,,Base year 1395,سال پایه ۱۳۹۵
cpi_cbi_m_t_95,CPI total - Central Bank of Iran (1395 = 100),Central Bank of Iran,persian,1378-11,8.40,,IR,Iran,,,Base year 1395,سال پایه ۱۳۹۵
cpi_cbi_m_t_95,CPI total - Central Bank of Iran (1395 = 100),Central Bank of Iran,persian,1378-12,8.60,,IR,Iran,,,Base year 1395,سال پایه ۱۳۹۵
cpi_cbi_m_t_95,CPI total - Central Bank of Iran (1395 = 100),Central Bank of Iran,persian,1379-01,8.80,,IR,Iran,,,Base year 1395,سال پایه ۱۳۹۵
cpi_cbi_m_t_95,CPI total - Central Bank of Iran (1395 = 100),Central Bank of Iran,persian,1379-02,8.80,,IR,Iran,,,Base year 1395,سال پایه ۱۳۹۵
cpi_cbi_m_t_95,CPI total - Central Bank of Iran (1395 = 100),Central Bank of Iran,persian,1379-03,9.00,,IR,Iran,,,Base year 1395,سال پایه ۱۳۹۵
cpi_cbi_m_t_95,CPI total - Central Bank of Iran (1395 = 100),Central Bank of Iran,persian,1379-04,9.10,,IR,Iran,,,Base year 1395,سال پایه ۱۳۹۵
cpi_cbi_m_t_95,CPI total - Central Bank of Iran (1395 = 100),Central Bank of Iran,persian,1379-05,9.10,,IR,Iran,,,Base year 1395,سال پایه ۱۳۹۵
cpi_cbi_m_t_95,CPI total - Central Bank of Iran (1395 = 100),Central Bank of Iran,persian,1379-06,9.20,,IR,Iran,,,Base year 1395,سال پایه ۱۳۹۵
cpi_cbi_m_t_95,CPI total - Central Bank of Iran (1395 = 100),Central Bank of Iran,persian,1379-07,9.20,,IR,Iran,,,Base year 1395,سال پایه ۱۳۹۵
cpi_cbi_m_t_95,CPI total - Central Bank of Iran (1395 = 100),Central Bank of Iran,persian,1379-08,9.30,,IR,Iran,,,Base year 1395,سال پایه ۱۳۹۵
cpi_cbi_m_t_95,CPI total - Central Bank of Iran (1395 = 100),Central Bank of Iran,persian,1379-09,9.40,,IR,Iran,,,Base year 1395,سال پایه ۱۳۹۵
cpi_cbi_m_t_95,CPI total - Central Bank of Iran (1395 = 100),Central Bank of Iran,persian,1379-10,9.50,,IR,Iran,,,Base year 1395,سال پایه ۱۳۹۵
cpi_cbi_m_t_95,CPI total - Central Bank of Iran (1395 = 100),Central Bank of Iran,persian,1379-11,9.50,,IR,Iran,,,Base year 1395,سال پایه ۱۳۹۵
cpi_cbi_m_t_95,CPI total - Central Bank of Iran (1395 = 100),Central Bank of Iran,persian,1379-12,9.70,,IR,Iran,,,Base year 1395,سال پایه ۱۳۹۵
cpi_cbi_m_t_95,CPI total - Central Bank of Iran (1395 = 100),Central Bank of Iran,persian,1380-01,9.80,,IR,Iran,,,Base year 1395,سال پایه ۱۳۹۵
cpi_cbi_m_t_95,CPI total - Central Bank of Iran (1395 = 100),Central Bank of Iran,persian,1380-02,9.90,,IR,Iran,,,Base year 1395,سال پایه ۱۳۹۵
cpi_cbi_m_t_95,CPI total - Central Bank of Iran (1395 = 100),Central Bank of Iran,persian,1380-03,9.90,,IR,Iran,,,Base year 1395,سال پایه ۱۳۹۵
cpi_cbi_m_t_95,CPI total - Central Bank of Iran (1395 = 100),Central Bank of Iran,persian,1380-04,10.10,,IR,Iran,,,Base year 1395,سال پایه ۱۳۹۵
cpi_cbi_m_t_95,CPI total - Central Bank of Iran (1395 = 100),Central Bank of Iran,persian,1380-05,10.10,,IR,Iran,,,Base year 1395,سال پایه ۱۳۹۵
cpi_cbi_m_t_95,CPI total - Central Bank of Iran (1395 = 100),Central Bank of Iran,persian,1380-06,10.20,,IR,Iran,,,Base year 1395,سال پایه ۱۳۹۵
cpi_cbi_m_t_95,CPI total - Central Bank of Iran (1395 = 100),Central Bank of Iran,persian,1380-07,10.30,,IR,Iran,,,Base year 1395,سال پایه ۱۳۹۵
cpi_cbi_m_t_95,CPI total - Central Bank of Iran (1395 = 100),Central Bank of Iran,persian,1380-08,10.30,,IR,Iran,,,Base year 1395,سال پایه ۱۳۹۵
cpi_cbi_m_t_95,CPI total - Central Bank of Iran (1395 = 100),Central Bank of Iran,persian,1380-09,10.40,,IR,Iran,,,Base year 1395,سال پایه ۱۳۹۵
cpi_cbi_m_t_95,CPI total - Central Bank of Iran (1395 = 100),Central Bank of Iran,persian,1380-10,10.40,,IR,Iran,,,Base year 1395,سال پایه ۱۳۹۵
cpi_cbi_m_t_95,CPI total - Central Bank of Iran (1395 = 100),Central Bank of Iran,persian,1380-11,10.50,,IR,Iran,,,Base year 1395,سال پایه ۱۳۹۵
cpi_cbi_m_t_95,CPI total - Central Bank of Iran (1395 = 100),Central Bank of Iran,persian,1380-12,10.70,,IR,Iran,,,Base year 1395,سال پایه ۱۳۹۵
cpi_cbi_m_t_95,CPI total - Central Bank of Iran (1395 = 100),Central Bank of Iran,persian,1381-01,10.90,,IR,Iran,,,Base year 1395,سال پایه ۱۳۹۵
cpi_cbi_m_t_95,CPI total - Central Bank of Iran (1395 = 100),Central Bank of Iran,persian,1381-02,11.00,,IR,Iran,,,Base year 1395,سال پایه ۱۳۹۵
cpi_cbi_m_t_95,CPI total - Central Bank of Iran (1395 = 100),Central Bank of Iran,persian,1381-03,11.10,,IR,Iran,,,Base year 1395,سال پایه ۱۳۹۵
cpi_cbi_m_t_95,CPI total - Central Bank of Iran (1395 = 100),Central Bank of Iran,persian,1381-04,11.30,,IR,Iran,,,Base year 1395,سال پایه ۱۳۹۵
cpi_cbi_m_t_95,CPI total - Central Bank of Iran (1395 = 100),Central Bank of Iran,persian,1381-05,11.40,,IR,Iran,,,Base year 1395,سال پایه ۱۳۹۵
cpi_cbi_m_t_95,CPI total - Central Bank of Iran (1395 = 100),Central Bank of Iran,persian,1381-06,11.50,,IR,Iran,,,Base year 1395,سال پایه ۱۳۹۵
cpi_cbi_m_t_95,CPI total - Central Bank of Iran (1395 = 100),Central Bank of Iran,persian,1381-07,11.50,,IR,Iran,,,Base year 1395,سال پایه ۱۳۹۵
cpi_cbi_m_t_95,CPI total - Central Bank of Iran (1395 = 100),Central Bank of Iran,persian,1381-08,11.80,,IR,Iran,,,Base year 1395,سال پایه ۱۳۹۵
cpi_cbi_m_t_95,CPI total - Central Bank of Iran (1395 = 100),Central Bank of Iran,persian,1381-09,11.90,,IR,Iran,,,Base year 1395,سال پایه ۱۳۹۵
cpi_cbi_m_t_95,CPI total - Central Bank of Iran (1395 = 100),Central Bank of Iran,persian,1381-10,12.00,,IR,Iran,,,Base year 1395,سال پایه ۱۳۹۵
cpi_cbi_m_t_95,CPI total - Central Bank of Iran (1395 = 100),Central Bank of Iran,persian,1381-11,12.20,,IR,Iran,,,Base year 1395,سال پایه ۱۳۹۵
cpi_cbi_m_t_95,CPI total - Central Bank of Iran (1395 = 100),Central Bank of Iran,persian,1381-12,12.30,,IR,Iran,,,Base year 1395,سال پایه ۱۳۹۵
cpi_cbi_m_t_95,CPI total - Central Bank of Iran (1395 = 100),Central Bank of Iran,persian,1382-01,12.50,,IR,Iran,,,Base year 1395,سال پایه ۱۳۹۵
cpi_cbi_m_t_95,CPI total - Central Bank of Iran (1395 = 100),Central Bank of Iran,persian,1382-02,12.70,,IR,Iran,,,Base year 1395,سال پایه ۱۳۹۵
cpi_cbi_m_t_95,CPI total - Central Bank of Iran (1395 = 100),Central Bank of Iran,persian,1382-03,12.90,,IR,Iran,,,Base year 1395,سال پایه ۱۳۹۵
cpi_cbi_m_t_95,CPI total - Central Bank of Iran (1395 = 100),Central Bank of Iran,persian,1382-04,13.20,,IR,Iran,,,Base year 1395,سال پایه ۱۳۹۵
cpi_cbi_m_t_95,CPI total - Central Bank of Iran (1395 = 100),Central Bank of Iran,persian,1382-05,13.40,,IR,Iran,,,Base year 1395,سال پایه ۱۳۹۵
cpi_cbi_m_t_95,CPI total - Central Bank of Iran (1395 = 100),Central Bank of Iran,persian,1382-06,13.40,,IR,Iran,,,Base year 1395,سال پایه ۱۳۹۵
cpi_cbi_m_t_95,CPI total - Central Bank of Iran (1395 = 100),Central Bank of Iran,persian,1382-07,13.50,,IR,Iran,,,Base year 1395,سال پایه ۱۳۹۵
cpi_cbi_m_t_95,CPI total - Central Bank of Iran (1395 = 100),Central Bank of Iran,persian,1382-08,13.60,,IR,Iran,,,Base year 1395,سال پایه ۱۳۹۵
cpi_cbi_m_t_95,CPI total - Central Bank of Iran (1395 = 100),Central Bank of Iran,persian,1382-09,13.80,,IR,Iran,,,Base year 1395,سال پایه ۱۳۹۵
cpi_cbi_m_t_95,CPI total - Central Bank of Iran (1395 = 100),Central Bank of Iran,persian,1382-10,13.90,,IR,Iran,,,Base year 1395,سال پایه ۱۳۹۵
cpi_cbi_m_t_95,CPI total - Central Bank of Iran (1395 = 100),Central Bank of Iran,persian,1382-11,14.00,,IR,Iran,,,Base year 1395,سال پایه ۱۳۹۵
cpi_cbi_m_t_95,CPI total - Central Bank of Iran (1395 = 100),Central Bank of Iran,persian,1382-12,14.10,,IR,Iran,,,Base year 1395,سال پایه ۱۳۹۵
cpi_cbi_m_t_95,CPI total - Central Bank of Iran (1395 = 100),Central Bank of Iran,persian,1383-01,14.70,,IR,Iran,,,Base year 1395,سال پایه ۱۳۹۵
cpi_cbi_m_t_95,CPI total - Central Bank of Iran (1395 = 100),Central Bank of Iran,persian,1383-02,14.90,,IR,Iran,,,Base year 1395,سال پایه ۱۳۹۵
cpi_cbi_m_t_95,CPI total - Central Bank of Iran (1395 = 100),Central Bank of Iran,persian,1383-03,15.10,,IR,Iran,,,Base year 1395,سال پایه ۱۳۹۵
cpi_cbi_m_t_95,CPI total - Central Bank of Iran (1395 = 100),Central Bank of Iran,persian,1383-04,15.20,,IR,Iran,,,Base year 1395,سال پایه ۱۳۹۵
cpi_cbi_m_t_95,CPI total - Central Bank of Iran (1395 = 100),Central Bank of Iran,persian,1383-05,15.50,,IR,Iran,,,Base year 1395,سال پایه ۱۳۹۵
cpi_cbi_m_t_95,CPI total - Central Bank of Iran (1395 = 100),Central Bank of Iran,persian,1383-06,15.50,,IR,Iran,,,Base year 1395,سال پایه ۱۳۹۵
cpi_cbi_m_t_95,CPI total - Central Bank of Iran (1395 = 100),Central Bank of Iran,persian,1383-07,15.90,,IR,Iran,,,Base year 1395,سال پایه ۱۳۹۵
cpi_cbi_m_t_95,CPI total - Central Bank of Iran (1395 = 100),Central Bank of Iran,persian,1383-08,16.10,,IR,Iran,,,Base year 1395,سال پایه ۱۳۹۵
cpi_cbi_m_t_95,CPI total - Central Bank of Iran (1395 = 100),Central Bank of Iran,persian,1383-09,16.10,,IR,Iran,,,Base year 1395,سال پایه ۱۳۹۵
cpi_cbi_m_t_95,CPI total - Central Bank of Iran (1395 = 100),Central Bank of Iran,persian,1383-10,16.20,,IR,Iran,,,Base year 1395,سال پایه ۱۳۹۵
cpi_cbi_m_t_95,CPI total - Central Bank of Iran (1395 = 100),Central Bank of Iran,persian,1383-11,16.40,,IR,Iran,,,Base year 1395,سال پایه ۱۳۹۵
cpi_cbi_m_t_95,CPI total - Central Bank of Iran (1395 = 100),Central Bank of Iran,persian,1383-12,16.50,,IR,Iran,,,Base year 1395,سال پایه ۱۳۹۵
cpi_cbi_m_t_95,CPI total - Central Bank of Iran (1395 = 100),Central Bank of Iran,persian,1384-01,16.70,,IR,Iran,,,Base year 1395,سال پایه ۱۳۹۵
cpi_cbi_m_t_95,CPI total - Central Bank of Iran (1395 = 100),Central Bank of Iran,persian,1384-02,16.80,,IR,Iran,,,Base year 1395,سال پایه ۱۳۹۵
cpi_cbi_m_t_95,CPI total - Central Bank of Iran (1395 = 100),Central Bank of Iran,persian,1384-03,16.80,,IR,Iran,,,Base year 1395,سال پایه ۱۳۹۵
cpi_cbi_m_t_95,CPI total - Central Bank of Iran (1395 = 100),Central Bank of Iran,persian,1384-04,16.80,,IR,Iran,,,Base year 1395,سال پایه ۱۳۹۵
cpi_cbi_m_t_95,CPI total - Central Bank of Iran (1395 = 100),Central Bank of Iran,persian,1384-05,16.80,,IR,Iran,,,Base year 1395,سال پایه ۱۳۹۵
cpi_cbi_m_t_95,CPI total - Central Bank of Iran (1395 = 100),Central Bank of Iran,persian,1384-06,16.90,,IR,Iran,,,Base year 1395,سال پایه ۱۳۹۵
cpi_cbi_m_t_95,CPI total - Central Bank of Iran (1395 = 100),Central Bank of Iran,persian,1384-07,17.00,,IR,Iran,,,Base year 1395,سال پایه ۱۳۹۵
cpi_cbi_m_t_95,CPI total - Central Bank of Iran (1395 = 100),Central Bank of Iran,persian,1384-08,17.20,,IR,Iran,,,Base year 1395,سال پایه ۱۳۹۵
cpi_cbi_m_t_95,CPI total - Central Bank of Iran (1395 = 100),Central Bank of Iran,persian,1384-09,17.20,,IR,Iran,,,Base year 1395,سال پایه ۱۳۹۵
cpi_cbi_m_t_95,CPI total - Central Bank of Iran (1395 = 100),Central Bank of Iran,persian,1384-10,17.40,,IR,Iran,,,Base year 1395,سال پایه ۱۳۹۵
cpi_cbi_m_t_95,CPI total - Central Bank of Iran (1395 = 100),Central Bank of Iran,persian,1384-11,17.50,,IR,Iran,,,Base year 1395,سال پایه ۱۳۹۵
cpi_cbi_m_t_95,CPI total - Central Bank of Iran (1395 = 100),Central Bank of Iran,persian,1384-12,17.50,,IR,Iran,,,Base year 1395,سال پایه ۱۳۹۵
cpi_cbi_m_t_95,CPI total - Central Bank of Iran (1395 = 100),Central Bank of Iran,persian,1385-01,17.90,,IR,Iran,,,Base year 1395,سال پایه ۱۳۹۵
cpi_cbi_m_t_95,CPI total - Central Bank of Iran (1395 = 100),Central Bank of Iran,persian,1385-02,18.00,,IR,Iran,,,Base year 1395,سال پایه ۱۳۹۵
cpi_cbi_m_t_95,CPI total - Central Bank of Iran (1395 = 100),Central Bank of Iran,persian,1385-03,18.10,,IR,Iran,,,Base year 1395,سال پایه ۱۳۹۵
cpi_cbi_m_t_95,CPI total - Central Bank of Iran (1395 = 100),Central Bank of Iran,persian,1385-04,18.40,,IR,Iran,,,Base year 1395,سال پایه ۱۳۹۵
cpi_cbi_m_t_95,CPI total - Central Bank of Iran (1395 = 100),Central Bank of Iran,persian,1385-05,18.70,,IR,Iran,,,Base year 1395,سال پایه ۱۳۹۵
cpi_cbi_m_t_95,CPI total - Central Bank of Iran (1395 = 100),Central Bank of Iran,persian,1385-06,18.80,,IR,Iran,,,Base year 1395,سال پایه ۱۳۹۵
cpi_cbi_m_t_95,CPI total - Central Bank of Iran (1395 = 100),Central Bank of Iran,persian,1385-07,19.20,,IR,Iran,,,Base year 1395,سال پایه ۱۳۹۵
cpi_cbi_m_t_95,CPI total - Central Bank of Iran (1395 = 100),Central Bank of Iran,persian,1385-08,19.40,,IR,Iran,,,Base year 1395,سال پایه ۱۳۹۵
cpi_cbi_m_t_95,CPI total - Central Bank of Iran (1395 = 100),Central Bank of Iran,persian,1385-09,19.60,,IR,Iran,,,Base year 1395,سال پایه ۱۳۹۵
cpi_cbi_m_t_95,CPI total - Central Bank of Iran (1395 = 100),Central Bank of Iran,persian,1385-10,19.90,,IR,Iran,,,Base year 1395,سال پایه ۱۳۹۵
cpi_cbi_m_t_95,CPI total - Central Bank of Iran (1395 = 100),Central Bank of Iran,persian,1385-11,20.00,,IR,Iran,,,Base year 1395,سال پایه ۱۳۹۵
cpi_cbi_m_t_95,CPI total - Central Bank of Iran (1395 = 100),Central Bank of Iran,persian,1385-12,20.10,,IR,Iran,,,Base year 1395,سال پایه ۱۳۹۵
cpi_cbi_m_t_95,CPI total - Central Bank of Iran (1395 = 100),Central Bank of Iran,persian,1386-01,20.30,,IR,Iran,,,Base year 1395,سال پایه ۱۳۹۵
cpi_cbi_m_t_95,CPI total - Central Bank of Iran (1395 = 100),Central Bank of Iran,persian,1386-02,20.60,,IR,Iran,,,Base year 1395,سال پایه ۱۳۹۵
cpi_cbi_m_t_95,CPI total - Central Bank of Iran (1395 = 100),Central Bank of Iran,persian,1386-03,20.80,,IR,Iran,,,Base year 1395,سال پایه ۱۳۹۵
cpi_cbi_m_t_95,CPI total - Central Bank of Iran (1395 = 100),Central Bank of Iran,persian,1386-04,21.00,,IR,Iran,,,Base year 1395,سال پایه ۱۳۹۵
cpi_cbi_m_t_95,CPI total - Central Bank of Iran (1395 = 100),Central Bank of Iran,persian,1386-05,21.50,,IR,Iran,,,Base year 1395,سال پایه ۱۳۹۵
cpi_cbi_m_t_95,CPI total - Central Bank of Iran (1395 = 100),Central Bank of Iran,persian,1386-06,21.70,,IR,Iran,,,Base year 1395,سال پایه ۱۳۹۵
cpi_cbi_m_t_95,CPI total - Central Bank of Iran (1395 = 100),Central Bank of Iran,persian,1386-07,21.90,,IR,Iran,,,Base year 1395,سال پایه ۱۳۹۵
cpi_cbi_m_t_95,CPI total - Central Bank of Iran (1395 = 100),Central Bank of Iran,persian,1386-08,22.40,,IR,Iran,,,Base year 1395,سال پایه ۱۳۹۵
cpi_cbi_m_t_95,CPI total - Central Bank of Iran (1395 = 100),Central Bank of Iran,persian,1386-09,22.70,,IR,Iran,,,Base year 1395,سال پایه ۱۳۹۵
cpi_cbi_m_t_95,CPI total - Central Bank of Iran (1395 = 100),Central Bank of Iran,persian,1386-10,22.90,,IR,Iran,,,Base year 1395,سال پایه ۱۳۹۵
cpi_cbi_m_t_95,CPI total - Central Bank of Iran (1395 = 100),Central Bank of Iran,persian,1386-11,23.10,,IR,Iran,,,Base year 1395,سال پایه ۱۳۹۵
cpi_cbi_m_t_95,CPI total - Central Bank of Iran (1395 = 100),Central Bank of Iran,persian,1386-12,23.50,,IR,Iran,,,Base year 1395,سال پایه ۱۳۹۵
cpi_cbi_m_t_95,CPI total - Central Bank of Iran (1395 = 100),Central Bank of Iran,persian,1387-01,24.40,,IR,Iran,,,Base year 1395,سال پایه ۱۳۹۵
cpi_cbi_m_t_95,CPI total - Central Bank of Iran (1395 = 100),Central Bank of Iran,persian,1387-02,24.80,,IR,Iran,,,Base year 1395,سال پایه ۱۳۹۵
cpi_cbi_m_t_95,CPI total - Central Bank of Iran (1395 = 100),Central Bank of Iran,persian,1387-03,25.40,,IR,Iran,,,Base year 1395,سال پایه ۱۳۹۵
cpi_cbi_m_t_95,CPI total - Central Bank of Iran (1395 = 100),Central Bank of Iran,persian,1387-04,25.50,,IR,Iran,,,Base year 1395,سال پایه ۱۳۹۵
cpi_cbi_m_t_95,CPI total - Central Bank of Iran (1395 = 100),Central Bank of Iran,persian,1387-05,26.00,,IR,Iran,,,Base year 1395,سال پایه ۱۳۹۵
cpi_cbi_m_t_95,CPI total - Central Bank of Iran (1395 = 100),Central Bank of Iran,persian,1387-06,27.00,,IR,Iran,,,Base year 1395,سال پایه ۱۳۹۵
cpi_cbi_m_t_95,CPI total - Central Bank of Iran (1395 = 100),Central Bank of Iran,persian,1387-07,27.50,,IR,Iran,,,Base year 1395,سال پایه ۱۳۹۵
cpi_cbi_m_t_95,CPI total - Central Bank of Iran (1395 = 100),Central Bank of Iran,persian,1387-08,27.70,,IR,Iran,,,Base year 1395,سال پایه ۱۳۹۵
cpi_cbi_m_t_95,CPI total - Central Bank of Iran (1395 = 100),Central Bank of Iran,persian,1387-09,28.00,,IR,Iran,,,Base year 1395,سال پایه ۱۳۹۵
cpi_cbi_m_t_95,CPI total - Central Bank of Iran (1395 = 100),Central Bank of Iran,persian,1387-10,27.90,,IR,Iran,,,Base year 1395,سال پایه ۱۳۹۵
cpi_cbi_m_t_95,CPI total - Central Bank of Iran (1395 = 100),Central Bank of Iran,persian,1387-11,27.80,,IR,Iran,,,Base year 1395,سال پایه ۱۳۹۵
cpi_cbi_m_t_95,CPI total - Central Bank of Iran (1395 = 100),Central Bank of Iran,persian,1387-12,27.90,,IR,Iran,,,Base year 1395,سال پایه ۱۳۹۵
cpi_cbi_m_t_95,CPI total - Central Bank of Iran (1395 = 100),Central Bank of Iran,persian,1388-01,28.20,,IR,Iran,,,Base year 1395,سال پایه ۱۳۹۵
cpi_cbi_m_t_95,CPI total - Central Bank of Iran (1395 = 100),Central Bank of Iran,persian,1388-02,28.60,,IR,Iran,,,Base year 1395,سال پایه ۱۳۹۵
cpi_cbi_m_t_95,CPI total - Central Bank of Iran (1395 = 100),Central Bank of Iran,persian,1388-03,29.10,,IR,Iran,,,Base year 1395,سال پایه ۱۳۹۵
cpi_cbi_m_t_95,CPI total - Central Bank of Iran (1395 = 100),Central Bank of Iran,persian,1388-04,29.10,,IR,Iran,,,Base year 1395,سال پایه ۱۳۹۵
cpi_cbi_m_t_95,CPI total - Central Bank of Iran (1395 = 100),Central Bank of Iran,persian,1388-05,29.40,,IR,Iran,,,Base year 1395,سال پایه ۱۳۹۵
cpi_cbi_m_t_95,CPI total - Central Bank of Iran (1395 = 100),Central Bank of Iran,persian,1388-06,29.50,,IR,Iran,,,Base year 1395,سال پایه ۱۳۹۵
cpi_cbi_m_t_95,CPI total - Central Bank of Iran (1395 = 100),Central Bank of Iran,persian,1388-07,29.60,,IR,Iran,,,Base year 1395,سال پایه ۱۳۹۵
cpi_cbi_m_t_95,CPI total - Central Bank of Iran (1395 = 100),Central Bank of Iran,persian,1388-08,29.70,,IR,Iran,,,Base year 1395,سال پایه ۱۳۹۵
cpi_cbi_m_t_95,CPI total - Central Bank of Iran (1395 = 100),Central Bank of Iran,persian,1388-09,30.10,,IR,Iran,,,Base year 1395,سال پایه ۱۳۹۵
cpi_cbi_m_t_95,CPI total - Central Bank of Iran (1395 = 100),Central Bank of Iran,persian,1388-10,30.10,,IR,Iran,,,Base year 1395,سال پایه ۱۳۹۵
cpi_cbi_m_t_95,CPI total - Central Bank of Iran (1395 = 100),Central Bank of Iran,persian,1388-11,30.30,,IR,Iran,,,Base year 1395,سال پایه ۱۳۹۵
cpi_cbi_m_t_95,CPI total - Central Bank of Iran (1395 = 100),Central Bank of Iran,persian,1388-12,30.80,,IR,Iran,,,Base year 1395,سال پایه ۱۳۹۵
cpi_cbi_m_t_95,CPI total - Central Bank of Iran (1395 = 100),Central Bank of Iran,persian,1389-01,31.10,,IR,Iran,,,Base year 1395,سال پایه ۱۳۹۵
cpi_cbi_m_t_95,CPI total - Central Bank of Iran (1395 = 100),Central Bank of Iran,persian,1389-02,31.20,,IR,Iran,,,Base year 1395,سال پایه ۱۳۹۵
cpi_cbi_m_t_95,CPI total - Central Bank of Iran (1395 = 100),Central Bank of Iran,persian,1389-03,31.50,,IR,Iran,,,Base year 1395,سال پایه ۱۳۹۵
cpi_cbi_m_t_95,CPI total - Central Bank of Iran (1395 = 100),Central Bank of Iran,persian,1389-04,31.80,,IR,Iran,,,Base year 1395,سال پایه ۱۳۹۵
cpi_cbi_m_t_95,CPI total - Central Bank of Iran (1395 = 100),Central Bank of Iran,persian,1389-05,32.20,,IR,Iran,,,Base year 1395,سال پایه ۱۳۹۵
cpi_cbi_m_t_95,CPI total - Central Bank of Iran (1395 = 100),Central Bank of Iran,persian,1389-06,32.50,,IR,Iran,,,Base year 1395,سال پایه ۱۳۹۵
cpi_cbi_m_t_95,CPI total - Central Bank of Iran (1395 = 100),Central Bank of Iran,persian,1389-07,33.10,,IR,Iran,,,Base year 1395,سال پایه ۱۳۹۵
cpi_cbi_m_t_95,CPI total - Central Bank of Iran (1395 = 100),Central Bank of Iran,persian,1389-08,33.40,,IR,Iran,,,Base year 1395,سال پایه ۱۳۹۵
cpi_cbi_m_t_95,CPI total - Central Bank of Iran (1395 = 100),Central Bank of Iran,persian,1389-09,33.90,,IR,Iran,,,Base year 1395,سال پایه ۱۳۹۵
cpi_cbi_m_t_95,CPI total - Central Bank of Iran (1395 = 100),Central Bank of Iran,persian,1389-10,34.80,,IR,Iran,,,Base year 1395,سال پایه ۱۳۹۵
cpi_cbi_m_t_95,CPI total - Central Bank of Iran (1395 = 100),Central Bank of Iran,persian,1389-11,35.70,,IR,Iran,,,Base year 1395,سال پایه ۱۳۹۵
cpi_cbi_m_t_95,CPI total - Central Bank of Iran (1395 = 100),Central Bank of Iran,persian,1389-12,36.90,,IR,Iran,,,Base year 1395,سال پایه ۱۳۹۵
cpi_cbi_m_t_95,CPI total - Central Bank of Iran (1395 = 100),Central Bank of Iran,persian,1390-01,37.50,,IR,Iran,,,Base year 1395,سال پایه ۱۳۹۵
cpi_cbi_m_t_95,CPI total - Central Bank of Iran (1395 = 100),Central Bank of Iran,persian,1390-02,38.10,,IR,Iran,,,Base year 1395,سال پایه ۱۳۹۵
cpi_cbi_m_t_95,CPI total - Central Bank of Iran (1395 = 100),Central Bank of Iran,persian,1390-03,38.60,,IR,Iran,,,Base year 1395,سال پایه ۱۳۹۵
cpi_cbi_m_t_95,CPI total - Central Bank of Iran (1395 = 100),Central Bank of Iran,persian,1390-04,38.70,,IR,Iran,,,Base year 1395,سال پایه ۱۳۹۵
cpi_cbi_m_t_95,CPI total - Central Bank of Iran (1395 = 100),Central Bank of Iran,persian,1390-05,39.10,,IR,Iran,,,Base year 1395,سال پایه ۱۳۹۵
cpi_cbi_m_t_95,CPI total - Central Bank of Iran (1395 = 100),Central Bank of Iran,persian,1390-06,39.80,,IR,Iran,,,Base year 1395,سال پایه ۱۳۹۵
cpi_cbi_m_t_95,CPI total - Central Bank of Iran (1395 = 100),Central Bank of Iran,persian,1390-07,40.20,,IR,Iran,,,Base year 1395,سال پایه ۱۳۹۵
cpi_cbi_m_t_95,CPI total - Central Bank of Iran (1395 = 100),Central Bank of Iran,persian,1390-08,40.80,,IR,Iran,,,Base year 1395,سال پایه ۱۳۹۵
cpi_cbi_m_t_95,CPI total - Central Bank of Iran (1395 = 100),Central Bank of Iran,persian,1390-09,41.40,,IR,Iran,,,Base year 1395,سال پایه ۱۳۹۵
cpi_cbi_m_t_95,CPI total - Central Bank of Iran (1395 = 100),Central Bank of Iran,persian,1390-10,42.00,,IR,Iran,,,Base year 1395,سال پایه ۱۳۹۵
cpi_cbi_m_t_95,CPI total - Central Bank of Iran (1395 = 100),Central Bank of Iran,persian,1390-11,43.10,,IR,Iran,,,Base year 1395,سال پایه ۱۳۹۵
cpi_cbi_m_t_95,CPI total - Central Bank of Iran (1395 = 100),Central Bank of Iran,persian,1390-12,44.50,,IR,Iran,,,Base year 1395,سال پایه ۱۳۹۵
cpi_cbi_m_t_95,CPI total - Central Bank of Iran (1395 = 100),Central Bank of Iran,persian,1391-01,45.50,,IR,Iran,,,Base year 1395,سال پایه ۱۳۹۵
cpi_cbi_m_t_95,CPI total - Central Bank of Iran (1395 = 100),Central Bank of Iran,persian,1391-02,46.60,,IR,Iran,,,Base year 1395,سال پایه ۱۳۹۵
cpi_cbi_m_t_95,CPI total - Central Bank of Iran (1395 = 100),Central Bank of Iran,persian,1391-03,47.10,,IR,Iran,,,Base year 1395,سال پایه ۱۳۹۵
cpi_cbi_m_t_95,CPI total - Central Bank of Iran (1395 = 100),Central Bank of Iran,persian,1391-04,48.10,,IR,Iran,,,Base year 1395,سال پایه ۱۳۹۵
cpi_cbi_m_t_95,CPI total - Central Bank of Iran (1395 = 100),Central Bank of Iran,persian,1391-05,48.90,,IR,Iran,,,Base year 1395,سال پایه ۱۳۹۵
cpi_cbi_m_t_95,CPI total - Central Bank of Iran (1395 = 100),Central Bank of Iran,persian,1391-06,50.30,,IR,Iran,,,Base year 1395,سال پایه ۱۳۹۵
cpi_cbi_m_t_95,CPI total - Central Bank of Iran (1395 = 100),Central Bank of Iran,persian,1391-07,52.70,,IR,Iran,,,Base year 1395,سال پایه ۱۳۹۵
cpi_cbi_m_t_95,CPI total - Central Bank of Iran (1395 = 100),Central Bank of Iran,persian,1391-08,55.20,,IR,Iran,,,Base year 1395,سال پایه ۱۳۹۵
cpi_cbi_m_t_95,CPI total - Central Bank of Iran (1395 = 100),Central Bank of Iran,persian,1391-09,56.40,,IR,Iran,,,Base year 1395,سال پایه ۱۳۹۵
cpi_cbi_m_t_95,CPI total - Central Bank of Iran (1395 = 100),Central Bank of Iran,persian,1391-10,57.50,,IR,Iran,,,Base year 1395,سال پایه ۱۳۹۵
cpi_cbi_m_t_95,CPI total - Central Bank of Iran (1395 = 100),Central Bank of Iran,persian,1391-11,60.50,,IR,Iran,,,Base year 1395,سال پایه ۱۳۹۵
cpi_cbi_m_t_95,CPI total - Central Bank of Iran (1395 = 100),Central Bank of Iran,persian,1391-12,62.90,,IR,Iran,,,Base year 1395,سال پایه ۱۳۹۵
cpi_cbi_m_t_95,CPI total - Central Bank of Iran (1395 = 100),Central Bank of Iran,persian,1392-01,64.70,,IR,Iran,,,Base year 1395,سال پایه ۱۳۹۵
cpi_cbi_m_t_95,CPI total - Central Bank of Iran (1395 = 100),Central Bank of Iran,persian,1392-02,66.00,,IR,Iran,,,Base year 1395,سال پایه ۱۳۹۵
cpi_cbi_m_t_95,CPI total - Central Bank of Iran (1395 = 100),Central Bank of Iran,persian,1392-03,68.30,,IR,Iran,,,Base year 1395,سال پایه ۱۳۹۵
cpi_cbi_m_t_95,CPI total - Central Bank of Iran (1395 = 100),Central Bank of Iran,persian,1392-04,69.20,,IR,Iran,,,Base year 1395,سال پایه ۱۳۹۵
cpi_cbi_m_t_95,CPI total - Central Bank of Iran (1395 = 100),Central Bank of Iran,persian,1392-05,70.00,,IR,Iran,,,Base year 1395,سال پایه ۱۳۹۵
cpi_cbi_m_t_95,CPI total - Central Bank of Iran (1395 = 100),Central Bank of Iran,persian,1392-06,71.20,,IR,Iran,,,Base year 1395,سال پایه ۱۳۹۵
cpi_cbi_m_t_95,CPI total - Central Bank of Iran (1395 = 100),Central Bank of Iran,persian,1392-07,72.10,,IR,Iran,,,Base year 1395,سال پایه ۱۳۹۵
cpi_cbi_m_t_95,CPI total - Central Bank of Iran (1395 = 100),Central Bank of Iran,persian,1392-08,72.80,,IR,Iran,,,Base year 1395,سال پایه ۱۳۹۵
cpi_cbi_m_t_95,CPI total - Central Bank of Iran (1395 = 100),Central Bank of Iran,persian,1392-09,73.10,,IR,Iran,,,Base year 1395,سال پایه ۱۳۹۵
cpi_cbi_m_t_95,CPI total - Central Bank of Iran (1395 = 100),Central Bank of Iran,persian,1392-10,74.00,,IR,Iran,,,Base year 1395,سال پایه ۱۳۹۵
cpi_cbi_m_t_95,CPI total - Central Bank of Iran (1395 = 100),Central Bank of Iran,persian,1392-11,74.30,,IR,Iran,,,Base year 1395,سال پایه ۱۳۹۵
cpi_cbi_m_t_95,CPI total - Central Bank of Iran (1395 = 100),Central Bank of Iran,persian,1392-12,75.20,,IR,Iran,,,Base year 1395,سال پایه ۱۳۹۵
cpi_cbi_m_t_95,CPI total - Central Bank of Iran (1395 = 100),Central Bank of Iran,persian,1393-01,76.00,,IR,Iran,,,Base year 1395,سال پایه ۱۳۹۵
cpi_cbi_m_t_95,CPI total - Central Bank of Iran (1395 = 100),Central Bank of Iran,persian,1393-02,76.90,,IR,Iran,,,Base year 1395,سال پایه ۱۳۹۵
cpi_cbi_m_t_95,CPI total - Central Bank of Iran (1395 = 100),Central Bank of Iran,persian,1393-03,78.20,,IR,Iran,,,Base year 1395,سال پایه ۱۳۹۵
cpi_cbi_m_t_95,CPI total - Central Bank of Iran (1395 = 100),Central Bank of Iran,persian,1393-04,79.30,,IR,Iran,,,Base year 1395,سال پایه ۱۳۹۵
cpi_cbi_m_t_95,CPI total - Central Bank of Iran (1395 = 100),Central Bank of Iran,persian,1393-05,80.40,,IR,Iran,,,Base year 1395,سال پایه ۱۳۹۵
cpi_cbi_m_t_95,CPI total - Central Bank of Iran (1395 = 100),Central Bank of Iran,persian,1393-06,81.40,,IR,Iran,,,Base year 1395,سال پایه ۱۳۹۵
cpi_cbi_m_t_95,CPI total - Central Bank of Iran (1395 = 100),Central Bank of Iran,persian,1393-07,82.60,,IR,Iran,,,Base year 1395,سال پایه ۱۳۹۵
cpi_cbi_m_t_95,CPI total - Central Bank of Iran (1395 = 100),Central Bank of Iran,persian,1393-08,83.80,,IR,Iran,,,Base year 1395,سال پایه ۱۳۹۵
cpi_cbi_m_t_95,CPI total - Central Bank of Iran (1395 = 100),Central Bank of Iran,persian,1393-09,85.40,,IR,Iran,,,Base year 1395,سال پایه ۱۳۹۵
cpi_cbi_m_t_95,CPI total - Central Bank of Iran (1395 = 100),Central Bank of Iran,persian,1393-10,85.60,,IR,Iran,,,Base year 1395,سال پایه ۱۳۹۵
cpi_cbi_m_t_95,CPI total - Central Bank of Iran (1395 = 100),Central Bank of Iran,persian,1393-11,86.30,,IR,Iran,,,Base year 1395,سال پایه ۱۳۹۵
cpi_cbi_m_t_95,CPI total - Central Bank of Iran (1395 = 100),Central Bank of Iran,persian,1393-12,87.40,,IR,Iran,,,Base year 1395,سال پایه ۱۳۹۵
cpi_cbi_m_t_95,CPI total - Central Bank of Iran (1395 = 100),Central Bank of Iran,persian,1394-01,88.50,,IR,Iran,,,Base year 1395,سال پایه ۱۳۹۵
cpi_cbi_m_t_95,CPI total - Central Bank of Iran (1395 = 100),Central Bank of Iran,persian,1394-02,89.40,,IR,Iran,,,Base year 1395,سال پایه ۱۳۹۵
cpi_cbi_m_t_95,CPI total - Central Bank of Iran (1395 = 100),Central Bank of Iran,persian,1394-03,90.90,,IR,Iran,,,Base year 1395,سال پایه ۱۳۹۵
cpi_cbi_m_t_95,CPI total - Central Bank of Iran (1395 = 100),Central Bank of Iran,persian,1394-04,90.60,,IR,Iran,,,Base year 1395,سال پایه ۱۳۹۵
cpi_cbi_m_t_95,CPI total - Central Bank of Iran (1395 = 100),Central Bank of Iran,persian,1394-05,90.50,,IR,Iran,,,Base year 1395,سال پایه ۱۳۹۵
cpi_cbi_m_t_95,CPI total - Central Bank of Iran (1395 = 100),Central Bank of Iran,persian,1394-06,91.00,,IR,Iran,,,Base year 1395,سال پایه ۱۳۹۵
cpi_cbi_m_t_95,CPI total - Central Bank of Iran (1395 = 100),Central Bank of Iran,persian,1394-07,91.50,,IR,Iran,,,Base year 1395,سال پایه ۱۳۹۵
cpi_cbi_m_t_95,CPI total - Central Bank of Iran (1395 = 100),Central Bank of Iran,persian,1394-08,92.20,,IR,Iran,,,Base year 1395,سال پایه ۱۳۹۵
cpi_cbi_m_t_95,CPI total - Central Bank of Iran (1395 = 100),Central Bank of Iran,persian,1394-09,93.40,,IR,Iran,,,Base year 1395,سال پایه ۱۳۹۵
cpi_cbi_m_t_95,CPI total - Central Bank of Iran (1395 = 100),Central Bank of Iran,persian,1394-10,93.80,,IR,Iran,,,Base year 1395,سال پایه ۱۳۹۵
cpi_cbi_m_t_95,CPI total - Central Bank of Iran (1395 = 100),Central Bank of Iran,persian,1394-11,94.00,,IR,Iran,,,Base year 1395,سال پایه ۱۳۹۵
cpi_cbi_m_t_95,CPI total - Central Bank of Iran (1395 = 100),Central Bank of Iran,persian,1394-12,94.70,,IR,Iran,,,Base year 1395,سال پایه ۱۳۹۵
cpi_cbi_m_t_95,CPI total - Central Bank of Iran (1395 = 100),Central Bank of Iran,persian,1395-01,95.00,,IR,Iran,,,Base year 1395,سال پایه ۱۳۹۵
cpi_cbi_m_t_95,CPI total - Central Bank of Iran (1395 = 100),Central Bank of Iran,persian,1395-02,96.30,,IR,Iran,,,Base year 1395,سال پایه ۱۳۹۵
cpi_cbi_m_t_95,CPI total - Central Bank of Iran (1395 = 100),Central Bank of Iran,persian,1395-03,97.70,,IR,Iran,,,Base year 1395,سال پایه ۱۳۹۵
cpi_cbi_m_t_95,CPI total - Central Bank of Iran (1395 = 100),Central Bank of Iran,persian,1395-04,98.30,,IR,Iran,,,Base year 1395,سال پایه ۱۳۹۵
cpi_cbi_m_t_95,CPI total - Central Bank of Iran (1395 = 100),Central Bank of Iran,persian,1395-05,99.20,,IR,Iran,,,Base year 1395,سال پایه ۱۳۹۵
cpi_cbi_m_t_95,CPI total - Central Bank of Iran (1395 = 100),Central Bank of Iran,persian,1395-06,99.60,,IR,Iran,,,Base year 1395,سال پایه ۱۳۹۵
cpi_cbi_m_t_95,CPI total - Central Bank of Iran (1395 = 100),Central Bank of Iran,persian,1395-07,100.00,,IR,Iran,,,Base year 1395,سال پایه ۱۳۹۵
cpi_cbi_m_t_95,CPI total - Central Bank of Iran (1395 = 100),Central Bank of Iran,persian,1395-08,100.20,,IR,Iran,,,Base year 1395,سال پایه ۱۳۹۵
cpi_cbi_m_t_95,CPI total - Central Bank of Iran (1395 = 100),Central Bank of Iran,persian,1395-09,101.70,,IR,Iran,,,Base year 1395,سال پایه ۱۳۹۵
cpi_cbi_m_t_95,CPI total - Central Bank of Iran (1395 = 100),Central Bank of Iran,persian,1395-10,102.50,,IR,Iran,,,Base year 1395,سال پایه ۱۳۹۵
cpi_cbi_m_t_95,CPI total - Central Bank of Iran (1395 = 100),Central Bank of Iran,persian,1395-11,103.70,,IR,Iran,,,Base year 1395,سال پایه ۱۳۹۵
cpi_cbi_m_t_95,CPI total - Central Bank of Iran (1395 = 100),Central Bank of Iran,persian,1395-12,105.90,,IR,Iran,,,Base year 1395,سال پایه ۱۳۹۵
cpi_cbi_m_t_95,CPI total - Central Bank of Iran (1395 = 100),Central Bank of Iran,persian,1396-01,107.10,,IR,Iran,,,Base year 1395,سال پایه ۱۳۹۵
cpi_cbi_m_t_95,CPI total - Central Bank of Iran (1395 = 100),Central Bank of Iran,persian,1396-02,107.10,,IR,Iran,,,Base year 1395,سال پایه ۱۳۹۵
cpi_cbi_m_t_95,CPI total - Central Bank of Iran (1395 = 100),Central Bank of Iran,persian,1396-03,107.80,,IR,Iran,,,Base year 1395,سال پایه ۱۳۹۵
cpi_cbi_m_t_95,CPI total - Central Bank of Iran (1395 = 100),Central Bank of Iran,persian,1396-04,107.50,,IR,Iran,,,Base year 1395,سال پایه ۱۳۹۵
cpi_cbi_m_t_95,CPI total - Central Bank of Iran (1395 = 100),Central Bank of Iran,persian,1396-05,107.70,,IR,Iran,,,Base year 1395,سال پایه ۱۳۹۵
cpi_cbi_m_t_95,CPI total - Central Bank of Iran (1395 = 100),Central Bank of Iran,persian,1396-06,108.00,,IR,Iran,,,Base year 1395,سال پایه ۱۳۹۵
cpi_cbi_m_t_95,CPI total - Central Bank of Iran (1395 = 100),Central Bank of Iran,persian,1396-07,108.40,,IR,Iran,,,Base year 1395,سال پایه ۱۳۹۵
cpi_cbi_m_t_95,CPI total - Central Bank of Iran (1395 = 100),Central Bank of Iran,persian,1396-08,109.80,,IR,Iran,,,Base year 1395,سال پایه ۱۳۹۵
cpi_cbi_m_t_95,CPI total - Central Bank of Iran (1395 = 100),Central Bank of Iran,persian,1396-09,111.90,,IR,Iran,,,Base year 1395,سال پایه ۱۳۹۵
cpi_cbi_m_t_95,CPI total - Central Bank of Iran (1395 = 100),Central Bank of Iran,persian,1396-10,112.40,,IR,Iran,,,Base year 1395,سال پایه ۱۳۹۵
cpi_cbi_m_t_95,CPI total - Central Bank of Iran (1395 = 100),Central Bank of Iran,persian,1396-11,113.40,,IR,Iran,,,Base year 1395,سال پایه ۱۳۹۵
cpi_cbi_m_t_95,CPI total - Central Bank of Iran (1395 = 100),Central Bank of Iran,persian,1396-12,114.70,,IR,Iran,,,Base year 1395,سال پایه ۱۳۹۵
cpi_cbi_m_t_95,CPI total - Central Bank of Iran (1395 = 100),Central Bank of Iran,persian,1397-01,115.60,,IR,Iran,,,Base year 1395,سال پایه ۱۳۹۵
cpi_cbi_m_t_95,CPI total - Central Bank of Iran (1395 = 100),Central Bank of Iran,persian,1397-02,117.50,,IR,Iran,,,Base year 1395,سال پایه ۱۳۹۵
cpi_cbi_m_t_95,CPI total - Central Bank of Iran (1395 = 100),Central Bank of Iran,persian,1397-03,122.60,,IR,Iran,,,Base year 1395,سال پایه ۱۳۹۵
cpi_cbi_m_t_95,CPI total - Central Bank of Iran (1395 = 100),Central Bank of Iran,persian,1397-04,126.80,,IR,Iran,,,Base year 1395,سال پایه ۱۳۹۵
cpi_cbi_m_t_95,CPI total - Central Bank of Iran (1395 = 100),Central Bank of Iran,persian,1397-05,133.80,,IR,Iran,,,Base year 1395,سال پایه ۱۳۹۵
cpi_cbi_m_t_95,CPI total - Central Bank of Iran (1395 = 100),Central Bank of Iran,persian,1397-06,141.90,,IR,Iran,,,Base year 1395,سال پایه ۱۳۹۵
cpi_cbi_m_t_95,CPI total - Central Bank of Iran (1395 = 100),Central Bank of Iran,persian,1397-07,148.40,,IR,Iran,,,Base year 1395,سال پایه ۱۳۹۵
cpi_cbi_m_t_95,CPI total - Central Bank of Iran (1395 = 100),Central Bank of Iran,persian,1397-08,153.60,,IR,Iran,,,Base year 1395,سال پایه ۱۳۹۵
cpi_cbi_m_t_95,CPI total - Central Bank of Iran (1395 = 100),Central Bank of Iran,persian,1397-09,159.30,,IR,Iran,,,Base year 1395,سال پایه ۱۳۹۵
cpi_cbi_m_t_95,CPI total - Central Bank of Iran (1395 = 100),Central Bank of Iran,persian,1397-10,162.10,,IR,Iran,,,Base year 1395,سال پایه ۱۳۹۵
cpi_cbi_m_t_95,CPI total - Central Bank of Iran (1395 = 100),Central Bank of Iran,persian,1397-11,167.70,,IR,Iran,,,Base year 1395,سال پایه ۱۳۹۵
cpi_cbi_m_t_95,CPI total - Central Bank of Iran (1395 = 100),Central Bank of Iran,persian,1397-12,176.80,,IR,Iran,,,Base year 1395,سال پایه ۱۳۹۵
cpi_cbi_m_t_95,CPI total - Central Bank of Iran (1395 = 100),Central Bank of Iran,persian,1398-01,182.70,,IR,Iran,,,Base year 1395,سال پایه ۱۳۹۵
cpi_cbi_m_t_95,CPI total - Central Bank of Iran (1395 = 100),Central Bank of Iran,persian,1398-02,188.20,,IR,Iran,,,Base year 1395,سال پایه ۱۳۹۵
cpi_cbi_m_t_95,CPI total - Central Bank of Iran (1395 = 100),Central Bank of Iran,persian,1398-03,192.60,,IR,Iran,,,Base year 1395,سال پایه ۱۳۹۵
cpi_cbi_m_t_95,CPI total - Central Bank of Iran (1395 = 100),Central Bank of Iran,persian,1398-04,196.90,,IR,Iran,,,Base year 1395,سال پایه ۱۳۹۵
cpi_cbi_m_t_95,CPI total - Central Bank of Iran (1395 = 100),Central Bank of Iran,persian,1398-05,198.50,,IR,Iran,,,Base year 1395,سال پایه ۱۳۹۵
cpi_cbi_m_t_95,CPI total - Central Bank of Iran (1395 = 100),Central Bank of Iran,persian,1398-06,200.10,,IR,Iran,,,Base year 1395,سال پایه ۱۳۹۵
cpi_cbi_m_t_95,CPI total - Central Bank of Iran (1395 = 100),Central Bank of Iran,persian,1398-07,201.40,,IR,Iran,,,Base year 1395,سال پایه ۱۳۹۵
cpi_cbi_m_t_95,CPI total - Central Bank of Iran (1395 = 100),Central Bank of Iran,persian,1398-08,204.10,,IR,Iran,,,Base year 1395,سال پایه ۱۳۹۵
cpi_cbi_m_t_95,CPI total - Central Bank of Iran (1395 = 100),Central Bank of Iran,persian,1398-09,212.50,,IR,Iran,,,Base year 1395,سال پایه ۱۳۹۵
cpi_cbi_m_t_95,CPI total - Central Bank of Iran (1395 = 100),Central Bank of Iran,persian,1398-10,214.70,,IR,Iran,,,Base year 1395,سال پایه ۱۳۹۵
cpi_cbi_m_t_95,CPI total - Central Bank of Iran (1395 = 100),Central Bank of Iran,persian,1398-11,219.60,,IR,Iran,,,Base year 1395,سال پایه ۱۳۹۵
cpi_cbi_m_t_95,CPI total - Central Bank of Iran (1395 = 100),Central Bank of Iran,persian,1398-12,226.50,,IR,Iran,,,Base year 1395,سال پایه ۱۳۹۵
cpi_cbi_m_t_95,CPI total - Central Bank of Iran (1395 = 100),Central Bank of Iran,persian,1399-01,229.90,,IR,Iran,,,Base year 1395,سال پایه ۱۳۹۵
cpi_cbi_m_t_95,CPI total - Central Bank of Iran (1395 = 100),Central Bank of Iran,persian,1399-02,240.20,,IR,Iran,,,Base year 1395,سال پایه ۱۳۹۵
cpi_cbi_m_t_95,CPI total - Central Bank of Iran (1395 = 100),Central Bank of Iran,persian,1399-03,249.80,,IR,Iran,,,Base year 1395,سال پایه ۱۳۹۵
cpi_cbi_m_t_95,CPI total - Central Bank of Iran (1395 = 100),Central Bank of Iran,persian,1399-04,261.80,,IR,Iran,,,Base year 1395,سال پایه ۱۳۹۵
cpi_cbi_m_t_95,CPI total - Central Bank of Iran (1395 = 100),Central Bank of Iran,persian,1399-05,270.80,,IR,Iran,,,Base year 1395,سال پایه ۱۳۹۵
cpi_cbi_m_t_95,CPI total - Central Bank of Iran (1395 = 100),Central Bank of Iran,persian,1399-06,281.30,,IR,Iran,,,Base year 1395,سال پایه ۱۳۹۵
cpi_cbi_m_t_95,CPI total - Central Bank of Iran (1395 = 100),Central Bank of Iran,persian,1399-07,302.80,,IR,Iran,,,Base year 1395,سال پایه ۱۳۹۵
cpi_cbi_m_t_95,CPI total - Central Bank of Iran (1395 = 100),Central Bank of Iran,persian,1399-08,326.10,,IR,Iran,,,Base year 1395,سال پایه ۱۳۹۵
cpi_cbi_m_t_95,CPI total - Central Bank of Iran (1395 = 100),Central Bank of Iran,persian,1399-09,338.90,,IR,Iran,,,Base year 1395,سال پایه ۱۳۹۵
cpi_cbi_m_t_95,CPI total - Central Bank of Iran (1395 = 100),Central Bank of Iran,persian,1399-10,347.50,,IR,Iran,,,Base year 1395,سال پایه ۱۳۹۵
cpi_cbi_m_t_95,CPI total - Central Bank of Iran (1395 = 100),Central Bank of Iran,persian,1399-11,363.00,,IR,Iran,,,Base year 1395,سال پایه ۱۳۹۵
cpi_cbi_m_t_95,CPI total - Central Bank of Iran (1395 = 100),Central Bank of Iran,persian,1399-12,374.20,,IR,Iran,,,Base year 1395,سال پایه ۱۳۹۵
cpi_cbi_m_t_95,CPI total - Central Bank of Iran (1395 = 100),Central Bank of Iran,persian,1400-01,378.30,,IR,Iran,,,Base year 1395,سال پایه ۱۳۹۵
cpi_cbi_m_t_95,CPI total - Central Bank of Iran (1395 = 100),Central Bank of Iran,persian,1400-02,382.00,,IR,Iran,,,Base year 1395,سال پایه ۱۳۹۵
cpi_cbi_m_t_95,CPI total - Central Bank of Iran (1395 = 100),Central Bank of Iran,persian,1400-03,399.30,,IR,Iran,,,Base year 1395,سال پایه ۱۳۹۵
cpi_cbi_m_t_95,CPI total - Central Bank of Iran (1395 = 100),Central Bank of Iran,persian,1400-04,410.00,,IR,Iran,,,Base year 1395,سال پایه ۱۳۹۵
cpi_cbi_m_t_95,CPI total - Central Bank of Iran (1395 = 100),Central Bank of Iran,persian,1400-05,421.70,,IR,Iran,,,Base year 1395,سال پایه ۱۳۹۵
cpi_cbi_m_t_95,CPI total - Central Bank of Iran (1395 = 100),Central Bank of Iran,persian,1400-06,435.60,,IR,Iran,,,Base year 1395,سال پایه ۱۳۹۵
cpi_cbi_m_t_95,CPI total - Central Bank of Iran (1395 = 100),Central Bank of Iran,persian,1400-07,448.90,,IR,Iran,,,Base year 1395,سال پایه ۱۳۹۵
cpi_cbi_m_t_95,CPI total - Central Bank of Iran (1395 = 100),Central Bank of Iran,persian,1400-08,459.70,,IR,Iran,,,Base year 1395,سال پایه ۱۳۹۵
cpi_cbi_m_t_95,CPI total - Central Bank of Iran (1395 = 100),Central Bank of Iran,persian,1400-09,468.20,,IR,Iran,,,Base year 1395,سال پایه ۱۳۹۵
cpi_cbi_m_t_95,CPI total - Central Bank of Iran (1395 = 100),Central Bank of Iran,persian,1400-10,474.20,,IR,Iran,,,Base year 1395,سال پایه ۱۳۹۵
cpi_cbi_m_t_95,CPI total - Central Bank of Iran (1395 = 100),Central Bank of Iran,persian,1400-11,482.00,,IR,Iran,,,Base year 1395,سال پایه ۱۳۹۵
cpi_cbi_m_t_95,CPI total - Central Bank of Iran (1395 = 100),Central Bank of Iran,persian,1400-12,484.60,,IR,Iran,,,Base year 1395,سال پایه ۱۳۹۵
cpi_cbi_m_t_95,CPI total - Central Bank of Iran (1395 = 100),Central Bank of Iran,persian,1401-01,495.10,,IR,Iran,,,Base year 1395,سال پایه ۱۳۹۵
cpi_cbi_m_t_95,CPI total - Central Bank of Iran (1395 = 100),Central Bank of Iran,persian,1401-02,520.40,,IR,Iran,,,Base year 1395,سال پایه ۱۳۹۵
cpi_cbi_m_t_95,CPI total - Central Bank of Iran (1395 = 100),Central Bank of Iran,persian,1401-03,575.40,,IR,Iran,,,Base year 1395,سال پایه ۱۳۹۵
cpi_cbi_m_t_95,CPI total - Central Bank of Iran (1395 = 100),Central Bank of Iran,persian,1401-04,600.40,,IR,Iran,,,Base year 1395,سال پایه ۱۳۹۵
cpi_cbi_m_t_95,CPI total - Central Bank of Iran (1395 = 100),Central Bank of Iran,persian,1401-05,614.80,,IR,Iran,,,Base year 1395,سال پایه ۱۳۹۵
cpi_cbi_m_t_95,CPI total - Central Bank of Iran (1395 = 100),Central Bank of Iran,persian,1401-06,631.00,,IR,Iran,,,Base year 1395,سال پایه ۱۳۹۵
cpi_cbi_m_t_95,CPI total - Central Bank of Iran (1395 = 100),Central Bank of Iran,persian,1401-07,649.50,,IR,Iran,,,Base year 1395,سال پایه ۱۳۹۵
cpi_cbi_m_t_95,CPI total - Central Bank of Iran (1395 = 100),Central Bank of Iran,persian,1401-08,663.50,,IR,Iran,,,Base year 1395,سال پایه ۱۳۹۵
cpi_cbi_m_t_95,CPI total - Central Bank of Iran (1395 = 100),Central Bank of Iran,persian,1401-09,679.80,,IR,Iran,,,Base year 1395,سال پایه ۱۳۹۵
cpi_cbi_m_t_95,CPI total - Central Bank of Iran (1395 = 100),Central Bank of Iran,persian,1401-10,713.40,,IR,Iran,,,Base year 1395,سال پایه ۱۳۹۵
cpi_cbi_m_t_95,CPI total - Central Bank of Iran (1395 = 100),Central Bank of Iran,persian,1401-11,745.10,,IR,Iran,,,Base year 1395,سال پایه ۱۳۹۵
cpi_cbi_m_t_95,CPI total - Central Bank of Iran (1395 = 100),Central Bank of Iran,persian,1401-12,794.30,,IR,Iran,,,Base year 1395,سال پایه ۱۳۹۵
cpi_cbi_m_t_00,CPI total - Central Bank of Iran (1400 = 100),Central Bank of Iran,persian,1400-01,83.30,,IR,Iran,,,Base year 1400,سال پایه ۱۴۰۰
cpi_cbi_m_t_00,CPI total - Central Bank of Iran (1400 = 100),Central Bank of Iran,persian,1400-02,85.00,,IR,Iran,,,Base year 1400,سال پایه ۱۴۰۰
cpi_cbi_m_t_00,CPI total - Central Bank of Iran (1400 = 100),Central Bank of Iran,persian,1400-03,88.60,,IR,Iran,,,Base year 1400,سال پایه ۱۴۰۰
cpi_cbi_m_t_00,CPI total - Central Bank of Iran (1400 = 100),Central Bank of Iran,persian,1400-04,91.60,,IR,Iran,,,Base year 1400,سال پایه ۱۴۰۰
cpi_cbi_m_t_00,CPI total - Central Bank of Iran (1400 = 100),Central Bank of Iran,persian,1400-05,94.50,,IR,Iran,,,Base year 1400,سال پایه ۱۴۰۰
cpi_cbi_m_t_00,CPI total - Central Bank of Iran (1400 = 100),Central Bank of Iran,persian,1400-06,98.50,,IR,Iran,,,Base year 1400,سال پایه ۱۴۰۰
cpi_cbi_m_t_00,CPI total - Central Bank of Iran (1400 = 100),Central Bank of Iran,persian,1400-07,102.50,,IR,Iran,,,Base year 1400,سال پایه ۱۴۰۰
cpi_cbi_m_t_00,CPI total - Central Bank of Iran (1400 = 100),Central Bank of Iran,persian,1400-08,105.50,,IR,Iran,,,Base year 1400,سال پایه ۱۴۰۰
cpi_cbi_m_t_00,CPI total - Central Bank of Iran (1400 = 100),Central Bank of Iran,persian,1400-09,108.50,,IR,Iran,,,Base year 1400,سال پایه ۱۴۰۰
cpi_cbi_m_t_00,CPI total - Central Bank of Iran (1400 = 100),Central Bank of Iran,persian,1400-10,111.00,,IR,Iran,,,Base year 1400,سال پایه ۱۴۰۰
cpi_cbi_m_t_00,CPI total - Central Bank of Iran (1400 = 100),Central Bank of Iran,persian,1400-11,114.50,,IR,Iran,,,Base year 1400,سال پایه ۱۴۰۰
cpi_cbi_m_t_00,CPI total - Central Bank of Iran (1400 = 100),Central Bank of Iran,persian,1400-12,116.60,,IR,Iran,,,Base year 1400,سال پایه ۱۴۰۰
cpi_cbi_m_t_00,CPI total - Central Bank of Iran (1400 = 100),Central Bank of Iran,persian,1401-01,119.10,,IR,Iran,,,Base year 1400,سال پایه ۱۴۰۰
cpi_cbi_m_t_00,CPI total - Central Bank of Iran (1400 = 100),Central Bank of Iran,persian,1401-02,124.50,,IR,Iran,,,Base year 1400,سال پایه ۱۴۰۰
cpi_cbi_m_t_00,CPI total - Central Bank of Iran (1400 = 100),Central Bank of Iran,persian,1401-03,136.60,,IR,Iran,,,Base year 1400,سال پایه ۱۴۰۰
cpi_cbi_m_t_00,CPI total - Central Bank of Iran (1400 = 100),Central Bank of Iran,persian,1401-04,143.10,,IR,Iran,,,Base year 1400,سال پایه ۱۴۰۰
cpi_cbi_m_t_00,CPI total - Central Bank of Iran (1400 = 100),Central Bank of Iran,persian,1401-05,147.00,,IR,Iran,,,Base year 1400,سال پایه ۱۴۰۰
cpi_cbi_m_t_00,CPI total - Central Bank of Iran (1400 = 100),Central Bank of Iran,persian,1401-06,151.30,,IR,Iran,,,Base year 1400,سال پایه ۱۴۰۰
cpi_cbi_m_t_00,CPI total - Central Bank of Iran (1400 = 100),Central Bank of Iran,persian,1401-07,156.60,,IR,Iran,,,Base year 1400,سال پایه ۱۴۰۰
cpi_cbi_m_t_00,CPI total - Central Bank of Iran (1400 = 100),Central Bank of Iran,persian,1401-08,160.80,,IR,Iran,,,Base year 1400,سال پایه ۱۴۰۰
cpi_cbi_m_t_00,CPI total - Central Bank of Iran (1400 = 100),Central Bank of Iran,persian,1401-09,164.20,,IR,Iran,,,Base year 1400,سال پایه ۱۴۰۰
cpi_cbi_m_t_00,CPI total - Central Bank of Iran (1400 = 100),Central Bank of Iran,persian,1401-10,170.40,,IR,Iran,,,Base year 1400,سال پایه ۱۴۰۰
cpi_cbi_m_t_00,CPI total - Central Bank of Iran (1400 = 100),Central Bank of Iran,persian,1401-11,177.50,,IR,Iran,,,Base year 1400,سال پایه ۱۴۰۰
cpi_cbi_m_t_00,CPI total - Central Bank of Iran (1400 = 100),Central Bank of Iran,persian,1401-12,186.60,,IR,Iran,,,Base year 1400,سال پایه ۱۴۰۰
cpi_cbi_m_t_00,CPI total - Central Bank of Iran (1400 = 100),Central Bank of Iran,persian,1402-01,193.40,,IR,Iran,,,Base year 1400,سال پایه ۱۴۰۰
cpi_cbi_m_t_00,CPI total - Central Bank of Iran (1400 = 100),Central Bank of Iran,persian,1402-02,198.80,,IR,Iran,,,Base year 1400,سال پایه ۱۴۰۰
cpi_cbi_m_t_00,CPI total - Central Bank of Iran (1400 = 100),Central Bank of Iran,persian,1402-03,205.10,,IR,Iran,,,Base year 1400,سال پایه ۱۴۰۰
cpi_cbi_m_t_00,CPI total - Central Bank of Iran (1400 = 100),Central Bank of Iran,persian,1402-04,210.50,,IR,Iran,,,Base year 1400,سال پایه ۱۴۰۰
cpi_cbi_m_t_00,CPI total - Central Bank of Iran (1400 = 100),Central Bank of Iran,persian,1402-05,217.90,,IR,Iran,,,Base year 1400,سال پایه ۱۴۰۰
cpi_cbi_m_t_00,CPI total - Central Bank of Iran (1400 = 100),Central Bank of Iran,persian,1402-06,225.00,,IR,Iran,,,Base year 1400,سال پایه ۱۴۰۰
cpi_cbi_m_t_00,CPI total - Central Bank of Iran (1400 = 100),Central Bank of Iran,persian,1402-07,230.60,,IR,Iran,,,Base year 1400,سال پایه ۱۴۰۰
cpi_cbi_m_t_00,CPI total - Central Bank of Iran (1400 = 100),Central Bank of Iran,persian,1402-08,235.00,,IR,Iran,,,Base year 1400,سال پایه ۱۴۰۰
cpi_cbi_m_t_00,CPI total - Central Bank of Iran (1400 = 100),Central Bank of Iran,persian,1402-09,242.80,,IR,Iran,,,Base year 1400,سال پایه ۱۴۰۰
cpi_cbi_m_t_00,CPI total - Central Bank of Iran (1400 = 100),Central Bank of Iran,persian,1402-10,246.90,,IR,Iran,,,Base year 1400,سال پایه ۱۴۰۰
cpi_cbi_m_t_00,CPI total - Central Bank of Iran (1400 = 100),Central Bank of Iran,persian,1402-11,249.30,,IR,Iran,,,Base year 1400,سال پایه ۱۴۰۰
cpi_cbi_m_t_00,CPI total - Central Bank of Iran (1400 = 100),Central Bank of Iran,persian,1402-12,254.00,,IR,Iran,,,Base year 1400,سال پایه ۱۴۰۰
cpi_cbi_m_t_00,CPI total - Central Bank of Iran (1400 = 100),Central Bank of Iran,persian,1403-01,260.50,,IR,Iran,,,Base year 1400,سال پایه ۱۴۰۰
cpi_cbi_m_t_00,CPI total - Central Bank of Iran (1400 = 100),Central Bank of Iran,persian,1403-02,268.50,,IR,Iran,,,Base year 1400,سال پایه ۱۴۰۰
cpi_cbi_m_t_00,CPI total - Central Bank of Iran (1400 = 100),Central Bank of Iran,persian,1403-03,279.10,,IR,Iran,,,Base year 1400,سال پایه ۱۴۰۰
cpi_cbi_m_t_00,CPI total - Central Bank of Iran (1400 = 100),Central Bank of Iran,persian,1403-04,287.30,,IR,Iran,,,Base year 1400,سال پایه ۱۴۰۰
cpi_cbi_m_t_00,CPI total - Central Bank of Iran (1400 = 100),Central Bank of Iran,persian,1403-05,295.50,,IR,Iran,,,Base year 1400,سال پایه ۱۴۰۰
cpi_cbi_m_t_00,CPI total - Central Bank of Iran (1400 = 100),Central Bank of Iran,persian,1403-06,302.40,,IR,Iran,,,Base year 1400,سال پایه ۱۴۰۰
cpi_cbi_m_t_00,CPI total - Central Bank of Iran (1400 = 100),Central Bank of Iran,persian,1403-07,310.10,,IR,Iran,,,Base year 1400,سال پایه ۱۴۰۰
cpi_cbi_m_t_00,CPI total - Central Bank of Iran (1400 = 100),Central Bank of Iran,persian,1403-08,319.30,,IR,Iran,,,Base year 1400,سال پایه ۱۴۰۰
cpi_cbi_m_t_00,CPI total - Central Bank of Iran (1400 = 100),Central Bank of Iran,persian,1403-09,324.90,,IR,Iran,,,Base year 1400,سال پایه ۱۴۰۰
cpi_cbi_m_t_00,CPI total - Central Bank of Iran (1400 = 100),Central Bank of Iran,persian,1403-10,332.10,,IR,Iran,,,Base year 1400,سال پایه ۱۴۰۰
cpi_cbi_m_t_00,CPI total - Central Bank of Iran (1400 = 100),Central Bank of Iran,persian,1403-11,344.10,,IR,Iran,,,Base year 1400,سال پایه ۱۴۰۰
cpi_cbi_m_t_00,CPI total - Central Bank of Iran (1400 = 100),Central Bank of Iran,persian,1403-12,354.80,,IR,Iran,,,Base year 1400,سال پایه ۱۴۰۰
cpi_cbi_m_t_00,CPI total - Central Bank of Iran (1400 = 100),Central Bank of Iran,persian,1404-01,368.30,,IR,Iran,,,Base year 1400,سال پایه ۱۴۰۰
cpi_cbi_m_t_00,CPI total - Central Bank of Iran (1400 = 100),Central Bank of Iran,persian,1404-02,376.70,,IR,Iran,,,Base year 1400,سال پایه ۱۴۰۰
cpi_cbi_m_t_00,CPI total - Central Bank of Iran (1400 = 100),Central Bank of Iran,persian,1404-03,391.40,,IR,Iran,,,Base year 1400,سال پایه ۱۴۰۰
cpi_cbi_m_t_00,CPI total - Central Bank of Iran (1400 = 100),Central Bank of Iran,persian,1404-04,403.80,,IR,Iran,,,Base year 1400,سال پایه ۱۴۰۰
cpi_cbi_m_t_00,CPI total - Central Bank of Iran (1400 = 100),Central Bank of Iran,persian,1404-05,417.70,,IR,Iran,,,Base year 1400,سال پایه ۱۴۰۰
cpi_cbi_m_t_00,CPI total - Central Bank of Iran (1400 = 100),Central Bank of Iran,persian,1404-06,435.20,,IR,Iran,,,Base year 1400,سال پایه ۱۴۰۰
cpi_cbi_m_t_00,CPI total - Central Bank of Iran (1400 = 100),Central Bank of Iran,persian,1404-07,456.00,,IR,Iran,,,Base year 1400,سال پایه ۱۴۰۰
cpi_cbi_m_t_00,CPI total - Central Bank of Iran (1400 = 100),Central Bank of Iran,persian,1404-08,471.30,,IR,Iran,,,Base year 1400,سال پایه ۱۴۰۰
cpi_cbi_m_t_00,CPI total - Central Bank of Iran (1400 = 100),Central Bank of Iran,persian,1404-09,486.90,,IR,Iran,,,Base year 1400,سال پایه ۱۴۰۰
cpi_cbi_m_t_00,CPI total - Central Bank of Iran (1400 = 100),Central Bank of Iran,persian,1404-10,514.60,,IR,Iran,,,Base year 1400,سال پایه ۱۴۰۰
cpi_cbi_m_t_00,CPI total - Central Bank of Iran (1400 = 100),Central Bank of Iran,persian,1404-11,558.10,,IR,Iran,,,Base year 1400,سال پایه ۱۴۰۰
cpi_cbi_m_t_00,CPI total - Central Bank of Iran (1400 = 100),Central Bank of Iran,persian,1404-12,575.00,,IR,Iran,,,Base year 1400,سال پایه ۱۴۰۰
cpi_cbi_m_t_00,CPI total - Central Bank of Iran (1400 = 100),Central Bank of Iran,persian,1405-01,615.30,,IR,Iran,,,Base year 1400,سال پایه ۱۴۰۰
cpi_cbi_m_t_00,CPI total - Central Bank of Iran (1400 = 100),Central Bank of Iran,persian,1405-02,667.50,,IR,Iran,,,Base year 1400,سال پایه ۱۴۰۰
inf_cbi_m_t_m,Monthly inflation rate (month to month) - Central Bank of Iran,Central Bank of Iran,persian,1385-01,2.29,%,IR,Iran,,,Base year 1395,سال پایه ۱۳۹۵
inf_cbi_m_t_m,Monthly inflation rate (month to month) - Central Bank of Iran,Central Bank of Iran,persian,1385-02,0.56,%,IR,Iran,,,Base year 1395,سال پایه ۱۳۹۵
inf_cbi_m_t_m,Monthly inflation rate (month to month) - Central Bank of Iran,Central Bank of Iran,persian,1385-03,0.56,%,IR,Iran,,,Base year 1395,سال پایه ۱۳۹۵
inf_cbi_m_t_m,Monthly inflation rate (month to month) - Central Bank of Iran,Central Bank of Iran,persian,1385-04,1.66,%,IR,Iran,,,Base year 1395,سال پایه ۱۳۹۵
inf_cbi_m_t_m,Monthly inflation rate (month to month) - Central Bank of Iran,Central Bank of Iran,persian,1385-05,1.63,%,IR,Iran,,,Base year 1395,سال پایه ۱۳۹۵
inf_cbi_m_t_m,Monthly inflation rate (month to month) - Central Bank of Iran,Central Bank of Iran,persian,1385-06,0.53,%,IR,Iran,,,Base year 1395,سال پایه ۱۳۹۵
inf_cbi_m_t_m,Monthly inflation rate (month to month) - Central Bank of Iran,Central Bank of Iran,persian,1385-07,2.13,%,IR,Iran,,,Base year 1395,سال پایه ۱۳۹۵
inf_cbi_m_t_m,Monthly inflation rate (month to month) - Central Bank of Iran,Central Bank of Iran,persian,1385-08,1.04,%,IR,Iran,,,Base year 1395,سال پایه ۱۳۹۵
inf_cbi_m_t_m,Monthly inflation rate (month to month) - Central Bank of Iran,Central Bank of Iran,persian,1385-09,1.03,%,IR,Iran,,,Base year 1395,سال پایه ۱۳۹۵
inf_cbi_m_t_m,Monthly inflation rate (month to month) - Central Bank of Iran,Central Bank of Iran,persian,1385-10,1.53,%,IR,Iran,,,Base year 1395,سال پایه ۱۳۹۵
inf_cbi_m_t_m,Monthly inflation rate (month to month) - Central Bank of Iran,Central Bank of Iran,persian,1385-11,0.50,%,IR,Iran,,,Base year 1395,سال پایه ۱۳۹۵
inf_cbi_m_t_m,Monthly inflation rate (month to month) - Central Bank of Iran,Central Bank of Iran,persian,1385-12,0.50,%,IR,Iran,,,Base year 1395,سال پایه ۱۳۹۵
inf_cbi_m_t_m,Monthly inflation rate (month to month) - Central Bank of Iran,Central Bank of Iran,persian,1386-01,1.00,%,IR,Iran,,,Base year 1395,سال پایه ۱۳۹۵
inf_cbi_m_t_m,Monthly inflation rate (month to month) - Central Bank of Iran,Central Bank of Iran,persian,1386-02,1.48,%,IR,Iran,,,Base year 1395,سال پایه ۱۳۹۵
inf_cbi_m_t_m,Monthly inflation rate (month to month) - Central Bank of Iran,Central Bank of Iran,persian,1386-03,0.97,%,IR,Iran,,,Base year 1395,سال پایه ۱۳۹۵
inf_cbi_m_t_m,Monthly inflation rate (month to month) - Central Bank of Iran,Central Bank of Iran,persian,1386-04,0.96,%,IR,Iran,,,Base year 1395,سال پایه ۱۳۹۵
inf_cbi_m_t_m,Monthly inflation rate (month to month) - Central Bank of Iran,Central Bank of Iran,persian,1386-05,2.38,%,IR,Iran,,,Base year 1395,سال پایه ۱۳۹۵
inf_cbi_m_t_m,Monthly inflation rate (month to month) - Central Bank of Iran,Central Bank of Iran,persian,1386-06,0.93,%,IR,Iran,,,Base year 1395,سال پایه ۱۳۹۵
inf_cbi_m_t_m,Monthly inflation rate (month to month) - Central Bank of Iran,Central Bank of Iran,persian,1386-07,0.92,%,IR,Iran,,,Base year 1395,سال پایه ۱۳۹۵
inf_cbi_m_t_m,Monthly inflation rate (month to month) - Central Bank of Iran,Central Bank of Iran,persian,1386-08,2.28,%,IR,Iran,,,Base year 1395,سال پایه ۱۳۹۵
inf_cbi_m_t_m,Monthly inflation rate (month to month) - Central Bank of Iran,Central Bank of Iran,persian,1386-09,1.34,%,IR,Iran,,,Base year 1395,سال پایه ۱۳۹۵
inf_cbi_m_t_m,Monthly inflation rate (month to month) - Central Bank of Iran,Central Bank of Iran,persian,1386-10,0.88,%,IR,Iran,,,Base year 1395,سال پایه ۱۳۹۵
inf_cbi_m_t_m,Monthly inflation rate (month to month) - Central Bank of Iran,Central Bank of Iran,persian,1386-11,0.87,%,IR,Iran,,,Base year 1395,سال پایه ۱۳۹۵
inf_cbi_m_t_m,Monthly inflation rate (month to month) - Central Bank of Iran,Central Bank of Iran,persian,1386-12,1.73,%,IR,Iran,,,Base year 1395,سال پایه ۱۳۹۵
inf_cbi_m_t_m,Monthly inflation rate (month to month) - Central Bank of Iran,Central Bank of Iran,persian,1387-01,3.83,%,IR,Iran,,,Base year 1395,سال پایه ۱۳۹۵
inf_cbi_m_t_m,Monthly inflation rate (month to month) - Central Bank of Iran,Central Bank of Iran,persian,1387-02,1.64,%,IR,Iran,,,Base year 1395,سال پایه ۱۳۹۵
inf_cbi_m_t_m,Monthly inflation rate (month to month) - Central Bank of Iran,Central Bank of Iran,persian,1387-03,2.42,%,IR,Iran,,,Base year 1395,سال پایه ۱۳۹۵
inf_cbi_m_t_m,Monthly inflation rate (month to month) - Central Bank of Iran,Central Bank of Iran,persian,1387-04,0.39,%,IR,Iran,,,Base year 1395,سال پایه ۱۳۹۵
inf_cbi_m_t_m,Monthly inflation rate (month to month) - Central Bank of Iran,Central Bank of Iran,persian,1387-05,1.96,%,IR,Iran,,,Base year 1395,سال پایه ۱۳۹۵
inf_cbi_m_t_m,Monthly inflation rate (month to month) - Central Bank of Iran,Central Bank of Iran,persian,1387-06,3.85,%,IR,Iran,,,Base year 1395,سال پایه ۱۳۹۵
inf_cbi_m_t_m,Monthly inflation rate (month to month) - Central Bank of Iran,Central Bank of Iran,persian,1387-07,1.85,%,IR,Iran,,,Base year 1395,سال پایه ۱۳۹۵
inf_cbi_m_t_m,Monthly inflation rate (month to month) - Central Bank of Iran,Central Bank of Iran,persian,1387-08,0.73,%,IR,Iran,,,Base year 1395,سال پایه ۱۳۹۵
inf_cbi_m_t_m,Monthly inflation rate (month to month) - Central Bank of Iran,Central Bank of Iran,persian,1387-09,1.08,%,IR,Iran,,,Base year 1395,سال پایه ۱۳۹۵
inf_cbi_m_t_m,Monthly inflation rate (month to month) - Central Bank of Iran,Central Bank of Iran,persian,1387-10,-0.36,%,IR,Iran,,,Base year 1395,سال پایه ۱۳۹۵
inf_cbi_m_t_m,Monthly inflation rate (month to month) - Central Bank of Iran,Central Bank of Iran,persian,1387-11,-0.36,%,IR,Iran,,,Base year 1395,سال پایه ۱۳۹۵
inf_cbi_m_t_m,Monthly inflation rate (month to month) - Central Bank of Iran,Central Bank of Iran,persian,1387-12,0.36,%,IR,Iran,,,Base year 1395,سال پایه ۱۳۹۵
inf_cbi_m_t_m,Monthly inflation rate (month to month) - Central Bank of Iran,Central Bank of Iran,persian,1388-01,1.08,%,IR,Iran,,,Base year 1395,سال پایه ۱۳۹۵
inf_cbi_m_t_m,Monthly inflation rate (month to month) - Central Bank of Iran,Central Bank of Iran,persian,1388-02,1.42,%,IR,Iran,,,Base year 1395,سال پایه ۱۳۹۵
inf_cbi_m_t_m,Monthly inflation rate (month to month) - Central Bank of Iran,Central Bank of Iran,persian,1388-03,1.75,%,IR,Iran,,,Base year 1395,سال پایه ۱۳۹۵
inf_cbi_m_t_m,Monthly inflation rate (month to month) - Central Bank of Iran,Central Bank of Iran,persian,1388-04,0.00,%,IR,Iran,,,Base year 1395,سال پایه ۱۳۹۵
inf_cbi_m_t_m,Monthly inflation rate (month to month) - Central Bank of Iran,Central Bank of Iran,persian,1388-05,1.03,%,IR,Iran,,,Base year 1395,سال پایه ۱۳۹۵
inf_cbi_m_t_m,Monthly inflation rate (month to month) - Central Bank of Iran,Central Bank of Iran,persian,1388-06,0.34,%,IR,Iran,,,Base year 1395,سال پایه ۱۳۹۵
inf_cbi_m_t_m,Monthly inflation rate (month to month) - Central Bank of Iran,Central Bank of Iran,persian,1388-07,0.34,%,IR,Iran,,,Base year 1395,سال پایه ۱۳۹۵
inf_cbi_m_t_m,Monthly inflation rate (month to month) - Central Bank of Iran,Central Bank of Iran,persian,1388-08,0.34,%,IR,Iran,,,Base year 1395,سال پایه ۱۳۹۵
inf_cbi_m_t_m,Monthly inflation rate (month to month) - Central Bank of Iran,Central Bank of Iran,persian,1388-09,1.35,%,IR,Iran,,,Base year 1395,سال پایه ۱۳۹۵
inf_cbi_m_t_m,Monthly inflation rate (month to month) - Central Bank of Iran,Central Bank of Iran,persian,1388-10,0.00,%,IR,Iran,,,Base year 1395,سال پایه ۱۳۹۵
inf_cbi_m_t_m,Monthly inflation rate (month to month) - Central Bank of Iran,Central Bank of Iran,persian,1388-11,0.66,%,IR,Iran,,,Base year 1395,سال پایه ۱۳۹۵
inf_cbi_m_t_m,Monthly inflation rate (month to month) - Central Bank of Iran,Central Bank of Iran,persian,1388-12,1.65,%,IR,Iran,,,Base year 1395,سال پایه ۱۳۹۵
inf_cbi_m_t_m,Monthly inflation rate (month to month) - Central Bank of Iran,Central Bank of Iran,persian,1389-01,0.97,%,IR,Iran,,,Base year 1395,سال پایه ۱۳۹۵
inf_cbi_m_t_m,Monthly inflation rate (month to month) - Central Bank of Iran,Central Bank of Iran,persian,1389-02,0.32,%,IR,Iran,,,Base year 1395,سال پایه ۱۳۹۵
inf_cbi_m_t_m,Monthly inflation rate (month to month) - Central Bank of Iran,Central Bank of Iran,persian,1389-03,0.96,%,IR,Iran,,,Base year 1395,سال پایه ۱۳۹۵
inf_cbi_m_t_m,Monthly inflation rate (month to month) - Central Bank of Iran,Central Bank of Iran,persian,1389-04,0.95,%,IR,Iran,,,Base year 1395,سال پایه ۱۳۹۵
inf_cbi_m_t_m,Monthly inflation rate (month to month) - Central Bank of Iran,Central Bank of Iran,persian,1389-05,1.26,%,IR,Iran,,,Base year 1395,سال پایه ۱۳۹۵
inf_cbi_m_t_m,Monthly inflation rate (month to month) - Central Bank of Iran,Central Bank of Iran,persian,1389-06,0.93,%,IR,Iran,,,Base year 1395,سال پایه ۱۳۹۵
inf_cbi_m_t_m,Monthly inflation rate (month to month) - Central Bank of Iran,Central Bank of Iran,persian,1389-07,1.85,%,IR,Iran,,,Base year 1395,سال پایه ۱۳۹۵
inf_cbi_m_t_m,Monthly inflation rate (month to month) - Central Bank of Iran,Central Bank of Iran,persian,1389-08,0.91,%,IR,Iran,,,Base year 1395,سال پایه ۱۳۹۵
inf_cbi_m_t_m,Monthly inflation rate (month to month) - Central Bank of Iran,Central Bank of Iran,persian,1389-09,1.50,%,IR,Iran,,,Base year 1395,سال پایه ۱۳۹۵
inf_cbi_m_t_m,Monthly inflation rate (month to month) - Central Bank of Iran,Central Bank of Iran,persian,1389-10,2.65,%,IR,Iran,,,Base year 1395,سال پایه ۱۳۹۵
inf_cbi_m_t_m,Monthly inflation rate (month to month) - Central Bank of Iran,Central Bank of Iran,persian,1389-11,2.59,%,IR,Iran,,,Base year 1395,سال پایه ۱۳۹۵
inf_cbi_m_t_m,Monthly inflation rate (month to month) - Central Bank of Iran,Central Bank of Iran,persian,1389-12,3.36,%,IR,Iran,,,Base year 1395,سال پایه ۱۳۹۵
inf_cbi_m_t_m,Monthly inflation rate (month to month) - Central Bank of Iran,Central Bank of Iran,persian,1390-01,1.63,%,IR,Iran,,,Base year 1395,سال پایه ۱۳۹۵
inf_cbi_m_t_m,Monthly inflation rate (month to month) - Central Bank of Iran,Central Bank of Iran,persian,1390-02,1.60,%,IR,Iran,,,Base year 1395,سال پایه ۱۳۹۵
inf_cbi_m_t_m,Monthly inflation rate (month to month) - Central Bank of Iran,Central Bank of Iran,persian,1390-03,1.31,%,IR,Iran,,,Base year 1395,سال پایه ۱۳۹۵
inf_cbi_m_t_m,Monthly inflation rate (month to month) - Central Bank of Iran,Central Bank of Iran,persian,1390-04,0.26,%,IR,Iran,,,Base year 1395,سال پایه ۱۳۹۵
inf_cbi_m_t_m,Monthly inflation rate (month to month) - Central Bank of Iran,Central Bank of Iran,persian,1390-05,1.03,%,IR,Iran,,,Base year 1395,سال پایه ۱۳۹۵
inf_cbi_m_t_m,Monthly inflation rate (month to month) - Central Bank of Iran,Central Bank of Iran,persian,1390-06,1.79,%,IR,Iran,,,Base year 1395,سال پایه ۱۳۹۵
inf_cbi_m_t_m,Monthly inflation rate (month to month) - Central Bank of Iran,Central Bank of Iran,persian,1390-07,1.01,%,IR,Iran,,,Base year 1395,سال پایه ۱۳۹۵
inf_cbi_m_t_m,Monthly inflation rate (month to month) - Central Bank of Iran,Central Bank of Iran,persian,1390-08,1.49,%,IR,Iran,,,Base year 1395,سال پایه ۱۳۹۵
inf_cbi_m_t_m,Monthly inflation rate (month to month) - Central Bank of Iran,Central Bank of Iran,persian,1390-09,1.47,%,IR,Iran,,,Base year 1395,سال پایه ۱۳۹۵
inf_cbi_m_t_m,Monthly inflation rate (month to month) - Central Bank of Iran,Central Bank of Iran,persian,1390-10,1.45,%,IR,Iran,,,Base year 1395,سال پایه ۱۳۹۵
inf_cbi_m_t_m,Monthly inflation rate (month to month) - Central Bank of Iran,Central Bank of Iran,persian,1390-11,2.62,%,IR,Iran,,,Base year 1395,سال پایه ۱۳۹۵
inf_cbi_m_t_m,Monthly inflation rate (month to month) - Central Bank of Iran,Central Bank of Iran,persian,1390-12,3.25,%,IR,Iran,,,Base year 1395,سال پایه ۱۳۹۵
inf_cbi_m_t_m,Monthly inflation rate (month to month) - Central Bank of Iran,Central Bank of Iran,persian,1391-01,2.25,%,IR,Iran,,,Base year 1395,سال پایه ۱۳۹۵
inf_cbi_m_t_m,Monthly inflation rate (month to month) - Central Bank of Iran,Central Bank of Iran,persian,1391-02,2.42,%,IR,Iran,,,Base year 1395,سال پایه ۱۳۹۵
inf_cbi_m_t_m,Monthly inflation rate (month to month) - Central Bank of Iran,Central Bank of Iran,persian,1391-03,1.07,%,IR,Iran,,,Base year 1395,سال پایه ۱۳۹۵
inf_cbi_m_t_m,Monthly inflation rate (month to month) - Central Bank of Iran,Central Bank of Iran,persian,1391-04,2.12,%,IR,Iran,,,Base year 1395,سال پایه ۱۳۹۵
inf_cbi_m_t_m,Monthly inflation rate (month to month) - Central Bank of Iran,Central Bank of Iran,persian,1391-05,1.66,%,IR,Iran,,,Base year 1395,سال پایه ۱۳۹۵
inf_cbi_m_t_m,Monthly inflation rate (month to month) - Central Bank of Iran,Central Bank of Iran,persian,1391-06,2.86,%,IR,Iran,,,Base year 1395,سال پایه ۱۳۹۵
inf_cbi_m_t_m,Monthly inflation rate (month to month) - Central Bank of Iran,Central Bank of Iran,persian,1391-07,4.77,%,IR,Iran,,,Base year 1395,سال پایه ۱۳۹۵
inf_cbi_m_t_m,Monthly inflation rate (month to month) - Central Bank of Iran,Central Bank of Iran,persian,1391-08,4.74,%,IR,Iran,,,Base year 1395,سال پایه ۱۳۹۵
inf_cbi_m_t_m,Monthly inflation rate (month to month) - Central Bank of Iran,Central Bank of Iran,persian,1391-09,2.17,%,IR,Iran,,,Base year 1395,سال پایه ۱۳۹۵
inf_cbi_m_t_m,Monthly inflation rate (month to month) - Central Bank of Iran,Central Bank of Iran,persian,1391-10,1.95,%,IR,Iran,,,Base year 1395,سال پایه ۱۳۹۵
inf_cbi_m_t_m,Monthly inflation rate (month to month) - Central Bank of Iran,Central Bank of Iran,persian,1391-11,5.22,%,IR,Iran,,,Base year 1395,سال پایه ۱۳۹۵
inf_cbi_m_t_m,Monthly inflation rate (month to month) - Central Bank of Iran,Central Bank of Iran,persian,1391-12,3.97,%,IR,Iran,,,Base year 1395,سال پایه ۱۳۹۵
inf_cbi_m_t_m,Monthly inflation rate (month to month) - Central Bank of Iran,Central Bank of Iran,persian,1392-01,2.86,%,IR,Iran,,,Base year 1395,سال پایه ۱۳۹۵
inf_cbi_m_t_m,Monthly inflation rate (month to month) - Central Bank of Iran,Central Bank of Iran,persian,1392-02,2.01,%,IR,Iran,,,Base year 1395,سال پایه ۱۳۹۵
inf_cbi_m_t_m,Monthly inflation rate (month to month) - Central Bank of Iran,Central Bank of Iran,persian,1392-03,3.48,%,IR,Iran,,,Base year 1395,سال پایه ۱۳۹۵
inf_cbi_m_t_m,Monthly inflation rate (month to month) - Central Bank of Iran,Central Bank of Iran,persian,1392-04,1.32,%,IR,Iran,,,Base year 1395,سال پایه ۱۳۹۵
inf_cbi_m_t_m,Monthly inflation rate (month to month) - Central Bank of Iran,Central Bank of Iran,persian,1392-05,1.16,%,IR,Iran,,,Base year 1395,سال پایه ۱۳۹۵
inf_cbi_m_t_m,Monthly inflation rate (month to month) - Central Bank of Iran,Central Bank of Iran,persian,1392-06,1.71,%,IR,Iran,,,Base year 1395,سال پایه ۱۳۹۵
inf_cbi_m_t_m,Monthly inflation rate (month to month) - Central Bank of Iran,Central Bank of Iran,persian,1392-07,1.26,%,IR,Iran,,,Base year 1395,سال پایه ۱۳۹۵
inf_cbi_m_t_m,Monthly inflation rate (month to month) - Central Bank of Iran,Central Bank of Iran,persian,1392-08,0.97,%,IR,Iran,,,Base year 1395,سال پایه ۱۳۹۵
inf_cbi_m_t_m,Monthly inflation rate (month to month) - Central Bank of Iran,Central Bank of Iran,persian,1392-09,0.41,%,IR,Iran,,,Base year 1395,سال پایه ۱۳۹۵
inf_cbi_m_t_m,Monthly inflation rate (month to month) - Central Bank of Iran,Central Bank of Iran,persian,1392-10,1.23,%,IR,Iran,,,Base year 1395,سال پایه ۱۳۹۵
inf_cbi_m_t_m,Monthly inflation rate (month to month) - Central Bank of Iran,Central Bank of Iran,persian,1392-11,0.41,%,IR,Iran,,,Base year 1395,سال پایه ۱۳۹۵
inf_cbi_m_t_m,Monthly inflation rate (month to month) - Central Bank of Iran,Central Bank of Iran,persian,1392-12,1.21,%,IR,Iran,,,Base year 1395,سال پایه ۱۳۹۵
inf_cbi_m_t_m,Monthly inflation rate (month to month) - Central Bank of Iran,Central Bank of Iran,persian,1393-01,1.06,%,IR,Iran,,,Base year 1395,سال پایه ۱۳۹۵
inf_cbi_m_t_m,Monthly inflation rate (month to month) - Central Bank of Iran,Central Bank of Iran,persian,1393-02,1.18,%,IR,Iran,,,Base year 1395,سال پایه ۱۳۹۵
inf_cbi_m_t_m,Monthly inflation rate (month to month) - Central Bank of Iran,Central Bank of Iran,persian,1393-03,1.69,%,IR,Iran,,,Base year 1395,سال پایه ۱۳۹۵
inf_cbi_m_t_m,Monthly inflation rate (month to month) - Central Bank of Iran,Central Bank of Iran,persian,1393-04,1.41,%,IR,Iran,,,Base year 1395,سال پایه ۱۳۹۵
inf_cbi_m_t_m,Monthly inflation rate (month to month) - Central Bank of Iran,Central Bank of Iran,persian,1393-05,1.39,%,IR,Iran,,,Base year 1395,سال پایه ۱۳۹۵
inf_cbi_m_t_m,Monthly inflation rate (month to month) - Central Bank of Iran,Central Bank of Iran,persian,1393-06,1.24,%,IR,Iran,,,Base year 1395,سال پایه ۱۳۹۵
inf_cbi_m_t_m,Monthly inflation rate (month to month) - Central Bank of Iran,Central Bank of Iran,persian,1393-07,1.47,%,IR,Iran,,,Base year 1395,سال پایه ۱۳۹۵
inf_cbi_m_t_m,Monthly inflation rate (month to month) - Central Bank of Iran,Central Bank of Iran,persian,1393-08,1.45,%,IR,Iran,,,Base year 1395,سال پایه ۱۳۹۵
inf_cbi_m_t_m,Monthly inflation rate (month to month) - Central Bank of Iran,Central Bank of Iran,persian,1393-09,1.91,%,IR,Iran,,,Base year 1395,سال پایه ۱۳۹۵
inf_cbi_m_t_m,Monthly inflation rate (month to month) - Central Bank of Iran,Central Bank of Iran,persian,1393-10,0.23,%,IR,Iran,,,Base year 1395,سال پایه ۱۳۹۵
inf_cbi_m_t_m,Monthly inflation rate (month to month) - Central Bank of Iran,Central Bank of Iran,persian,1393-11,0.82,%,IR,Iran,,,Base year 1395,سال پایه ۱۳۹۵
inf_cbi_m_t_m,Monthly inflation rate (month to month) - Central Bank of Iran,Central Bank of Iran,persian,1393-12,1.27,%,IR,Iran,,,Base year 1395,سال پایه ۱۳۹۵
inf_cbi_m_t_m,Monthly inflation rate (month to month) - Central Bank of Iran,Central Bank of Iran,persian,1394-01,1.26,%,IR,Iran,,,Base year 1395,سال پایه ۱۳۹۵
inf_cbi_m_t_m,Monthly inflation rate (month to month) - Central Bank of Iran,Central Bank of Iran,persian,1394-02,1.02,%,IR,Iran,,,Base year 1395,سال پایه ۱۳۹۵
inf_cbi_m_t_m,Monthly inflation rate (month to month) - Central Bank of Iran,Central Bank of Iran,persian,1394-03,1.68,%,IR,Iran,,,Base year 1395,سال پایه ۱۳۹۵
inf_cbi_m_t_m,Monthly inflation rate (month to month) - Central Bank of Iran,Central Bank of Iran,persian,1394-04,-0.33,%,IR,Iran,,,Base year 1395,سال پایه ۱۳۹۵
inf_cbi_m_t_m,Monthly inflation rate (month to month) - Central Bank of Iran,Central Bank of Iran,persian,1394-05,-0.11,%,IR,Iran,,,Base year 1395,سال پایه ۱۳۹۵
inf_cbi_m_t_m,Monthly inflation rate (month to month) - Central Bank of Iran,Central Bank of Iran,persian,1394-06,0.55,%,IR,Iran,,,Base year 1395,سال پایه ۱۳۹۵
inf_cbi_m_t_m,Monthly inflation rate (month to month) - Central Bank of Iran,Central Bank of Iran,persian,1394-07,0.55,%,IR,Iran,,,Base year 1395,سال پایه ۱۳۹۵
inf_cbi_m_t_m,Monthly inflation rate (month to month) - Central Bank of Iran,Central Bank of Iran,persian,1394-08,0.77,%,IR,Iran,,,Base year 1395,سال پایه ۱۳۹۵
inf_cbi_m_t_m,Monthly inflation rate (month to month) - Central Bank of Iran,Central Bank of Iran,persian,1394-09,1.30,%,IR,Iran,,,Base year 1395,سال پایه ۱۳۹۵
inf_cbi_m_t_m,Monthly inflation rate (month to month) - Central Bank of Iran,Central Bank of Iran,persian,1394-10,0.43,%,IR,Iran,,,Base year 1395,سال پایه ۱۳۹۵
inf_cbi_m_t_m,Monthly inflation rate (month to month) - Central Bank of Iran,Central Bank of Iran,persian,1394-11,0.21,%,IR,Iran,,,Base year 1395,سال پایه ۱۳۹۵
inf_cbi_m_t_m,Monthly inflation rate (month to month) - Central Bank of Iran,Central Bank of Iran,persian,1394-12,0.74,%,IR,Iran,,,Base year 1395,سال پایه ۱۳۹۵
inf_cbi_m_t_m,Monthly inflation rate (month to month) - Central Bank of Iran,Central Bank of Iran,persian,1395-01,0.32,%,IR,Iran,,,Base year 1395,سال پایه ۱۳۹۵
inf_cbi_m_t_m,Monthly inflation rate (month to month) - Central Bank of Iran,Central Bank of Iran,persian,1395-02,1.37,%,IR,Iran,,,Base year 1395,سال پایه ۱۳۹۵
inf_cbi_m_t_m,Monthly inflation rate (month to month) - Central Bank of Iran,Central Bank of Iran,persian,1395-03,1.45,%,IR,Iran,,,Base year 1395,سال پایه ۱۳۹۵
inf_cbi_m_t_m,Monthly inflation rate (month to month) - Central Bank of Iran,Central Bank of Iran,persian,1395-04,0.61,%,IR,Iran,,,Base year 1395,سال پایه ۱۳۹۵
inf_cbi_m_t_m,Monthly inflation rate (month to month) - Central Bank of Iran,Central Bank of Iran,persian,1395-05,0.92,%,IR,Iran,,,Base year 1395,سال پایه ۱۳۹۵
inf_cbi_m_t_m,Monthly inflation rate (month to month) - Central Bank of Iran,Central Bank of Iran,persian,1395-06,0.40,%,IR,Iran,,,Base year 1395,سال پایه ۱۳۹۵
inf_cbi_m_t_m,Monthly inflation rate (month to month) - Central Bank of Iran,Central Bank of Iran,persian,1395-07,0.40,%,IR,Iran,,,Base year 1395,سال پایه ۱۳۹۵
inf_cbi_m_t_m,Monthly inflation rate (month to month) - Central Bank of Iran,Central Bank of Iran,persian,1395-08,0.20,%,IR,Iran,,,Base year 1395,سال پایه ۱۳۹۵
inf_cbi_m_t_m,Monthly inflation rate (month to month) - Central Bank of Iran,Central Bank of Iran,persian,1395-09,1.50,%,IR,Iran,,,Base year 1395,سال پایه ۱۳۹۵
inf_cbi_m_t_m,Monthly inflation rate (month to month) - Central Bank of Iran,Central Bank of Iran,persian,1395-10,0.79,%,IR,Iran,,,Base year 1395,سال پایه ۱۳۹۵
inf_cbi_m_t_m,Monthly inflation rate (month to month) - Central Bank of Iran,Central Bank of Iran,persian,1395-11,1.17,%,IR,Iran,,,Base year 1395,سال پایه ۱۳۹۵
inf_cbi_m_t_m,Monthly inflation rate (month to month) - Central Bank of Iran,Central Bank of Iran,persian,1395-12,2.12,%,IR,Iran,,,Base year 1395,سال پایه ۱۳۹۵
inf_cbi_m_t_m,Monthly inflation rate (month to month) - Central Bank of Iran,Central Bank of Iran,persian,1396-01,1.13,%,IR,Iran,,,Base year 1395,سال پایه ۱۳۹۵
inf_cbi_m_t_m,Monthly inflation rate (month to month) - Central Bank of Iran,Central Bank of Iran,persian,1396-02,0.00,%,IR,Iran,,,Base year 1395,سال پایه ۱۳۹۵
inf_cbi_m_t_m,Monthly inflation rate (month to month) - Central Bank of Iran,Central Bank of Iran,persian,1396-03,0.65,%,IR,Iran,,,Base year 1395,سال پایه ۱۳۹۵
inf_cbi_m_t_m,Monthly inflation rate (month to month) - Central Bank of Iran,Central Bank of Iran,persian,1396-04,-0.28,%,IR,Iran,,,Base year 1395,سال پایه ۱۳۹۵
inf_cbi_m_t_m,Monthly inflation rate (month to month) - Central Bank of Iran,Central Bank of Iran,persian,1396-05,0.19,%,IR,Iran,,,Base year 1395,سال پایه ۱۳۹۵
inf_cbi_m_t_m,Monthly inflation rate (month to month) - Central Bank of Iran,Central Bank of Iran,persian,1396-06,0.28,%,IR,Iran,,,Base year 1395,سال پایه ۱۳۹۵
inf_cbi_m_t_m,Monthly inflation rate (month to month) - Central Bank of Iran,Central Bank of Iran,persian,1396-07,0.37,%,IR,Iran,,,Base year 1395,سال پایه ۱۳۹۵
inf_cbi_m_t_m,Monthly inflation rate (month to month) - Central Bank of Iran,Central Bank of Iran,persian,1396-08,1.29,%,IR,Iran,,,Base year 1395,سال پایه ۱۳۹۵
inf_cbi_m_t_m,Monthly inflation rate (month to month) - Central Bank of Iran,Central Bank of Iran,persian,1396-09,1.91,%,IR,Iran,,,Base year 1395,سال پایه ۱۳۹۵
inf_cbi_m_t_m,Monthly inflation rate (month to month) - Central Bank of Iran,Central Bank of Iran,persian,1396-10,0.45,%,IR,Iran,,,Base year 1395,سال پایه ۱۳۹۵
inf_cbi_m_t_m,Monthly inflation rate (month to month) - Central Bank of Iran,Central Bank of Iran,persian,1396-11,0.89,%,IR,Iran,,,Base year 1395,سال پایه ۱۳۹۵
inf_cbi_m_t_m,Monthly inflation rate (month to month) - Central Bank of Iran,Central Bank of Iran,persian,1396-12,1.15,%,IR,Iran,,,Base year 1395,سال پایه ۱۳۹۵
inf_cbi_m_t_m,Monthly inflation rate (month to month) - Central Bank of Iran,Central Bank of Iran,persian,1397-01,0.78,%,IR,Iran,,,Base year 1395,سال پایه ۱۳۹۵
inf_cbi_m_t_m,Monthly inflation rate (month to month) - Central Bank of Iran,Central Bank of Iran,persian,1397-02,1.64,%,IR,Iran,,,Base year 1395,سال پایه ۱۳۹۵
inf_cbi_m_t_m,Monthly inflation rate (month to month) - Central Bank of Iran,Central Bank of Iran,persian,1397-03,4.34,%,IR,Iran,,,Base year 1395,سال پایه ۱۳۹۵
inf_cbi_m_t_m,Monthly inflation rate (month to month) - Central Bank of Iran,Central Bank of Iran,persian,1397-04,3.43,%,IR,Iran,,,Base year 1395,سال پایه ۱۳۹۵
inf_cbi_m_t_m,Monthly inflation rate (month to month) - Central Bank of Iran,Central Bank of Iran,persian,1397-05,5.52,%,IR,Iran,,,Base year 1395,سال پایه ۱۳۹۵
inf_cbi_m_t_m,Monthly inflation rate (month to month) - Central Bank of Iran,Central Bank of Iran,persian,1397-06,6.05,%,IR,Iran,,,Base year 1395,سال پایه ۱۳۹۵
inf_cbi_m_t_m,Monthly inflation rate (month to month) - Central Bank of Iran,Central Bank of Iran,persian,1397-07,4.58,%,IR,Iran,,,Base year 1395,سال پایه ۱۳۹۵
inf_cbi_m_t_m,Monthly inflation rate (month to month) - Central Bank of Iran,Central Bank of Iran,persian,1397-08,3.50,%,IR,Iran,,,Base year 1395,سال پایه ۱۳۹۵
inf_cbi_m_t_m,Monthly inflation rate (month to month) - Central Bank of Iran,Central Bank of Iran,persian,1397-09,3.71,%,IR,Iran,,,Base year 1395,سال پایه ۱۳۹۵
inf_cbi_m_t_m,Monthly inflation rate (month to month) - Central Bank of Iran,Central Bank of Iran,persian,1397-10,1.76,%,IR,Iran,,,Base year 1395,سال پایه ۱۳۹۵
inf_cbi_m_t_m,Monthly inflation rate (month to month) - Central Bank of Iran,Central Bank of Iran,persian,1397-11,3.45,%,IR,Iran,,,Base year 1395,سال پایه ۱۳۹۵
inf_cbi_m_t_m,Monthly inflation rate (month to month) - Central Bank of Iran,Central Bank of Iran,persian,1397-12,5.43,%,IR,Iran,,,Base year 1395,سال پایه ۱۳۹۵
inf_cbi_m_t_m,Monthly inflation rate (month to month) - Central Bank of Iran,Central Bank of Iran,persian,1398-01,3.34,%,IR,Iran,,,Base year 1395,سال پایه ۱۳۹۵
inf_cbi_m_t_m,Monthly inflation rate (month to month) - Central Bank of Iran,Central Bank of Iran,persian,1398-02,3.01,%,IR,Iran,,,Base year 1395,سال پایه ۱۳۹۵
inf_cbi_m_t_m,Monthly inflation rate (month to month) - Central Bank of Iran,Central Bank of Iran,persian,1398-03,2.34,%,IR,Iran,,,Base year 1395,سال پایه ۱۳۹۵
inf_cbi_m_t_m,Monthly inflation rate (month to month) - Central Bank of Iran,Central Bank of Iran,persian,1398-04,2.23,%,IR,Iran,,,Base year 1395,سال پایه ۱۳۹۵
inf_cbi_m_t_m,Monthly inflation rate (month to month) - Central Bank of Iran,Central Bank of Iran,persian,1398-05,0.81,%,IR,Iran,,,Base year 1395,سال پایه ۱۳۹۵
inf_cbi_m_t_m,Monthly inflation rate (month to month) - Central Bank of Iran,Central Bank of Iran,persian,1398-06,0.81,%,IR,Iran,,,Base year 1395,سال پایه ۱۳۹۵
inf_cbi_m_t_m,Monthly inflation rate (month to month) - Central Bank of Iran,Central Bank of Iran,persian,1398-07,0.65,%,IR,Iran,,,Base year 1395,سال پایه ۱۳۹۵
inf_cbi_m_t_m,Monthly inflation rate (month to month) - Central Bank of Iran,Central Bank of Iran,persian,1398-08,1.34,%,IR,Iran,,,Base year 1395,سال پایه ۱۳۹۵
inf_cbi_m_t_m,Monthly inflation rate (month to month) - Central Bank of Iran,Central Bank of Iran,persian,1398-09,4.12,%,IR,Iran,,,Base year 1395,سال پایه ۱۳۹۵
inf_cbi_m_t_m,Monthly inflation rate (month to month) - Central Bank of Iran,Central Bank of Iran,persian,1398-10,1.04,%,IR,Iran,,,Base year 1395,سال پایه ۱۳۹۵
inf_cbi_m_t_m,Monthly inflation rate (month to month) - Central Bank of Iran,Central Bank of Iran,persian,1398-11,2.28,%,IR,Iran,,,Base year 1395,سال پایه ۱۳۹۵
inf_cbi_m_t_m,Monthly inflation rate (month to month) - Central Bank of Iran,Central Bank of Iran,persian,1398-12,3.14,%,IR,Iran,,,Base year 1395,سال پایه ۱۳۹۵
inf_cbi_m_t_m,Monthly inflation rate (month to month) - Central Bank of Iran,Central Bank of Iran,persian,1399-01,1.50,%,IR,Iran,,,Base year 1395,سال پایه ۱۳۹۵
inf_cbi_m_t_m,Monthly inflation rate (month to month) - Central Bank of Iran,Central Bank of Iran,persian,1399-02,4.48,%,IR,Iran,,,Base year 1395,سال پایه ۱۳۹۵
inf_cbi_m_t_m,Monthly inflation rate (month to month) - Central Bank of Iran,Central Bank of Iran,persian,1399-03,4.00,%,IR,Iran,,,Base year 1395,سال پایه ۱۳۹۵
inf_cbi_m_t_m,Monthly inflation rate (month to month) - Central Bank of Iran,Central Bank of Iran,persian,1399-04,4.80,%,IR,Iran,,,Base year 1395,سال پایه ۱۳۹۵
inf_cbi_m_t_m,Monthly inflation rate (month to month) - Central Bank of Iran,Central Bank of Iran,persian,1399-05,3.44,%,IR,Iran,,,Base year 1395,سال پایه ۱۳۹۵
inf_cbi_m_t_m,Monthly inflation rate (month to month) - Central Bank of Iran,Central Bank of Iran,persian,1399-06,3.88,%,IR,Iran,,,Base year 1395,سال پایه ۱۳۹۵
inf_cbi_m_t_m,Monthly inflation rate (month to month) - Central Bank of Iran,Central Bank of Iran,persian,1399-07,7.64,%,IR,Iran,,,Base year 1395,سال پایه ۱۳۹۵
inf_cbi_m_t_m,Monthly inflation rate (month to month) - Central Bank of Iran,Central Bank of Iran,persian,1399-08,7.69,%,IR,Iran,,,Base year 1395,سال پایه ۱۳۹۵
inf_cbi_m_t_m,Monthly inflation rate (month to month) - Central Bank of Iran,Central Bank of Iran,persian,1399-09,3.93,%,IR,Iran,,,Base year 1395,سال پایه ۱۳۹۵
inf_cbi_m_t_m,Monthly inflation rate (month to month) - Central Bank of Iran,Central Bank of Iran,persian,1399-10,2.54,%,IR,Iran,,,Base year 1395,سال پایه ۱۳۹۵
inf_cbi_m_t_m,Monthly inflation rate (month to month) - Central Bank of Iran,Central Bank of Iran,persian,1399-11,4.46,%,IR,Iran,,,Base year 1395,سال پایه ۱۳۹۵
inf_cbi_m_t_m,Monthly inflation rate (month to month) - Central Bank of Iran,Central Bank of Iran,persian,1399-12,3.09,%,IR,Iran,,,Base year 1395,سال پایه ۱۳۹۵
inf_cbi_m_t_m,Monthly inflation rate (month to month) - Central Bank of Iran,Central Bank of Iran,persian,1400-01,1.10,%,IR,Iran,,,Base year 1395,سال پایه ۱۳۹۵
inf_cbi_m_t_m,Monthly inflation rate (month to month) - Central Bank of Iran,Central Bank of Iran,persian,1400-02,2.04,%,IR,Iran,,,Base year 1400,سال پایه ۱۴۰۰
inf_cbi_m_t_m,Monthly inflation rate (month to month) - Central Bank of Iran,Central Bank of Iran,persian,1400-03,4.24,%,IR,Iran,,,Base year 1400,سال پایه ۱۴۰۰
inf_cbi_m_t_m,Monthly inflation rate (month to month) - Central Bank of Iran,Central Bank of Iran,persian,1400-04,3.39,%,IR,Iran,,,Base year 1400,سال پایه ۱۴۰۰
inf_cbi_m_t_m,Monthly inflation rate (month to month) - Central Bank of Iran,Central Bank of Iran,persian,1400-05,3.17,%,IR,Iran,,,Base year 1400,سال پایه ۱۴۰۰
inf_cbi_m_t_m,Monthly inflation rate (month to month) - Central Bank of Iran,Central Bank of Iran,persian,1400-06,4.23,%,IR,Iran,,,Base year 1400,سال پایه ۱۴۰۰
inf_cbi_m_t_m,Monthly inflation rate (month to month) - Central Bank of Iran,Central Bank of Iran,persian,1400-07,4.06,%,IR,Iran,,,Base year 1400,سال پایه ۱۴۰۰
inf_cbi_m_t_m,Monthly inflation rate (month to month) - Central Bank of Iran,Central Bank of Iran,persian,1400-08,2.93,%,IR,Iran,,,Base year 1400,سال پایه ۱۴۰۰
inf_cbi_m_t_m,Monthly inflation rate (month to month) - Central Bank of Iran,Central Bank of Iran,persian,1400-09,2.84,%,IR,Iran,,,Base year 1400,سال پایه ۱۴۰۰
inf_cbi_m_t_m,Monthly inflation rate (month to month) - Central Bank of Iran,Central Bank of Iran,persian,1400-10,2.30,%,IR,Iran,,,Base year 1400,سال پایه ۱۴۰۰
inf_cbi_m_t_m,Monthly inflation rate (month to month) - Central Bank of Iran,Central Bank of Iran,persian,1400-11,3.15,%,IR,Iran,,,Base year 1400,سال پایه ۱۴۰۰
inf_cbi_m_t_m,Monthly inflation rate (month to month) - Central Bank of Iran,Central Bank of Iran,persian,1400-12,1.83,%,IR,Iran,,,Base year 1400,سال پایه ۱۴۰۰
inf_cbi_m_t_m,Monthly inflation rate (month to month) - Central Bank of Iran,Central Bank of Iran,persian,1401-01,2.14,%,IR,Iran,,,Base year 1400,سال پایه ۱۴۰۰
inf_cbi_m_t_m,Monthly inflation rate (month to month) - Central Bank of Iran,Central Bank of Iran,persian,1401-02,4.53,%,IR,Iran,,,Base year 1400,سال پایه ۱۴۰۰
inf_cbi_m_t_m,Monthly inflation rate (month to month) - Central Bank of Iran,Central Bank of Iran,persian,1401-03,9.72,%,IR,Iran,,,Base year 1400,سال پایه ۱۴۰۰
inf_cbi_m_t_m,Monthly inflation rate (month to month) - Central Bank of Iran,Central Bank of Iran,persian,1401-04,4.76,%,IR,Iran,,,Base year 1400,سال پایه ۱۴۰۰
inf_cbi_m_t_m,Monthly inflation rate (month to month) - Central Bank of Iran,Central Bank of Iran,persian,1401-05,2.73,%,IR,Iran,,,Base year 1400,سال پایه ۱۴۰۰
inf_cbi_m_t_m,Monthly inflation rate (month to month) - Central Bank of Iran,Central Bank of Iran,persian,1401-06,2.93,%,IR,Iran,,,Base year 1400,سال پایه ۱۴۰۰
inf_cbi_m_t_m,Monthly inflation rate (month to month) - Central Bank of Iran,Central Bank of Iran,persian,1401-07,3.50,%,IR,Iran,,,Base year 1400,سال پایه ۱۴۰۰
inf_cbi_m_t_m,Monthly inflation rate (month to month) - Central Bank of Iran,Central Bank of Iran,persian,1401-08,2.68,%,IR,Iran,,,Base year 1400,سال پایه ۱۴۰۰
inf_cbi_m_t_m,Monthly inflation rate (month to month) - Central Bank of Iran,Central Bank of Iran,persian,1401-09,2.11,%,IR,Iran,,,Base year 1400,سال پایه ۱۴۰۰
inf_cbi_m_t_m,Monthly inflation rate (month to month) - Central Bank of Iran,Central Bank of Iran,persian,1401-10,3.78,%,IR,Iran,,,Base year 1400,سال پایه ۱۴۰۰
inf_cbi_m_t_m,Monthly inflation rate (month to month) - Central Bank of Iran,Central Bank of Iran,persian,1401-11,4.17,%,IR,Iran,,,Base year 1400,سال پایه ۱۴۰۰
inf_cbi_m_t_m,Monthly inflation rate (month to month) - Central Bank of Iran,Central Bank of Iran,persian,1401-12,5.13,%,IR,Iran,,,Base year 1400,سال پایه ۱۴۰۰
inf_cbi_m_t_m,Monthly inflation rate (month to month) - Central Bank of Iran,Central Bank of Iran,persian,1402-01,3.64,%,IR,Iran,,,Base year 1400,سال پایه ۱۴۰۰
inf_cbi_m_t_m,Monthly inflation rate (month to month) - Central Bank of Iran,Central Bank of Iran,persian,1402-02,2.79,%,IR,Iran,,,Base year 1400,سال پایه ۱۴۰۰
inf_cbi_m_t_m,Monthly inflation rate (month to month) - Central Bank of Iran,Central Bank of Iran,persian,1402-03,3.17,%,IR,Iran,,,Base year 1400,سال پایه ۱۴۰۰
inf_cbi_m_t_m,Monthly inflation rate (month to month) - Central Bank of Iran,Central Bank of Iran,persian,1402-04,2.63,%,IR,Iran,,,Base year 1400,سال پایه ۱۴۰۰
inf_cbi_m_t_m,Monthly inflation rate (month to month) - Central Bank of Iran,Central Bank of Iran,persian,1402-05,3.52,%,IR,Iran,,,Base year 1400,سال پایه ۱۴۰۰
inf_cbi_m_t_m,Monthly inflation rate (month to month) - Central Bank of Iran,Central Bank of Iran,persian,1402-06,3.26,%,IR,Iran,,,Base year 1400,سال پایه ۱۴۰۰
inf_cbi_m_t_m,Monthly inflation rate (month to month) - Central Bank of Iran,Central Bank of Iran,persian,1402-07,2.49,%,IR,Iran,,,Base year 1400,سال پایه ۱۴۰۰
inf_cbi_m_t_m,Monthly inflation rate (month to month) - Central Bank of Iran,Central Bank of Iran,persian,1402-08,1.91,%,IR,Iran,,,Base year 1400,سال پایه ۱۴۰۰
inf_cbi_m_t_m,Monthly inflation rate (month to month) - Central Bank of Iran,Central Bank of Iran,persian,1402-09,3.32,%,IR,Iran,,,Base year 1400,سال پایه ۱۴۰۰
inf_cbi_m_t_m,Monthly inflation rate (month to month) - Central Bank of Iran,Central Bank of Iran,persian,1402-10,1.69,%,IR,Iran,,,Base year 1400,سال پایه ۱۴۰۰
inf_cbi_m_t_m,Monthly inflation rate (month to month) - Central Bank of Iran,Central Bank of Iran,persian,1402-11,0.97,%,IR,Iran,,,Base year 1400,سال پایه ۱۴۰۰
inf_cbi_m_t_m,Monthly inflation rate (month to month) - Central Bank of Iran,Central Bank of Iran,persian,1402-12,1.89,%,IR,Iran,,,Base year 1400,سال پایه ۱۴۰۰
inf_cbi_m_t_m,Monthly inflation rate (month to month) - Central Bank of Iran,Central Bank of Iran,persian,1403-01,2.56,%,IR,Iran,,,Base year 1400,سال پایه ۱۴۰۰
inf_cbi_m_t_m,Monthly inflation rate (month to month) - Central Bank of Iran,Central Bank of Iran,persian,1403-02,3.07,%,IR,Iran,,,Base year 1400,سال پایه ۱۴۰۰
inf_cbi_m_t_m,Monthly inflation rate (month to month) - Central Bank of Iran,Central Bank of Iran,persian,1403-03,3.95,%,IR,Iran,,,Base year 1400,سال پایه ۱۴۰۰
inf_cbi_m_t_m,Monthly inflation rate (month to month) - Central Bank of Iran,Central Bank of Iran,persian,1403-04,2.94,%,IR,Iran,,,Base year 1400,سال پایه ۱۴۰۰
inf_cbi_m_t_m,Monthly inflation rate (month to month) - Central Bank of Iran,Central Bank of Iran,persian,1403-05,2.85,%,IR,Iran,,,Base year 1400,سال پایه ۱۴۰۰
inf_cbi_m_t_m,Monthly inflation rate (month to month) - Central Bank of Iran,Central Bank of Iran,persian,1403-06,2.34,%,IR,Iran,,,Base year 1400,سال پایه ۱۴۰۰
inf_cbi_m_t_m,Monthly inflation rate (month to month) - Central Bank of Iran,Central Bank of Iran,persian,1403-07,2.55,%,IR,Iran,,,Base year 1400,سال پایه ۱۴۰۰
inf_cbi_m_t_m,Monthly inflation rate (month to month) - Central Bank of Iran,Central Bank of Iran,persian,1403-08,2.97,%,IR,Iran,,,Base year 1400,سال پایه ۱۴۰۰
inf_cbi_m_t_m,Monthly inflation rate (month to month) - Central Bank of Iran,Central Bank of Iran,persian,1403-09,1.75,%,IR,Iran,,,Base year 1400,سال پایه ۱۴۰۰
inf_cbi_m_t_m,Monthly inflation rate (month to month) - Central Bank of Iran,Central Bank of Iran,persian,1403-10,2.22,%,IR,Iran,,,Base year 1400,سال پایه ۱۴۰۰
inf_cbi_m_t_m,Monthly inflation rate (month to month) - Central Bank of Iran,Central Bank of Iran,persian,1403-11,3.61,%,IR,Iran,,,Base year 1400,سال پایه ۱۴۰۰
inf_cbi_m_t_m,Monthly inflation rate (month to month) - Central Bank of Iran,Central Bank of Iran,persian,1403-12,3.11,%,IR,Iran,,,Base year 1400,سال پایه ۱۴۰۰
inf_cbi_m_t_m,Monthly inflation rate (month to month) - Central Bank of Iran,Central Bank of Iran,persian,1404-01,3.80,%,IR,Iran,,,Base year 1400,سال پایه ۱۴۰۰
inf_cbi_m_t_m,Monthly inflation rate (month to month) - Central Bank of Iran,Central Bank of Iran,persian,1404-02,2.28,%,IR,Iran,,,Base year 1400,سال پایه ۱۴۰۰
inf_cbi_m_t_m,Monthly inflation rate (month to month) - Central Bank of Iran,Central Bank of Iran,persian,1404-03,3.90,%,IR,Iran,,,Base year 1400,سال پایه ۱۴۰۰
inf_cbi_m_t_m,Monthly inflation rate (month to month) - Central Bank of Iran,Central Bank of Iran,persian,1404-04,3.17,%,IR,Iran,,,Base year 1400,سال پایه ۱۴۰۰
inf_cbi_m_t_m,Monthly inflation rate (month to month) - Central Bank of Iran,Central Bank of Iran,persian,1404-05,3.44,%,IR,Iran,,,Base year 1400,سال پایه ۱۴۰۰
inf_cbi_m_t_m,Monthly inflation rate (month to month) - Central Bank of Iran,Central Bank of Iran,persian,1404-06,4.19,%,IR,Iran,,,Base year 1400,سال پایه ۱۴۰۰
inf_cbi_m_t_m,Monthly inflation rate (month to month) - Central Bank of Iran,Central Bank of Iran,persian,1404-07,4.78,%,IR,Iran,,,Base year 1400,سال پایه ۱۴۰۰
inf_cbi_m_t_m,Monthly inflation rate (month to month) - Central Bank of Iran,Central Bank of Iran,persian,1404-08,3.36,%,IR,Iran,,,Base year 1400,سال پایه ۱۴۰۰
inf_cbi_m_t_m,Monthly inflation rate (month to month) - Central Bank of Iran,Central Bank of Iran,persian,1404-09,3.31,%,IR,Iran,,,Base year 1400,سال پایه ۱۴۰۰
inf_cbi_m_t_m,Monthly inflation rate (month to month) - Central Bank of Iran,Central Bank of Iran,persian,1404-10,5.69,%,IR,Iran,,,Base year 1400,سال پایه ۱۴۰۰
inf_cbi_m_t_m,Monthly inflation rate (month to month) - Central Bank of Iran,Central Bank of Iran,persian,1404-11,8.45,%,IR,Iran,,,Base year 1400,سال پایه ۱۴۰۰
inf_cbi_m_t_m,Monthly inflation rate (month to month) - Central Bank of Iran,Central Bank of Iran,persian,1404-12,3.03,%,IR,Iran,,,Base year 1400,سال پایه ۱۴۰۰
inf_cbi_m_t_m,Monthly inflation rate (month to month) - Central Bank of Iran,Central Bank of Iran,persian,1405-01,7.01,%,IR,Iran,,,Base year 1400,سال پایه ۱۴۰۰
inf_cbi_m_t_m,Monthly inflation rate (month to month) - Central Bank of Iran,Central Bank of Iran,persian,1405-02,8.48,%,IR,Iran,,,Base year 1400,سال پایه ۱۴۰۰
inf_cbi_m_t_p,Monthly inflation rate (point to point) - Central Bank of Iran,Central Bank of Iran,persian,1385-01,7.19,%,IR,Iran,,,Base year 1395,سال پایه ۱۳۹۵
inf_cbi_m_t_p,Monthly inflation rate (point to point) - Central Bank of Iran,Central Bank of Iran,persian,1385-02,7.14,%,IR,Iran,,,Base year 1395,سال پایه ۱۳۹۵
inf_cbi_m_t_p,Monthly inflation rate (point to point) - Central Bank of Iran,Central Bank of Iran,persian,1385-03,7.74,%,IR,Iran,,,Base year 1395,سال پایه ۱۳۹۵
inf_cbi_m_t_p,Monthly inflation rate (point to point) - Central Bank of Iran,Central Bank of Iran,persian,1385-04,9.52,%,IR,Iran,,,Base year 1395,سال پایه ۱۳۹۵
inf_cbi_m_t_p,Monthly inflation rate (point to point) - Central Bank of Iran,Central Bank of Iran,persian,1385-05,11.31,%,IR,Iran,,,Base year 1395,سال پایه ۱۳۹۵
inf_cbi_m_t_p,Monthly inflation rate (point to point) - Central Bank of Iran,Central Bank of Iran,persian,1385-06,11.24,%,IR,Iran,,,Base year 1395,سال پایه ۱۳۹۵
inf_cbi_m_t_p,Monthly inflation rate (point to point) - Central Bank of Iran,Central Bank of Iran,persian,1385-07,12.94,%,IR,Iran,,,Base year 1395,سال پایه ۱۳۹۵
inf_cbi_m_t_p,Monthly inflation rate (point to point) - Central Bank of Iran,Central Bank of Iran,persian,1385-08,12.79,%,IR,Iran,,,Base year 1395,سال پایه ۱۳۹۵
inf_cbi_m_t_p,Monthly inflation rate (point to point) - Central Bank of Iran,Central Bank of Iran,persian,1385-09,13.95,%,IR,Iran,,,Base year 1395,سال پایه ۱۳۹۵
inf_cbi_m_t_p,Monthly inflation rate (point to point) - Central Bank of Iran,Central Bank of Iran,persian,1385-10,14.37,%,IR,Iran,,,Base year 1395,سال پایه ۱۳۹۵
inf_cbi_m_t_p,Monthly inflation rate (point to point) - Central Bank of Iran,Central Bank of Iran,persian,1385-11,14.29,%,IR,Iran,,,Base year 1395,سال پایه ۱۳۹۵
inf_cbi_m_t_p,Monthly inflation rate (point to point) - Central Bank of Iran,Central Bank of Iran,persian,1385-12,14.86,%,IR,Iran,,,Base year 1395,سال پایه ۱۳۹۵
inf_cbi_m_t_p,Monthly inflation rate (point to point) - Central Bank of Iran,Central Bank of Iran,persian,1386-01,13.41,%,IR,Iran,,,Base year 1395,سال پایه ۱۳۹۵
inf_cbi_m_t_p,Monthly inflation rate (point to point) - Central Bank of Iran,Central Bank of Iran,persian,1386-02,14.44,%,IR,Iran,,,Base year 1395,سال پایه ۱۳۹۵
inf_cbi_m_t_p,Monthly inflation rate (point to point) - Central Bank of Iran,Central Bank of Iran,persian,1386-03,14.92,%,IR,Iran,,,Base year 1395,سال پایه ۱۳۹۵
inf_cbi_m_t_p,Monthly inflation rate (point to point) - Central Bank of Iran,Central Bank of Iran,persian,1386-04,14.13,%,IR,Iran,,,Base year 1395,سال پایه ۱۳۹۵
inf_cbi_m_t_p,Monthly inflation rate (point to point) - Central Bank of Iran,Central Bank of Iran,persian,1386-05,14.97,%,IR,Iran,,,Base year 1395,سال پایه ۱۳۹۵
inf_cbi_m_t_p,Monthly inflation rate (point to point) - Central Bank of Iran,Central Bank of Iran,persian,1386-06,15.43,%,IR,Iran,,,Base year 1395,سال پایه ۱۳۹۵
inf_cbi_m_t_p,Monthly inflation rate (point to point) - Central Bank of Iran,Central Bank of Iran,persian,1386-07,14.06,%,IR,Iran,,,Base year 1395,سال پایه ۱۳۹۵
inf_cbi_m_t_p,Monthly inflation rate (point to point) - Central Bank of Iran,Central Bank of Iran,persian,1386-08,15.46,%,IR,Iran,,,Base year 1395,سال پایه ۱۳۹۵
inf_cbi_m_t_p,Monthly inflation rate (point to point) - Central Bank of Iran,Central Bank of Iran,persian,1386-09,15.82,%,IR,Iran,,,Base year 1395,سال پایه ۱۳۹۵
inf_cbi_m_t_p,Monthly inflation rate (point to point) - Central Bank of Iran,Central Bank of Iran,persian,1386-10,15.08,%,IR,Iran,,,Base year 1395,سال پایه ۱۳۹۵
inf_cbi_m_t_p,Monthly inflation rate (point to point) - Central Bank of Iran,Central Bank of Iran,persian,1386-11,15.50,%,IR,Iran,,,Base year 1395,سال پایه ۱۳۹۵
inf_cbi_m_t_p,Monthly inflation rate (point to point) - Central Bank of Iran,Central Bank of Iran,persian,1386-12,16.92,%,IR,Iran,,,Base year 1395,سال پایه ۱۳۹۵
inf_cbi_m_t_p,Monthly inflation rate (point to point) - Central Bank of Iran,Central Bank of Iran,persian,1387-01,20.20,%,IR,Iran,,,Base year 1395,سال پایه ۱۳۹۵
inf_cbi_m_t_p,Monthly inflation rate (point to point) - Central Bank of Iran,Central Bank of Iran,persian,1387-02,20.39,%,IR,Iran,,,Base year 1395,سال پایه ۱۳۹۵
inf_cbi_m_t_p,Monthly inflation rate (point to point) - Central Bank of Iran,Central Bank of Iran,persian,1387-03,22.12,%,IR,Iran,,,Base year 1395,سال پایه ۱۳۹۵
inf_cbi_m_t_p,Monthly inflation rate (point to point) - Central Bank of Iran,Central Bank of Iran,persian,1387-04,21.43,%,IR,Iran,,,Base year 1395,سال پایه ۱۳۹۵
inf_cbi_m_t_p,Monthly inflation rate (point to point) - Central Bank of Iran,Central Bank of Iran,persian,1387-05,20.93,%,IR,Iran,,,Base year 1395,سال پایه ۱۳۹۵
inf_cbi_m_t_p,Monthly inflation rate (point to point) - Central Bank of Iran,Central Bank of Iran,persian,1387-06,24.42,%,IR,Iran,,,Base year 1395,سال پایه ۱۳۹۵
inf_cbi_m_t_p,Monthly inflation rate (point to point) - Central Bank of Iran,Central Bank of Iran,persian,1387-07,25.57,%,IR,Iran,,,Base year 1395,سال پایه ۱۳۹۵
inf_cbi_m_t_p,Monthly inflation rate (point to point) - Central Bank of Iran,Central Bank of Iran,persian,1387-08,23.66,%,IR,Iran,,,Base year 1395,سال پایه ۱۳۹۵
inf_cbi_m_t_p,Monthly inflation rate (point to point) - Central Bank of Iran,Central Bank of Iran,persian,1387-09,23.35,%,IR,Iran,,,Base year 1395,سال پایه ۱۳۹۵
inf_cbi_m_t_p,Monthly inflation rate (point to point) - Central Bank of Iran,Central Bank of Iran,persian,1387-10,21.83,%,IR,Iran,,,Base year 1395,سال پایه ۱۳۹۵
inf_cbi_m_t_p,Monthly inflation rate (point to point) - Central Bank of Iran,Central Bank of Iran,persian,1387-11,20.35,%,IR,Iran,,,Base year 1395,سال پایه ۱۳۹۵
inf_cbi_m_t_p,Monthly inflation rate (point to point) - Central Bank of Iran,Central Bank of Iran,persian,1387-12,18.72,%,IR,Iran,,,Base year 1395,سال پایه ۱۳۹۵
inf_cbi_m_t_p,Monthly inflation rate (point to point) - Central Bank of Iran,Central Bank of Iran,persian,1388-01,15.57,%,IR,Iran,,,Base year 1395,سال پایه ۱۳۹۵
inf_cbi_m_t_p,Monthly inflation rate (point to point) - Central Bank of Iran,Central Bank of Iran,persian,1388-02,15.32,%,IR,Iran,,,Base year 1395,سال پایه ۱۳۹۵
inf_cbi_m_t_p,Monthly inflation rate (point to point) - Central Bank of Iran,Central Bank of Iran,persian,1388-03,14.57,%,IR,Iran,,,Base year 1395,سال پایه ۱۳۹۵
inf_cbi_m_t_p,Monthly inflation rate (point to point) - Central Bank of Iran,Central Bank of Iran,persian,1388-04,14.12,%,IR,Iran,,,Base year 1395,سال پایه ۱۳۹۵
inf_cbi_m_t_p,Monthly inflation rate (point to point) - Central Bank of Iran,Central Bank of Iran,persian,1388-05,13.08,%,IR,Iran,,,Base year 1395,سال پایه ۱۳۹۵
inf_cbi_m_t_p,Monthly inflation rate (point to point) - Central Bank of Iran,Central Bank of Iran,persian,1388-06,9.26,%,IR,Iran,,,Base year 1395,سال پایه ۱۳۹۵
inf_cbi_m_t_p,Monthly inflation rate (point to point) - Central Bank of Iran,Central Bank of Iran,persian,1388-07,7.64,%,IR,Iran,,,Base year 1395,سال پایه ۱۳۹۵
inf_cbi_m_t_p,Monthly inflation rate (point to point) - Central Bank of Iran,Central Bank of Iran,persian,1388-08,7.22,%,IR,Iran,,,Base year 1395,سال پایه ۱۳۹۵
inf_cbi_m_t_p,Monthly inflation rate (point to point) - Central Bank of Iran,Central Bank of Iran,persian,1388-09,7.50,%,IR,Iran,,,Base year 1395,سال پایه ۱۳۹۵
inf_cbi_m_t_p,Monthly inflation rate (point to point) - Central Bank of Iran,Central Bank of Iran,persian,1388-10,7.89,%,IR,Iran,,,Base year 1395,سال پایه ۱۳۹۵
inf_cbi_m_t_p,Monthly inflation rate (point to point) - Central Bank of Iran,Central Bank of Iran,persian,1388-11,8.99,%,IR,Iran,,,Base year 1395,سال پایه ۱۳۹۵
inf_cbi_m_t_p,Monthly inflation rate (point to point) - Central Bank of Iran,Central Bank of Iran,persian,1388-12,10.39,%,IR,Iran,,,Base year 1395,سال پایه ۱۳۹۵
inf_cbi_m_t_p,Monthly inflation rate (point to point) - Central Bank of Iran,Central Bank of Iran,persian,1389-01,10.28,%,IR,Iran,,,Base year 1395,سال پایه ۱۳۹۵
inf_cbi_m_t_p,Monthly inflation rate (point to point) - Central Bank of Iran,Central Bank of Iran,persian,1389-02,9.09,%,IR,Iran,,,Base year 1395,سال پایه ۱۳۹۵
inf_cbi_m_t_p,Monthly inflation rate (point to point) - Central Bank of Iran,Central Bank of Iran,persian,1389-03,8.25,%,IR,Iran,,,Base year 1395,سال پایه ۱۳۹۵
inf_cbi_m_t_p,Monthly inflation rate (point to point) - Central Bank of Iran,Central Bank of Iran,persian,1389-04,9.28,%,IR,Iran,,,Base year 1395,سال پایه ۱۳۹۵
inf_cbi_m_t_p,Monthly inflation rate (point to point) - Central Bank of Iran,Central Bank of Iran,persian,1389-05,9.52,%,IR,Iran,,,Base year 1395,سال پایه ۱۳۹۵
inf_cbi_m_t_p,Monthly inflation rate (point to point) - Central Bank of Iran,Central Bank of Iran,persian,1389-06,10.17,%,IR,Iran,,,Base year 1395,سال پایه ۱۳۹۵
inf_cbi_m_t_p,Monthly inflation rate (point to point) - Central Bank of Iran,Central Bank of Iran,persian,1389-07,11.82,%,IR,Iran,,,Base year 1395,سال پایه ۱۳۹۵
inf_cbi_m_t_p,Monthly inflation rate (point to point) - Central Bank of Iran,Central Bank of Iran,persian,1389-08,12.46,%,IR,Iran,,,Base year 1395,سال پایه ۱۳۹۵
inf_cbi_m_t_p,Monthly inflation rate (point to point) - Central Bank of Iran,Central Bank of Iran,persian,1389-09,12.62,%,IR,Iran,,,Base year 1395,سال پایه ۱۳۹۵
inf_cbi_m_t_p,Monthly inflation rate (point to point) - Central Bank of Iran,Central Bank of Iran,persian,1389-10,15.61,%,IR,Iran,,,Base year 1395,سال پایه ۱۳۹۵
inf_cbi_m_t_p,Monthly inflation rate (point to point) - Central Bank of Iran,Central Bank of Iran,persian,1389-11,17.82,%,IR,Iran,,,Base year 1395,سال پایه ۱۳۹۵
inf_cbi_m_t_p,Monthly inflation rate (point to point) - Central Bank of Iran,Central Bank of Iran,persian,1389-12,19.81,%,IR,Iran,,,Base year 1395,سال پایه ۱۳۹۵
inf_cbi_m_t_p,Monthly inflation rate (point to point) - Central Bank of Iran,Central Bank of Iran,persian,1390-01,20.58,%,IR,Iran,,,Base year 1395,سال پایه ۱۳۹۵
inf_cbi_m_t_p,Monthly inflation rate (point to point) - Central Bank of Iran,Central Bank of Iran,persian,1390-02,22.12,%,IR,Iran,,,Base year 1395,سال پایه ۱۳۹۵
inf_cbi_m_t_p,Monthly inflation rate (point to point) - Central Bank of Iran,Central Bank of Iran,persian,1390-03,22.54,%,IR,Iran,,,Base year 1395,سال پایه ۱۳۹۵
inf_cbi_m_t_p,Monthly inflation rate (point to point) - Central Bank of Iran,Central Bank of Iran,persian,1390-04,21.70,%,IR,Iran,,,Base year 1395,سال پایه ۱۳۹۵
inf_cbi_m_t_p,Monthly inflation rate (point to point) - Central Bank of Iran,Central Bank of Iran,persian,1390-05,21.43,%,IR,Iran,,,Base year 1395,سال پایه ۱۳۹۵
inf_cbi_m_t_p,Monthly inflation rate (point to point) - Central Bank of Iran,Central Bank of Iran,persian,1390-06,22.46,%,IR,Iran,,,Base year 1395,سال پایه ۱۳۹۵
inf_cbi_m_t_p,Monthly inflation rate (point to point) - Central Bank of Iran,Central Bank of Iran,persian,1390-07,21.45,%,IR,Iran,,,Base year 1395,سال پایه ۱۳۹۵
inf_cbi_m_t_p,Monthly inflation rate (point to point) - Central Bank of Iran,Central Bank of Iran,persian,1390-08,22.16,%,IR,Iran,,,Base year 1395,سال پایه ۱۳۹۵
inf_cbi_m_t_p,Monthly inflation rate (point to point) - Central Bank of Iran,Central Bank of Iran,persian,1390-09,22.12,%,IR,Iran,,,Base year 1395,سال پایه ۱۳۹۵
inf_cbi_m_t_p,Monthly inflation rate (point to point) - Central Bank of Iran,Central Bank of Iran,persian,1390-10,20.69,%,IR,Iran,,,Base year 1395,سال پایه ۱۳۹۵
inf_cbi_m_t_p,Monthly inflation rate (point to point) - Central Bank of Iran,Central Bank of Iran,persian,1390-11,20.73,%,IR,Iran,,,Base year 1395,سال پایه ۱۳۹۵
inf_cbi_m_t_p,Monthly inflation rate (point to point) - Central Bank of Iran,Central Bank of Iran,persian,1390-12,20.60,%,IR,Iran,,,Base year 1395,سال پایه ۱۳۹۵
inf_cbi_m_t_p,Monthly inflation rate (point to point) - Central Bank of Iran,Central Bank of Iran,persian,1391-01,21.33,%,IR,Iran,,,Base year 1395,سال پایه ۱۳۹۵
inf_cbi_m_t_p,Monthly inflation rate (point to point) - Central Bank of Iran,Central Bank of Iran,persian,1391-02,22.31,%,IR,Iran,,,Base year 1395,سال پایه ۱۳۹۵
inf_cbi_m_t_p,Monthly inflation rate (point to point) - Central Bank of Iran,Central Bank of Iran,persian,1391-03,22.02,%,IR,Iran,,,Base year 1395,سال پایه ۱۳۹۵
inf_cbi_m_t_p,Monthly inflation rate (point to point) - Central Bank of Iran,Central Bank of Iran,persian,1391-04,24.29,%,IR,Iran,,,Base year 1395,سال پایه ۱۳۹۵
inf_cbi_m_t_p,Monthly inflation rate (point to point) - Central Bank of Iran,Central Bank of Iran,persian,1391-05,25.06,%,IR,Iran,,,Base year 1395,سال پایه ۱۳۹۵
inf_cbi_m_t_p,Monthly inflation rate (point to point) - Central Bank of Iran,Central Bank of Iran,persian,1391-06,26.38,%,IR,Iran,,,Base year 1395,سال پایه ۱۳۹۵
inf_cbi_m_t_p,Monthly inflation rate (point to point) - Central Bank of Iran,Central Bank of Iran,persian,1391-07,31.09,%,IR,Iran,,,Base year 1395,سال پایه ۱۳۹۵
inf_cbi_m_t_p,Monthly inflation rate (point to point) - Central Bank of Iran,Central Bank of Iran,persian,1391-08,35.29,%,IR,Iran,,,Base year 1395,سال پایه ۱۳۹۵
inf_cbi_m_t_p,Monthly inflation rate (point to point) - Central Bank of Iran,Central Bank of Iran,persian,1391-09,36.23,%,IR,Iran,,,Base year 1395,سال پایه ۱۳۹۵
inf_cbi_m_t_p,Monthly inflation rate (point to point) - Central Bank of Iran,Central Bank of Iran,persian,1391-10,36.90,%,IR,Iran,,,Base year 1395,سال پایه ۱۳۹۵
inf_cbi_m_t_p,Monthly inflation rate (point to point) - Central Bank of Iran,Central Bank of Iran,persian,1391-11,40.37,%,IR,Iran,,,Base year 1395,سال پایه ۱۳۹۵
inf_cbi_m_t_p,Monthly inflation rate (point to point) - Central Bank of Iran,Central Bank of Iran,persian,1391-12,41.35,%,IR,Iran,,,Base year 1395,سال پایه ۱۳۹۵
inf_cbi_m_t_p,Monthly inflation rate (point to point) - Central Bank of Iran,Central Bank of Iran,persian,1392-01,42.20,%,IR,Iran,,,Base year 1395,سال پایه ۱۳۹۵
inf_cbi_m_t_p,Monthly inflation rate (point to point) - Central Bank of Iran,Central Bank of Iran,persian,1392-02,41.63,%,IR,Iran,,,Base year 1395,سال پایه ۱۳۹۵
inf_cbi_m_t_p,Monthly inflation rate (point to point) - Central Bank of Iran,Central Bank of Iran,persian,1392-03,45.01,%,IR,Iran,,,Base year 1395,سال پایه ۱۳۹۵
inf_cbi_m_t_p,Monthly inflation rate (point to point) - Central Bank of Iran,Central Bank of Iran,persian,1392-04,43.87,%,IR,Iran,,,Base year 1395,سال پایه ۱۳۹۵
inf_cbi_m_t_p,Monthly inflation rate (point to point) - Central Bank of Iran,Central Bank of Iran,persian,1392-05,43.15,%,IR,Iran,,,Base year 1395,سال پایه ۱۳۹۵
inf_cbi_m_t_p,Monthly inflation rate (point to point) - Central Bank of Iran,Central Bank of Iran,persian,1392-06,41.55,%,IR,Iran,,,Base year 1395,سال پایه ۱۳۹۵
inf_cbi_m_t_p,Monthly inflation rate (point to point) - Central Bank of Iran,Central Bank of Iran,persian,1392-07,36.81,%,IR,Iran,,,Base year 1395,سال پایه ۱۳۹۵
inf_cbi_m_t_p,Monthly inflation rate (point to point) - Central Bank of Iran,Central Bank of Iran,persian,1392-08,31.88,%,IR,Iran,,,Base year 1395,سال پایه ۱۳۹۵
inf_cbi_m_t_p,Monthly inflation rate (point to point) - Central Bank of Iran,Central Bank of Iran,persian,1392-09,29.61,%,IR,Iran,,,Base year 1395,سال پایه ۱۳۹۵
inf_cbi_m_t_p,Monthly inflation rate (point to point) - Central Bank of Iran,Central Bank of Iran,persian,1392-10,28.70,%,IR,Iran,,,Base year 1395,سال پایه ۱۳۹۵
inf_cbi_m_t_p,Monthly inflation rate (point to point) - Central Bank of Iran,Central Bank of Iran,persian,1392-11,22.81,%,IR,Iran,,,Base year 1395,سال پایه ۱۳۹۵
inf_cbi_m_t_p,Monthly inflation rate (point to point) - Central Bank of Iran,Central Bank of Iran,persian,1392-12,19.55,%,IR,Iran,,,Base year 1395,سال پایه ۱۳۹۵
inf_cbi_m_t_p,Monthly inflation rate (point to point) - Central Bank of Iran,Central Bank of Iran,persian,1393-01,17.47,%,IR,Iran,,,Base year 1395,سال پایه ۱۳۹۵
inf_cbi_m_t_p,Monthly inflation rate (point to point) - Central Bank of Iran,Central Bank of Iran,persian,1393-02,16.52,%,IR,Iran,,,Base year 1395,سال پایه ۱۳۹۵
inf_cbi_m_t_p,Monthly inflation rate (point to point) - Central Bank of Iran,Central Bank of Iran,persian,1393-03,14.49,%,IR,Iran,,,Base year 1395,سال پایه ۱۳۹۵
inf_cbi_m_t_p,Monthly inflation rate (point to point) - Central Bank of Iran,Central Bank of Iran,persian,1393-04,14.60,%,IR,Iran,,,Base year 1395,سال پایه ۱۳۹۵
inf_cbi_m_t_p,Monthly inflation rate (point to point) - Central Bank of Iran,Central Bank of Iran,persian,1393-05,14.86,%,IR,Iran,,,Base year 1395,سال پایه ۱۳۹۵
inf_cbi_m_t_p,Monthly inflation rate (point to point) - Central Bank of Iran,Central Bank of Iran,persian,1393-06,14.33,%,IR,Iran,,,Base year 1395,سال پایه ۱۳۹۵
inf_cbi_m_t_p,Monthly inflation rate (point to point) - Central Bank of Iran,Central Bank of Iran,persian,1393-07,14.56,%,IR,Iran,,,Base year 1395,سال پایه ۱۳۹۵
inf_cbi_m_t_p,Monthly inflation rate (point to point) - Central Bank of Iran,Central Bank of Iran,persian,1393-08,15.11,%,IR,Iran,,,Base year 1395,سال پایه ۱۳۹۵
inf_cbi_m_t_p,Monthly inflation rate (point to point) - Central Bank of Iran,Central Bank of Iran,persian,1393-09,16.83,%,IR,Iran,,,Base year 1395,سال پایه ۱۳۹۵
inf_cbi_m_t_p,Monthly inflation rate (point to point) - Central Bank of Iran,Central Bank of Iran,persian,1393-10,15.68,%,IR,Iran,,,Base year 1395,سال پایه ۱۳۹۵
inf_cbi_m_t_p,Monthly inflation rate (point to point) - Central Bank of Iran,Central Bank of Iran,persian,1393-11,16.15,%,IR,Iran,,,Base year 1395,سال پایه ۱۳۹۵
inf_cbi_m_t_p,Monthly inflation rate (point to point) - Central Bank of Iran,Central Bank of Iran,persian,1393-12,16.22,%,IR,Iran,,,Base year 1395,سال پایه ۱۳۹۵
inf_cbi_m_t_p,Monthly inflation rate (point to point) - Central Bank of Iran,Central Bank of Iran,persian,1394-01,16.45,%,IR,Iran,,,Base year 1395,سال پایه ۱۳۹۵
inf_cbi_m_t_p,Monthly inflation rate (point to point) - Central Bank of Iran,Central Bank of Iran,persian,1394-02,16.25,%,IR,Iran,,,Base year 1395,سال پایه ۱۳۹۵
inf_cbi_m_t_p,Monthly inflation rate (point to point) - Central Bank of Iran,Central Bank of Iran,persian,1394-03,16.24,%,IR,Iran,,,Base year 1395,سال پایه ۱۳۹۵
inf_cbi_m_t_p,Monthly inflation rate (point to point) - Central Bank of Iran,Central Bank of Iran,persian,1394-04,14.25,%,IR,Iran,,,Base year 1395,سال پایه ۱۳۹۵
inf_cbi_m_t_p,Monthly inflation rate (point to point) - Central Bank of Iran,Central Bank of Iran,persian,1394-05,12.56,%,IR,Iran,,,Base year 1395,سال پایه ۱۳۹۵
inf_cbi_m_t_p,Monthly inflation rate (point to point) - Central Bank of Iran,Central Bank of Iran,persian,1394-06,11.79,%,IR,Iran,,,Base year 1395,سال پایه ۱۳۹۵
inf_cbi_m_t_p,Monthly inflation rate (point to point) - Central Bank of Iran,Central Bank of Iran,persian,1394-07,10.77,%,IR,Iran,,,Base year 1395,سال پایه ۱۳۹۵
inf_cbi_m_t_p,Monthly inflation rate (point to point) - Central Bank of Iran,Central Bank of Iran,persian,1394-08,10.02,%,IR,Iran,,,Base year 1395,سال پایه ۱۳۹۵
inf_cbi_m_t_p,Monthly inflation rate (point to point) - Central Bank of Iran,Central Bank of Iran,persian,1394-09,9.37,%,IR,Iran,,,Base year 1395,سال پایه ۱۳۹۵
inf_cbi_m_t_p,Monthly inflation rate (point to point) - Central Bank of Iran,Central Bank of Iran,persian,1394-10,9.58,%,IR,Iran,,,Base year 1395,سال پایه ۱۳۹۵
inf_cbi_m_t_p,Monthly inflation rate (point to point) - Central Bank of Iran,Central Bank of Iran,persian,1394-11,8.92,%,IR,Iran,,,Base year 1395,سال پایه ۱۳۹۵
inf_cbi_m_t_p,Monthly inflation rate (point to point) - Central Bank of Iran,Central Bank of Iran,persian,1394-12,8.35,%,IR,Iran,,,Base year 1395,سال پایه ۱۳۹۵
inf_cbi_m_t_p,Monthly inflation rate (point to point) - Central Bank of Iran,Central Bank of Iran,persian,1395-01,7.34,%,IR,Iran,,,Base year 1395,سال پایه ۱۳۹۵
inf_cbi_m_t_p,Monthly inflation rate (point to point) - Central Bank of Iran,Central Bank of Iran,persian,1395-02,7.72,%,IR,Iran,,,Base year 1395,سال پایه ۱۳۹۵
inf_cbi_m_t_p,Monthly inflation rate (point to point) - Central Bank of Iran,Central Bank of Iran,persian,1395-03,7.48,%,IR,Iran,,,Base year 1395,سال پایه ۱۳۹۵
inf_cbi_m_t_p,Monthly inflation rate (point to point) - Central Bank of Iran,Central Bank of Iran,persian,1395-04,8.50,%,IR,Iran,,,Base year 1395,سال پایه ۱۳۹۵
inf_cbi_m_t_p,Monthly inflation rate (point to point) - Central Bank of Iran,Central Bank of Iran,persian,1395-05,9.61,%,IR,Iran,,,Base year 1395,سال پایه ۱۳۹۵
inf_cbi_m_t_p,Monthly inflation rate (point to point) - Central Bank of Iran,Central Bank of Iran,persian,1395-06,9.45,%,IR,Iran,,,Base year 1395,سال پایه ۱۳۹۵
inf_cbi_m_t_p,Monthly inflation rate (point to point) - Central Bank of Iran,Central Bank of Iran,persian,1395-07,9.29,%,IR,Iran,,,Base year 1395,سال پایه ۱۳۹۵
inf_cbi_m_t_p,Monthly inflation rate (point to point) - Central Bank of Iran,Central Bank of Iran,persian,1395-08,8.68,%,IR,Iran,,,Base year 1395,سال پایه ۱۳۹۵
inf_cbi_m_t_p,Monthly inflation rate (point to point) - Central Bank of Iran,Central Bank of Iran,persian,1395-09,8.89,%,IR,Iran,,,Base year 1395,سال پایه ۱۳۹۵
inf_cbi_m_t_p,Monthly inflation rate (point to point) - Central Bank of Iran,Central Bank of Iran,persian,1395-10,9.28,%,IR,Iran,,,Base year 1395,سال پایه ۱۳۹۵
inf_cbi_m_t_p,Monthly inflation rate (point to point) - Central Bank of Iran,Central Bank of Iran,persian,1395-11,10.32,%,IR,Iran,,,Base year 1395,سال پایه ۱۳۹۵
inf_cbi_m_t_p,Monthly inflation rate (point to point) - Central Bank of Iran,Central Bank of Iran,persian,1395-12,11.83,%,IR,Iran,,,Base year 1395,سال پایه ۱۳۹۵
inf_cbi_m_t_p,Monthly inflation rate (point to point) - Central Bank of Iran,Central Bank of Iran,persian,1396-01,12.74,%,IR,Iran,,,Base year 1395,سال پایه ۱۳۹۵
inf_cbi_m_t_p,Monthly inflation rate (point to point) - Central Bank of Iran,Central Bank of Iran,persian,1396-02,11.21,%,IR,Iran,,,Base year 1395,سال پایه ۱۳۹۵
inf_cbi_m_t_p,Monthly inflation rate (point to point) - Central Bank of Iran,Central Bank of Iran,persian,1396-03,10.34,%,IR,Iran,,,Base year 1395,سال پایه ۱۳۹۵
inf_cbi_m_t_p,Monthly inflation rate (point to point) - Central Bank of Iran,Central Bank of Iran,persian,1396-04,9.36,%,IR,Iran,,,Base year 1395,سال پایه ۱۳۹۵
inf_cbi_m_t_p,Monthly inflation rate (point to point) - Central Bank of Iran,Central Bank of Iran,persian,1396-05,8.57,%,IR,Iran,,,Base year 1395,سال پایه ۱۳۹۵
inf_cbi_m_t_p,Monthly inflation rate (point to point) - Central Bank of Iran,Central Bank of Iran,persian,1396-06,8.43,%,IR,Iran,,,Base year 1395,سال پایه ۱۳۹۵
inf_cbi_m_t_p,Monthly inflation rate (point to point) - Central Bank of Iran,Central Bank of Iran,persian,1396-07,8.40,%,IR,Iran,,,Base year 1395,سال پایه ۱۳۹۵
inf_cbi_m_t_p,Monthly inflation rate (point to point) - Central Bank of Iran,Central Bank of Iran,persian,1396-08,9.58,%,IR,Iran,,,Base year 1395,سال پایه ۱۳۹۵
inf_cbi_m_t_p,Monthly inflation rate (point to point) - Central Bank of Iran,Central Bank of Iran,persian,1396-09,10.03,%,IR,Iran,,,Base year 1395,سال پایه ۱۳۹۵
inf_cbi_m_t_p,Monthly inflation rate (point to point) - Central Bank of Iran,Central Bank of Iran,persian,1396-10,9.66,%,IR,Iran,,,Base year 1395,سال پایه ۱۳۹۵
inf_cbi_m_t_p,Monthly inflation rate (point to point) - Central Bank of Iran,Central Bank of Iran,persian,1396-11,9.35,%,IR,Iran,,,Base year 1395,سال پایه ۱۳۹۵
inf_cbi_m_t_p,Monthly inflation rate (point to point) - Central Bank of Iran,Central Bank of Iran,persian,1396-12,8.31,%,IR,Iran,,,Base year 1395,سال پایه ۱۳۹۵
inf_cbi_m_t_p,Monthly inflation rate (point to point) - Central Bank of Iran,Central Bank of Iran,persian,1397-01,7.94,%,IR,Iran,,,Base year 1395,سال پایه ۱۳۹۵
inf_cbi_m_t_p,Monthly inflation rate (point to point) - Central Bank of Iran,Central Bank of Iran,persian,1397-02,9.71,%,IR,Iran,,,Base year 1395,سال پایه ۱۳۹۵
inf_cbi_m_t_p,Monthly inflation rate (point to point) - Central Bank of Iran,Central Bank of Iran,persian,1397-03,13.73,%,IR,Iran,,,Base year 1395,سال پایه ۱۳۹۵
inf_cbi_m_t_p,Monthly inflation rate (point to point) - Central Bank of Iran,Central Bank of Iran,persian,1397-04,17.95,%,IR,Iran,,,Base year 1395,سال پایه ۱۳۹۵
inf_cbi_m_t_p,Monthly inflation rate (point to point) - Central Bank of Iran,Central Bank of Iran,persian,1397-05,24.23,%,IR,Iran,,,Base year 1395,سال پایه ۱۳۹۵
inf_cbi_m_t_p,Monthly inflation rate (point to point) - Central Bank of Iran,Central Bank of Iran,persian,1397-06,31.39,%,IR,Iran,,,Base year 1395,سال پایه ۱۳۹۵
inf_cbi_m_t_p,Monthly inflation rate (point to point) - Central Bank of Iran,Central Bank of Iran,persian,1397-07,36.90,%,IR,Iran,,,Base year 1395,سال پایه ۱۳۹۵
inf_cbi_m_t_p,Monthly inflation rate (point to point) - Central Bank of Iran,Central Bank of Iran,persian,1397-08,39.89,%,IR,Iran,,,Base year 1395,سال پایه ۱۳۹۵
inf_cbi_m_t_p,Monthly inflation rate (point to point) - Central Bank of Iran,Central Bank of Iran,persian,1397-09,42.36,%,IR,Iran,,,Base year 1395,سال پایه ۱۳۹۵
inf_cbi_m_t_p,Monthly inflation rate (point to point) - Central Bank of Iran,Central Bank of Iran,persian,1397-10,44.22,%,IR,Iran,,,Base year 1395,سال پایه ۱۳۹۵
inf_cbi_m_t_p,Monthly inflation rate (point to point) - Central Bank of Iran,Central Bank of Iran,persian,1397-11,47.88,%,IR,Iran,,,Base year 1395,سال پایه ۱۳۹۵
inf_cbi_m_t_p,Monthly inflation rate (point to point) - Central Bank of Iran,Central Bank of Iran,persian,1397-12,54.14,%,IR,Iran,,,Base year 1395,سال پایه ۱۳۹۵
inf_cbi_m_t_p,Monthly inflation rate (point to point) - Central Bank of Iran,Central Bank of Iran,persian,1398-01,58.04,%,IR,Iran,,,Base year 1395,سال پایه ۱۳۹۵
inf_cbi_m_t_p,Monthly inflation rate (point to point) - Central Bank of Iran,Central Bank of Iran,persian,1398-02,60.17,%,IR,Iran,,,Base year 1395,سال پایه ۱۳۹۵
inf_cbi_m_t_p,Monthly inflation rate (point to point) - Central Bank of Iran,Central Bank of Iran,persian,1398-03,57.10,%,IR,Iran,,,Base year 1395,سال پایه ۱۳۹۵
inf_cbi_m_t_p,Monthly inflation rate (point to point) - Central Bank of Iran,Central Bank of Iran,persian,1398-04,55.28,%,IR,Iran,,,Base year 1395,سال پایه ۱۳۹۵
inf_cbi_m_t_p,Monthly inflation rate (point to point) - Central Bank of Iran,Central Bank of Iran,persian,1398-05,48.36,%,IR,Iran,,,Base year 1395,سال پایه ۱۳۹۵
inf_cbi_m_t_p,Monthly inflation rate (point to point) - Central Bank of Iran,Central Bank of Iran,persian,1398-06,41.01,%,IR,Iran,,,Base year 1395,سال پایه ۱۳۹۵
inf_cbi_m_t_p,Monthly inflation rate (point to point) - Central Bank of Iran,Central Bank of Iran,persian,1398-07,35.71,%,IR,Iran,,,Base year 1395,سال پایه ۱۳۹۵
inf_cbi_m_t_p,Monthly inflation rate (point to point) - Central Bank of Iran,Central Bank of Iran,persian,1398-08,32.88,%,IR,Iran,,,Base year 1395,سال پایه ۱۳۹۵
inf_cbi_m_t_p,Monthly inflation rate (point to point) - Central Bank of Iran,Central Bank of Iran,persian,1398-09,33.40,%,IR,Iran,,,Base year 1395,سال پایه ۱۳۹۵
inf_cbi_m_t_p,Monthly inflation rate (point to point) - Central Bank of Iran,Central Bank of Iran,persian,1398-10,32.45,%,IR,Iran,,,Base year 1395,سال پایه ۱۳۹۵
inf_cbi_m_t_p,Monthly inflation rate (point to point) - Central Bank of Iran,Central Bank of Iran,persian,1398-11,30.95,%,IR,Iran,,,Base year 1395,سال پایه ۱۳۹۵
inf_cbi_m_t_p,Monthly inflation rate (point to point) - Central Bank of Iran,Central Bank of Iran,persian,1398-12,28.11,%,IR,Iran,,,Base year 1395,سال پایه ۱۳۹۵
inf_cbi_m_t_p,Monthly inflation rate (point to point) - Central Bank of Iran,Central Bank of Iran,persian,1399-01,25.83,%,IR,Iran,,,Base year 1395,سال پایه ۱۳۹۵
inf_cbi_m_t_p,Monthly inflation rate (point to point) - Central Bank of Iran,Central Bank of Iran,persian,1399-02,27.63,%,IR,Iran,,,Base year 1395,سال پایه ۱۳۹۵
inf_cbi_m_t_p,Monthly inflation rate (point to point) - Central Bank of Iran,Central Bank of Iran,persian,1399-03,29.70,%,IR,Iran,,,Base year 1395,سال پایه ۱۳۹۵
inf_cbi_m_t_p,Monthly inflation rate (point to point) - Central Bank of Iran,Central Bank of Iran,persian,1399-04,32.96,%,IR,Iran,,,Base year 1395,سال پایه ۱۳۹۵
inf_cbi_m_t_p,Monthly inflation rate (point to point) - Central Bank of Iran,Central Bank of Iran,persian,1399-05,36.42,%,IR,Iran,,,Base year 1395,سال پایه ۱۳۹۵
inf_cbi_m_t_p,Monthly inflation rate (point to point) - Central Bank of Iran,Central Bank of Iran,persian,1399-06,40.58,%,IR,Iran,,,Base year 1395,سال پایه ۱۳۹۵
inf_cbi_m_t_p,Monthly inflation rate (point to point) - Central Bank of Iran,Central Bank of Iran,persian,1399-07,50.35,%,IR,Iran,,,Base year 1395,سال پایه ۱۳۹۵
inf_cbi_m_t_p,Monthly inflation rate (point to point) - Central Bank of Iran,Central Bank of Iran,persian,1399-08,59.77,%,IR,Iran,,,Base year 1395,سال پایه ۱۳۹۵
inf_cbi_m_t_p,Monthly inflation rate (point to point) - Central Bank of Iran,Central Bank of Iran,persian,1399-09,59.48,%,IR,Iran,,,Base year 1395,سال پایه ۱۳۹۵
inf_cbi_m_t_p,Monthly inflation rate (point to point) - Central Bank of Iran,Central Bank of Iran,persian,1399-10,61.85,%,IR,Iran,,,Base year 1395,سال پایه ۱۳۹۵
inf_cbi_m_t_p,Monthly inflation rate (point to point) - Central Bank of Iran,Central Bank of Iran,persian,1399-11,65.30,%,IR,Iran,,,Base year 1395,سال پایه ۱۳۹۵
inf_cbi_m_t_p,Monthly inflation rate (point to point) - Central Bank of Iran,Central Bank of Iran,persian,1399-12,65.21,%,IR,Iran,,,Base year 1395,سال پایه ۱۳۹۵
inf_cbi_m_t_p,Monthly inflation rate (point to point) - Central Bank of Iran,Central Bank of Iran,persian,1400-01,64.55,%,IR,Iran,,,Base year 1395,سال پایه ۱۳۹۵
inf_cbi_m_t_p,Monthly inflation rate (point to point) - Central Bank of Iran,Central Bank of Iran,persian,1400-02,59.03,%,IR,Iran,,,Base year 1395,سال پایه ۱۳۹۵
inf_cbi_m_t_p,Monthly inflation rate (point to point) - Central Bank of Iran,Central Bank of Iran,persian,1400-03,59.85,%,IR,Iran,,,Base year 1395,سال پایه ۱۳۹۵
inf_cbi_m_t_p,Monthly inflation rate (point to point) - Central Bank of Iran,Central Bank of Iran,persian,1400-04,56.61,%,IR,Iran,,,Base year 1395,سال پایه ۱۳۹۵
inf_cbi_m_t_p,Monthly inflation rate (point to point) - Central Bank of Iran,Central Bank of Iran,persian,1400-05,55.72,%,IR,Iran,,,Base year 1395,سال پایه ۱۳۹۵
inf_cbi_m_t_p,Monthly inflation rate (point to point) - Central Bank of Iran,Central Bank of Iran,persian,1400-06,54.85,%,IR,Iran,,,Base year 1395,سال پایه ۱۳۹۵
inf_cbi_m_t_p,Monthly inflation rate (point to point) - Central Bank of Iran,Central Bank of Iran,persian,1400-07,48.25,%,IR,Iran,,,Base year 1395,سال پایه ۱۳۹۵
inf_cbi_m_t_p,Monthly inflation rate (point to point) - Central Bank of Iran,Central Bank of Iran,persian,1400-08,40.97,%,IR,Iran,,,Base year 1395,سال پایه ۱۳۹۵
inf_cbi_m_t_p,Monthly inflation rate (point to point) - Central Bank of Iran,Central Bank of Iran,persian,1400-09,38.15,%,IR,Iran,,,Base year 1395,سال پایه ۱۳۹۵
inf_cbi_m_t_p,Monthly inflation rate (point to point) - Central Bank of Iran,Central Bank of Iran,persian,1400-10,36.46,%,IR,Iran,,,Base year 1395,سال پایه ۱۳۹۵
inf_cbi_m_t_p,Monthly inflation rate (point to point) - Central Bank of Iran,Central Bank of Iran,persian,1400-11,32.78,%,IR,Iran,,,Base year 1395,سال پایه ۱۳۹۵
inf_cbi_m_t_p,Monthly inflation rate (point to point) - Central Bank of Iran,Central Bank of Iran,persian,1400-12,29.50,%,IR,Iran,,,Base year 1395,سال پایه ۱۳۹۵
inf_cbi_m_t_p,Monthly inflation rate (point to point) - Central Bank of Iran,Central Bank of Iran,persian,1401-01,43.10,%,IR,Iran,,,Base year 1400,سال پایه ۱۴۰۰
inf_cbi_m_t_p,Monthly inflation rate (point to point) - Central Bank of Iran,Central Bank of Iran,persian,1401-02,46.47,%,IR,Iran,,,Base year 1400,سال پایه ۱۴۰۰
inf_cbi_m_t_p,Monthly inflation rate (point to point) - Central Bank of Iran,Central Bank of Iran,persian,1401-03,54.18,%,IR,Iran,,,Base year 1400,سال پایه ۱۴۰۰
inf_cbi_m_t_p,Monthly inflation rate (point to point) - Central Bank of Iran,Central Bank of Iran,persian,1401-04,56.22,%,IR,Iran,,,Base year 1400,سال پایه ۱۴۰۰
inf_cbi_m_t_p,Monthly inflation rate (point to point) - Central Bank of Iran,Central Bank of Iran,persian,1401-05,55.56,%,IR,Iran,,,Base year 1400,سال پایه ۱۴۰۰
inf_cbi_m_t_p,Monthly inflation rate (point to point) - Central Bank of Iran,Central Bank of Iran,persian,1401-06,53.60,%,IR,Iran,,,Base year 1400,سال پایه ۱۴۰۰
inf_cbi_m_t_p,Monthly inflation rate (point to point) - Central Bank of Iran,Central Bank of Iran,persian,1401-07,52.78,%,IR,Iran,,,Base year 1400,سال پایه ۱۴۰۰
inf_cbi_m_t_p,Monthly inflation rate (point to point) - Central Bank of Iran,Central Bank of Iran,persian,1401-08,52.42,%,IR,Iran,,,Base year 1400,سال پایه ۱۴۰۰
inf_cbi_m_t_p,Monthly inflation rate (point to point) - Central Bank of Iran,Central Bank of Iran,persian,1401-09,51.34,%,IR,Iran,,,Base year 1400,سال پایه ۱۴۰۰
inf_cbi_m_t_p,Monthly inflation rate (point to point) - Central Bank of Iran,Central Bank of Iran,persian,1401-10,53.51,%,IR,Iran,,,Base year 1400,سال پایه ۱۴۰۰
inf_cbi_m_t_p,Monthly inflation rate (point to point) - Central Bank of Iran,Central Bank of Iran,persian,1401-11,55.02,%,IR,Iran,,,Base year 1400,سال پایه ۱۴۰۰
inf_cbi_m_t_p,Monthly inflation rate (point to point) - Central Bank of Iran,Central Bank of Iran,persian,1401-12,60.03,%,IR,Iran,,,Base year 1400,سال پایه ۱۴۰۰
inf_cbi_m_t_p,Monthly inflation rate (point to point) - Central Bank of Iran,Central Bank of Iran,persian,1402-01,62.38,%,IR,Iran,,,Base year 1400,سال پایه ۱۴۰۰
inf_cbi_m_t_p,Monthly inflation rate (point to point) - Central Bank of Iran,Central Bank of Iran,persian,1402-02,59.68,%,IR,Iran,,,Base year 1400,سال پایه ۱۴۰۰
inf_cbi_m_t_p,Monthly inflation rate (point to point) - Central Bank of Iran,Central Bank of Iran,persian,1402-03,50.15,%,IR,Iran,,,Base year 1400,سال پایه ۱۴۰۰
inf_cbi_m_t_p,Monthly inflation rate (point to point) - Central Bank of Iran,Central Bank of Iran,persian,1402-04,47.10,%,IR,Iran,,,Base year 1400,سال پایه ۱۴۰۰
inf_cbi_m_t_p,Monthly inflation rate (point to point) - Central Bank of Iran,Central Bank of Iran,persian,1402-05,48.23,%,IR,Iran,,,Base year 1400,سال پایه ۱۴۰۰
inf_cbi_m_t_p,Monthly inflation rate (point to point) - Central Bank of Iran,Central Bank of Iran,persian,1402-06,48.71,%,IR,Iran,,,Base year 1400,سال پایه ۱۴۰۰
inf_cbi_m_t_p,Monthly inflation rate (point to point) - Central Bank of Iran,Central Bank of Iran,persian,1402-07,47.25,%,IR,Iran,,,Base year 1400,سال پایه ۱۴۰۰
inf_cbi_m_t_p,Monthly inflation rate (point to point) - Central Bank of Iran,Central Bank of Iran,persian,1402-08,46.14,%,IR,Iran,,,Base year 1400,سال پایه ۱۴۰۰
inf_cbi_m_t_p,Monthly inflation rate (point to point) - Central Bank of Iran,Central Bank of Iran,persian,1402-09,47.87,%,IR,Iran,,,Base year 1400,سال پایه ۱۴۰۰
inf_cbi_m_t_p,Monthly inflation rate (point to point) - Central Bank of Iran,Central Bank of Iran,persian,1402-10,44.89,%,IR,Iran,,,Base year 1400,سال پایه ۱۴۰۰
inf_cbi_m_t_p,Monthly inflation rate (point to point) - Central Bank of Iran,Central Bank of Iran,persian,1402-11,40.45,%,IR,Iran,,,Base year 1400,سال پایه ۱۴۰۰
inf_cbi_m_t_p,Monthly inflation rate (point to point) - Central Bank of Iran,Central Bank of Iran,persian,1402-12,36.12,%,IR,Iran,,,Base year 1400,سال پایه ۱۴۰۰
inf_cbi_m_t_p,Monthly inflation rate (point to point) - Central Bank of Iran,Central Bank of Iran,persian,1403-01,34.69,%,IR,Iran,,,Base year 1400,سال پایه ۱۴۰۰
inf_cbi_m_t_p,Monthly inflation rate (point to point) - Central Bank of Iran,Central Bank of Iran,persian,1403-02,35.06,%,IR,Iran,,,Base year 1400,سال پایه ۱۴۰۰
inf_cbi_m_t_p,Monthly inflation rate (point to point) - Central Bank of Iran,Central Bank of Iran,persian,1403-03,36.08,%,IR,Iran,,,Base year 1400,سال پایه ۱۴۰۰
inf_cbi_m_t_p,Monthly inflation rate (point to point) - Central Bank of Iran,Central Bank of Iran,persian,1403-04,36.48,%,IR,Iran,,,Base year 1400,سال پایه ۱۴۰۰
inf_cbi_m_t_p,Monthly inflation rate (point to point) - Central Bank of Iran,Central Bank of Iran,persian,1403-05,35.61,%,IR,Iran,,,Base year 1400,سال پایه ۱۴۰۰
inf_cbi_m_t_p,Monthly inflation rate (point to point) - Central Bank of Iran,Central Bank of Iran,persian,1403-06,34.40,%,IR,Iran,,,Base year 1400,سال پایه ۱۴۰۰
inf_cbi_m_t_p,Monthly inflation rate (point to point) - Central Bank of Iran,Central Bank of Iran,persian,1403-07,34.48,%,IR,Iran,,,Base year 1400,سال پایه ۱۴۰۰
inf_cbi_m_t_p,Monthly inflation rate (point to point) - Central Bank of Iran,Central Bank of Iran,persian,1403-08,35.87,%,IR,Iran,,,Base year 1400,سال پایه ۱۴۰۰
inf_cbi_m_t_p,Monthly inflation rate (point to point) - Central Bank of Iran,Central Bank of Iran,persian,1403-09,33.81,%,IR,Iran,,,Base year 1400,سال پایه ۱۴۰۰
inf_cbi_m_t_p,Monthly inflation rate (point to point) - Central Bank of Iran,Central Bank of Iran,persian,1403-10,34.51,%,IR,Iran,,,Base year 1400,سال پایه ۱۴۰۰
inf_cbi_m_t_p,Monthly inflation rate (point to point) - Central Bank of Iran,Central Bank of Iran,persian,1403-11,38.03,%,IR,Iran,,,Base year 1400,سال پایه ۱۴۰۰
inf_cbi_m_t_p,Monthly inflation rate (point to point) - Central Bank of Iran,Central Bank of Iran,persian,1403-12,39.69,%,IR,Iran,,,Base year 1400,سال پایه ۱۴۰۰
inf_cbi_m_t_p,Monthly inflation rate (point to point) - Central Bank of Iran,Central Bank of Iran,persian,1404-01,41.38,%,IR,Iran,,,Base year 1400,سال پایه ۱۴۰۰
inf_cbi_m_t_p,Monthly inflation rate (point to point) - Central Bank of Iran,Central Bank of Iran,persian,1404-02,40.30,%,IR,Iran,,,Base year 1400,سال پایه ۱۴۰۰
inf_cbi_m_t_p,Monthly inflation rate (point to point) - Central Bank of Iran,Central Bank of Iran,persian,1404-03,40.24,%,IR,Iran,,,Base year 1400,سال پایه ۱۴۰۰
inf_cbi_m_t_p,Monthly inflation rate (point to point) - Central Bank of Iran,Central Bank of Iran,persian,1404-04,40.55,%,IR,Iran,,,Base year 1400,سال پایه ۱۴۰۰
inf_cbi_m_t_p,Monthly inflation rate (point to point) - Central Bank of Iran,Central Bank of Iran,persian,1404-05,41.35,%,IR,Iran,,,Base year 1400,سال پایه ۱۴۰۰
inf_cbi_m_t_p,Monthly inflation rate (point to point) - Central Bank of Iran,Central Bank of Iran,persian,1404-06,43.92,%,IR,Iran,,,Base year 1400,سال پایه ۱۴۰۰
inf_cbi_m_t_p,Monthly inflation rate (point to point) - Central Bank of Iran,Central Bank of Iran,persian,1404-07,47.05,%,IR,Iran,,,Base year 1400,سال پایه ۱۴۰۰
inf_cbi_m_t_p,Monthly inflation rate (point to point) - Central Bank of Iran,Central Bank of Iran,persian,1404-08,47.60,%,IR,Iran,,,Base year 1400,سال پایه ۱۴۰۰
inf_cbi_m_t_p,Monthly inflation rate (point to point) - Central Bank of Iran,Central Bank of Iran,persian,1404-09,49.86,%,IR,Iran,,,Base year 1400,سال پایه ۱۴۰۰
inf_cbi_m_t_p,Monthly inflation rate (point to point) - Central Bank of Iran,Central Bank of Iran,persian,1404-10,54.95,%,IR,Iran,,,Base year 1400,سال پایه ۱۴۰۰
inf_cbi_m_t_p,Monthly inflation rate (point to point) - Central Bank of Iran,Central Bank of Iran,persian,1404-11,62.19,%,IR,Iran,,,Base year 1400,سال پایه ۱۴۰۰
inf_cbi_m_t_p,Monthly inflation rate (point to point) - Central Bank of Iran,Central Bank of Iran,persian,1404-12,62.06,%,IR,Iran,,,Base year 1400,سال پایه ۱۴۰۰
inf_cbi_m_t_p,Monthly inflation rate (point to point) - Central Bank of Iran,Central Bank of Iran,persian,1405-01,67.06,%,IR,Iran,,,Base year 1400,سال پایه ۱۴۰۰
inf_cbi_m_t_p,Monthly inflation rate (point to point) - Central Bank of Iran,Central Bank of Iran,persian,1405-02,77.20,%,IR,Iran,,,Base year 1400,سال پایه ۱۴۰۰
inf_cbi_m_t_12,Monthly inflation rate (12 month) - Central Bank of Iran,Central Bank of Iran,persian,1385-01,8.26,%,IR,Iran,,,Base year 1395,سال پایه ۱۳۹۵
inf_cbi_m_t_12,Monthly inflation rate (12 month) - Central Bank of Iran,Central Bank of Iran,persian,1385-02,7.81,%,IR,Iran,,,Base year 1395,سال پایه ۱۳۹۵
inf_cbi_m_t_12,Monthly inflation rate (12 month) - Central Bank of Iran,Central Bank of Iran,persian,1385-03,7.54,%,IR,Iran,,,Base year 1395,سال پایه ۱۳۹۵
inf_cbi_m_t_12,Monthly inflation rate (12 month) - Central Bank of Iran,Central Bank of Iran,persian,1385-04,7.48,%,IR,Iran,,,Base year 1395,سال پایه ۱۳۹۵
inf_cbi_m_t_12,Monthly inflation rate (12 month) - Central Bank of Iran,Central Bank of Iran,persian,1385-05,7.73,%,IR,Iran,,,Base year 1395,سال پایه ۱۳۹۵
inf_cbi_m_t_12,Monthly inflation rate (12 month) - Central Bank of Iran,Central Bank of Iran,persian,1385-06,7.93,%,IR,Iran,,,Base year 1395,سال پایه ۱۳۹۵
inf_cbi_m_t_12,Monthly inflation rate (12 month) - Central Bank of Iran,Central Bank of Iran,persian,1385-07,8.44,%,IR,Iran,,,Base year 1395,سال پایه ۱۳۹۵
inf_cbi_m_t_12,Monthly inflation rate (12 month) - Central Bank of Iran,Central Bank of Iran,persian,1385-08,8.94,%,IR,Iran,,,Base year 1395,سال پایه ۱۳۹۵
inf_cbi_m_t_12,Monthly inflation rate (12 month) - Central Bank of Iran,Central Bank of Iran,persian,1385-09,9.54,%,IR,Iran,,,Base year 1395,سال پایه ۱۳۹۵
inf_cbi_m_t_12,Monthly inflation rate (12 month) - Central Bank of Iran,Central Bank of Iran,persian,1385-10,10.12,%,IR,Iran,,,Base year 1395,سال پایه ۱۳۹۵
inf_cbi_m_t_12,Monthly inflation rate (12 month) - Central Bank of Iran,Central Bank of Iran,persian,1385-11,10.76,%,IR,Iran,,,Base year 1395,سال پایه ۱۳۹۵
inf_cbi_m_t_12,Monthly inflation rate (12 month) - Central Bank of Iran,Central Bank of Iran,persian,1385-12,11.49,%,IR,Iran,,,Base year 1395,سال پایه ۱۳۹۵
inf_cbi_m_t_12,Monthly inflation rate (12 month) - Central Bank of Iran,Central Bank of Iran,persian,1386-01,12.00,%,IR,Iran,,,Base year 1395,سال پایه ۱۳۹۵
inf_cbi_m_t_12,Monthly inflation rate (12 month) - Central Bank of Iran,Central Bank of Iran,persian,1386-02,12.61,%,IR,Iran,,,Base year 1395,سال پایه ۱۳۹۵
inf_cbi_m_t_12,Monthly inflation rate (12 month) - Central Bank of Iran,Central Bank of Iran,persian,1386-03,13.20,%,IR,Iran,,,Base year 1395,سال پایه ۱۳۹۵
inf_cbi_m_t_12,Monthly inflation rate (12 month) - Central Bank of Iran,Central Bank of Iran,persian,1386-04,13.58,%,IR,Iran,,,Base year 1395,سال پایه ۱۳۹۵
inf_cbi_m_t_12,Monthly inflation rate (12 month) - Central Bank of Iran,Central Bank of Iran,persian,1386-05,13.88,%,IR,Iran,,,Base year 1395,سال پایه ۱۳۹۵
inf_cbi_m_t_12,Monthly inflation rate (12 month) - Central Bank of Iran,Central Bank of Iran,persian,1386-06,14.23,%,IR,Iran,,,Base year 1395,سال پایه ۱۳۹۵
inf_cbi_m_t_12,Monthly inflation rate (12 month) - Central Bank of Iran,Central Bank of Iran,persian,1386-07,14.31,%,IR,Iran,,,Base year 1395,سال پایه ۱۳۹۵
inf_cbi_m_t_12,Monthly inflation rate (12 month) - Central Bank of Iran,Central Bank of Iran,persian,1386-08,14.53,%,IR,Iran,,,Base year 1395,سال پایه ۱۳۹۵
inf_cbi_m_t_12,Monthly inflation rate (12 month) - Central Bank of Iran,Central Bank of Iran,persian,1386-09,14.69,%,IR,Iran,,,Base year 1395,سال پایه ۱۳۹۵
inf_cbi_m_t_12,Monthly inflation rate (12 month) - Central Bank of Iran,Central Bank of Iran,persian,1386-10,14.75,%,IR,Iran,,,Base year 1395,سال پایه ۱۳۹۵
inf_cbi_m_t_12,Monthly inflation rate (12 month) - Central Bank of Iran,Central Bank of Iran,persian,1386-11,14.86,%,IR,Iran,,,Base year 1395,سال پایه ۱۳۹۵
inf_cbi_m_t_12,Monthly inflation rate (12 month) - Central Bank of Iran,Central Bank of Iran,persian,1386-12,15.04,%,IR,Iran,,,Base year 1395,سال پایه ۱۳۹۵
inf_cbi_m_t_12,Monthly inflation rate (12 month) - Central Bank of Iran,Central Bank of Iran,persian,1387-01,15.62,%,IR,Iran,,,Base year 1395,سال پایه ۱۳۹۵
inf_cbi_m_t_12,Monthly inflation rate (12 month) - Central Bank of Iran,Central Bank of Iran,persian,1387-02,16.13,%,IR,Iran,,,Base year 1395,سال پایه ۱۳۹۵
inf_cbi_m_t_12,Monthly inflation rate (12 month) - Central Bank of Iran,Central Bank of Iran,persian,1387-03,16.75,%,IR,Iran,,,Base year 1395,سال پایه ۱۳۹۵
inf_cbi_m_t_12,Monthly inflation rate (12 month) - Central Bank of Iran,Central Bank of Iran,persian,1387-04,17.37,%,IR,Iran,,,Base year 1395,سال پایه ۱۳۹۵
inf_cbi_m_t_12,Monthly inflation rate (12 month) - Central Bank of Iran,Central Bank of Iran,persian,1387-05,17.87,%,IR,Iran,,,Base year 1395,سال پایه ۱۳۹۵
inf_cbi_m_t_12,Monthly inflation rate (12 month) - Central Bank of Iran,Central Bank of Iran,persian,1387-06,18.64,%,IR,Iran,,,Base year 1395,سال پایه ۱۳۹۵
inf_cbi_m_t_12,Monthly inflation rate (12 month) - Central Bank of Iran,Central Bank of Iran,persian,1387-07,19.61,%,IR,Iran,,,Base year 1395,سال پایه ۱۳۹۵
inf_cbi_m_t_12,Monthly inflation rate (12 month) - Central Bank of Iran,Central Bank of Iran,persian,1387-08,20.30,%,IR,Iran,,,Base year 1395,سال پایه ۱۳۹۵
inf_cbi_m_t_12,Monthly inflation rate (12 month) - Central Bank of Iran,Central Bank of Iran,persian,1387-09,20.92,%,IR,Iran,,,Base year 1395,سال پایه ۱۳۹۵
inf_cbi_m_t_12,Monthly inflation rate (12 month) - Central Bank of Iran,Central Bank of Iran,persian,1387-10,21.45,%,IR,Iran,,,Base year 1395,سال پایه ۱۳۹۵
inf_cbi_m_t_12,Monthly inflation rate (12 month) - Central Bank of Iran,Central Bank of Iran,persian,1387-11,21.81,%,IR,Iran,,,Base year 1395,سال پایه ۱۳۹۵
inf_cbi_m_t_12,Monthly inflation rate (12 month) - Central Bank of Iran,Central Bank of Iran,persian,1387-12,21.91,%,IR,Iran,,,Base year 1395,سال پایه ۱۳۹۵
inf_cbi_m_t_12,Monthly inflation rate (12 month) - Central Bank of Iran,Central Bank of Iran,persian,1388-01,21.46,%,IR,Iran,,,Base year 1395,سال پایه ۱۳۹۵
inf_cbi_m_t_12,Monthly inflation rate (12 month) - Central Bank of Iran,Central Bank of Iran,persian,1388-02,20.98,%,IR,Iran,,,Base year 1395,سال پایه ۱۳۹۵
inf_cbi_m_t_12,Monthly inflation rate (12 month) - Central Bank of Iran,Central Bank of Iran,persian,1388-03,20.31,%,IR,Iran,,,Base year 1395,سال پایه ۱۳۹۵
inf_cbi_m_t_12,Monthly inflation rate (12 month) - Central Bank of Iran,Central Bank of Iran,persian,1388-04,19.66,%,IR,Iran,,,Base year 1395,سال پایه ۱۳۹۵
inf_cbi_m_t_12,Monthly inflation rate (12 month) - Central Bank of Iran,Central Bank of Iran,persian,1388-05,18.96,%,IR,Iran,,,Base year 1395,سال پایه ۱۳۹۵
inf_cbi_m_t_12,Monthly inflation rate (12 month) - Central Bank of Iran,Central Bank of Iran,persian,1388-06,17.65,%,IR,Iran,,,Base year 1395,سال پایه ۱۳۹۵
inf_cbi_m_t_12,Monthly inflation rate (12 month) - Central Bank of Iran,Central Bank of Iran,persian,1388-07,16.12,%,IR,Iran,,,Base year 1395,سال پایه ۱۳۹۵
inf_cbi_m_t_12,Monthly inflation rate (12 month) - Central Bank of Iran,Central Bank of Iran,persian,1388-08,14.74,%,IR,Iran,,,Base year 1395,سال پایه ۱۳۹۵
inf_cbi_m_t_12,Monthly inflation rate (12 month) - Central Bank of Iran,Central Bank of Iran,persian,1388-09,13.44,%,IR,Iran,,,Base year 1395,سال پایه ۱۳۹۵
inf_cbi_m_t_12,Monthly inflation rate (12 month) - Central Bank of Iran,Central Bank of Iran,persian,1388-10,12.32,%,IR,Iran,,,Base year 1395,سال پایه ۱۳۹۵
inf_cbi_m_t_12,Monthly inflation rate (12 month) - Central Bank of Iran,Central Bank of Iran,persian,1388-11,11.44,%,IR,Iran,,,Base year 1395,سال پایه ۱۳۹۵
inf_cbi_m_t_12,Monthly inflation rate (12 month) - Central Bank of Iran,Central Bank of Iran,persian,1388-12,10.82,%,IR,Iran,,,Base year 1395,سال پایه ۱۳۹۵
inf_cbi_m_t_12,Monthly inflation rate (12 month) - Central Bank of Iran,Central Bank of Iran,persian,1389-01,10.41,%,IR,Iran,,,Base year 1395,سال پایه ۱۳۹۵
inf_cbi_m_t_12,Monthly inflation rate (12 month) - Central Bank of Iran,Central Bank of Iran,persian,1389-02,9.92,%,IR,Iran,,,Base year 1395,سال پایه ۱۳۹۵
inf_cbi_m_t_12,Monthly inflation rate (12 month) - Central Bank of Iran,Central Bank of Iran,persian,1389-03,9.42,%,IR,Iran,,,Base year 1395,سال پایه ۱۳۹۵
inf_cbi_m_t_12,Monthly inflation rate (12 month) - Central Bank of Iran,Central Bank of Iran,persian,1389-04,9.05,%,IR,Iran,,,Base year 1395,سال پایه ۱۳۹۵
inf_cbi_m_t_12,Monthly inflation rate (12 month) - Central Bank of Iran,Central Bank of Iran,persian,1389-05,8.78,%,IR,Iran,,,Base year 1395,سال پایه ۱۳۹۵
inf_cbi_m_t_12,Monthly inflation rate (12 month) - Central Bank of Iran,Central Bank of Iran,persian,1389-06,8.86,%,IR,Iran,,,Base year 1395,سال پایه ۱۳۹۵
inf_cbi_m_t_12,Monthly inflation rate (12 month) - Central Bank of Iran,Central Bank of Iran,persian,1389-07,9.22,%,IR,Iran,,,Base year 1395,سال پایه ۱۳۹۵
inf_cbi_m_t_12,Monthly inflation rate (12 month) - Central Bank of Iran,Central Bank of Iran,persian,1389-08,9.66,%,IR,Iran,,,Base year 1395,سال پایه ۱۳۹۵
inf_cbi_m_t_12,Monthly inflation rate (12 month) - Central Bank of Iran,Central Bank of Iran,persian,1389-09,10.09,%,IR,Iran,,,Base year 1395,سال پایه ۱۳۹۵
inf_cbi_m_t_12,Monthly inflation rate (12 month) - Central Bank of Iran,Central Bank of Iran,persian,1389-10,10.74,%,IR,Iran,,,Base year 1395,سال پایه ۱۳۹۵
inf_cbi_m_t_12,Monthly inflation rate (12 month) - Central Bank of Iran,Central Bank of Iran,persian,1389-11,11.49,%,IR,Iran,,,Base year 1395,سال پایه ۱۳۹۵
inf_cbi_m_t_12,Monthly inflation rate (12 month) - Central Bank of Iran,Central Bank of Iran,persian,1389-12,12.30,%,IR,Iran,,,Base year 1395,سال پایه ۱۳۹۵
inf_cbi_m_t_12,Monthly inflation rate (12 month) - Central Bank of Iran,Central Bank of Iran,persian,1390-01,13.18,%,IR,Iran,,,Base year 1395,سال پایه ۱۳۹۵
inf_cbi_m_t_12,Monthly inflation rate (12 month) - Central Bank of Iran,Central Bank of Iran,persian,1390-02,14.28,%,IR,Iran,,,Base year 1395,سال پایه ۱۳۹۵
inf_cbi_m_t_12,Monthly inflation rate (12 month) - Central Bank of Iran,Central Bank of Iran,persian,1390-03,15.48,%,IR,Iran,,,Base year 1395,سال پایه ۱۳۹۵
inf_cbi_m_t_12,Monthly inflation rate (12 month) - Central Bank of Iran,Central Bank of Iran,persian,1390-04,16.52,%,IR,Iran,,,Base year 1395,سال پایه ۱۳۹۵
inf_cbi_m_t_12,Monthly inflation rate (12 month) - Central Bank of Iran,Central Bank of Iran,persian,1390-05,17.50,%,IR,Iran,,,Base year 1395,سال پایه ۱۳۹۵
inf_cbi_m_t_12,Monthly inflation rate (12 month) - Central Bank of Iran,Central Bank of Iran,persian,1390-06,18.52,%,IR,Iran,,,Base year 1395,سال پایه ۱۳۹۵
inf_cbi_m_t_12,Monthly inflation rate (12 month) - Central Bank of Iran,Central Bank of Iran,persian,1390-07,19.31,%,IR,Iran,,,Base year 1395,سال پایه ۱۳۹۵
inf_cbi_m_t_12,Monthly inflation rate (12 month) - Central Bank of Iran,Central Bank of Iran,persian,1390-08,20.10,%,IR,Iran,,,Base year 1395,سال پایه ۱۳۹۵
inf_cbi_m_t_12,Monthly inflation rate (12 month) - Central Bank of Iran,Central Bank of Iran,persian,1390-09,20.87,%,IR,Iran,,,Base year 1395,سال پایه ۱۳۹۵
inf_cbi_m_t_12,Monthly inflation rate (12 month) - Central Bank of Iran,Central Bank of Iran,persian,1390-10,21.26,%,IR,Iran,,,Base year 1395,سال پایه ۱۳۹۵
inf_cbi_m_t_12,Monthly inflation rate (12 month) - Central Bank of Iran,Central Bank of Iran,persian,1390-11,21.48,%,IR,Iran,,,Base year 1395,سال پایه ۱۳۹۵
inf_cbi_m_t_12,Monthly inflation rate (12 month) - Central Bank of Iran,Central Bank of Iran,persian,1390-12,21.53,%,IR,Iran,,,Base year 1395,سال پایه ۱۳۹۵
inf_cbi_m_t_12,Monthly inflation rate (12 month) - Central Bank of Iran,Central Bank of Iran,persian,1391-01,21.58,%,IR,Iran,,,Base year 1395,سال پایه ۱۳۹۵
inf_cbi_m_t_12,Monthly inflation rate (12 month) - Central Bank of Iran,Central Bank of Iran,persian,1391-02,21.61,%,IR,Iran,,,Base year 1395,سال پایه ۱۳۹۵
inf_cbi_m_t_12,Monthly inflation rate (12 month) - Central Bank of Iran,Central Bank of Iran,persian,1391-03,21.58,%,IR,Iran,,,Base year 1395,سال پایه ۱۳۹۵
inf_cbi_m_t_12,Monthly inflation rate (12 month) - Central Bank of Iran,Central Bank of Iran,persian,1391-04,21.81,%,IR,Iran,,,Base year 1395,سال پایه ۱۳۹۵
inf_cbi_m_t_12,Monthly inflation rate (12 month) - Central Bank of Iran,Central Bank of Iran,persian,1391-05,22.14,%,IR,Iran,,,Base year 1395,سال پایه ۱۳۹۵
inf_cbi_m_t_12,Monthly inflation rate (12 month) - Central Bank of Iran,Central Bank of Iran,persian,1391-06,22.50,%,IR,Iran,,,Base year 1395,سال پایه ۱۳۹۵
inf_cbi_m_t_12,Monthly inflation rate (12 month) - Central Bank of Iran,Central Bank of Iran,persian,1391-07,23.35,%,IR,Iran,,,Base year 1395,سال پایه ۱۳۹۵
inf_cbi_m_t_12,Monthly inflation rate (12 month) - Central Bank of Iran,Central Bank of Iran,persian,1391-08,24.51,%,IR,Iran,,,Base year 1395,سال پایه ۱۳۹۵
inf_cbi_m_t_12,Monthly inflation rate (12 month) - Central Bank of Iran,Central Bank of Iran,persian,1391-09,25.74,%,IR,Iran,,,Base year 1395,سال پایه ۱۳۹۵
inf_cbi_m_t_12,Monthly inflation rate (12 month) - Central Bank of Iran,Central Bank of Iran,persian,1391-10,27.11,%,IR,Iran,,,Base year 1395,سال پایه ۱۳۹۵
inf_cbi_m_t_12,Monthly inflation rate (12 month) - Central Bank of Iran,Central Bank of Iran,persian,1391-11,28.79,%,IR,Iran,,,Base year 1395,سال پایه ۱۳۹۵
inf_cbi_m_t_12,Monthly inflation rate (12 month) - Central Bank of Iran,Central Bank of Iran,persian,1391-12,30.57,%,IR,Iran,,,Base year 1395,سال پایه ۱۳۹۵
inf_cbi_m_t_12,Monthly inflation rate (12 month) - Central Bank of Iran,Central Bank of Iran,persian,1392-01,32.35,%,IR,Iran,,,Base year 1395,سال پایه ۱۳۹۵
inf_cbi_m_t_12,Monthly inflation rate (12 month) - Central Bank of Iran,Central Bank of Iran,persian,1392-02,33.98,%,IR,Iran,,,Base year 1395,سال پایه ۱۳۹۵
inf_cbi_m_t_12,Monthly inflation rate (12 month) - Central Bank of Iran,Central Bank of Iran,persian,1392-03,35.91,%,IR,Iran,,,Base year 1395,سال پایه ۱۳۹۵
inf_cbi_m_t_12,Monthly inflation rate (12 month) - Central Bank of Iran,Central Bank of Iran,persian,1392-04,37.51,%,IR,Iran,,,Base year 1395,سال پایه ۱۳۹۵
inf_cbi_m_t_12,Monthly inflation rate (12 month) - Central Bank of Iran,Central Bank of Iran,persian,1392-05,38.96,%,IR,Iran,,,Base year 1395,سال پایه ۱۳۹۵
inf_cbi_m_t_12,Monthly inflation rate (12 month) - Central Bank of Iran,Central Bank of Iran,persian,1392-06,40.13,%,IR,Iran,,,Base year 1395,سال پایه ۱۳۹۵
inf_cbi_m_t_12,Monthly inflation rate (12 month) - Central Bank of Iran,Central Bank of Iran,persian,1392-07,40.47,%,IR,Iran,,,Base year 1395,سال پایه ۱۳۹۵
inf_cbi_m_t_12,Monthly inflation rate (12 month) - Central Bank of Iran,Central Bank of Iran,persian,1392-08,40.01,%,IR,Iran,,,Base year 1395,سال پایه ۱۳۹۵
inf_cbi_m_t_12,Monthly inflation rate (12 month) - Central Bank of Iran,Central Bank of Iran,persian,1392-09,39.27,%,IR,Iran,,,Base year 1395,سال پایه ۱۳۹۵
inf_cbi_m_t_12,Monthly inflation rate (12 month) - Central Bank of Iran,Central Bank of Iran,persian,1392-10,38.41,%,IR,Iran,,,Base year 1395,سال پایه ۱۳۹۵
inf_cbi_m_t_12,Monthly inflation rate (12 month) - Central Bank of Iran,Central Bank of Iran,persian,1392-11,36.74,%,IR,Iran,,,Base year 1395,سال پایه ۱۳۹۵
inf_cbi_m_t_12,Monthly inflation rate (12 month) - Central Bank of Iran,Central Bank of Iran,persian,1392-12,34.70,%,IR,Iran,,,Base year 1395,سال پایه ۱۳۹۵
inf_cbi_m_t_12,Monthly inflation rate (12 month) - Central Bank of Iran,Central Bank of Iran,persian,1393-01,32.46,%,IR,Iran,,,Base year 1395,سال پایه ۱۳۹۵
inf_cbi_m_t_12,Monthly inflation rate (12 month) - Central Bank of Iran,Central Bank of Iran,persian,1393-02,30.26,%,IR,Iran,,,Base year 1395,سال پایه ۱۳۹۵
inf_cbi_m_t_12,Monthly inflation rate (12 month) - Central Bank of Iran,Central Bank of Iran,persian,1393-03,27.69,%,IR,Iran,,,Base year 1395,سال پایه ۱۳۹۵
inf_cbi_m_t_12,Monthly inflation rate (12 month) - Central Bank of Iran,Central Bank of Iran,persian,1393-04,25.33,%,IR,Iran,,,Base year 1395,سال پایه ۱۳۹۵
inf_cbi_m_t_12,Monthly inflation rate (12 month) - Central Bank of Iran,Central Bank of Iran,persian,1393-05,23.14,%,IR,Iran,,,Base year 1395,سال پایه ۱۳۹۵
inf_cbi_m_t_12,Monthly inflation rate (12 month) - Central Bank of Iran,Central Bank of Iran,persian,1393-06,21.08,%,IR,Iran,,,Base year 1395,سال پایه ۱۳۹۵
inf_cbi_m_t_12,Monthly inflation rate (12 month) - Central Bank of Iran,Central Bank of Iran,persian,1393-07,19.41,%,IR,Iran,,,Base year 1395,سال پایه ۱۳۹۵
inf_cbi_m_t_12,Monthly inflation rate (12 month) - Central Bank of Iran,Central Bank of Iran,persian,1393-08,18.14,%,IR,Iran,,,Base year 1395,سال پایه ۱۳۹۵
inf_cbi_m_t_12,Monthly inflation rate (12 month) - Central Bank of Iran,Central Bank of Iran,persian,1393-09,17.22,%,IR,Iran,,,Base year 1395,سال پایه ۱۳۹۵
inf_cbi_m_t_12,Monthly inflation rate (12 month) - Central Bank of Iran,Central Bank of Iran,persian,1393-10,16.28,%,IR,Iran,,,Base year 1395,سال پایه ۱۳۹۵
inf_cbi_m_t_12,Monthly inflation rate (12 month) - Central Bank of Iran,Central Bank of Iran,persian,1393-11,15.80,%,IR,Iran,,,Base year 1395,سال پایه ۱۳۹۵
inf_cbi_m_t_12,Monthly inflation rate (12 month) - Central Bank of Iran,Central Bank of Iran,persian,1393-12,15.56,%,IR,Iran,,,Base year 1395,سال پایه ۱۳۹۵
inf_cbi_m_t_12,Monthly inflation rate (12 month) - Central Bank of Iran,Central Bank of Iran,persian,1394-01,15.50,%,IR,Iran,,,Base year 1395,سال پایه ۱۳۹۵
inf_cbi_m_t_12,Monthly inflation rate (12 month) - Central Bank of Iran,Central Bank of Iran,persian,1394-02,15.49,%,IR,Iran,,,Base year 1395,سال پایه ۱۳۹۵
inf_cbi_m_t_12,Monthly inflation rate (12 month) - Central Bank of Iran,Central Bank of Iran,persian,1394-03,15.63,%,IR,Iran,,,Base year 1395,سال پایه ۱۳۹۵
inf_cbi_m_t_12,Monthly inflation rate (12 month) - Central Bank of Iran,Central Bank of Iran,persian,1394-04,15.59,%,IR,Iran,,,Base year 1395,سال پایه ۱۳۹۵
inf_cbi_m_t_12,Monthly inflation rate (12 month) - Central Bank of Iran,Central Bank of Iran,persian,1394-05,15.37,%,IR,Iran,,,Base year 1395,سال پایه ۱۳۹۵
inf_cbi_m_t_12,Monthly inflation rate (12 month) - Central Bank of Iran,Central Bank of Iran,persian,1394-06,15.14,%,IR,Iran,,,Base year 1395,سال پایه ۱۳۹۵
inf_cbi_m_t_12,Monthly inflation rate (12 month) - Central Bank of Iran,Central Bank of Iran,persian,1394-07,14.79,%,IR,Iran,,,Base year 1395,سال پایه ۱۳۹۵
inf_cbi_m_t_12,Monthly inflation rate (12 month) - Central Bank of Iran,Central Bank of Iran,persian,1394-08,14.34,%,IR,Iran,,,Base year 1395,سال پایه ۱۳۹۵
inf_cbi_m_t_12,Monthly inflation rate (12 month) - Central Bank of Iran,Central Bank of Iran,persian,1394-09,13.70,%,IR,Iran,,,Base year 1395,سال پایه ۱۳۹۵
inf_cbi_m_t_12,Monthly inflation rate (12 month) - Central Bank of Iran,Central Bank of Iran,persian,1394-10,13.18,%,IR,Iran,,,Base year 1395,سال پایه ۱۳۹۵
inf_cbi_m_t_12,Monthly inflation rate (12 month) - Central Bank of Iran,Central Bank of Iran,persian,1394-11,12.57,%,IR,Iran,,,Base year 1395,سال پایه ۱۳۹۵
inf_cbi_m_t_12,Monthly inflation rate (12 month) - Central Bank of Iran,Central Bank of Iran,persian,1394-12,11.92,%,IR,Iran,,,Base year 1395,سال پایه ۱۳۹۵
inf_cbi_m_t_12,Monthly inflation rate (12 month) - Central Bank of Iran,Central Bank of Iran,persian,1395-01,11.17,%,IR,Iran,,,Base year 1395,سال پایه ۱۳۹۵
inf_cbi_m_t_12,Monthly inflation rate (12 month) - Central Bank of Iran,Central Bank of Iran,persian,1395-02,10.47,%,IR,Iran,,,Base year 1395,سال پایه ۱۳۹۵
inf_cbi_m_t_12,Monthly inflation rate (12 month) - Central Bank of Iran,Central Bank of Iran,persian,1395-03,9.76,%,IR,Iran,,,Base year 1395,سال پایه ۱۳۹۵
inf_cbi_m_t_12,Monthly inflation rate (12 month) - Central Bank of Iran,Central Bank of Iran,persian,1395-04,9.31,%,IR,Iran,,,Base year 1395,سال پایه ۱۳۹۵
inf_cbi_m_t_12,Monthly inflation rate (12 month) - Central Bank of Iran,Central Bank of Iran,persian,1395-05,9.08,%,IR,Iran,,,Base year 1395,سال پایه ۱۳۹۵
inf_cbi_m_t_12,Monthly inflation rate (12 month) - Central Bank of Iran,Central Bank of Iran,persian,1395-06,8.91,%,IR,Iran,,,Base year 1395,سال پایه ۱۳۹۵
inf_cbi_m_t_12,Monthly inflation rate (12 month) - Central Bank of Iran,Central Bank of Iran,persian,1395-07,8.79,%,IR,Iran,,,Base year 1395,سال پایه ۱۳۹۵
inf_cbi_m_t_12,Monthly inflation rate (12 month) - Central Bank of Iran,Central Bank of Iran,persian,1395-08,8.69,%,IR,Iran,,,Base year 1395,سال پایه ۱۳۹۵
inf_cbi_m_t_12,Monthly inflation rate (12 month) - Central Bank of Iran,Central Bank of Iran,persian,1395-09,8.65,%,IR,Iran,,,Base year 1395,سال پایه ۱۳۹۵
inf_cbi_m_t_12,Monthly inflation rate (12 month) - Central Bank of Iran,Central Bank of Iran,persian,1395-10,8.63,%,IR,Iran,,,Base year 1395,سال پایه ۱۳۹۵
inf_cbi_m_t_12,Monthly inflation rate (12 month) - Central Bank of Iran,Central Bank of Iran,persian,1395-11,8.75,%,IR,Iran,,,Base year 1395,سال پایه ۱۳۹۵
inf_cbi_m_t_12,Monthly inflation rate (12 month) - Central Bank of Iran,Central Bank of Iran,persian,1395-12,9.05,%,IR,Iran,,,Base year 1395,سال پایه ۱۳۹۵
inf_cbi_m_t_12,Monthly inflation rate (12 month) - Central Bank of Iran,Central Bank of Iran,persian,1396-01,9.50,%,IR,Iran,,,Base year 1395,سال پایه ۱۳۹۵
inf_cbi_m_t_12,Monthly inflation rate (12 month) - Central Bank of Iran,Central Bank of Iran,persian,1396-02,9.79,%,IR,Iran,,,Base year 1395,سال پایه ۱۳۹۵
inf_cbi_m_t_12,Monthly inflation rate (12 month) - Central Bank of Iran,Central Bank of Iran,persian,1396-03,10.03,%,IR,Iran,,,Base year 1395,سال پایه ۱۳۹۵
inf_cbi_m_t_12,Monthly inflation rate (12 month) - Central Bank of Iran,Central Bank of Iran,persian,1396-04,10.09,%,IR,Iran,,,Base year 1395,سال پایه ۱۳۹۵
inf_cbi_m_t_12,Monthly inflation rate (12 month) - Central Bank of Iran,Central Bank of Iran,persian,1396-05,10.00,%,IR,Iran,,,Base year 1395,سال پایه ۱۳۹۵
inf_cbi_m_t_12,Monthly inflation rate (12 month) - Central Bank of Iran,Central Bank of Iran,persian,1396-06,9.91,%,IR,Iran,,,Base year 1395,سال پایه ۱۳۹۵
inf_cbi_m_t_12,Monthly inflation rate (12 month) - Central Bank of Iran,Central Bank of Iran,persian,1396-07,9.82,%,IR,Iran,,,Base year 1395,سال پایه ۱۳۹۵
inf_cbi_m_t_12,Monthly inflation rate (12 month) - Central Bank of Iran,Central Bank of Iran,persian,1396-08,9.90,%,IR,Iran,,,Base year 1395,سال پایه ۱۳۹۵
inf_cbi_m_t_12,Monthly inflation rate (12 month) - Central Bank of Iran,Central Bank of Iran,persian,1396-09,9.99,%,IR,Iran,,,Base year 1395,سال پایه ۱۳۹۵
inf_cbi_m_t_12,Monthly inflation rate (12 month) - Central Bank of Iran,Central Bank of Iran,persian,1396-10,10.02,%,IR,Iran,,,Base year 1395,سال پایه ۱۳۹۵
inf_cbi_m_t_12,Monthly inflation rate (12 month) - Central Bank of Iran,Central Bank of Iran,persian,1396-11,9.93,%,IR,Iran,,,Base year 1395,سال پایه ۱۳۹۵
inf_cbi_m_t_12,Monthly inflation rate (12 month) - Central Bank of Iran,Central Bank of Iran,persian,1396-12,9.64,%,IR,Iran,,,Base year 1395,سال پایه ۱۳۹۵
inf_cbi_m_t_12,Monthly inflation rate (12 month) - Central Bank of Iran,Central Bank of Iran,persian,1397-01,9.25,%,IR,Iran,,,Base year 1395,سال پایه ۱۳۹۵
inf_cbi_m_t_12,Monthly inflation rate (12 month) - Central Bank of Iran,Central Bank of Iran,persian,1397-02,9.13,%,IR,Iran,,,Base year 1395,سال پایه ۱۳۹۵
inf_cbi_m_t_12,Monthly inflation rate (12 month) - Central Bank of Iran,Central Bank of Iran,persian,1397-03,9.44,%,IR,Iran,,,Base year 1395,سال پایه ۱۳۹۵
inf_cbi_m_t_12,Monthly inflation rate (12 month) - Central Bank of Iran,Central Bank of Iran,persian,1397-04,10.18,%,IR,Iran,,,Base year 1395,سال پایه ۱۳۹۵
inf_cbi_m_t_12,Monthly inflation rate (12 month) - Central Bank of Iran,Central Bank of Iran,persian,1397-05,11.52,%,IR,Iran,,,Base year 1395,سال پایه ۱۳۹۵
inf_cbi_m_t_12,Monthly inflation rate (12 month) - Central Bank of Iran,Central Bank of Iran,persian,1397-06,13.47,%,IR,Iran,,,Base year 1395,سال پایه ۱۳۹۵
inf_cbi_m_t_12,Monthly inflation rate (12 month) - Central Bank of Iran,Central Bank of Iran,persian,1397-07,15.87,%,IR,Iran,,,Base year 1395,سال پایه ۱۳۹۵
inf_cbi_m_t_12,Monthly inflation rate (12 month) - Central Bank of Iran,Central Bank of Iran,persian,1397-08,18.43,%,IR,Iran,,,Base year 1395,سال پایه ۱۳۹۵
inf_cbi_m_t_12,Monthly inflation rate (12 month) - Central Bank of Iran,Central Bank of Iran,persian,1397-09,21.17,%,IR,Iran,,,Base year 1395,سال پایه ۱۳۹۵
inf_cbi_m_t_12,Monthly inflation rate (12 month) - Central Bank of Iran,Central Bank of Iran,persian,1397-10,24.08,%,IR,Iran,,,Base year 1395,سال پایه ۱۳۹۵
inf_cbi_m_t_12,Monthly inflation rate (12 month) - Central Bank of Iran,Central Bank of Iran,persian,1397-11,27.31,%,IR,Iran,,,Base year 1395,سال پایه ۱۳۹۵
inf_cbi_m_t_12,Monthly inflation rate (12 month) - Central Bank of Iran,Central Bank of Iran,persian,1397-12,31.18,%,IR,Iran,,,Base year 1395,سال پایه ۱۳۹۵
inf_cbi_m_t_12,Monthly inflation rate (12 month) - Central Bank of Iran,Central Bank of Iran,persian,1398-01,35.41,%,IR,Iran,,,Base year 1395,سال پایه ۱۳۹۵
inf_cbi_m_t_12,Monthly inflation rate (12 month) - Central Bank of Iran,Central Bank of Iran,persian,1398-02,39.65,%,IR,Iran,,,Base year 1395,سال پایه ۱۳۹۵
inf_cbi_m_t_12,Monthly inflation rate (12 month) - Central Bank of Iran,Central Bank of Iran,persian,1398-03,43.30,%,IR,Iran,,,Base year 1395,سال پایه ۱۳۹۵
inf_cbi_m_t_12,Monthly inflation rate (12 month) - Central Bank of Iran,Central Bank of Iran,persian,1398-04,46.41,%,IR,Iran,,,Base year 1395,سال پایه ۱۳۹۵
inf_cbi_m_t_12,Monthly inflation rate (12 month) - Central Bank of Iran,Central Bank of Iran,persian,1398-05,48.30,%,IR,Iran,,,Base year 1395,سال پایه ۱۳۹۵
inf_cbi_m_t_12,Monthly inflation rate (12 month) - Central Bank of Iran,Central Bank of Iran,persian,1398-06,48.86,%,IR,Iran,,,Base year 1395,سال پایه ۱۳۹۵
inf_cbi_m_t_12,Monthly inflation rate (12 month) - Central Bank of Iran,Central Bank of Iran,persian,1398-07,48.41,%,IR,Iran,,,Base year 1395,سال پایه ۱۳۹۵
inf_cbi_m_t_12,Monthly inflation rate (12 month) - Central Bank of Iran,Central Bank of Iran,persian,1398-08,47.45,%,IR,Iran,,,Base year 1395,سال پایه ۱۳۹۵
inf_cbi_m_t_12,Monthly inflation rate (12 month) - Central Bank of Iran,Central Bank of Iran,persian,1398-09,46.38,%,IR,Iran,,,Base year 1395,سال پایه ۱۳۹۵
inf_cbi_m_t_12,Monthly inflation rate (12 month) - Central Bank of Iran,Central Bank of Iran,persian,1398-10,45.13,%,IR,Iran,,,Base year 1395,سال پایه ۱۳۹۵
inf_cbi_m_t_12,Monthly inflation rate (12 month) - Central Bank of Iran,Central Bank of Iran,persian,1398-11,43.52,%,IR,Iran,,,Base year 1395,سال پایه ۱۳۹۵
inf_cbi_m_t_12,Monthly inflation rate (12 month) - Central Bank of Iran,Central Bank of Iran,persian,1398-12,41.23,%,IR,Iran,,,Base year 1395,سال پایه ۱۳۹۵
inf_cbi_m_t_12,Monthly inflation rate (12 month) - Central Bank of Iran,Central Bank of Iran,persian,1399-01,38.58,%,IR,Iran,,,Base year 1395,سال پایه ۱۳۹۵
inf_cbi_m_t_12,Monthly inflation rate (12 month) - Central Bank of Iran,Central Bank of Iran,persian,1399-02,36.11,%,IR,Iran,,,Base year 1395,سال پایه ۱۳۹۵
inf_cbi_m_t_12,Monthly inflation rate (12 month) - Central Bank of Iran,Central Bank of Iran,persian,1399-03,34.14,%,IR,Iran,,,Base year 1395,سال پایه ۱۳۹۵
inf_cbi_m_t_12,Monthly inflation rate (12 month) - Central Bank of Iran,Central Bank of Iran,persian,1399-04,32.69,%,IR,Iran,,,Base year 1395,سال پایه ۱۳۹۵
inf_cbi_m_t_12,Monthly inflation rate (12 month) - Central Bank of Iran,Central Bank of Iran,persian,1399-05,32.03,%,IR,Iran,,,Base year 1395,سال پایه ۱۳۹۵
inf_cbi_m_t_12,Monthly inflation rate (12 month) - Central Bank of Iran,Central Bank of Iran,persian,1399-06,32.24,%,IR,Iran,,,Base year 1395,سال پایه ۱۳۹۵
inf_cbi_m_t_12,Monthly inflation rate (12 month) - Central Bank of Iran,Central Bank of Iran,persian,1399-07,33.68,%,IR,Iran,,,Base year 1395,سال پایه ۱۳۹۵
inf_cbi_m_t_12,Monthly inflation rate (12 month) - Central Bank of Iran,Central Bank of Iran,persian,1399-08,36.12,%,IR,Iran,,,Base year 1395,سال پایه ۱۳۹۵
inf_cbi_m_t_12,Monthly inflation rate (12 month) - Central Bank of Iran,Central Bank of Iran,persian,1399-09,38.48,%,IR,Iran,,,Base year 1395,سال پایه ۱۳۹۵
inf_cbi_m_t_12,Monthly inflation rate (12 month) - Central Bank of Iran,Central Bank of Iran,persian,1399-10,41.05,%,IR,Iran,,,Base year 1395,سال پایه ۱۳۹۵
inf_cbi_m_t_12,Monthly inflation rate (12 month) - Central Bank of Iran,Central Bank of Iran,persian,1399-11,43.99,%,IR,Iran,,,Base year 1395,سال پایه ۱۳۹۵
inf_cbi_m_t_12,Monthly inflation rate (12 month) - Central Bank of Iran,Central Bank of Iran,persian,1399-12,47.11,%,IR,Iran,,,Base year 1395,سال پایه ۱۳۹۵
inf_cbi_m_t_12,Monthly inflation rate (12 month) - Central Bank of Iran,Central Bank of Iran,persian,1400-01,50.29,%,IR,Iran,,,Base year 1395,سال پایه ۱۳۹۵
inf_cbi_m_t_12,Monthly inflation rate (12 month) - Central Bank of Iran,Central Bank of Iran,persian,1400-02,52.80,%,IR,Iran,,,Base year 1395,سال پایه ۱۳۹۵
inf_cbi_m_t_12,Monthly inflation rate (12 month) - Central Bank of Iran,Central Bank of Iran,persian,1400-03,55.19,%,IR,Iran,,,Base year 1395,سال پایه ۱۳۹۵
inf_cbi_m_t_12,Monthly inflation rate (12 month) - Central Bank of Iran,Central Bank of Iran,persian,1400-04,56.98,%,IR,Iran,,,Base year 1395,سال پایه ۱۳۹۵
inf_cbi_m_t_12,Monthly inflation rate (12 month) - Central Bank of Iran,Central Bank of Iran,persian,1400-05,58.35,%,IR,Iran,,,Base year 1395,سال پایه ۱۳۹۵
inf_cbi_m_t_12,Monthly inflation rate (12 month) - Central Bank of Iran,Central Bank of Iran,persian,1400-06,59.26,%,IR,Iran,,,Base year 1395,سال پایه ۱۳۹۵
inf_cbi_m_t_12,Monthly inflation rate (12 month) - Central Bank of Iran,Central Bank of Iran,persian,1400-07,58.73,%,IR,Iran,,,Base year 1395,سال پایه ۱۳۹۵
inf_cbi_m_t_12,Monthly inflation rate (12 month) - Central Bank of Iran,Central Bank of Iran,persian,1400-08,56.76,%,IR,Iran,,,Base year 1395,سال پایه ۱۳۹۵
inf_cbi_m_t_12,Monthly inflation rate (12 month) - Central Bank of Iran,Central Bank of Iran,persian,1400-09,54.58,%,IR,Iran,,,Base year 1395,سال پایه ۱۳۹۵
inf_cbi_m_t_12,Monthly inflation rate (12 month) - Central Bank of Iran,Central Bank of Iran,persian,1400-10,52.19,%,IR,Iran,,,Base year 1395,سال پایه ۱۳۹۵
inf_cbi_m_t_12,Monthly inflation rate (12 month) - Central Bank of Iran,Central Bank of Iran,persian,1400-11,49.31,%,IR,Iran,,,Base year 1395,سال پایه ۱۳۹۵
inf_cbi_m_t_12,Monthly inflation rate (12 month) - Central Bank of Iran,Central Bank of Iran,persian,1400-12,46.24,%,IR,Iran,,,Base year 1395,سال پایه ۱۳۹۵
inf_cbi_m_t_12,Monthly inflation rate (12 month) - Central Bank of Iran,Central Bank of Iran,persian,1401-01,43.55,%,IR,Iran,,,Base year 1395,سال پایه ۱۳۹۵
inf_cbi_m_t_12,Monthly inflation rate (12 month) - Central Bank of Iran,Central Bank of Iran,persian,1401-02,41.87,%,IR,Iran,,,Base year 1395,سال پایه ۱۳۹۵
inf_cbi_m_t_12,Monthly inflation rate (12 month) - Central Bank of Iran,Central Bank of Iran,persian,1401-03,40.98,%,IR,Iran,,,Base year 1395,سال پایه ۱۳۹۵
inf_cbi_m_t_12,Monthly inflation rate (12 month) - Central Bank of Iran,Central Bank of Iran,persian,1401-04,40.53,%,IR,Iran,,,Base year 1395,سال پایه ۱۳۹۵
inf_cbi_m_t_12,Monthly inflation rate (12 month) - Central Bank of Iran,Central Bank of Iran,persian,1401-05,40.10,%,IR,Iran,,,Base year 1395,سال پایه ۱۳۹۵
inf_cbi_m_t_12,Monthly inflation rate (12 month) - Central Bank of Iran,Central Bank of Iran,persian,1401-06,39.63,%,IR,Iran,,,Base year 1395,سال پایه ۱۳۹۵
inf_cbi_m_t_12,Monthly inflation rate (12 month) - Central Bank of Iran,Central Bank of Iran,persian,1401-07,39.56,%,IR,Iran,,,Base year 1395,سال پایه ۱۳۹۵
inf_cbi_m_t_12,Monthly inflation rate (12 month) - Central Bank of Iran,Central Bank of Iran,persian,1401-08,39.92,%,IR,Iran,,,Base year 1395,سال پایه ۱۳۹۵
inf_cbi_m_t_12,Monthly inflation rate (12 month) - Central Bank of Iran,Central Bank of Iran,persian,1401-09,40.55,%,IR,Iran,,,Base year 1395,سال پایه ۱۳۹۵
inf_cbi_m_t_12,Monthly inflation rate (12 month) - Central Bank of Iran,Central Bank of Iran,persian,1401-10,41.77,%,IR,Iran,,,Base year 1395,سال پایه ۱۳۹۵
inf_cbi_m_t_12,Monthly inflation rate (12 month) - Central Bank of Iran,Central Bank of Iran,persian,1401-11,43.61,%,IR,Iran,,,Base year 1395,سال پایه ۱۳۹۵
inf_cbi_m_t_12,Monthly inflation rate (12 month) - Central Bank of Iran,Central Bank of Iran,persian,1401-12,53.13,%,IR,Iran,,,Base year 1400,سال پایه ۱۴۰۰
inf_cbi_m_t_12,Monthly inflation rate (12 month) - Central Bank of Iran,Central Bank of Iran,persian,1402-01,54.71,%,IR,Iran,,,Base year 1400,سال پایه ۱۴۰۰
inf_cbi_m_t_12,Monthly inflation rate (12 month) - Central Bank of Iran,Central Bank of Iran,persian,1402-02,55.74,%,IR,Iran,,,Base year 1400,سال پایه ۱۴۰۰
inf_cbi_m_t_12,Monthly inflation rate (12 month) - Central Bank of Iran,Central Bank of Iran,persian,1402-03,55.27,%,IR,Iran,,,Base year 1400,سال پایه ۱۴۰۰
inf_cbi_m_t_12,Monthly inflation rate (12 month) - Central Bank of Iran,Central Bank of Iran,persian,1402-04,54.35,%,IR,Iran,,,Base year 1400,سال پایه ۱۴۰۰
inf_cbi_m_t_12,Monthly inflation rate (12 month) - Central Bank of Iran,Central Bank of Iran,persian,1402-05,53.64,%,IR,Iran,,,Base year 1400,سال پایه ۱۴۰۰
inf_cbi_m_t_12,Monthly inflation rate (12 month) - Central Bank of Iran,Central Bank of Iran,persian,1402-06,53.14,%,IR,Iran,,,Base year 1400,سال پایه ۱۴۰۰
inf_cbi_m_t_12,Monthly inflation rate (12 month) - Central Bank of Iran,Central Bank of Iran,persian,1402-07,52.56,%,IR,Iran,,,Base year 1400,سال پایه ۱۴۰۰
inf_cbi_m_t_12,Monthly inflation rate (12 month) - Central Bank of Iran,Central Bank of Iran,persian,1402-08,51.93,%,IR,Iran,,,Base year 1400,سال پایه ۱۴۰۰
inf_cbi_m_t_12,Monthly inflation rate (12 month) - Central Bank of Iran,Central Bank of Iran,persian,1402-09,51.56,%,IR,Iran,,,Base year 1400,سال پایه ۱۴۰۰
inf_cbi_m_t_12,Monthly inflation rate (12 month) - Central Bank of Iran,Central Bank of Iran,persian,1402-10,50.77,%,IR,Iran,,,Base year 1400,سال پایه ۱۴۰۰
inf_cbi_m_t_12,Monthly inflation rate (12 month) - Central Bank of Iran,Central Bank of Iran,persian,1402-11,49.45,%,IR,Iran,,,Base year 1400,سال پایه ۱۴۰۰
inf_cbi_m_t_12,Monthly inflation rate (12 month) - Central Bank of Iran,Central Bank of Iran,persian,1402-12,47.43,%,IR,Iran,,,Base year 1400,سال پایه ۱۴۰۰
inf_cbi_m_t_12,Monthly inflation rate (12 month) - Central Bank of Iran,Central Bank of Iran,persian,1403-01,45.21,%,IR,Iran,,,Base year 1400,سال پایه ۱۴۰۰
inf_cbi_m_t_12,Monthly inflation rate (12 month) - Central Bank of Iran,Central Bank of Iran,persian,1403-02,43.29,%,IR,Iran,,,Base year 1400,سال پایه ۱۴۰۰
inf_cbi_m_t_12,Monthly inflation rate (12 month) - Central Bank of Iran,Central Bank of Iran,persian,1403-03,42.11,%,IR,Iran,,,Base year 1400,سال پایه ۱۴۰۰
inf_cbi_m_t_12,Monthly inflation rate (12 month) - Central Bank of Iran,Central Bank of Iran,persian,1403-04,41.22,%,IR,Iran,,,Base year 1400,سال پایه ۱۴۰۰
inf_cbi_m_t_12,Monthly inflation rate (12 month) - Central Bank of Iran,Central Bank of Iran,persian,1403-05,40.19,%,IR,Iran,,,Base year 1400,سال پایه ۱۴۰۰
inf_cbi_m_t_12,Monthly inflation rate (12 month) - Central Bank of Iran,Central Bank of Iran,persian,1403-06,39.05,%,IR,Iran,,,Base year 1400,سال پایه ۱۴۰۰
inf_cbi_m_t_12,Monthly inflation rate (12 month) - Central Bank of Iran,Central Bank of Iran,persian,1403-07,38.05,%,IR,Iran,,,Base year 1400,سال پایه ۱۴۰۰
inf_cbi_m_t_12,Monthly inflation rate (12 month) - Central Bank of Iran,Central Bank of Iran,persian,1403-08,37.30,%,IR,Iran,,,Base year 1400,سال پایه ۱۴۰۰
inf_cbi_m_t_12,Monthly inflation rate (12 month) - Central Bank of Iran,Central Bank of Iran,persian,1403-09,36.26,%,IR,Iran,,,Base year 1400,سال پایه ۱۴۰۰
inf_cbi_m_t_12,Monthly inflation rate (12 month) - Central Bank of Iran,Central Bank of Iran,persian,1403-10,35.52,%,IR,Iran,,,Base year 1400,سال پایه ۱۴۰۰
inf_cbi_m_t_12,Monthly inflation rate (12 month) - Central Bank of Iran,Central Bank of Iran,persian,1403-11,35.43,%,IR,Iran,,,Base year 1400,سال پایه ۱۴۰۰
inf_cbi_m_t_12,Monthly inflation rate (12 month) - Central Bank of Iran,Central Bank of Iran,persian,1403-12,35.78,%,IR,Iran,,,Base year 1400,سال پایه ۱۴۰۰
inf_cbi_m_t_12,Monthly inflation rate (12 month) - Central Bank of Iran,Central Bank of Iran,persian,1404-01,36.38,%,IR,Iran,,,Base year 1400,سال پایه ۱۴۰۰
inf_cbi_m_t_12,Monthly inflation rate (12 month) - Central Bank of Iran,Central Bank of Iran,persian,1404-02,36.84,%,IR,Iran,,,Base year 1400,سال پایه ۱۴۰۰
inf_cbi_m_t_12,Monthly inflation rate (12 month) - Central Bank of Iran,Central Bank of Iran,persian,1404-03,37.22,%,IR,Iran,,,Base year 1400,سال پایه ۱۴۰۰
inf_cbi_m_t_12,Monthly inflation rate (12 month) - Central Bank of Iran,Central Bank of Iran,persian,1404-04,37.59,%,IR,Iran,,,Base year 1400,سال پایه ۱۴۰۰
inf_cbi_m_t_12,Monthly inflation rate (12 month) - Central Bank of Iran,Central Bank of Iran,persian,1404-05,38.09,%,IR,Iran,,,Base year 1400,سال پایه ۱۴۰۰
inf_cbi_m_t_12,Monthly inflation rate (12 month) - Central Bank of Iran,Central Bank of Iran,persian,1404-06,38.91,%,IR,Iran,,,Base year 1400,سال پایه ۱۴۰۰
inf_cbi_m_t_12,Monthly inflation rate (12 month) - Central Bank of Iran,Central Bank of Iran,persian,1404-07,40.01,%,IR,Iran,,,Base year 1400,سال پایه ۱۴۰۰
inf_cbi_m_t_12,Monthly inflation rate (12 month) - Central Bank of Iran,Central Bank of Iran,persian,1404-08,41.04,%,IR,Iran,,,Base year 1400,سال پایه ۱۴۰۰
inf_cbi_m_t_12,Monthly inflation rate (12 month) - Central Bank of Iran,Central Bank of Iran,persian,1404-09,42.40,%,IR,Iran,,,Base year 1400,سال پایه ۱۴۰۰
inf_cbi_m_t_12,Monthly inflation rate (12 month) - Central Bank of Iran,Central Bank of Iran,persian,1404-10,44.15,%,IR,Iran,,,Base year 1400,سال پایه ۱۴۰۰
inf_cbi_m_t_12,Monthly inflation rate (12 month) - Central Bank of Iran,Central Bank of Iran,persian,1404-11,46.31,%,IR,Iran,,,Base year 1400,سال پایه ۱۴۰۰
inf_cbi_m_t_12,Monthly inflation rate (12 month) - Central Bank of Iran,Central Bank of Iran,persian,1404-12,48.29,%,IR,Iran,,,Base year 1400,سال پایه ۱۴۰۰
inf_cbi_m_t_12,Monthly inflation rate (12 month) - Central Bank of Iran,Central Bank of Iran,persian,1405-01,50.59,%,IR,Iran,,,Base year 1400,سال پایه ۱۴۰۰
inf_cbi_m_t_12,Monthly inflation rate (12 month) - Central Bank of Iran,Central Bank of Iran,persian,1405-02,53.87,%,IR,Iran,,,Base year 1400,سال پایه ۱۴۰۰
inf_irs_c-t_y,Yearly inflation rate- Statistical Center of Iran,Central Bank of Iran,persian,1391,27.03,%,IR,Iran,,,Base year 1400,سال پایه ۱۴۰۰
inf_irs_c-t_y,Yearly inflation rate- Statistical Center of Iran,Central Bank of Iran,persian,1392,32.85,%,IR,Iran,,,Base year 1400,سال پایه ۱۴۰۰
inf_irs_c-t_y,Yearly inflation rate- Statistical Center of Iran,Central Bank of Iran,persian,1393,14.53,%,IR,Iran,,,Base year 1400,سال پایه ۱۴۰۰
inf_irs_c-t_y,Yearly inflation rate- Statistical Center of Iran,Central Bank of Iran,persian,1394,11.15,%,IR,Iran,,,Base year 1400,سال پایه ۱۴۰۰
inf_irs_c-t_y,Yearly inflation rate- Statistical Center of Iran,Central Bank of Iran,persian,1395,6.84,%,IR,Iran,,,Base year 1400,سال پایه ۱۴۰۰
inf_irs_c-t_y,Yearly inflation rate- Statistical Center of Iran,Central Bank of Iran,persian,1396,8.23,%,IR,Iran,,,Base year 1400,سال پایه ۱۴۰۰
inf_irs_c-t_y,Yearly inflation rate- Statistical Center of Iran,Central Bank of Iran,persian,1397,26.92,%,IR,Iran,,,Base year 1400,سال پایه ۱۴۰۰
inf_irs_c-t_y,Yearly inflation rate- Statistical Center of Iran,Central Bank of Iran,persian,1398,34.79,%,IR,Iran,,,Base year 1400,سال پایه ۱۴۰۰
inf_irs_c-t_y,Yearly inflation rate- Statistical Center of Iran,Central Bank of Iran,persian,1399,36.46,%,IR,Iran,,,Base year 1400,سال پایه ۱۴۰۰
inf_irs_c-t_y,Yearly inflation rate- Statistical Center of Iran,Central Bank of Iran,persian,1400,40.19,%,IR,Iran,,,Base year 1400,سال پایه ۱۴۰۰
inf_irs_c-t_y,Yearly inflation rate- Statistical Center of Iran,Central Bank of Iran,persian,1401,45.75,%,IR,Iran,,,Base year 1400,سال پایه ۱۴۰۰
inf_irs_c-t_y,Yearly inflation rate- Statistical Center of Iran,Central Bank of Iran,persian,1402,40.69,%,IR,Iran,,,Base year 1400,سال پایه ۱۴۰۰
inf_irs_c-t_y,Yearly inflation rate- Statistical Center of Iran,Central Bank of Iran,persian,1403,32.49,%,IR,Iran,,,Base year 1400,سال پایه ۱۴۰۰
inf_irs_c-t_y,Yearly inflation rate- Statistical Center of Iran,Central Bank of Iran,persian,1404,50.61,%,IR,Iran,,,Base year 1400,سال پایه ۱۴۰۰
cpi_irs_c-y_t,CPI total - Statistical Center of Iran (1400 = 100),Statistical Center of Iran,persian,1390,12.30,,IR,Iran,,,Base year 1400,سال پایه ۱۴۰۰
cpi_irs_c-y_t,CPI total - Statistical Center of Iran (1400 = 100),Statistical Center of Iran,persian,1391,15.63,,IR,Iran,,,Base year 1400,سال پایه ۱۴۰۰
cpi_irs_c-y_t,CPI total - Statistical Center of Iran (1400 = 100),Statistical Center of Iran,persian,1392,20.76,,IR,Iran,,,Base year 1400,سال پایه ۱۴۰۰
cpi_irs_c-y_t,CPI total - Statistical Center of Iran (1400 = 100),Statistical Center of Iran,persian,1393,23.78,,IR,Iran,,,Base year 1400,سال پایه ۱۴۰۰
cpi_irs_c-y_t,CPI total - Statistical Center of Iran (1400 = 100),Statistical Center of Iran,persian,1394,26.43,,IR,Iran,,,Base year 1400,سال پایه ۱۴۰۰
cpi_irs_c-y_t,CPI total - Statistical Center of Iran (1400 = 100),Statistical Center of Iran,persian,1395,28.23,,IR,Iran,,,Base year 1400,سال پایه ۱۴۰۰
cpi_irs_c-y_t,CPI total - Statistical Center of Iran (1400 = 100),Statistical Center of Iran,persian,1396,30.56,,IR,Iran,,,Base year 1400,سال پایه ۱۴۰۰
cpi_irs_c-y_t,CPI total - Statistical Center of Iran (1400 = 100),Statistical Center of Iran,persian,1397,38.78,,IR,Iran,,,Base year 1400,سال پایه ۱۴۰۰
cpi_irs_c-y_t,CPI total - Statistical Center of Iran (1400 = 100),Statistical Center of Iran,persian,1398,52.28,,IR,Iran,,,Base year 1400,سال پایه ۱۴۰۰
cpi_irs_c-y_t,CPI total - Statistical Center of Iran (1400 = 100),Statistical Center of Iran,persian,1399,71.33,,IR,Iran,,,Base year 1400,سال پایه ۱۴۰۰
cpi_irs_c-y_t,CPI total - Statistical Center of Iran (1400 = 100),Statistical Center of Iran,persian,1400,100.00,,IR,Iran,,,Base year 1400,سال پایه ۱۴۰۰
cpi_irs_c-y_t,CPI total - Statistical Center of Iran (1400 = 100),Statistical Center of Iran,persian,1401,145.75,,IR,Iran,,,Base year 1400,سال پایه ۱۴۰۰
cpi_irs_c-y_t,CPI total - Statistical Center of Iran (1400 = 100),Statistical Center of Iran,persian,1402,205.06,,IR,Iran,,,Base year 1400,سال پایه ۱۴۰۰
cpi_irs_c-y_t,CPI total - Statistical Center of Iran (1400 = 100),Statistical Center of Iran,persian,1403,271.68,,IR,Iran,,,Base year 1400,سال پایه ۱۴۰۰
cpi_irs_c-y_t,CPI total - Statistical Center of Iran (1400 = 100),Statistical Center of Iran,persian,1404,409.18,,IR,Iran,,,Base year 1400,سال پایه ۱۴۰۰
cpi_irs_c-t,CPI total - Statistical Center of Iran (1400 = 100),Statistical Center of Iran,persian,1390-01,10.90,,IR,Iran,,,Base year 1400,سال پایه ۱۴۰۰
cpi_irs_c-t,CPI total - Statistical Center of Iran (1400 = 100),Statistical Center of Iran,persian,1390-02,11.20,,IR,Iran,,,Base year 1400,سال پایه ۱۴۰۰
cpi_irs_c-t,CPI total - Statistical Center of Iran (1400 = 100),Statistical Center of Iran,persian,1390-03,11.40,,IR,Iran,,,Base year 1400,سال پایه ۱۴۰۰
cpi_irs_c-t,CPI total - Statistical Center of Iran (1400 = 100),Statistical Center of Iran,persian,1390-04,11.60,,IR,Iran,,,Base year 1400,سال پایه ۱۴۰۰
cpi_irs_c-t,CPI total - Statistical Center of Iran (1400 = 100),Statistical Center of Iran,persian,1390-05,11.80,,IR,Iran,,,Base year 1400,سال پایه ۱۴۰۰
cpi_irs_c-t,CPI total - Statistical Center of Iran (1400 = 100),Statistical Center of Iran,persian,1390-06,12.00,,IR,Iran,,,Base year 1400,سال پایه ۱۴۰۰
cpi_irs_c-t,CPI total - Statistical Center of Iran (1400 = 100),Statistical Center of Iran,persian,1390-07,12.20,,IR,Iran,,,Base year 1400,سال پایه ۱۴۰۰
cpi_irs_c-t,CPI total - Statistical Center of Iran (1400 = 100),Statistical Center of Iran,persian,1390-08,12.40,,IR,Iran,,,Base year 1400,سال پایه ۱۴۰۰
cpi_irs_c-t,CPI total - Statistical Center of Iran (1400 = 100),Statistical Center of Iran,persian,1390-09,12.50,,IR,Iran,,,Base year 1400,سال پایه ۱۴۰۰
cpi_irs_c-t,CPI total - Statistical Center of Iran (1400 = 100),Statistical Center of Iran,persian,1390-10,12.70,,IR,Iran,,,Base year 1400,سال پایه ۱۴۰۰
cpi_irs_c-t,CPI total - Statistical Center of Iran (1400 = 100),Statistical Center of Iran,persian,1390-11,13.00,,IR,Iran,,,Base year 1400,سال پایه ۱۴۰۰
cpi_irs_c-t,CPI total - Statistical Center of Iran (1400 = 100),Statistical Center of Iran,persian,1390-12,13.30,,IR,Iran,,,Base year 1400,سال پایه ۱۴۰۰
cpi_irs_c-t,CPI total - Statistical Center of Iran (1400 = 100),Statistical Center of Iran,persian,1391-01,13.50,,IR,Iran,,,Base year 1400,سال پایه ۱۴۰۰
cpi_irs_c-t,CPI total - Statistical Center of Iran (1400 = 100),Statistical Center of Iran,persian,1391-02,13.70,,IR,Iran,,,Base year 1400,سال پایه ۱۴۰۰
cpi_irs_c-t,CPI total - Statistical Center of Iran (1400 = 100),Statistical Center of Iran,persian,1391-03,13.90,,IR,Iran,,,Base year 1400,سال پایه ۱۴۰۰
cpi_irs_c-t,CPI total - Statistical Center of Iran (1400 = 100),Statistical Center of Iran,persian,1391-04,14.40,,IR,Iran,,,Base year 1400,سال پایه ۱۴۰۰
cpi_irs_c-t,CPI total - Statistical Center of Iran (1400 = 100),Statistical Center of Iran,persian,1391-05,14.80,,IR,Iran,,,Base year 1400,سال پایه ۱۴۰۰
cpi_irs_c-t,CPI total - Statistical Center of Iran (1400 = 100),Statistical Center of Iran,persian,1391-06,15.10,,IR,Iran,,,Base year 1400,سال پایه ۱۴۰۰
cpi_irs_c-t,CPI total - Statistical Center of Iran (1400 = 100),Statistical Center of Iran,persian,1391-07,15.80,,IR,Iran,,,Base year 1400,سال پایه ۱۴۰۰
cpi_irs_c-t,CPI total - Statistical Center of Iran (1400 = 100),Statistical Center of Iran,persian,1391-08,16.40,,IR,Iran,,,Base year 1400,سال پایه ۱۴۰۰
cpi_irs_c-t,CPI total - Statistical Center of Iran (1400 = 100),Statistical Center of Iran,persian,1391-09,16.70,,IR,Iran,,,Base year 1400,سال پایه ۱۴۰۰
cpi_irs_c-t,CPI total - Statistical Center of Iran (1400 = 100),Statistical Center of Iran,persian,1391-10,17.00,,IR,Iran,,,Base year 1400,سال پایه ۱۴۰۰
cpi_irs_c-t,CPI total - Statistical Center of Iran (1400 = 100),Statistical Center of Iran,persian,1391-11,17.80,,IR,Iran,,,Base year 1400,سال پایه ۱۴۰۰
cpi_irs_c-t,CPI total - Statistical Center of Iran (1400 = 100),Statistical Center of Iran,persian,1391-12,18.40,,IR,Iran,,,Base year 1400,سال پایه ۱۴۰۰
cpi_irs_c-t,CPI total - Statistical Center of Iran (1400 = 100),Statistical Center of Iran,persian,1392-01,19.00,,IR,Iran,,,Base year 1400,سال پایه ۱۴۰۰
cpi_irs_c-t,CPI total - Statistical Center of Iran (1400 = 100),Statistical Center of Iran,persian,1392-02,19.20,,IR,Iran,,,Base year 1400,سال پایه ۱۴۰۰
cpi_irs_c-t,CPI total - Statistical Center of Iran (1400 = 100),Statistical Center of Iran,persian,1392-03,19.70,,IR,Iran,,,Base year 1400,سال پایه ۱۴۰۰
cpi_irs_c-t,CPI total - Statistical Center of Iran (1400 = 100),Statistical Center of Iran,persian,1392-04,20.20,,IR,Iran,,,Base year 1400,سال پایه ۱۴۰۰
cpi_irs_c-t,CPI total - Statistical Center of Iran (1400 = 100),Statistical Center of Iran,persian,1392-05,20.60,,IR,Iran,,,Base year 1400,سال پایه ۱۴۰۰
cpi_irs_c-t,CPI total - Statistical Center of Iran (1400 = 100),Statistical Center of Iran,persian,1392-06,20.80,,IR,Iran,,,Base year 1400,سال پایه ۱۴۰۰
cpi_irs_c-t,CPI total - Statistical Center of Iran (1400 = 100),Statistical Center of Iran,persian,1392-07,21.10,,IR,Iran,,,Base year 1400,سال پایه ۱۴۰۰
cpi_irs_c-t,CPI total - Statistical Center of Iran (1400 = 100),Statistical Center of Iran,persian,1392-08,21.40,,IR,Iran,,,Base year 1400,سال پایه ۱۴۰۰
cpi_irs_c-t,CPI total - Statistical Center of Iran (1400 = 100),Statistical Center of Iran,persian,1392-09,21.50,,IR,Iran,,,Base year 1400,سال پایه ۱۴۰۰
cpi_irs_c-t,CPI total - Statistical Center of Iran (1400 = 100),Statistical Center of Iran,persian,1392-10,21.80,,IR,Iran,,,Base year 1400,سال پایه ۱۴۰۰
cpi_irs_c-t,CPI total - Statistical Center of Iran (1400 = 100),Statistical Center of Iran,persian,1392-11,21.80,,IR,Iran,,,Base year 1400,سال پایه ۱۴۰۰
cpi_irs_c-t,CPI total - Statistical Center of Iran (1400 = 100),Statistical Center of Iran,persian,1392-12,22.00,,IR,Iran,,,Base year 1400,سال پایه ۱۴۰۰
cpi_irs_c-t,CPI total - Statistical Center of Iran (1400 = 100),Statistical Center of Iran,persian,1393-01,22.30,,IR,Iran,,,Base year 1400,سال پایه ۱۴۰۰
cpi_irs_c-t,CPI total - Statistical Center of Iran (1400 = 100),Statistical Center of Iran,persian,1393-02,22.40,,IR,Iran,,,Base year 1400,سال پایه ۱۴۰۰
cpi_irs_c-t,CPI total - Statistical Center of Iran (1400 = 100),Statistical Center of Iran,persian,1393-03,22.60,,IR,Iran,,,Base year 1400,سال پایه ۱۴۰۰
cpi_irs_c-t,CPI total - Statistical Center of Iran (1400 = 100),Statistical Center of Iran,persian,1393-04,23.10,,IR,Iran,,,Base year 1400,سال پایه ۱۴۰۰
cpi_irs_c-t,CPI total - Statistical Center of Iran (1400 = 100),Statistical Center of Iran,persian,1393-05,23.50,,IR,Iran,,,Base year 1400,سال پایه ۱۴۰۰
cpi_irs_c-t,CPI total - Statistical Center of Iran (1400 = 100),Statistical Center of Iran,persian,1393-06,23.70,,IR,Iran,,,Base year 1400,سال پایه ۱۴۰۰
cpi_irs_c-t,CPI total - Statistical Center of Iran (1400 = 100),Statistical Center of Iran,persian,1393-07,24.00,,IR,Iran,,,Base year 1400,سال پایه ۱۴۰۰
cpi_irs_c-t,CPI total - Statistical Center of Iran (1400 = 100),Statistical Center of Iran,persian,1393-08,24.20,,IR,Iran,,,Base year 1400,سال پایه ۱۴۰۰
cpi_irs_c-t,CPI total - Statistical Center of Iran (1400 = 100),Statistical Center of Iran,persian,1393-09,24.70,,IR,Iran,,,Base year 1400,سال پایه ۱۴۰۰
cpi_irs_c-t,CPI total - Statistical Center of Iran (1400 = 100),Statistical Center of Iran,persian,1393-10,24.90,,IR,Iran,,,Base year 1400,سال پایه ۱۴۰۰
cpi_irs_c-t,CPI total - Statistical Center of Iran (1400 = 100),Statistical Center of Iran,persian,1393-11,24.90,,IR,Iran,,,Base year 1400,سال پایه ۱۴۰۰
cpi_irs_c-t,CPI total - Statistical Center of Iran (1400 = 100),Statistical Center of Iran,persian,1393-12,25.00,,IR,Iran,,,Base year 1400,سال پایه ۱۴۰۰
cpi_irs_c-t,CPI total - Statistical Center of Iran (1400 = 100),Statistical Center of Iran,persian,1394-01,25.30,,IR,Iran,,,Base year 1400,سال پایه ۱۴۰۰
cpi_irs_c-t,CPI total - Statistical Center of Iran (1400 = 100),Statistical Center of Iran,persian,1394-02,25.50,,IR,Iran,,,Base year 1400,سال پایه ۱۴۰۰
cpi_irs_c-t,CPI total - Statistical Center of Iran (1400 = 100),Statistical Center of Iran,persian,1394-03,25.80,,IR,Iran,,,Base year 1400,سال پایه ۱۴۰۰
cpi_irs_c-t,CPI total - Statistical Center of Iran (1400 = 100),Statistical Center of Iran,persian,1394-04,26.10,,IR,Iran,,,Base year 1400,سال پایه ۱۴۰۰
cpi_irs_c-t,CPI total - Statistical Center of Iran (1400 = 100),Statistical Center of Iran,persian,1394-05,26.20,,IR,Iran,,,Base year 1400,سال پایه ۱۴۰۰
cpi_irs_c-t,CPI total - Statistical Center of Iran (1400 = 100),Statistical Center of Iran,persian,1394-06,26.40,,IR,Iran,,,Base year 1400,سال پایه ۱۴۰۰
cpi_irs_c-t,CPI total - Statistical Center of Iran (1400 = 100),Statistical Center of Iran,persian,1394-07,26.60,,IR,Iran,,,Base year 1400,سال پایه ۱۴۰۰
cpi_irs_c-t,CPI total - Statistical Center of Iran (1400 = 100),Statistical Center of Iran,persian,1394-08,26.70,,IR,Iran,,,Base year 1400,سال پایه ۱۴۰۰
cpi_irs_c-t,CPI total - Statistical Center of Iran (1400 = 100),Statistical Center of Iran,persian,1394-09,27.10,,IR,Iran,,,Base year 1400,سال پایه ۱۴۰۰
cpi_irs_c-t,CPI total - Statistical Center of Iran (1400 = 100),Statistical Center of Iran,persian,1394-10,27.20,,IR,Iran,,,Base year 1400,سال پایه ۱۴۰۰
cpi_irs_c-t,CPI total - Statistical Center of Iran (1400 = 100),Statistical Center of Iran,persian,1394-11,27.10,,IR,Iran,,,Base year 1400,سال پایه ۱۴۰۰
cpi_irs_c-t,CPI total - Statistical Center of Iran (1400 = 100),Statistical Center of Iran,persian,1394-12,27.10,,IR,Iran,,,Base year 1400,سال پایه ۱۴۰۰
cpi_irs_c-t,CPI total - Statistical Center of Iran (1400 = 100),Statistical Center of Iran,persian,1395-01,27.30,,IR,Iran,,,Base year 1400,سال پایه ۱۴۰۰
cpi_irs_c-t,CPI total - Statistical Center of Iran (1400 = 100),Statistical Center of Iran,persian,1395-02,27.30,,IR,Iran,,,Base year 1400,سال پایه ۱۴۰۰
cpi_irs_c-t,CPI total - Statistical Center of Iran (1400 = 100),Statistical Center of Iran,persian,1395-03,27.50,,IR,Iran,,,Base year 1400,سال پایه ۱۴۰۰
cpi_irs_c-t,CPI total - Statistical Center of Iran (1400 = 100),Statistical Center of Iran,persian,1395-04,27.80,,IR,Iran,,,Base year 1400,سال پایه ۱۴۰۰
cpi_irs_c-t,CPI total - Statistical Center of Iran (1400 = 100),Statistical Center of Iran,persian,1395-05,28.10,,IR,Iran,,,Base year 1400,سال پایه ۱۴۰۰
cpi_irs_c-t,CPI total - Statistical Center of Iran (1400 = 100),Statistical Center of Iran,persian,1395-06,28.20,,IR,Iran,,,Base year 1400,سال پایه ۱۴۰۰
cpi_irs_c-t,CPI total - Statistical Center of Iran (1400 = 100),Statistical Center of Iran,persian,1395-07,28.30,,IR,Iran,,,Base year 1400,سال پایه ۱۴۰۰
cpi_irs_c-t,CPI total - Statistical Center of Iran (1400 = 100),Statistical Center of Iran,persian,1395-08,28.40,,IR,Iran,,,Base year 1400,سال پایه ۱۴۰۰
cpi_irs_c-t,CPI total - Statistical Center of Iran (1400 = 100),Statistical Center of Iran,persian,1395-09,28.60,,IR,Iran,,,Base year 1400,سال پایه ۱۴۰۰
cpi_irs_c-t,CPI total - Statistical Center of Iran (1400 = 100),Statistical Center of Iran,persian,1395-10,28.90,,IR,Iran,,,Base year 1400,سال پایه ۱۴۰۰
cpi_irs_c-t,CPI total - Statistical Center of Iran (1400 = 100),Statistical Center of Iran,persian,1395-11,29.00,,IR,Iran,,,Base year 1400,سال پایه ۱۴۰۰
cpi_irs_c-t,CPI total - Statistical Center of Iran (1400 = 100),Statistical Center of Iran,persian,1395-12,29.40,,IR,Iran,,,Base year 1400,سال پایه ۱۴۰۰
cpi_irs_c-t,CPI total - Statistical Center of Iran (1400 = 100),Statistical Center of Iran,persian,1396-01,29.80,,IR,Iran,,,Base year 1400,سال پایه ۱۴۰۰
cpi_irs_c-t,CPI total - Statistical Center of Iran (1400 = 100),Statistical Center of Iran,persian,1396-02,29.70,,IR,Iran,,,Base year 1400,سال پایه ۱۴۰۰
cpi_irs_c-t,CPI total - Statistical Center of Iran (1400 = 100),Statistical Center of Iran,persian,1396-03,29.80,,IR,Iran,,,Base year 1400,سال پایه ۱۴۰۰
cpi_irs_c-t,CPI total - Statistical Center of Iran (1400 = 100),Statistical Center of Iran,persian,1396-04,30.10,,IR,Iran,,,Base year 1400,سال پایه ۱۴۰۰
cpi_irs_c-t,CPI total - Statistical Center of Iran (1400 = 100),Statistical Center of Iran,persian,1396-05,30.20,,IR,Iran,,,Base year 1400,سال پایه ۱۴۰۰
cpi_irs_c-t,CPI total - Statistical Center of Iran (1400 = 100),Statistical Center of Iran,persian,1396-06,30.20,,IR,Iran,,,Base year 1400,سال پایه ۱۴۰۰
cpi_irs_c-t,CPI total - Statistical Center of Iran (1400 = 100),Statistical Center of Iran,persian,1396-07,30.60,,IR,Iran,,,Base year 1400,سال پایه ۱۴۰۰
cpi_irs_c-t,CPI total - Statistical Center of Iran (1400 = 100),Statistical Center of Iran,persian,1396-08,30.90,,IR,Iran,,,Base year 1400,سال پایه ۱۴۰۰
cpi_irs_c-t,CPI total - Statistical Center of Iran (1400 = 100),Statistical Center of Iran,persian,1396-09,31.20,,IR,Iran,,,Base year 1400,سال پایه ۱۴۰۰
cpi_irs_c-t,CPI total - Statistical Center of Iran (1400 = 100),Statistical Center of Iran,persian,1396-10,31.30,,IR,Iran,,,Base year 1400,سال پایه ۱۴۰۰
cpi_irs_c-t,CPI total - Statistical Center of Iran (1400 = 100),Statistical Center of Iran,persian,1396-11,31.40,,IR,Iran,,,Base year 1400,سال پایه ۱۴۰۰
cpi_irs_c-t,CPI total - Statistical Center of Iran (1400 = 100),Statistical Center of Iran,persian,1396-12,31.50,,IR,Iran,,,Base year 1400,سال پایه ۱۴۰۰
cpi_irs_c-t,CPI total - Statistical Center of Iran (1400 = 100),Statistical Center of Iran,persian,1397-01,31.90,,IR,Iran,,,Base year 1400,سال پایه ۱۴۰۰
cpi_irs_c-t,CPI total - Statistical Center of Iran (1400 = 100),Statistical Center of Iran,persian,1397-02,32.20,,IR,Iran,,,Base year 1400,سال پایه ۱۴۰۰
cpi_irs_c-t,CPI total - Statistical Center of Iran (1400 = 100),Statistical Center of Iran,persian,1397-03,32.80,,IR,Iran,,,Base year 1400,سال پایه ۱۴۰۰
cpi_irs_c-t,CPI total - Statistical Center of Iran (1400 = 100),Statistical Center of Iran,persian,1397-04,34.30,,IR,Iran,,,Base year 1400,سال پایه ۱۴۰۰
cpi_irs_c-t,CPI total - Statistical Center of Iran (1400 = 100),Statistical Center of Iran,persian,1397-05,36.10,,IR,Iran,,,Base year 1400,سال پایه ۱۴۰۰
cpi_irs_c-t,CPI total - Statistical Center of Iran (1400 = 100),Statistical Center of Iran,persian,1397-06,38.00,,IR,Iran,,,Base year 1400,سال پایه ۱۴۰۰
cpi_irs_c-t,CPI total - Statistical Center of Iran (1400 = 100),Statistical Center of Iran,persian,1397-07,40.70,,IR,Iran,,,Base year 1400,سال پایه ۱۴۰۰
cpi_irs_c-t,CPI total - Statistical Center of Iran (1400 = 100),Statistical Center of Iran,persian,1397-08,41.80,,IR,Iran,,,Base year 1400,سال پایه ۱۴۰۰
cpi_irs_c-t,CPI total - Statistical Center of Iran (1400 = 100),Statistical Center of Iran,persian,1397-09,42.80,,IR,Iran,,,Base year 1400,سال پایه ۱۴۰۰
cpi_irs_c-t,CPI total - Statistical Center of Iran (1400 = 100),Statistical Center of Iran,persian,1397-10,43.70,,IR,Iran,,,Base year 1400,سال پایه ۱۴۰۰
cpi_irs_c-t,CPI total - Statistical Center of Iran (1400 = 100),Statistical Center of Iran,persian,1397-11,44.70,,IR,Iran,,,Base year 1400,سال پایه ۱۴۰۰
cpi_irs_c-t,CPI total - Statistical Center of Iran (1400 = 100),Statistical Center of Iran,persian,1397-12,46.40,,IR,Iran,,,Base year 1400,سال پایه ۱۴۰۰
cpi_irs_c-t,CPI total - Statistical Center of Iran (1400 = 100),Statistical Center of Iran,persian,1398-01,48.30,,IR,Iran,,,Base year 1400,سال پایه ۱۴۰۰
cpi_irs_c-t,CPI total - Statistical Center of Iran (1400 = 100),Statistical Center of Iran,persian,1398-02,49.00,,IR,Iran,,,Base year 1400,سال پایه ۱۴۰۰
cpi_irs_c-t,CPI total - Statistical Center of Iran (1400 = 100),Statistical Center of Iran,persian,1398-03,49.40,,IR,Iran,,,Base year 1400,سال پایه ۱۴۰۰
cpi_irs_c-t,CPI total - Statistical Center of Iran (1400 = 100),Statistical Center of Iran,persian,1398-04,50.70,,IR,Iran,,,Base year 1400,سال پایه ۱۴۰۰
cpi_irs_c-t,CPI total - Statistical Center of Iran (1400 = 100),Statistical Center of Iran,persian,1398-05,51.10,,IR,Iran,,,Base year 1400,سال پایه ۱۴۰۰
cpi_irs_c-t,CPI total - Statistical Center of Iran (1400 = 100),Statistical Center of Iran,persian,1398-06,51.30,,IR,Iran,,,Base year 1400,سال پایه ۱۴۰۰
cpi_irs_c-t,CPI total - Statistical Center of Iran (1400 = 100),Statistical Center of Iran,persian,1398-07,52.20,,IR,Iran,,,Base year 1400,سال پایه ۱۴۰۰
cpi_irs_c-t,CPI total - Statistical Center of Iran (1400 = 100),Statistical Center of Iran,persian,1398-08,53.00,,IR,Iran,,,Base year 1400,سال پایه ۱۴۰۰
cpi_irs_c-t,CPI total - Statistical Center of Iran (1400 = 100),Statistical Center of Iran,persian,1398-09,54.70,,IR,Iran,,,Base year 1400,سال پایه ۱۴۰۰
cpi_irs_c-t,CPI total - Statistical Center of Iran (1400 = 100),Statistical Center of Iran,persian,1398-10,55.20,,IR,Iran,,,Base year 1400,سال پایه ۱۴۰۰
cpi_irs_c-t,CPI total - Statistical Center of Iran (1400 = 100),Statistical Center of Iran,persian,1398-11,55.80,,IR,Iran,,,Base year 1400,سال پایه ۱۴۰۰
cpi_irs_c-t,CPI total - Statistical Center of Iran (1400 = 100),Statistical Center of Iran,persian,1398-12,56.60,,IR,Iran,,,Base year 1400,سال پایه ۱۴۰۰
cpi_irs_c-t,CPI total - Statistical Center of Iran (1400 = 100),Statistical Center of Iran,persian,1399-01,57.80,,IR,Iran,,,Base year 1400,سال پایه ۱۴۰۰
cpi_irs_c-t,CPI total - Statistical Center of Iran (1400 = 100),Statistical Center of Iran,persian,1399-02,59.30,,IR,Iran,,,Base year 1400,سال پایه ۱۴۰۰
cpi_irs_c-t,CPI total - Statistical Center of Iran (1400 = 100),Statistical Center of Iran,persian,1399-03,60.50,,IR,Iran,,,Base year 1400,سال پایه ۱۴۰۰
cpi_irs_c-t,CPI total - Statistical Center of Iran (1400 = 100),Statistical Center of Iran,persian,1399-04,64.40,,IR,Iran,,,Base year 1400,سال پایه ۱۴۰۰
cpi_irs_c-t,CPI total - Statistical Center of Iran (1400 = 100),Statistical Center of Iran,persian,1399-05,66.60,,IR,Iran,,,Base year 1400,سال پایه ۱۴۰۰
cpi_irs_c-t,CPI total - Statistical Center of Iran (1400 = 100),Statistical Center of Iran,persian,1399-06,69.00,,IR,Iran,,,Base year 1400,سال پایه ۱۴۰۰
cpi_irs_c-t,CPI total - Statistical Center of Iran (1400 = 100),Statistical Center of Iran,persian,1399-07,73.90,,IR,Iran,,,Base year 1400,سال پایه ۱۴۰۰
cpi_irs_c-t,CPI total - Statistical Center of Iran (1400 = 100),Statistical Center of Iran,persian,1399-08,77.70,,IR,Iran,,,Base year 1400,سال پایه ۱۴۰۰
cpi_irs_c-t,CPI total - Statistical Center of Iran (1400 = 100),Statistical Center of Iran,persian,1399-09,79.20,,IR,Iran,,,Base year 1400,سال پایه ۱۴۰۰
cpi_irs_c-t,CPI total - Statistical Center of Iran (1400 = 100),Statistical Center of Iran,persian,1399-10,80.70,,IR,Iran,,,Base year 1400,سال پایه ۱۴۰۰
cpi_irs_c-t,CPI total - Statistical Center of Iran (1400 = 100),Statistical Center of Iran,persian,1399-11,82.70,,IR,Iran,,,Base year 1400,سال پایه ۱۴۰۰
cpi_irs_c-t,CPI total - Statistical Center of Iran (1400 = 100),Statistical Center of Iran,persian,1399-12,84.20,,IR,Iran,,,Base year 1400,سال پایه ۱۴۰۰
cpi_irs_c-t,CPI total - Statistical Center of Iran (1400 = 100),Statistical Center of Iran,persian,1400-01,87.40,,IR,Iran,,,Base year 1400,سال پایه ۱۴۰۰
cpi_irs_c-t,CPI total - Statistical Center of Iran (1400 = 100),Statistical Center of Iran,persian,1400-02,88.20,,IR,Iran,,,Base year 1400,سال پایه ۱۴۰۰
cpi_irs_c-t,CPI total - Statistical Center of Iran (1400 = 100),Statistical Center of Iran,persian,1400-03,90.00,,IR,Iran,,,Base year 1400,سال پایه ۱۴۰۰
cpi_irs_c-t,CPI total - Statistical Center of Iran (1400 = 100),Statistical Center of Iran,persian,1400-04,92.90,,IR,Iran,,,Base year 1400,سال پایه ۱۴۰۰
cpi_irs_c-t,CPI total - Statistical Center of Iran (1400 = 100),Statistical Center of Iran,persian,1400-05,95.70,,IR,Iran,,,Base year 1400,سال پایه ۱۴۰۰
cpi_irs_c-t,CPI total - Statistical Center of Iran (1400 = 100),Statistical Center of Iran,persian,1400-06,99.20,,IR,Iran,,,Base year 1400,سال پایه ۱۴۰۰
cpi_irs_c-t,CPI total - Statistical Center of Iran (1400 = 100),Statistical Center of Iran,persian,1400-07,102.40,,IR,Iran,,,Base year 1400,سال پایه ۱۴۰۰
cpi_irs_c-t,CPI total - Statistical Center of Iran (1400 = 100),Statistical Center of Iran,persian,1400-08,104.50,,IR,Iran,,,Base year 1400,سال پایه ۱۴۰۰
cpi_irs_c-t,CPI total - Statistical Center of Iran (1400 = 100),Statistical Center of Iran,persian,1400-09,106.30,,IR,Iran,,,Base year 1400,سال پایه ۱۴۰۰
cpi_irs_c-t,CPI total - Statistical Center of Iran (1400 = 100),Statistical Center of Iran,persian,1400-10,109.10,,IR,Iran,,,Base year 1400,سال پایه ۱۴۰۰
cpi_irs_c-t,CPI total - Statistical Center of Iran (1400 = 100),Statistical Center of Iran,persian,1400-11,111.30,,IR,Iran,,,Base year 1400,سال پایه ۱۴۰۰
cpi_irs_c-t,CPI total - Statistical Center of Iran (1400 = 100),Statistical Center of Iran,persian,1400-12,113.00,,IR,Iran,,,Base year 1400,سال پایه ۱۴۰۰
cpi_irs_c-t,CPI total - Statistical Center of Iran (1400 = 100),Statistical Center of Iran,persian,1401-01,116.10,,IR,Iran,,,Base year 1400,سال پایه ۱۴۰۰
cpi_irs_c-t,CPI total - Statistical Center of Iran (1400 = 100),Statistical Center of Iran,persian,1401-02,120.00,,IR,Iran,,,Base year 1400,سال پایه ۱۴۰۰
cpi_irs_c-t,CPI total - Statistical Center of Iran (1400 = 100),Statistical Center of Iran,persian,1401-03,132.70,,IR,Iran,,,Base year 1400,سال پایه ۱۴۰۰
cpi_irs_c-t,CPI total - Statistical Center of Iran (1400 = 100),Statistical Center of Iran,persian,1401-04,138.50,,IR,Iran,,,Base year 1400,سال پایه ۱۴۰۰
cpi_irs_c-t,CPI total - Statistical Center of Iran (1400 = 100),Statistical Center of Iran,persian,1401-05,141.50,,IR,Iran,,,Base year 1400,سال پایه ۱۴۰۰
cpi_irs_c-t,CPI total - Statistical Center of Iran (1400 = 100),Statistical Center of Iran,persian,1401-06,144.60,,IR,Iran,,,Base year 1400,سال پایه ۱۴۰۰
cpi_irs_c-t,CPI total - Statistical Center of Iran (1400 = 100),Statistical Center of Iran,persian,1401-07,148.30,,IR,Iran,,,Base year 1400,سال پایه ۱۴۰۰
cpi_irs_c-t,CPI total - Statistical Center of Iran (1400 = 100),Statistical Center of Iran,persian,1401-08,151.50,,IR,Iran,,,Base year 1400,سال پایه ۱۴۰۰
cpi_irs_c-t,CPI total - Statistical Center of Iran (1400 = 100),Statistical Center of Iran,persian,1401-09,154.80,,IR,Iran,,,Base year 1400,سال پایه ۱۴۰۰
cpi_irs_c-t,CPI total - Statistical Center of Iran (1400 = 100),Statistical Center of Iran,persian,1401-10,160.70,,IR,Iran,,,Base year 1400,سال پایه ۱۴۰۰
cpi_irs_c-t,CPI total - Statistical Center of Iran (1400 = 100),Statistical Center of Iran,persian,1401-11,166.20,,IR,Iran,,,Base year 1400,سال پایه ۱۴۰۰
cpi_irs_c-t,CPI total - Statistical Center of Iran (1400 = 100),Statistical Center of Iran,persian,1401-12,174.10,,IR,Iran,,,Base year 1400,سال پایه ۱۴۰۰
cpi_irs_c-t,CPI total - Statistical Center of Iran (1400 = 100),Statistical Center of Iran,persian,1402-01,180.50,,IR,Iran,,,Base year 1400,سال پایه ۱۴۰۰
cpi_irs_c-t,CPI total - Statistical Center of Iran (1400 = 100),Statistical Center of Iran,persian,1402-02,185.50,,IR,Iran,,,Base year 1400,سال پایه ۱۴۰۰
cpi_irs_c-t,CPI total - Statistical Center of Iran (1400 = 100),Statistical Center of Iran,persian,1402-03,189.30,,IR,Iran,,,Base year 1400,سال پایه ۱۴۰۰
cpi_irs_c-t,CPI total - Statistical Center of Iran (1400 = 100),Statistical Center of Iran,persian,1402-04,193.00,,IR,Iran,,,Base year 1400,سال پایه ۱۴۰۰
cpi_irs_c-t,CPI total - Statistical Center of Iran (1400 = 100),Statistical Center of Iran,persian,1402-05,197.70,,IR,Iran,,,Base year 1400,سال پایه ۱۴۰۰
cpi_irs_c-t,CPI total - Statistical Center of Iran (1400 = 100),Statistical Center of Iran,persian,1402-06,201.70,,IR,Iran,,,Base year 1400,سال پایه ۱۴۰۰
cpi_irs_c-t,CPI total - Statistical Center of Iran (1400 = 100),Statistical Center of Iran,persian,1402-07,206.50,,IR,Iran,,,Base year 1400,سال پایه ۱۴۰۰
cpi_irs_c-t,CPI total - Statistical Center of Iran (1400 = 100),Statistical Center of Iran,persian,1402-08,210.90,,IR,Iran,,,Base year 1400,سال پایه ۱۴۰۰
cpi_irs_c-t,CPI total - Statistical Center of Iran (1400 = 100),Statistical Center of Iran,persian,1402-09,217.00,,IR,Iran,,,Base year 1400,سال پایه ۱۴۰۰
cpi_irs_c-t,CPI total - Statistical Center of Iran (1400 = 100),Statistical Center of Iran,persian,1402-10,222.70,,IR,Iran,,,Base year 1400,سال پایه ۱۴۰۰
cpi_irs_c-t,CPI total - Statistical Center of Iran (1400 = 100),Statistical Center of Iran,persian,1402-11,225.70,,IR,Iran,,,Base year 1400,سال پایه ۱۴۰۰
cpi_irs_c-t,CPI total - Statistical Center of Iran (1400 = 100),Statistical Center of Iran,persian,1402-12,230.20,,IR,Iran,,,Base year 1400,سال پایه ۱۴۰۰
cpi_irs_c-t,CPI total - Statistical Center of Iran (1400 = 100),Statistical Center of Iran,persian,1403-01,236.30,,IR,Iran,,,Base year 1400,سال پایه ۱۴۰۰
cpi_irs_c-t,CPI total - Statistical Center of Iran (1400 = 100),Statistical Center of Iran,persian,1403-02,243.00,,IR,Iran,,,Base year 1400,سال پایه ۱۴۰۰
cpi_irs_c-t,CPI total - Statistical Center of Iran (1400 = 100),Statistical Center of Iran,persian,1403-03,249.70,,IR,Iran,,,Base year 1400,سال پایه ۱۴۰۰
cpi_irs_c-t,CPI total - Statistical Center of Iran (1400 = 100),Statistical Center of Iran,persian,1403-04,255.20,,IR,Iran,,,Base year 1400,سال پایه ۱۴۰۰
cpi_irs_c-t,CPI total - Statistical Center of Iran (1400 = 100),Statistical Center of Iran,persian,1403-05,260.20,,IR,Iran,,,Base year 1400,سال پایه ۱۴۰۰
cpi_irs_c-t,CPI total - Statistical Center of Iran (1400 = 100),Statistical Center of Iran,persian,1403-06,264.70,,IR,Iran,,,Base year 1400,سال پایه ۱۴۰۰
cpi_irs_c-t,CPI total - Statistical Center of Iran (1400 = 100),Statistical Center of Iran,persian,1403-07,271.80,,IR,Iran,,,Base year 1400,سال پایه ۱۴۰۰
cpi_irs_c-t,CPI total - Statistical Center of Iran (1400 = 100),Statistical Center of Iran,persian,1403-08,279.50,,IR,Iran,,,Base year 1400,سال پایه ۱۴۰۰
cpi_irs_c-t,CPI total - Statistical Center of Iran (1400 = 100),Statistical Center of Iran,persian,1403-09,285.10,,IR,Iran,,,Base year 1400,سال پایه ۱۴۰۰
cpi_irs_c-t,CPI total - Statistical Center of Iran (1400 = 100),Statistical Center of Iran,persian,1403-10,293.40,,IR,Iran,,,Base year 1400,سال پایه ۱۴۰۰
cpi_irs_c-t,CPI total - Statistical Center of Iran (1400 = 100),Statistical Center of Iran,persian,1403-11,305.50,,IR,Iran,,,Base year 1400,سال پایه ۱۴۰۰
cpi_irs_c-t,CPI total - Statistical Center of Iran (1400 = 100),Statistical Center of Iran,persian,1403-12,315.70,,IR,Iran,,,Base year 1400,سال پایه ۱۴۰۰
cpi_irs_c-t,CPI total - Statistical Center of Iran (1400 = 100),Statistical Center of Iran,persian,1404-01,328.10,,IR,Iran,,,Base year 1400,سال پایه ۱۴۰۰
cpi_irs_c-t,CPI total - Statistical Center of Iran (1400 = 100),Statistical Center of Iran,persian,1404-02,336.90,,IR,Iran,,,Base year 1400,سال پایه ۱۴۰۰
cpi_irs_c-t,CPI total - Statistical Center of Iran (1400 = 100),Statistical Center of Iran,persian,1404-03,348.10,,IR,Iran,,,Base year 1400,سال پایه ۱۴۰۰
cpi_irs_c-t,CPI total - Statistical Center of Iran (1400 = 100),Statistical Center of Iran,persian,1404-04,360.20,,IR,Iran,,,Base year 1400,سال پایه ۱۴۰۰
cpi_irs_c-t,CPI total - Statistical Center of Iran (1400 = 100),Statistical Center of Iran,persian,1404-05,370.50,,IR,Iran,,,Base year 1400,سال پایه ۱۴۰۰
cpi_irs_c-t,CPI total - Statistical Center of Iran (1400 = 100),Statistical Center of Iran,persian,1404-06,384.60,,IR,Iran,,,Base year 1400,سال پایه ۱۴۰۰
cpi_irs_c-t,CPI total - Statistical Center of Iran (1400 = 100),Statistical Center of Iran,persian,1404-07,403.80,,IR,Iran,,,Base year 1400,سال پایه ۱۴۰۰
cpi_irs_c-t,CPI total - Statistical Center of Iran (1400 = 100),Statistical Center of Iran,persian,1404-08,417.50,,IR,Iran,,,Base year 1400,سال پایه ۱۴۰۰
cpi_irs_c-t,CPI total - Statistical Center of Iran (1400 = 100),Statistical Center of Iran,persian,1404-09,435.10,,IR,Iran,,,Base year 1400,سال پایه ۱۴۰۰
cpi_irs_c-t,CPI total - Statistical Center of Iran (1400 = 100),Statistical Center of Iran,persian,1404-10,469.40,,IR,Iran,,,Base year 1400,سال پایه ۱۴۰۰
cpi_irs_c-t,CPI total - Statistical Center of Iran (1400 = 100),Statistical Center of Iran,persian,1404-11,513.60,,IR,Iran,,,Base year 1400,سال پایه ۱۴۰۰
cpi_irs_c-t,CPI total - Statistical Center of Iran (1400 = 100),Statistical Center of Iran,persian,1404-12,542.30,,IR,Iran,,,Base year 1400,سال پایه ۱۴۰۰
cpi_irs_c-t,CPI total - Statistical Center of Iran (1400 = 100),Statistical Center of Iran,persian,1405-01,569.30,,IR,Iran,,,Base year 1400,سال پایه ۱۴۰۰
cpi_irs_c-f,CPI food - Statistical Center of Iran (1400 = 100),Statistical Center of Iran,persian,1390-01,7.00,,IR,Iran,,,Base year 1400,سال پایه ۱۴۰۰
cpi_irs_c-f,CPI food - Statistical Center of Iran (1400 = 100),Statistical Center of Iran,persian,1390-02,7.30,,IR,Iran,,,Base year 1400,سال پایه ۱۴۰۰
cpi_irs_c-f,CPI food - Statistical Center of Iran (1400 = 100),Statistical Center of Iran,persian,1390-03,7.50,,IR,Iran,,,Base year 1400,سال پایه ۱۴۰۰
cpi_irs_c-f,CPI food - Statistical Center of Iran (1400 = 100),Statistical Center of Iran,persian,1390-04,7.50,,IR,Iran,,,Base year 1400,سال پایه ۱۴۰۰
cpi_irs_c-f,CPI food - Statistical Center of Iran (1400 = 100),Statistical Center of Iran,persian,1390-05,7.60,,IR,Iran,,,Base year 1400,سال پایه ۱۴۰۰
cpi_irs_c-f,CPI food - Statistical Center of Iran (1400 = 100),Statistical Center of Iran,persian,1390-06,7.70,,IR,Iran,,,Base year 1400,سال پایه ۱۴۰۰
cpi_irs_c-f,CPI food - Statistical Center of Iran (1400 = 100),Statistical Center of Iran,persian,1390-07,7.90,,IR,Iran,,,Base year 1400,سال پایه ۱۴۰۰
cpi_irs_c-f,CPI food - Statistical Center of Iran (1400 = 100),Statistical Center of Iran,persian,1390-08,8.00,,IR,Iran,,,Base year 1400,سال پایه ۱۴۰۰
cpi_irs_c-f,CPI food - Statistical Center of Iran (1400 = 100),Statistical Center of Iran,persian,1390-09,8.20,,IR,Iran,,,Base year 1400,سال پایه ۱۴۰۰
cpi_irs_c-f,CPI food - Statistical Center of Iran (1400 = 100),Statistical Center of Iran,persian,1390-10,8.40,,IR,Iran,,,Base year 1400,سال پایه ۱۴۰۰
cpi_irs_c-f,CPI food - Statistical Center of Iran (1400 = 100),Statistical Center of Iran,persian,1390-11,8.80,,IR,Iran,,,Base year 1400,سال پایه ۱۴۰۰
cpi_irs_c-f,CPI food - Statistical Center of Iran (1400 = 100),Statistical Center of Iran,persian,1390-12,9.30,,IR,Iran,,,Base year 1400,سال پایه ۱۴۰۰
cpi_irs_c-f,CPI food - Statistical Center of Iran (1400 = 100),Statistical Center of Iran,persian,1391-01,9.60,,IR,Iran,,,Base year 1400,سال پایه ۱۴۰۰
cpi_irs_c-f,CPI food - Statistical Center of Iran (1400 = 100),Statistical Center of Iran,persian,1391-02,9.90,,IR,Iran,,,Base year 1400,سال پایه ۱۴۰۰
cpi_irs_c-f,CPI food - Statistical Center of Iran (1400 = 100),Statistical Center of Iran,persian,1391-03,9.90,,IR,Iran,,,Base year 1400,سال پایه ۱۴۰۰
cpi_irs_c-f,CPI food - Statistical Center of Iran (1400 = 100),Statistical Center of Iran,persian,1391-04,10.70,,IR,Iran,,,Base year 1400,سال پایه ۱۴۰۰
cpi_irs_c-f,CPI food - Statistical Center of Iran (1400 = 100),Statistical Center of Iran,persian,1391-05,10.90,,IR,Iran,,,Base year 1400,سال پایه ۱۴۰۰
cpi_irs_c-f,CPI food - Statistical Center of Iran (1400 = 100),Statistical Center of Iran,persian,1391-06,11.10,,IR,Iran,,,Base year 1400,سال پایه ۱۴۰۰
cpi_irs_c-f,CPI food - Statistical Center of Iran (1400 = 100),Statistical Center of Iran,persian,1391-07,11.60,,IR,Iran,,,Base year 1400,سال پایه ۱۴۰۰
cpi_irs_c-f,CPI food - Statistical Center of Iran (1400 = 100),Statistical Center of Iran,persian,1391-08,12.20,,IR,Iran,,,Base year 1400,سال پایه ۱۴۰۰
cpi_irs_c-f,CPI food - Statistical Center of Iran (1400 = 100),Statistical Center of Iran,persian,1391-09,12.40,,IR,Iran,,,Base year 1400,سال پایه ۱۴۰۰
cpi_irs_c-f,CPI food - Statistical Center of Iran (1400 = 100),Statistical Center of Iran,persian,1391-10,12.60,,IR,Iran,,,Base year 1400,سال پایه ۱۴۰۰
cpi_irs_c-f,CPI food - Statistical Center of Iran (1400 = 100),Statistical Center of Iran,persian,1391-11,13.50,,IR,Iran,,,Base year 1400,سال پایه ۱۴۰۰
cpi_irs_c-f,CPI food - Statistical Center of Iran (1400 = 100),Statistical Center of Iran,persian,1391-12,14.40,,IR,Iran,,,Base year 1400,سال پایه ۱۴۰۰
cpi_irs_c-f,CPI food - Statistical Center of Iran (1400 = 100),Statistical Center of Iran,persian,1392-01,15.40,,IR,Iran,,,Base year 1400,سال پایه ۱۴۰۰
cpi_irs_c-f,CPI food - Statistical Center of Iran (1400 = 100),Statistical Center of Iran,persian,1392-02,15.50,,IR,Iran,,,Base year 1400,سال پایه ۱۴۰۰
cpi_irs_c-f,CPI food - Statistical Center of Iran (1400 = 100),Statistical Center of Iran,persian,1392-03,15.90,,IR,Iran,,,Base year 1400,سال پایه ۱۴۰۰
cpi_irs_c-f,CPI food - Statistical Center of Iran (1400 = 100),Statistical Center of Iran,persian,1392-04,16.30,,IR,Iran,,,Base year 1400,سال پایه ۱۴۰۰
cpi_irs_c-f,CPI food - Statistical Center of Iran (1400 = 100),Statistical Center of Iran,persian,1392-05,16.60,,IR,Iran,,,Base year 1400,سال پایه ۱۴۰۰
cpi_irs_c-f,CPI food - Statistical Center of Iran (1400 = 100),Statistical Center of Iran,persian,1392-06,16.70,,IR,Iran,,,Base year 1400,سال پایه ۱۴۰۰
cpi_irs_c-f,CPI food - Statistical Center of Iran (1400 = 100),Statistical Center of Iran,persian,1392-07,16.90,,IR,Iran,,,Base year 1400,سال پایه ۱۴۰۰
cpi_irs_c-f,CPI food - Statistical Center of Iran (1400 = 100),Statistical Center of Iran,persian,1392-08,17.10,,IR,Iran,,,Base year 1400,سال پایه ۱۴۰۰
cpi_irs_c-f,CPI food - Statistical Center of Iran (1400 = 100),Statistical Center of Iran,persian,1392-09,17.10,,IR,Iran,,,Base year 1400,سال پایه ۱۴۰۰
cpi_irs_c-f,CPI food - Statistical Center of Iran (1400 = 100),Statistical Center of Iran,persian,1392-10,17.40,,IR,Iran,,,Base year 1400,سال پایه ۱۴۰۰
cpi_irs_c-f,CPI food - Statistical Center of Iran (1400 = 100),Statistical Center of Iran,persian,1392-11,17.30,,IR,Iran,,,Base year 1400,سال پایه ۱۴۰۰
cpi_irs_c-f,CPI food - Statistical Center of Iran (1400 = 100),Statistical Center of Iran,persian,1392-12,17.50,,IR,Iran,,,Base year 1400,سال پایه ۱۴۰۰
cpi_irs_c-f,CPI food - Statistical Center of Iran (1400 = 100),Statistical Center of Iran,persian,1393-01,17.80,,IR,Iran,,,Base year 1400,سال پایه ۱۴۰۰
cpi_irs_c-f,CPI food - Statistical Center of Iran (1400 = 100),Statistical Center of Iran,persian,1393-02,17.10,,IR,Iran,,,Base year 1400,سال پایه ۱۴۰۰
cpi_irs_c-f,CPI food - Statistical Center of Iran (1400 = 100),Statistical Center of Iran,persian,1393-03,17.10,,IR,Iran,,,Base year 1400,سال پایه ۱۴۰۰
cpi_irs_c-f,CPI food - Statistical Center of Iran (1400 = 100),Statistical Center of Iran,persian,1393-04,17.60,,IR,Iran,,,Base year 1400,سال پایه ۱۴۰۰
cpi_irs_c-f,CPI food - Statistical Center of Iran (1400 = 100),Statistical Center of Iran,persian,1393-05,18.00,,IR,Iran,,,Base year 1400,سال پایه ۱۴۰۰
cpi_irs_c-f,CPI food - Statistical Center of Iran (1400 = 100),Statistical Center of Iran,persian,1393-06,18.20,,IR,Iran,,,Base year 1400,سال پایه ۱۴۰۰
cpi_irs_c-f,CPI food - Statistical Center of Iran (1400 = 100),Statistical Center of Iran,persian,1393-07,18.20,,IR,Iran,,,Base year 1400,سال پایه ۱۴۰۰
cpi_irs_c-f,CPI food - Statistical Center of Iran (1400 = 100),Statistical Center of Iran,persian,1393-08,18.40,,IR,Iran,,,Base year 1400,سال پایه ۱۴۰۰
cpi_irs_c-f,CPI food - Statistical Center of Iran (1400 = 100),Statistical Center of Iran,persian,1393-09,19.20,,IR,Iran,,,Base year 1400,سال پایه ۱۴۰۰
cpi_irs_c-f,CPI food - Statistical Center of Iran (1400 = 100),Statistical Center of Iran,persian,1393-10,19.10,,IR,Iran,,,Base year 1400,سال پایه ۱۴۰۰
cpi_irs_c-f,CPI food - Statistical Center of Iran (1400 = 100),Statistical Center of Iran,persian,1393-11,19.00,,IR,Iran,,,Base year 1400,سال پایه ۱۴۰۰
cpi_irs_c-f,CPI food - Statistical Center of Iran (1400 = 100),Statistical Center of Iran,persian,1393-12,19.10,,IR,Iran,,,Base year 1400,سال پایه ۱۴۰۰
cpi_irs_c-f,CPI food - Statistical Center of Iran (1400 = 100),Statistical Center of Iran,persian,1394-01,19.50,,IR,Iran,,,Base year 1400,سال پایه ۱۴۰۰
cpi_irs_c-f,CPI food - Statistical Center of Iran (1400 = 100),Statistical Center of Iran,persian,1394-02,19.60,,IR,Iran,,,Base year 1400,سال پایه ۱۴۰۰
cpi_irs_c-f,CPI food - Statistical Center of Iran (1400 = 100),Statistical Center of Iran,persian,1394-03,19.70,,IR,Iran,,,Base year 1400,سال پایه ۱۴۰۰
cpi_irs_c-f,CPI food - Statistical Center of Iran (1400 = 100),Statistical Center of Iran,persian,1394-04,19.90,,IR,Iran,,,Base year 1400,سال پایه ۱۴۰۰
cpi_irs_c-f,CPI food - Statistical Center of Iran (1400 = 100),Statistical Center of Iran,persian,1394-05,20.00,,IR,Iran,,,Base year 1400,سال پایه ۱۴۰۰
cpi_irs_c-f,CPI food - Statistical Center of Iran (1400 = 100),Statistical Center of Iran,persian,1394-06,19.90,,IR,Iran,,,Base year 1400,سال پایه ۱۴۰۰
cpi_irs_c-f,CPI food - Statistical Center of Iran (1400 = 100),Statistical Center of Iran,persian,1394-07,19.70,,IR,Iran,,,Base year 1400,سال پایه ۱۴۰۰
cpi_irs_c-f,CPI food - Statistical Center of Iran (1400 = 100),Statistical Center of Iran,persian,1394-08,19.80,,IR,Iran,,,Base year 1400,سال پایه ۱۴۰۰
cpi_irs_c-f,CPI food - Statistical Center of Iran (1400 = 100),Statistical Center of Iran,persian,1394-09,20.40,,IR,Iran,,,Base year 1400,سال پایه ۱۴۰۰
cpi_irs_c-f,CPI food - Statistical Center of Iran (1400 = 100),Statistical Center of Iran,persian,1394-10,20.50,,IR,Iran,,,Base year 1400,سال پایه ۱۴۰۰
cpi_irs_c-f,CPI food - Statistical Center of Iran (1400 = 100),Statistical Center of Iran,persian,1394-11,20.40,,IR,Iran,,,Base year 1400,سال پایه ۱۴۰۰
cpi_irs_c-f,CPI food - Statistical Center of Iran (1400 = 100),Statistical Center of Iran,persian,1394-12,20.50,,IR,Iran,,,Base year 1400,سال پایه ۱۴۰۰
cpi_irs_c-f,CPI food - Statistical Center of Iran (1400 = 100),Statistical Center of Iran,persian,1395-01,20.40,,IR,Iran,,,Base year 1400,سال پایه ۱۴۰۰
cpi_irs_c-f,CPI food - Statistical Center of Iran (1400 = 100),Statistical Center of Iran,persian,1395-02,20.40,,IR,Iran,,,Base year 1400,سال پایه ۱۴۰۰
cpi_irs_c-f,CPI food - Statistical Center of Iran (1400 = 100),Statistical Center of Iran,persian,1395-03,20.70,,IR,Iran,,,Base year 1400,سال پایه ۱۴۰۰
cpi_irs_c-f,CPI food - Statistical Center of Iran (1400 = 100),Statistical Center of Iran,persian,1395-04,21.00,,IR,Iran,,,Base year 1400,سال پایه ۱۴۰۰
cpi_irs_c-f,CPI food - Statistical Center of Iran (1400 = 100),Statistical Center of Iran,persian,1395-05,21.40,,IR,Iran,,,Base year 1400,سال پایه ۱۴۰۰
cpi_irs_c-f,CPI food - Statistical Center of Iran (1400 = 100),Statistical Center of Iran,persian,1395-06,21.50,,IR,Iran,,,Base year 1400,سال پایه ۱۴۰۰
cpi_irs_c-f,CPI food - Statistical Center of Iran (1400 = 100),Statistical Center of Iran,persian,1395-07,21.30,,IR,Iran,,,Base year 1400,سال پایه ۱۴۰۰
cpi_irs_c-f,CPI food - Statistical Center of Iran (1400 = 100),Statistical Center of Iran,persian,1395-08,21.40,,IR,Iran,,,Base year 1400,سال پایه ۱۴۰۰
cpi_irs_c-f,CPI food - Statistical Center of Iran (1400 = 100),Statistical Center of Iran,persian,1395-09,21.80,,IR,Iran,,,Base year 1400,سال پایه ۱۴۰۰
cpi_irs_c-f,CPI food - Statistical Center of Iran (1400 = 100),Statistical Center of Iran,persian,1395-10,22.10,,IR,Iran,,,Base year 1400,سال پایه ۱۴۰۰
cpi_irs_c-f,CPI food - Statistical Center of Iran (1400 = 100),Statistical Center of Iran,persian,1395-11,22.40,,IR,Iran,,,Base year 1400,سال پایه ۱۴۰۰
cpi_irs_c-f,CPI food - Statistical Center of Iran (1400 = 100),Statistical Center of Iran,persian,1395-12,23.40,,IR,Iran,,,Base year 1400,سال پایه ۱۴۰۰
cpi_irs_c-f,CPI food - Statistical Center of Iran (1400 = 100),Statistical Center of Iran,persian,1396-01,24.00,,IR,Iran,,,Base year 1400,سال پایه ۱۴۰۰
cpi_irs_c-f,CPI food - Statistical Center of Iran (1400 = 100),Statistical Center of Iran,persian,1396-02,23.70,,IR,Iran,,,Base year 1400,سال پایه ۱۴۰۰
cpi_irs_c-f,CPI food - Statistical Center of Iran (1400 = 100),Statistical Center of Iran,persian,1396-03,23.70,,IR,Iran,,,Base year 1400,سال پایه ۱۴۰۰
cpi_irs_c-f,CPI food - Statistical Center of Iran (1400 = 100),Statistical Center of Iran,persian,1396-04,23.80,,IR,Iran,,,Base year 1400,سال پایه ۱۴۰۰
cpi_irs_c-f,CPI food - Statistical Center of Iran (1400 = 100),Statistical Center of Iran,persian,1396-05,23.80,,IR,Iran,,,Base year 1400,سال پایه ۱۴۰۰
cpi_irs_c-f,CPI food - Statistical Center of Iran (1400 = 100),Statistical Center of Iran,persian,1396-06,23.50,,IR,Iran,,,Base year 1400,سال پایه ۱۴۰۰
cpi_irs_c-f,CPI food - Statistical Center of Iran (1400 = 100),Statistical Center of Iran,persian,1396-07,23.60,,IR,Iran,,,Base year 1400,سال پایه ۱۴۰۰
cpi_irs_c-f,CPI food - Statistical Center of Iran (1400 = 100),Statistical Center of Iran,persian,1396-08,24.10,,IR,Iran,,,Base year 1400,سال پایه ۱۴۰۰
cpi_irs_c-f,CPI food - Statistical Center of Iran (1400 = 100),Statistical Center of Iran,persian,1396-09,24.60,,IR,Iran,,,Base year 1400,سال پایه ۱۴۰۰
cpi_irs_c-f,CPI food - Statistical Center of Iran (1400 = 100),Statistical Center of Iran,persian,1396-10,24.70,,IR,Iran,,,Base year 1400,سال پایه ۱۴۰۰
cpi_irs_c-f,CPI food - Statistical Center of Iran (1400 = 100),Statistical Center of Iran,persian,1396-11,24.80,,IR,Iran,,,Base year 1400,سال پایه ۱۴۰۰
cpi_irs_c-f,CPI food - Statistical Center of Iran (1400 = 100),Statistical Center of Iran,persian,1396-12,24.90,,IR,Iran,,,Base year 1400,سال پایه ۱۴۰۰
cpi_irs_c-f,CPI food - Statistical Center of Iran (1400 = 100),Statistical Center of Iran,persian,1397-01,25.50,,IR,Iran,,,Base year 1400,سال پایه ۱۴۰۰
cpi_irs_c-f,CPI food - Statistical Center of Iran (1400 = 100),Statistical Center of Iran,persian,1397-02,25.70,,IR,Iran,,,Base year 1400,سال پایه ۱۴۰۰
cpi_irs_c-f,CPI food - Statistical Center of Iran (1400 = 100),Statistical Center of Iran,persian,1397-03,26.70,,IR,Iran,,,Base year 1400,سال پایه ۱۴۰۰
cpi_irs_c-f,CPI food - Statistical Center of Iran (1400 = 100),Statistical Center of Iran,persian,1397-04,27.60,,IR,Iran,,,Base year 1400,سال پایه ۱۴۰۰
cpi_irs_c-f,CPI food - Statistical Center of Iran (1400 = 100),Statistical Center of Iran,persian,1397-05,30.10,,IR,Iran,,,Base year 1400,سال پایه ۱۴۰۰
cpi_irs_c-f,CPI food - Statistical Center of Iran (1400 = 100),Statistical Center of Iran,persian,1397-06,32.00,,IR,Iran,,,Base year 1400,سال پایه ۱۴۰۰
cpi_irs_c-f,CPI food - Statistical Center of Iran (1400 = 100),Statistical Center of Iran,persian,1397-07,34.80,,IR,Iran,,,Base year 1400,سال پایه ۱۴۰۰
cpi_irs_c-f,CPI food - Statistical Center of Iran (1400 = 100),Statistical Center of Iran,persian,1397-08,36.20,,IR,Iran,,,Base year 1400,سال پایه ۱۴۰۰
cpi_irs_c-f,CPI food - Statistical Center of Iran (1400 = 100),Statistical Center of Iran,persian,1397-09,37.90,,IR,Iran,,,Base year 1400,سال پایه ۱۴۰۰
cpi_irs_c-f,CPI food - Statistical Center of Iran (1400 = 100),Statistical Center of Iran,persian,1397-10,39.00,,IR,Iran,,,Base year 1400,سال پایه ۱۴۰۰
cpi_irs_c-f,CPI food - Statistical Center of Iran (1400 = 100),Statistical Center of Iran,persian,1397-11,40.80,,IR,Iran,,,Base year 1400,سال پایه ۱۴۰۰
cpi_irs_c-f,CPI food - Statistical Center of Iran (1400 = 100),Statistical Center of Iran,persian,1397-12,43.40,,IR,Iran,,,Base year 1400,سال پایه ۱۴۰۰
cpi_irs_c-f,CPI food - Statistical Center of Iran (1400 = 100),Statistical Center of Iran,persian,1398-01,47.20,,IR,Iran,,,Base year 1400,سال پایه ۱۴۰۰
cpi_irs_c-f,CPI food - Statistical Center of Iran (1400 = 100),Statistical Center of Iran,persian,1398-02,46.80,,IR,Iran,,,Base year 1400,سال پایه ۱۴۰۰
cpi_irs_c-f,CPI food - Statistical Center of Iran (1400 = 100),Statistical Center of Iran,persian,1398-03,46.80,,IR,Iran,,,Base year 1400,سال پایه ۱۴۰۰
cpi_irs_c-f,CPI food - Statistical Center of Iran (1400 = 100),Statistical Center of Iran,persian,1398-04,47.40,,IR,Iran,,,Base year 1400,سال پایه ۱۴۰۰
cpi_irs_c-f,CPI food - Statistical Center of Iran (1400 = 100),Statistical Center of Iran,persian,1398-05,47.10,,IR,Iran,,,Base year 1400,سال پایه ۱۴۰۰
cpi_irs_c-f,CPI food - Statistical Center of Iran (1400 = 100),Statistical Center of Iran,persian,1398-06,46.50,,IR,Iran,,,Base year 1400,سال پایه ۱۴۰۰
cpi_irs_c-f,CPI food - Statistical Center of Iran (1400 = 100),Statistical Center of Iran,persian,1398-07,46.00,,IR,Iran,,,Base year 1400,سال پایه ۱۴۰۰
cpi_irs_c-f,CPI food - Statistical Center of Iran (1400 = 100),Statistical Center of Iran,persian,1398-08,46.60,,IR,Iran,,,Base year 1400,سال پایه ۱۴۰۰
cpi_irs_c-f,CPI food - Statistical Center of Iran (1400 = 100),Statistical Center of Iran,persian,1398-09,48.50,,IR,Iran,,,Base year 1400,سال پایه ۱۴۰۰
cpi_irs_c-f,CPI food - Statistical Center of Iran (1400 = 100),Statistical Center of Iran,persian,1398-10,48.40,,IR,Iran,,,Base year 1400,سال پایه ۱۴۰۰
cpi_irs_c-f,CPI food - Statistical Center of Iran (1400 = 100),Statistical Center of Iran,persian,1398-11,48.80,,IR,Iran,,,Base year 1400,سال پایه ۱۴۰۰
cpi_irs_c-f,CPI food - Statistical Center of Iran (1400 = 100),Statistical Center of Iran,persian,1398-12,49.70,,IR,Iran,,,Base year 1400,سال پایه ۱۴۰۰
cpi_irs_c-f,CPI food - Statistical Center of Iran (1400 = 100),Statistical Center of Iran,persian,1399-01,52.20,,IR,Iran,,,Base year 1400,سال پایه ۱۴۰۰
cpi_irs_c-f,CPI food - Statistical Center of Iran (1400 = 100),Statistical Center of Iran,persian,1399-02,52.50,,IR,Iran,,,Base year 1400,سال پایه ۱۴۰۰
cpi_irs_c-f,CPI food - Statistical Center of Iran (1400 = 100),Statistical Center of Iran,persian,1399-03,53.70,,IR,Iran,,,Base year 1400,سال پایه ۱۴۰۰
cpi_irs_c-f,CPI food - Statistical Center of Iran (1400 = 100),Statistical Center of Iran,persian,1399-04,57.30,,IR,Iran,,,Base year 1400,سال پایه ۱۴۰۰
cpi_irs_c-f,CPI food - Statistical Center of Iran (1400 = 100),Statistical Center of Iran,persian,1399-05,59.40,,IR,Iran,,,Base year 1400,سال پایه ۱۴۰۰
cpi_irs_c-f,CPI food - Statistical Center of Iran (1400 = 100),Statistical Center of Iran,persian,1399-06,61.10,,IR,Iran,,,Base year 1400,سال پایه ۱۴۰۰
cpi_irs_c-f,CPI food - Statistical Center of Iran (1400 = 100),Statistical Center of Iran,persian,1399-07,64.60,,IR,Iran,,,Base year 1400,سال پایه ۱۴۰۰
cpi_irs_c-f,CPI food - Statistical Center of Iran (1400 = 100),Statistical Center of Iran,persian,1399-08,73.00,,IR,Iran,,,Base year 1400,سال پایه ۱۴۰۰
cpi_irs_c-f,CPI food - Statistical Center of Iran (1400 = 100),Statistical Center of Iran,persian,1399-09,76.60,,IR,Iran,,,Base year 1400,سال پایه ۱۴۰۰
cpi_irs_c-f,CPI food - Statistical Center of Iran (1400 = 100),Statistical Center of Iran,persian,1399-10,77.40,,IR,Iran,,,Base year 1400,سال پایه ۱۴۰۰
cpi_irs_c-f,CPI food - Statistical Center of Iran (1400 = 100),Statistical Center of Iran,persian,1399-11,81.40,,IR,Iran,,,Base year 1400,سال پایه ۱۴۰۰
cpi_irs_c-f,CPI food - Statistical Center of Iran (1400 = 100),Statistical Center of Iran,persian,1399-12,82.80,,IR,Iran,,,Base year 1400,سال پایه ۱۴۰۰
cpi_irs_c-f,CPI food - Statistical Center of Iran (1400 = 100),Statistical Center of Iran,persian,1400-01,85.40,,IR,Iran,,,Base year 1400,سال پایه ۱۴۰۰
cpi_irs_c-f,CPI food - Statistical Center of Iran (1400 = 100),Statistical Center of Iran,persian,1400-02,85.20,,IR,Iran,,,Base year 1400,سال پایه ۱۴۰۰
cpi_irs_c-f,CPI food - Statistical Center of Iran (1400 = 100),Statistical Center of Iran,persian,1400-03,87.50,,IR,Iran,,,Base year 1400,سال پایه ۱۴۰۰
cpi_irs_c-f,CPI food - Statistical Center of Iran (1400 = 100),Statistical Center of Iran,persian,1400-04,89.80,,IR,Iran,,,Base year 1400,سال پایه ۱۴۰۰
cpi_irs_c-f,CPI food - Statistical Center of Iran (1400 = 100),Statistical Center of Iran,persian,1400-05,94.40,,IR,Iran,,,Base year 1400,سال پایه ۱۴۰۰
cpi_irs_c-f,CPI food - Statistical Center of Iran (1400 = 100),Statistical Center of Iran,persian,1400-06,99.00,,IR,Iran,,,Base year 1400,سال پایه ۱۴۰۰
cpi_irs_c-f,CPI food - Statistical Center of Iran (1400 = 100),Statistical Center of Iran,persian,1400-07,102.70,,IR,Iran,,,Base year 1400,سال پایه ۱۴۰۰
cpi_irs_c-f,CPI food - Statistical Center of Iran (1400 = 100),Statistical Center of Iran,persian,1400-08,105.40,,IR,Iran,,,Base year 1400,سال پایه ۱۴۰۰
cpi_irs_c-f,CPI food - Statistical Center of Iran (1400 = 100),Statistical Center of Iran,persian,1400-09,107.60,,IR,Iran,,,Base year 1400,سال پایه ۱۴۰۰
cpi_irs_c-f,CPI food - Statistical Center of Iran (1400 = 100),Statistical Center of Iran,persian,1400-10,109.80,,IR,Iran,,,Base year 1400,سال پایه ۱۴۰۰
cpi_irs_c-f,CPI food - Statistical Center of Iran (1400 = 100),Statistical Center of Iran,persian,1400-11,114.90,,IR,Iran,,,Base year 1400,سال پایه ۱۴۰۰
cpi_irs_c-f,CPI food - Statistical Center of Iran (1400 = 100),Statistical Center of Iran,persian,1400-12,118.30,,IR,Iran,,,Base year 1400,سال پایه ۱۴۰۰
cpi_irs_c-f,CPI food - Statistical Center of Iran (1400 = 100),Statistical Center of Iran,persian,1401-01,122.50,,IR,Iran,,,Base year 1400,سال پایه ۱۴۰۰
cpi_irs_c-f,CPI food - Statistical Center of Iran (1400 = 100),Statistical Center of Iran,persian,1401-02,127.40,,IR,Iran,,,Base year 1400,سال پایه ۱۴۰۰
cpi_irs_c-f,CPI food - Statistical Center of Iran (1400 = 100),Statistical Center of Iran,persian,1401-03,159.40,,IR,Iran,,,Base year 1400,سال پایه ۱۴۰۰
cpi_irs_c-f,CPI food - Statistical Center of Iran (1400 = 100),Statistical Center of Iran,persian,1401-04,167.70,,IR,Iran,,,Base year 1400,سال پایه ۱۴۰۰
cpi_irs_c-f,CPI food - Statistical Center of Iran (1400 = 100),Statistical Center of Iran,persian,1401-05,170.50,,IR,Iran,,,Base year 1400,سال پایه ۱۴۰۰
cpi_irs_c-f,CPI food - Statistical Center of Iran (1400 = 100),Statistical Center of Iran,persian,1401-06,173.80,,IR,Iran,,,Base year 1400,سال پایه ۱۴۰۰
cpi_irs_c-f,CPI food - Statistical Center of Iran (1400 = 100),Statistical Center of Iran,persian,1401-07,176.60,,IR,Iran,,,Base year 1400,سال پایه ۱۴۰۰
cpi_irs_c-f,CPI food - Statistical Center of Iran (1400 = 100),Statistical Center of Iran,persian,1401-08,178.20,,IR,Iran,,,Base year 1400,سال پایه ۱۴۰۰
cpi_irs_c-f,CPI food - Statistical Center of Iran (1400 = 100),Statistical Center of Iran,persian,1401-09,179.00,,IR,Iran,,,Base year 1400,سال پایه ۱۴۰۰
cpi_irs_c-f,CPI food - Statistical Center of Iran (1400 = 100),Statistical Center of Iran,persian,1401-10,186.40,,IR,Iran,,,Base year 1400,سال پایه ۱۴۰۰
cpi_irs_c-f,CPI food - Statistical Center of Iran (1400 = 100),Statistical Center of Iran,persian,1401-11,195.80,,IR,Iran,,,Base year 1400,سال پایه ۱۴۰۰
cpi_irs_c-f,CPI food - Statistical Center of Iran (1400 = 100),Statistical Center of Iran,persian,1401-12,209.20,,IR,Iran,,,Base year 1400,سال پایه ۱۴۰۰
cpi_irs_c-f,CPI food - Statistical Center of Iran (1400 = 100),Statistical Center of Iran,persian,1402-01,217.70,,IR,Iran,,,Base year 1400,سال پایه ۱۴۰۰
cpi_irs_c-f,CPI food - Statistical Center of Iran (1400 = 100),Statistical Center of Iran,persian,1402-02,223.40,,IR,Iran,,,Base year 1400,سال پایه ۱۴۰۰
cpi_irs_c-f,CPI food - Statistical Center of Iran (1400 = 100),Statistical Center of Iran,persian,1402-03,227.30,,IR,Iran,,,Base year 1400,سال پایه ۱۴۰۰
cpi_irs_c-f,CPI food - Statistical Center of Iran (1400 = 100),Statistical Center of Iran,persian,1402-04,230.00,,IR,Iran,,,Base year 1400,سال پایه ۱۴۰۰
cpi_irs_c-f,CPI food - Statistical Center of Iran (1400 = 100),Statistical Center of Iran,persian,1402-05,236.00,,IR,Iran,,,Base year 1400,سال پایه ۱۴۰۰
cpi_irs_c-f,CPI food - Statistical Center of Iran (1400 = 100),Statistical Center of Iran,persian,1402-06,239.40,,IR,Iran,,,Base year 1400,سال پایه ۱۴۰۰
cpi_irs_c-f,CPI food - Statistical Center of Iran (1400 = 100),Statistical Center of Iran,persian,1402-07,240.60,,IR,Iran,,,Base year 1400,سال پایه ۱۴۰۰
cpi_irs_c-f,CPI food - Statistical Center of Iran (1400 = 100),Statistical Center of Iran,persian,1402-08,243.00,,IR,Iran,,,Base year 1400,سال پایه ۱۴۰۰
cpi_irs_c-f,CPI food - Statistical Center of Iran (1400 = 100),Statistical Center of Iran,persian,1402-09,253.10,,IR,Iran,,,Base year 1400,سال پایه ۱۴۰۰
cpi_irs_c-f,CPI food - Statistical Center of Iran (1400 = 100),Statistical Center of Iran,persian,1402-10,259.10,,IR,Iran,,,Base year 1400,سال پایه ۱۴۰۰
cpi_irs_c-f,CPI food - Statistical Center of Iran (1400 = 100),Statistical Center of Iran,persian,1402-11,257.90,,IR,Iran,,,Base year 1400,سال پایه ۱۴۰۰
cpi_irs_c-f,CPI food - Statistical Center of Iran (1400 = 100),Statistical Center of Iran,persian,1402-12,262.00,,IR,Iran,,,Base year 1400,سال پایه ۱۴۰۰
cpi_irs_c-f,CPI food - Statistical Center of Iran (1400 = 100),Statistical Center of Iran,persian,1403-01,269.50,,IR,Iran,,,Base year 1400,سال پایه ۱۴۰۰
cpi_irs_c-f,CPI food - Statistical Center of Iran (1400 = 100),Statistical Center of Iran,persian,1403-02,274.40,,IR,Iran,,,Base year 1400,سال پایه ۱۴۰۰
cpi_irs_c-f,CPI food - Statistical Center of Iran (1400 = 100),Statistical Center of Iran,persian,1403-03,286.10,,IR,Iran,,,Base year 1400,سال پایه ۱۴۰۰
cpi_irs_c-f,CPI food - Statistical Center of Iran (1400 = 100),Statistical Center of Iran,persian,1403-04,290.50,,IR,Iran,,,Base year 1400,سال پایه ۱۴۰۰
cpi_irs_c-f,CPI food - Statistical Center of Iran (1400 = 100),Statistical Center of Iran,persian,1403-05,293.70,,IR,Iran,,,Base year 1400,سال پایه ۱۴۰۰
cpi_irs_c-f,CPI food - Statistical Center of Iran (1400 = 100),Statistical Center of Iran,persian,1403-06,296.40,,IR,Iran,,,Base year 1400,سال پایه ۱۴۰۰
cpi_irs_c-f,CPI food - Statistical Center of Iran (1400 = 100),Statistical Center of Iran,persian,1403-07,303.10,,IR,Iran,,,Base year 1400,سال پایه ۱۴۰۰
cpi_irs_c-f,CPI food - Statistical Center of Iran (1400 = 100),Statistical Center of Iran,persian,1403-08,313.90,,IR,Iran,,,Base year 1400,سال پایه ۱۴۰۰
cpi_irs_c-f,CPI food - Statistical Center of Iran (1400 = 100),Statistical Center of Iran,persian,1403-09,319.60,,IR,Iran,,,Base year 1400,سال پایه ۱۴۰۰
cpi_irs_c-f,CPI food - Statistical Center of Iran (1400 = 100),Statistical Center of Iran,persian,1403-10,329.80,,IR,Iran,,,Base year 1400,سال پایه ۱۴۰۰
cpi_irs_c-f,CPI food - Statistical Center of Iran (1400 = 100),Statistical Center of Iran,persian,1403-11,351.80,,IR,Iran,,,Base year 1400,سال پایه ۱۴۰۰
cpi_irs_c-f,CPI food - Statistical Center of Iran (1400 = 100),Statistical Center of Iran,persian,1403-12,368.90,,IR,Iran,,,Base year 1400,سال پایه ۱۴۰۰
cpi_irs_c-f,CPI food - Statistical Center of Iran (1400 = 100),Statistical Center of Iran,persian,1404-01,384.20,,IR,Iran,,,Base year 1400,سال پایه ۱۴۰۰
cpi_irs_c-f,CPI food - Statistical Center of Iran (1400 = 100),Statistical Center of Iran,persian,1404-02,388.30,,IR,Iran,,,Base year 1400,سال پایه ۱۴۰۰
cpi_irs_c-f,CPI food - Statistical Center of Iran (1400 = 100),Statistical Center of Iran,persian,1404-03,407.20,,IR,Iran,,,Base year 1400,سال پایه ۱۴۰۰
cpi_irs_c-f,CPI food - Statistical Center of Iran (1400 = 100),Statistical Center of Iran,persian,1404-04,428.00,,IR,Iran,,,Base year 1400,سال پایه ۱۴۰۰
cpi_irs_c-f,CPI food - Statistical Center of Iran (1400 = 100),Statistical Center of Iran,persian,1404-05,444.50,,IR,Iran,,,Base year 1400,سال پایه ۱۴۰۰
cpi_irs_c-f,CPI food - Statistical Center of Iran (1400 = 100),Statistical Center of Iran,persian,1404-06,467.70,,IR,Iran,,,Base year 1400,سال پایه ۱۴۰۰
cpi_irs_c-f,CPI food - Statistical Center of Iran (1400 = 100),Statistical Center of Iran,persian,1404-07,497.60,,IR,Iran,,,Base year 1400,سال پایه ۱۴۰۰
cpi_irs_c-f,CPI food - Statistical Center of Iran (1400 = 100),Statistical Center of Iran,persian,1404-08,521.20,,IR,Iran,,,Base year 1400,سال پایه ۱۴۰۰
cpi_irs_c-f,CPI food - Statistical Center of Iran (1400 = 100),Statistical Center of Iran,persian,1404-09,549.90,,IR,Iran,,,Base year 1400,سال پایه ۱۴۰۰
cpi_irs_c-f,CPI food - Statistical Center of Iran (1400 = 100),Statistical Center of Iran,persian,1404-10,625.40,,IR,Iran,,,Base year 1400,سال پایه ۱۴۰۰
cpi_irs_c-f,CPI food - Statistical Center of Iran (1400 = 100),Statistical Center of Iran,persian,1404-11,726.20,,IR,Iran,,,Base year 1400,سال پایه ۱۴۰۰
cpi_irs_c-f,CPI food - Statistical Center of Iran (1400 = 100),Statistical Center of Iran,persian,1404-12,784.50,,IR,Iran,,,Base year 1400,سال پایه ۱۴۰۰
cpi_irs_c-f,CPI food - Statistical Center of Iran (1400 = 100),Statistical Center of Iran,persian,1405-01,828.80,,IR,Iran,,,Base year 1400,سال پایه ۱۴۰۰
cpi_irs_c-nf,CPI non-food - Statistical Center of Iran (1400 = 100),Statistical Center of Iran,persian,1390-01,13.20,,IR,Iran,,,Base year 1400,سال پایه ۱۴۰۰
cpi_irs_c-nf,CPI non-food - Statistical Center of Iran (1400 = 100),Statistical Center of Iran,persian,1390-02,13.50,,IR,Iran,,,Base year 1400,سال پایه ۱۴۰۰
cpi_irs_c-nf,CPI non-food - Statistical Center of Iran (1400 = 100),Statistical Center of Iran,persian,1390-03,13.70,,IR,Iran,,,Base year 1400,سال پایه ۱۴۰۰
cpi_irs_c-nf,CPI non-food - Statistical Center of Iran (1400 = 100),Statistical Center of Iran,persian,1390-04,14.00,,IR,Iran,,,Base year 1400,سال پایه ۱۴۰۰
cpi_irs_c-nf,CPI non-food - Statistical Center of Iran (1400 = 100),Statistical Center of Iran,persian,1390-05,14.40,,IR,Iran,,,Base year 1400,سال پایه ۱۴۰۰
cpi_irs_c-nf,CPI non-food - Statistical Center of Iran (1400 = 100),Statistical Center of Iran,persian,1390-06,14.60,,IR,Iran,,,Base year 1400,سال پایه ۱۴۰۰
cpi_irs_c-nf,CPI non-food - Statistical Center of Iran (1400 = 100),Statistical Center of Iran,persian,1390-07,14.90,,IR,Iran,,,Base year 1400,سال پایه ۱۴۰۰
cpi_irs_c-nf,CPI non-food - Statistical Center of Iran (1400 = 100),Statistical Center of Iran,persian,1390-08,15.00,,IR,Iran,,,Base year 1400,سال پایه ۱۴۰۰
cpi_irs_c-nf,CPI non-food - Statistical Center of Iran (1400 = 100),Statistical Center of Iran,persian,1390-09,15.20,,IR,Iran,,,Base year 1400,سال پایه ۱۴۰۰
cpi_irs_c-nf,CPI non-food - Statistical Center of Iran (1400 = 100),Statistical Center of Iran,persian,1390-10,15.30,,IR,Iran,,,Base year 1400,سال پایه ۱۴۰۰
cpi_irs_c-nf,CPI non-food - Statistical Center of Iran (1400 = 100),Statistical Center of Iran,persian,1390-11,15.50,,IR,Iran,,,Base year 1400,سال پایه ۱۴۰۰
cpi_irs_c-nf,CPI non-food - Statistical Center of Iran (1400 = 100),Statistical Center of Iran,persian,1390-12,15.70,,IR,Iran,,,Base year 1400,سال پایه ۱۴۰۰
cpi_irs_c-nf,CPI non-food - Statistical Center of Iran (1400 = 100),Statistical Center of Iran,persian,1391-01,15.90,,IR,Iran,,,Base year 1400,سال پایه ۱۴۰۰
cpi_irs_c-nf,CPI non-food - Statistical Center of Iran (1400 = 100),Statistical Center of Iran,persian,1391-02,16.00,,IR,Iran,,,Base year 1400,سال پایه ۱۴۰۰
cpi_irs_c-nf,CPI non-food - Statistical Center of Iran (1400 = 100),Statistical Center of Iran,persian,1391-03,16.20,,IR,Iran,,,Base year 1400,سال پایه ۱۴۰۰
cpi_irs_c-nf,CPI non-food - Statistical Center of Iran (1400 = 100),Statistical Center of Iran,persian,1391-04,16.60,,IR,Iran,,,Base year 1400,سال پایه ۱۴۰۰
cpi_irs_c-nf,CPI non-food - Statistical Center of Iran (1400 = 100),Statistical Center of Iran,persian,1391-05,16.90,,IR,Iran,,,Base year 1400,سال پایه ۱۴۰۰
cpi_irs_c-nf,CPI non-food - Statistical Center of Iran (1400 = 100),Statistical Center of Iran,persian,1391-06,17.40,,IR,Iran,,,Base year 1400,سال پایه ۱۴۰۰
cpi_irs_c-nf,CPI non-food - Statistical Center of Iran (1400 = 100),Statistical Center of Iran,persian,1391-07,18.30,,IR,Iran,,,Base year 1400,سال پایه ۱۴۰۰
cpi_irs_c-nf,CPI non-food - Statistical Center of Iran (1400 = 100),Statistical Center of Iran,persian,1391-08,18.80,,IR,Iran,,,Base year 1400,سال پایه ۱۴۰۰
cpi_irs_c-nf,CPI non-food - Statistical Center of Iran (1400 = 100),Statistical Center of Iran,persian,1391-09,19.10,,IR,Iran,,,Base year 1400,سال پایه ۱۴۰۰
cpi_irs_c-nf,CPI non-food - Statistical Center of Iran (1400 = 100),Statistical Center of Iran,persian,1391-10,19.50,,IR,Iran,,,Base year 1400,سال پایه ۱۴۰۰
cpi_irs_c-nf,CPI non-food - Statistical Center of Iran (1400 = 100),Statistical Center of Iran,persian,1391-11,20.20,,IR,Iran,,,Base year 1400,سال پایه ۱۴۰۰
cpi_irs_c-nf,CPI non-food - Statistical Center of Iran (1400 = 100),Statistical Center of Iran,persian,1391-12,20.50,,IR,Iran,,,Base year 1400,سال پایه ۱۴۰۰
cpi_irs_c-nf,CPI non-food - Statistical Center of Iran (1400 = 100),Statistical Center of Iran,persian,1392-01,20.80,,IR,Iran,,,Base year 1400,سال پایه ۱۴۰۰
cpi_irs_c-nf,CPI non-food - Statistical Center of Iran (1400 = 100),Statistical Center of Iran,persian,1392-02,21.10,,IR,Iran,,,Base year 1400,سال پایه ۱۴۰۰
cpi_irs_c-nf,CPI non-food - Statistical Center of Iran (1400 = 100),Statistical Center of Iran,persian,1392-03,21.70,,IR,Iran,,,Base year 1400,سال پایه ۱۴۰۰
cpi_irs_c-nf,CPI non-food - Statistical Center of Iran (1400 = 100),Statistical Center of Iran,persian,1392-04,22.20,,IR,Iran,,,Base year 1400,سال پایه ۱۴۰۰
cpi_irs_c-nf,CPI non-food - Statistical Center of Iran (1400 = 100),Statistical Center of Iran,persian,1392-05,22.60,,IR,Iran,,,Base year 1400,سال پایه ۱۴۰۰
cpi_irs_c-nf,CPI non-food - Statistical Center of Iran (1400 = 100),Statistical Center of Iran,persian,1392-06,23.00,,IR,Iran,,,Base year 1400,سال پایه ۱۴۰۰
cpi_irs_c-nf,CPI non-food - Statistical Center of Iran (1400 = 100),Statistical Center of Iran,persian,1392-07,23.30,,IR,Iran,,,Base year 1400,سال پایه ۱۴۰۰
cpi_irs_c-nf,CPI non-food - Statistical Center of Iran (1400 = 100),Statistical Center of Iran,persian,1392-08,23.70,,IR,Iran,,,Base year 1400,سال پایه ۱۴۰۰
cpi_irs_c-nf,CPI non-food - Statistical Center of Iran (1400 = 100),Statistical Center of Iran,persian,1392-09,23.90,,IR,Iran,,,Base year 1400,سال پایه ۱۴۰۰
cpi_irs_c-nf,CPI non-food - Statistical Center of Iran (1400 = 100),Statistical Center of Iran,persian,1392-10,24.10,,IR,Iran,,,Base year 1400,سال پایه ۱۴۰۰
cpi_irs_c-nf,CPI non-food - Statistical Center of Iran (1400 = 100),Statistical Center of Iran,persian,1392-11,24.10,,IR,Iran,,,Base year 1400,سال پایه ۱۴۰۰
cpi_irs_c-nf,CPI non-food - Statistical Center of Iran (1400 = 100),Statistical Center of Iran,persian,1392-12,24.30,,IR,Iran,,,Base year 1400,سال پایه ۱۴۰۰
cpi_irs_c-nf,CPI non-food - Statistical Center of Iran (1400 = 100),Statistical Center of Iran,persian,1393-01,24.60,,IR,Iran,,,Base year 1400,سال پایه ۱۴۰۰
cpi_irs_c-nf,CPI non-food - Statistical Center of Iran (1400 = 100),Statistical Center of Iran,persian,1393-02,25.40,,IR,Iran,,,Base year 1400,سال پایه ۱۴۰۰
cpi_irs_c-nf,CPI non-food - Statistical Center of Iran (1400 = 100),Statistical Center of Iran,persian,1393-03,25.70,,IR,Iran,,,Base year 1400,سال پایه ۱۴۰۰
cpi_irs_c-nf,CPI non-food - Statistical Center of Iran (1400 = 100),Statistical Center of Iran,persian,1393-04,26.20,,IR,Iran,,,Base year 1400,سال پایه ۱۴۰۰
cpi_irs_c-nf,CPI non-food - Statistical Center of Iran (1400 = 100),Statistical Center of Iran,persian,1393-05,26.60,,IR,Iran,,,Base year 1400,سال پایه ۱۴۰۰
cpi_irs_c-nf,CPI non-food - Statistical Center of Iran (1400 = 100),Statistical Center of Iran,persian,1393-06,26.80,,IR,Iran,,,Base year 1400,سال پایه ۱۴۰۰
cpi_irs_c-nf,CPI non-food - Statistical Center of Iran (1400 = 100),Statistical Center of Iran,persian,1393-07,27.30,,IR,Iran,,,Base year 1400,سال پایه ۱۴۰۰
cpi_irs_c-nf,CPI non-food - Statistical Center of Iran (1400 = 100),Statistical Center of Iran,persian,1393-08,27.50,,IR,Iran,,,Base year 1400,سال پایه ۱۴۰۰
cpi_irs_c-nf,CPI non-food - Statistical Center of Iran (1400 = 100),Statistical Center of Iran,persian,1393-09,27.70,,IR,Iran,,,Base year 1400,سال پایه ۱۴۰۰
cpi_irs_c-nf,CPI non-food - Statistical Center of Iran (1400 = 100),Statistical Center of Iran,persian,1393-10,28.10,,IR,Iran,,,Base year 1400,سال پایه ۱۴۰۰
cpi_irs_c-nf,CPI non-food - Statistical Center of Iran (1400 = 100),Statistical Center of Iran,persian,1393-11,28.20,,IR,Iran,,,Base year 1400,سال پایه ۱۴۰۰
cpi_irs_c-nf,CPI non-food - Statistical Center of Iran (1400 = 100),Statistical Center of Iran,persian,1393-12,28.30,,IR,Iran,,,Base year 1400,سال پایه ۱۴۰۰
cpi_irs_c-nf,CPI non-food - Statistical Center of Iran (1400 = 100),Statistical Center of Iran,persian,1394-01,28.50,,IR,Iran,,,Base year 1400,سال پایه ۱۴۰۰
cpi_irs_c-nf,CPI non-food - Statistical Center of Iran (1400 = 100),Statistical Center of Iran,persian,1394-02,28.70,,IR,Iran,,,Base year 1400,سال پایه ۱۴۰۰
cpi_irs_c-nf,CPI non-food - Statistical Center of Iran (1400 = 100),Statistical Center of Iran,persian,1394-03,29.10,,IR,Iran,,,Base year 1400,سال پایه ۱۴۰۰
cpi_irs_c-nf,CPI non-food - Statistical Center of Iran (1400 = 100),Statistical Center of Iran,persian,1394-04,29.50,,IR,Iran,,,Base year 1400,سال پایه ۱۴۰۰
cpi_irs_c-nf,CPI non-food - Statistical Center of Iran (1400 = 100),Statistical Center of Iran,persian,1394-05,29.70,,IR,Iran,,,Base year 1400,سال پایه ۱۴۰۰
cpi_irs_c-nf,CPI non-food - Statistical Center of Iran (1400 = 100),Statistical Center of Iran,persian,1394-06,30.10,,IR,Iran,,,Base year 1400,سال پایه ۱۴۰۰
cpi_irs_c-nf,CPI non-food - Statistical Center of Iran (1400 = 100),Statistical Center of Iran,persian,1394-07,30.50,,IR,Iran,,,Base year 1400,سال پایه ۱۴۰۰
cpi_irs_c-nf,CPI non-food - Statistical Center of Iran (1400 = 100),Statistical Center of Iran,persian,1394-08,30.70,,IR,Iran,,,Base year 1400,سال پایه ۱۴۰۰
cpi_irs_c-nf,CPI non-food - Statistical Center of Iran (1400 = 100),Statistical Center of Iran,persian,1394-09,30.90,,IR,Iran,,,Base year 1400,سال پایه ۱۴۰۰
cpi_irs_c-nf,CPI non-food - Statistical Center of Iran (1400 = 100),Statistical Center of Iran,persian,1394-10,30.90,,IR,Iran,,,Base year 1400,سال پایه ۱۴۰۰
cpi_irs_c-nf,CPI non-food - Statistical Center of Iran (1400 = 100),Statistical Center of Iran,persian,1394-11,30.80,,IR,Iran,,,Base year 1400,سال پایه ۱۴۰۰
cpi_irs_c-nf,CPI non-food - Statistical Center of Iran (1400 = 100),Statistical Center of Iran,persian,1394-12,30.90,,IR,Iran,,,Base year 1400,سال پایه ۱۴۰۰
cpi_irs_c-nf,CPI non-food - Statistical Center of Iran (1400 = 100),Statistical Center of Iran,persian,1395-01,31.10,,IR,Iran,,,Base year 1400,سال پایه ۱۴۰۰
cpi_irs_c-nf,CPI non-food - Statistical Center of Iran (1400 = 100),Statistical Center of Iran,persian,1395-02,31.20,,IR,Iran,,,Base year 1400,سال پایه ۱۴۰۰
cpi_irs_c-nf,CPI non-food - Statistical Center of Iran (1400 = 100),Statistical Center of Iran,persian,1395-03,31.30,,IR,Iran,,,Base year 1400,سال پایه ۱۴۰۰
cpi_irs_c-nf,CPI non-food - Statistical Center of Iran (1400 = 100),Statistical Center of Iran,persian,1395-04,31.60,,IR,Iran,,,Base year 1400,سال پایه ۱۴۰۰
cpi_irs_c-nf,CPI non-food - Statistical Center of Iran (1400 = 100),Statistical Center of Iran,persian,1395-05,31.80,,IR,Iran,,,Base year 1400,سال پایه ۱۴۰۰
cpi_irs_c-nf,CPI non-food - Statistical Center of Iran (1400 = 100),Statistical Center of Iran,persian,1395-06,31.90,,IR,Iran,,,Base year 1400,سال پایه ۱۴۰۰
cpi_irs_c-nf,CPI non-food - Statistical Center of Iran (1400 = 100),Statistical Center of Iran,persian,1395-07,32.20,,IR,Iran,,,Base year 1400,سال پایه ۱۴۰۰
cpi_irs_c-nf,CPI non-food - Statistical Center of Iran (1400 = 100),Statistical Center of Iran,persian,1395-08,32.30,,IR,Iran,,,Base year 1400,سال پایه ۱۴۰۰
cpi_irs_c-nf,CPI non-food - Statistical Center of Iran (1400 = 100),Statistical Center of Iran,persian,1395-09,32.40,,IR,Iran,,,Base year 1400,سال پایه ۱۴۰۰
cpi_irs_c-nf,CPI non-food - Statistical Center of Iran (1400 = 100),Statistical Center of Iran,persian,1395-10,32.60,,IR,Iran,,,Base year 1400,سال پایه ۱۴۰۰
cpi_irs_c-nf,CPI non-food - Statistical Center of Iran (1400 = 100),Statistical Center of Iran,persian,1395-11,32.70,,IR,Iran,,,Base year 1400,سال پایه ۱۴۰۰
cpi_irs_c-nf,CPI non-food - Statistical Center of Iran (1400 = 100),Statistical Center of Iran,persian,1395-12,32.70,,IR,Iran,,,Base year 1400,سال پایه ۱۴۰۰
cpi_irs_c-nf,CPI non-food - Statistical Center of Iran (1400 = 100),Statistical Center of Iran,persian,1396-01,33.00,,IR,Iran,,,Base year 1400,سال پایه ۱۴۰۰
cpi_irs_c-nf,CPI non-food - Statistical Center of Iran (1400 = 100),Statistical Center of Iran,persian,1396-02,33.10,,IR,Iran,,,Base year 1400,سال پایه ۱۴۰۰
cpi_irs_c-nf,CPI non-food - Statistical Center of Iran (1400 = 100),Statistical Center of Iran,persian,1396-03,33.20,,IR,Iran,,,Base year 1400,سال پایه ۱۴۰۰
cpi_irs_c-nf,CPI non-food - Statistical Center of Iran (1400 = 100),Statistical Center of Iran,persian,1396-04,33.60,,IR,Iran,,,Base year 1400,سال پایه ۱۴۰۰
cpi_irs_c-nf,CPI non-food - Statistical Center of Iran (1400 = 100),Statistical Center of Iran,persian,1396-05,33.80,,IR,Iran,,,Base year 1400,سال پایه ۱۴۰۰
cpi_irs_c-nf,CPI non-food - Statistical Center of Iran (1400 = 100),Statistical Center of Iran,persian,1396-06,34.00,,IR,Iran,,,Base year 1400,سال پایه ۱۴۰۰
cpi_irs_c-nf,CPI non-food - Statistical Center of Iran (1400 = 100),Statistical Center of Iran,persian,1396-07,34.60,,IR,Iran,,,Base year 1400,سال پایه ۱۴۰۰
cpi_irs_c-nf,CPI non-food - Statistical Center of Iran (1400 = 100),Statistical Center of Iran,persian,1396-08,34.80,,IR,Iran,,,Base year 1400,سال پایه ۱۴۰۰
cpi_irs_c-nf,CPI non-food - Statistical Center of Iran (1400 = 100),Statistical Center of Iran,persian,1396-09,34.80,,IR,Iran,,,Base year 1400,سال پایه ۱۴۰۰
cpi_irs_c-nf,CPI non-food - Statistical Center of Iran (1400 = 100),Statistical Center of Iran,persian,1396-10,35.00,,IR,Iran,,,Base year 1400,سال پایه ۱۴۰۰
cpi_irs_c-nf,CPI non-food - Statistical Center of Iran (1400 = 100),Statistical Center of Iran,persian,1396-11,35.10,,IR,Iran,,,Base year 1400,سال پایه ۱۴۰۰
cpi_irs_c-nf,CPI non-food - Statistical Center of Iran (1400 = 100),Statistical Center of Iran,persian,1396-12,35.10,,IR,Iran,,,Base year 1400,سال پایه ۱۴۰۰
cpi_irs_c-nf,CPI non-food - Statistical Center of Iran (1400 = 100),Statistical Center of Iran,persian,1397-01,35.50,,IR,Iran,,,Base year 1400,سال پایه ۱۴۰۰
cpi_irs_c-nf,CPI non-food - Statistical Center of Iran (1400 = 100),Statistical Center of Iran,persian,1397-02,35.90,,IR,Iran,,,Base year 1400,سال پایه ۱۴۰۰
cpi_irs_c-nf,CPI non-food - Statistical Center of Iran (1400 = 100),Statistical Center of Iran,persian,1397-03,36.20,,IR,Iran,,,Base year 1400,سال پایه ۱۴۰۰
cpi_irs_c-nf,CPI non-food - Statistical Center of Iran (1400 = 100),Statistical Center of Iran,persian,1397-04,38.00,,IR,Iran,,,Base year 1400,سال پایه ۱۴۰۰
cpi_irs_c-nf,CPI non-food - Statistical Center of Iran (1400 = 100),Statistical Center of Iran,persian,1397-05,39.40,,IR,Iran,,,Base year 1400,سال پایه ۱۴۰۰
cpi_irs_c-nf,CPI non-food - Statistical Center of Iran (1400 = 100),Statistical Center of Iran,persian,1397-06,41.30,,IR,Iran,,,Base year 1400,سال پایه ۱۴۰۰
cpi_irs_c-nf,CPI non-food - Statistical Center of Iran (1400 = 100),Statistical Center of Iran,persian,1397-07,44.00,,IR,Iran,,,Base year 1400,سال پایه ۱۴۰۰
cpi_irs_c-nf,CPI non-food - Statistical Center of Iran (1400 = 100),Statistical Center of Iran,persian,1397-08,44.80,,IR,Iran,,,Base year 1400,سال پایه ۱۴۰۰
cpi_irs_c-nf,CPI non-food - Statistical Center of Iran (1400 = 100),Statistical Center of Iran,persian,1397-09,45.60,,IR,Iran,,,Base year 1400,سال پایه ۱۴۰۰
cpi_irs_c-nf,CPI non-food - Statistical Center of Iran (1400 = 100),Statistical Center of Iran,persian,1397-10,46.30,,IR,Iran,,,Base year 1400,سال پایه ۱۴۰۰
cpi_irs_c-nf,CPI non-food - Statistical Center of Iran (1400 = 100),Statistical Center of Iran,persian,1397-11,46.80,,IR,Iran,,,Base year 1400,سال پایه ۱۴۰۰
cpi_irs_c-nf,CPI non-food - Statistical Center of Iran (1400 = 100),Statistical Center of Iran,persian,1397-12,48.10,,IR,Iran,,,Base year 1400,سال پایه ۱۴۰۰
cpi_irs_c-nf,CPI non-food - Statistical Center of Iran (1400 = 100),Statistical Center of Iran,persian,1398-01,48.90,,IR,Iran,,,Base year 1400,سال پایه ۱۴۰۰
cpi_irs_c-nf,CPI non-food - Statistical Center of Iran (1400 = 100),Statistical Center of Iran,persian,1398-02,50.20,,IR,Iran,,,Base year 1400,سال پایه ۱۴۰۰
cpi_irs_c-nf,CPI non-food - Statistical Center of Iran (1400 = 100),Statistical Center of Iran,persian,1398-03,50.80,,IR,Iran,,,Base year 1400,سال پایه ۱۴۰۰
cpi_irs_c-nf,CPI non-food - Statistical Center of Iran (1400 = 100),Statistical Center of Iran,persian,1398-04,52.60,,IR,Iran,,,Base year 1400,سال پایه ۱۴۰۰
cpi_irs_c-nf,CPI non-food - Statistical Center of Iran (1400 = 100),Statistical Center of Iran,persian,1398-05,53.30,,IR,Iran,,,Base year 1400,سال پایه ۱۴۰۰
cpi_irs_c-nf,CPI non-food - Statistical Center of Iran (1400 = 100),Statistical Center of Iran,persian,1398-06,54.00,,IR,Iran,,,Base year 1400,سال پایه ۱۴۰۰
cpi_irs_c-nf,CPI non-food - Statistical Center of Iran (1400 = 100),Statistical Center of Iran,persian,1398-07,55.70,,IR,Iran,,,Base year 1400,سال پایه ۱۴۰۰
cpi_irs_c-nf,CPI non-food - Statistical Center of Iran (1400 = 100),Statistical Center of Iran,persian,1398-08,56.60,,IR,Iran,,,Base year 1400,سال پایه ۱۴۰۰
cpi_irs_c-nf,CPI non-food - Statistical Center of Iran (1400 = 100),Statistical Center of Iran,persian,1398-09,58.20,,IR,Iran,,,Base year 1400,سال پایه ۱۴۰۰
cpi_irs_c-nf,CPI non-food - Statistical Center of Iran (1400 = 100),Statistical Center of Iran,persian,1398-10,59.00,,IR,Iran,,,Base year 1400,سال پایه ۱۴۰۰
cpi_irs_c-nf,CPI non-food - Statistical Center of Iran (1400 = 100),Statistical Center of Iran,persian,1398-11,59.70,,IR,Iran,,,Base year 1400,سال پایه ۱۴۰۰
cpi_irs_c-nf,CPI non-food - Statistical Center of Iran (1400 = 100),Statistical Center of Iran,persian,1398-12,60.50,,IR,Iran,,,Base year 1400,سال پایه ۱۴۰۰
cpi_irs_c-nf,CPI non-food - Statistical Center of Iran (1400 = 100),Statistical Center of Iran,persian,1399-01,60.90,,IR,Iran,,,Base year 1400,سال پایه ۱۴۰۰
cpi_irs_c-nf,CPI non-food - Statistical Center of Iran (1400 = 100),Statistical Center of Iran,persian,1399-02,63.10,,IR,Iran,,,Base year 1400,سال پایه ۱۴۰۰
cpi_irs_c-nf,CPI non-food - Statistical Center of Iran (1400 = 100),Statistical Center of Iran,persian,1399-03,64.20,,IR,Iran,,,Base year 1400,سال پایه ۱۴۰۰
cpi_irs_c-nf,CPI non-food - Statistical Center of Iran (1400 = 100),Statistical Center of Iran,persian,1399-04,68.30,,IR,Iran,,,Base year 1400,سال پایه ۱۴۰۰
cpi_irs_c-nf,CPI non-food - Statistical Center of Iran (1400 = 100),Statistical Center of Iran,persian,1399-05,70.60,,IR,Iran,,,Base year 1400,سال پایه ۱۴۰۰
cpi_irs_c-nf,CPI non-food - Statistical Center of Iran (1400 = 100),Statistical Center of Iran,persian,1399-06,73.40,,IR,Iran,,,Base year 1400,سال پایه ۱۴۰۰
cpi_irs_c-nf,CPI non-food - Statistical Center of Iran (1400 = 100),Statistical Center of Iran,persian,1399-07,79.00,,IR,Iran,,,Base year 1400,سال پایه ۱۴۰۰
cpi_irs_c-nf,CPI non-food - Statistical Center of Iran (1400 = 100),Statistical Center of Iran,persian,1399-08,80.20,,IR,Iran,,,Base year 1400,سال پایه ۱۴۰۰
cpi_irs_c-nf,CPI non-food - Statistical Center of Iran (1400 = 100),Statistical Center of Iran,persian,1399-09,80.70,,IR,Iran,,,Base year 1400,سال پایه ۱۴۰۰
cpi_irs_c-nf,CPI non-food - Statistical Center of Iran (1400 = 100),Statistical Center of Iran,persian,1399-10,82.50,,IR,Iran,,,Base year 1400,سال پایه ۱۴۰۰
cpi_irs_c-nf,CPI non-food - Statistical Center of Iran (1400 = 100),Statistical Center of Iran,persian,1399-11,83.40,,IR,Iran,,,Base year 1400,سال پایه ۱۴۰۰
cpi_irs_c-nf,CPI non-food - Statistical Center of Iran (1400 = 100),Statistical Center of Iran,persian,1399-12,84.90,,IR,Iran,,,Base year 1400,سال پایه ۱۴۰۰
cpi_irs_c-nf,CPI non-food - Statistical Center of Iran (1400 = 100),Statistical Center of Iran,persian,1400-01,88.20,,IR,Iran,,,Base year 1400,سال پایه ۱۴۰۰
cpi_irs_c-nf,CPI non-food - Statistical Center of Iran (1400 = 100),Statistical Center of Iran,persian,1400-02,89.40,,IR,Iran,,,Base year 1400,سال پایه ۱۴۰۰
cpi_irs_c-nf,CPI non-food - Statistical Center of Iran (1400 = 100),Statistical Center of Iran,persian,1400-03,91.00,,IR,Iran,,,Base year 1400,سال پایه ۱۴۰۰
cpi_irs_c-nf,CPI non-food - Statistical Center of Iran (1400 = 100),Statistical Center of Iran,persian,1400-04,94.20,,IR,Iran,,,Base year 1400,سال پایه ۱۴۰۰
cpi_irs_c-nf,CPI non-food - Statistical Center of Iran (1400 = 100),Statistical Center of Iran,persian,1400-05,96.20,,IR,Iran,,,Base year 1400,سال پایه ۱۴۰۰
cpi_irs_c-nf,CPI non-food - Statistical Center of Iran (1400 = 100),Statistical Center of Iran,persian,1400-06,99.30,,IR,Iran,,,Base year 1400,سال پایه ۱۴۰۰
cpi_irs_c-nf,CPI non-food - Statistical Center of Iran (1400 = 100),Statistical Center of Iran,persian,1400-07,102.30,,IR,Iran,,,Base year 1400,سال پایه ۱۴۰۰
cpi_irs_c-nf,CPI non-food - Statistical Center of Iran (1400 = 100),Statistical Center of Iran,persian,1400-08,104.20,,IR,Iran,,,Base year 1400,سال پایه ۱۴۰۰
cpi_irs_c-nf,CPI non-food - Statistical Center of Iran (1400 = 100),Statistical Center of Iran,persian,1400-09,105.80,,IR,Iran,,,Base year 1400,سال پایه ۱۴۰۰
cpi_irs_c-nf,CPI non-food - Statistical Center of Iran (1400 = 100),Statistical Center of Iran,persian,1400-10,108.80,,IR,Iran,,,Base year 1400,سال پایه ۱۴۰۰
cpi_irs_c-nf,CPI non-food - Statistical Center of Iran (1400 = 100),Statistical Center of Iran,persian,1400-11,109.80,,IR,Iran,,,Base year 1400,سال پایه ۱۴۰۰
cpi_irs_c-nf,CPI non-food - Statistical Center of Iran (1400 = 100),Statistical Center of Iran,persian,1400-12,110.80,,IR,Iran,,,Base year 1400,سال پایه ۱۴۰۰
cpi_irs_c-nf,CPI non-food - Statistical Center of Iran (1400 = 100),Statistical Center of Iran,persian,1401-01,113.50,,IR,Iran,,,Base year 1400,سال پایه ۱۴۰۰
cpi_irs_c-nf,CPI non-food - Statistical Center of Iran (1400 = 100),Statistical Center of Iran,persian,1401-02,116.90,,IR,Iran,,,Base year 1400,سال پایه ۱۴۰۰
cpi_irs_c-nf,CPI non-food - Statistical Center of Iran (1400 = 100),Statistical Center of Iran,persian,1401-03,121.60,,IR,Iran,,,Base year 1400,سال پایه ۱۴۰۰
cpi_irs_c-nf,CPI non-food - Statistical Center of Iran (1400 = 100),Statistical Center of Iran,persian,1401-04,126.30,,IR,Iran,,,Base year 1400,سال پایه ۱۴۰۰
cpi_irs_c-nf,CPI non-food - Statistical Center of Iran (1400 = 100),Statistical Center of Iran,persian,1401-05,129.30,,IR,Iran,,,Base year 1400,سال پایه ۱۴۰۰
cpi_irs_c-nf,CPI non-food - Statistical Center of Iran (1400 = 100),Statistical Center of Iran,persian,1401-06,132.40,,IR,Iran,,,Base year 1400,سال پایه ۱۴۰۰
cpi_irs_c-nf,CPI non-food - Statistical Center of Iran (1400 = 100),Statistical Center of Iran,persian,1401-07,136.40,,IR,Iran,,,Base year 1400,سال پایه ۱۴۰۰
cpi_irs_c-nf,CPI non-food - Statistical Center of Iran (1400 = 100),Statistical Center of Iran,persian,1401-08,140.40,,IR,Iran,,,Base year 1400,سال پایه ۱۴۰۰
cpi_irs_c-nf,CPI non-food - Statistical Center of Iran (1400 = 100),Statistical Center of Iran,persian,1401-09,144.70,,IR,Iran,,,Base year 1400,سال پایه ۱۴۰۰
cpi_irs_c-nf,CPI non-food - Statistical Center of Iran (1400 = 100),Statistical Center of Iran,persian,1401-10,150.10,,IR,Iran,,,Base year 1400,سال پایه ۱۴۰۰
cpi_irs_c-nf,CPI non-food - Statistical Center of Iran (1400 = 100),Statistical Center of Iran,persian,1401-11,153.90,,IR,Iran,,,Base year 1400,سال پایه ۱۴۰۰
cpi_irs_c-nf,CPI non-food - Statistical Center of Iran (1400 = 100),Statistical Center of Iran,persian,1401-12,159.40,,IR,Iran,,,Base year 1400,سال پایه ۱۴۰۰
cpi_irs_c-nf,CPI non-food - Statistical Center of Iran (1400 = 100),Statistical Center of Iran,persian,1402-01,165.00,,IR,Iran,,,Base year 1400,سال پایه ۱۴۰۰
cpi_irs_c-nf,CPI non-food - Statistical Center of Iran (1400 = 100),Statistical Center of Iran,persian,1402-02,169.70,,IR,Iran,,,Base year 1400,سال پایه ۱۴۰۰
cpi_irs_c-nf,CPI non-food - Statistical Center of Iran (1400 = 100),Statistical Center of Iran,persian,1402-03,173.40,,IR,Iran,,,Base year 1400,سال پایه ۱۴۰۰
cpi_irs_c-nf,CPI non-food - Statistical Center of Iran (1400 = 100),Statistical Center of Iran,persian,1402-04,177.60,,IR,Iran,,,Base year 1400,سال پایه ۱۴۰۰
cpi_irs_c-nf,CPI non-food - Statistical Center of Iran (1400 = 100),Statistical Center of Iran,persian,1402-05,181.80,,IR,Iran,,,Base year 1400,سال پایه ۱۴۰۰
cpi_irs_c-nf,CPI non-food - Statistical Center of Iran (1400 = 100),Statistical Center of Iran,persian,1402-06,186.00,,IR,Iran,,,Base year 1400,سال پایه ۱۴۰۰
cpi_irs_c-nf,CPI non-food - Statistical Center of Iran (1400 = 100),Statistical Center of Iran,persian,1402-07,192.20,,IR,Iran,,,Base year 1400,سال پایه ۱۴۰۰
cpi_irs_c-nf,CPI non-food - Statistical Center of Iran (1400 = 100),Statistical Center of Iran,persian,1402-08,197.50,,IR,Iran,,,Base year 1400,سال پایه ۱۴۰۰
cpi_irs_c-nf,CPI non-food - Statistical Center of Iran (1400 = 100),Statistical Center of Iran,persian,1402-09,202.00,,IR,Iran,,,Base year 1400,سال پایه ۱۴۰۰
cpi_irs_c-nf,CPI non-food - Statistical Center of Iran (1400 = 100),Statistical Center of Iran,persian,1402-10,207.40,,IR,Iran,,,Base year 1400,سال پایه ۱۴۰۰
cpi_irs_c-nf,CPI non-food - Statistical Center of Iran (1400 = 100),Statistical Center of Iran,persian,1402-11,212.30,,IR,Iran,,,Base year 1400,سال پایه ۱۴۰۰
cpi_irs_c-nf,CPI non-food - Statistical Center of Iran (1400 = 100),Statistical Center of Iran,persian,1402-12,217.00,,IR,Iran,,,Base year 1400,سال پایه ۱۴۰۰
cpi_irs_c-nf,CPI non-food - Statistical Center of Iran (1400 = 100),Statistical Center of Iran,persian,1403-01,222.40,,IR,Iran,,,Base year 1400,سال پایه ۱۴۰۰
cpi_irs_c-nf,CPI non-food - Statistical Center of Iran (1400 = 100),Statistical Center of Iran,persian,1403-02,229.80,,IR,Iran,,,Base year 1400,سال پایه ۱۴۰۰
cpi_irs_c-nf,CPI non-food - Statistical Center of Iran (1400 = 100),Statistical Center of Iran,persian,1403-03,234.60,,IR,Iran,,,Base year 1400,سال پایه ۱۴۰۰
cpi_irs_c-nf,CPI non-food - Statistical Center of Iran (1400 = 100),Statistical Center of Iran,persian,1403-04,240.40,,IR,Iran,,,Base year 1400,سال پایه ۱۴۰۰
cpi_irs_c-nf,CPI non-food - Statistical Center of Iran (1400 = 100),Statistical Center of Iran,persian,1403-05,246.20,,IR,Iran,,,Base year 1400,سال پایه ۱۴۰۰
cpi_irs_c-nf,CPI non-food - Statistical Center of Iran (1400 = 100),Statistical Center of Iran,persian,1403-06,251.50,,IR,Iran,,,Base year 1400,سال پایه ۱۴۰۰
cpi_irs_c-nf,CPI non-food - Statistical Center of Iran (1400 = 100),Statistical Center of Iran,persian,1403-07,258.70,,IR,Iran,,,Base year 1400,سال پایه ۱۴۰۰
cpi_irs_c-nf,CPI non-food - Statistical Center of Iran (1400 = 100),Statistical Center of Iran,persian,1403-08,265.10,,IR,Iran,,,Base year 1400,سال پایه ۱۴۰۰
cpi_irs_c-nf,CPI non-food - Statistical Center of Iran (1400 = 100),Statistical Center of Iran,persian,1403-09,270.70,,IR,Iran,,,Base year 1400,سال پایه ۱۴۰۰
cpi_irs_c-nf,CPI non-food - Statistical Center of Iran (1400 = 100),Statistical Center of Iran,persian,1403-10,278.20,,IR,Iran,,,Base year 1400,سال پایه ۱۴۰۰
cpi_irs_c-nf,CPI non-food - Statistical Center of Iran (1400 = 100),Statistical Center of Iran,persian,1403-11,286.20,,IR,Iran,,,Base year 1400,سال پایه ۱۴۰۰
cpi_irs_c-nf,CPI non-food - Statistical Center of Iran (1400 = 100),Statistical Center of Iran,persian,1403-12,293.50,,IR,Iran,,,Base year 1400,سال پایه ۱۴۰۰
cpi_irs_c-nf,CPI non-food - Statistical Center of Iran (1400 = 100),Statistical Center of Iran,persian,1404-01,304.70,,IR,Iran,,,Base year 1400,سال پایه ۱۴۰۰
cpi_irs_c-nf,CPI non-food - Statistical Center of Iran (1400 = 100),Statistical Center of Iran,persian,1404-02,315.50,,IR,Iran,,,Base year 1400,سال پایه ۱۴۰۰
cpi_irs_c-nf,CPI non-food - Statistical Center of Iran (1400 = 100),Statistical Center of Iran,persian,1404-03,323.40,,IR,Iran,,,Base year 1400,سال پایه ۱۴۰۰
cpi_irs_c-nf,CPI non-food - Statistical Center of Iran (1400 = 100),Statistical Center of Iran,persian,1404-04,332.00,,IR,Iran,,,Base year 1400,سال پایه ۱۴۰۰
cpi_irs_c-nf,CPI non-food - Statistical Center of Iran (1400 = 100),Statistical Center of Iran,persian,1404-05,339.70,,IR,Iran,,,Base year 1400,سال پایه ۱۴۰۰
cpi_irs_c-nf,CPI non-food - Statistical Center of Iran (1400 = 100),Statistical Center of Iran,persian,1404-06,349.90,,IR,Iran,,,Base year 1400,سال پایه ۱۴۰۰
cpi_irs_c-nf,CPI non-food - Statistical Center of Iran (1400 = 100),Statistical Center of Iran,persian,1404-07,364.60,,IR,Iran,,,Base year 1400,سال پایه ۱۴۰۰
cpi_irs_c-nf,CPI non-food - Statistical Center of Iran (1400 = 100),Statistical Center of Iran,persian,1404-08,374.30,,IR,Iran,,,Base year 1400,سال پایه ۱۴۰۰
cpi_irs_c-nf,CPI non-food - Statistical Center of Iran (1400 = 100),Statistical Center of Iran,persian,1404-09,387.20,,IR,Iran,,,Base year 1400,سال پایه ۱۴۰۰
cpi_irs_c-nf,CPI non-food - Statistical Center of Iran (1400 = 100),Statistical Center of Iran,persian,1404-10,404.30,,IR,Iran,,,Base year 1400,سال پایه ۱۴۰۰
cpi_irs_c-nf,CPI non-food - Statistical Center of Iran (1400 = 100),Statistical Center of Iran,persian,1404-11,426.54,,IR,Iran,,,Base year 1400,سال پایه ۱۴۰۰
cpi_irs_c-nf,CPI non-food - Statistical Center of Iran (1400 = 100),Statistical Center of Iran,persian,1404-12,450.00,,IR,Iran,,,Base year 1400,سال پایه ۱۴۰۰
cpi_irs_c-nf,CPI non-food - Statistical Center of Iran (1400 = 100),Statistical Center of Iran,persian,1405-01,461.10,,IR,Iran,,,Base year 1400,سال پایه ۱۴۰۰
cpi_irs_c-h,CPI housing - Statistical Center of Iran (1400 = 100),Statistical Center of Iran,persian,1390-01,17.40,,IR,Iran,,,Base year 1400,سال پایه ۱۴۰۰
cpi_irs_c-h,CPI housing - Statistical Center of Iran (1400 = 100),Statistical Center of Iran,persian,1390-02,18.10,,IR,Iran,,,Base year 1400,سال پایه ۱۴۰۰
cpi_irs_c-h,CPI housing - Statistical Center of Iran (1400 = 100),Statistical Center of Iran,persian,1390-03,18.60,,IR,Iran,,,Base year 1400,سال پایه ۱۴۰۰
cpi_irs_c-h,CPI housing - Statistical Center of Iran (1400 = 100),Statistical Center of Iran,persian,1390-04,19.30,,IR,Iran,,,Base year 1400,سال پایه ۱۴۰۰
cpi_irs_c-h,CPI housing - Statistical Center of Iran (1400 = 100),Statistical Center of Iran,persian,1390-05,20.10,,IR,Iran,,,Base year 1400,سال پایه ۱۴۰۰
cpi_irs_c-h,CPI housing - Statistical Center of Iran (1400 = 100),Statistical Center of Iran,persian,1390-06,20.50,,IR,Iran,,,Base year 1400,سال پایه ۱۴۰۰
cpi_irs_c-h,CPI housing - Statistical Center of Iran (1400 = 100),Statistical Center of Iran,persian,1390-07,20.80,,IR,Iran,,,Base year 1400,سال پایه ۱۴۰۰
cpi_irs_c-h,CPI housing - Statistical Center of Iran (1400 = 100),Statistical Center of Iran,persian,1390-08,21.00,,IR,Iran,,,Base year 1400,سال پایه ۱۴۰۰
cpi_irs_c-h,CPI housing - Statistical Center of Iran (1400 = 100),Statistical Center of Iran,persian,1390-09,21.20,,IR,Iran,,,Base year 1400,سال پایه ۱۴۰۰
cpi_irs_c-h,CPI housing - Statistical Center of Iran (1400 = 100),Statistical Center of Iran,persian,1390-10,21.40,,IR,Iran,,,Base year 1400,سال پایه ۱۴۰۰
cpi_irs_c-h,CPI housing - Statistical Center of Iran (1400 = 100),Statistical Center of Iran,persian,1390-11,21.30,,IR,Iran,,,Base year 1400,سال پایه ۱۴۰۰
cpi_irs_c-h,CPI housing - Statistical Center of Iran (1400 = 100),Statistical Center of Iran,persian,1390-12,21.40,,IR,Iran,,,Base year 1400,سال پایه ۱۴۰۰
cpi_irs_c-h,CPI housing - Statistical Center of Iran (1400 = 100),Statistical Center of Iran,persian,1391-01,21.60,,IR,Iran,,,Base year 1400,سال پایه ۱۴۰۰
cpi_irs_c-h,CPI housing - Statistical Center of Iran (1400 = 100),Statistical Center of Iran,persian,1391-02,21.80,,IR,Iran,,,Base year 1400,سال پایه ۱۴۰۰
cpi_irs_c-h,CPI housing - Statistical Center of Iran (1400 = 100),Statistical Center of Iran,persian,1391-03,22.00,,IR,Iran,,,Base year 1400,سال پایه ۱۴۰۰
cpi_irs_c-h,CPI housing - Statistical Center of Iran (1400 = 100),Statistical Center of Iran,persian,1391-04,22.40,,IR,Iran,,,Base year 1400,سال پایه ۱۴۰۰
cpi_irs_c-h,CPI housing - Statistical Center of Iran (1400 = 100),Statistical Center of Iran,persian,1391-05,23.00,,IR,Iran,,,Base year 1400,سال پایه ۱۴۰۰
cpi_irs_c-h,CPI housing - Statistical Center of Iran (1400 = 100),Statistical Center of Iran,persian,1391-06,23.70,,IR,Iran,,,Base year 1400,سال پایه ۱۴۰۰
cpi_irs_c-h,CPI housing - Statistical Center of Iran (1400 = 100),Statistical Center of Iran,persian,1391-07,24.30,,IR,Iran,,,Base year 1400,سال پایه ۱۴۰۰
cpi_irs_c-h,CPI housing - Statistical Center of Iran (1400 = 100),Statistical Center of Iran,persian,1391-08,24.70,,IR,Iran,,,Base year 1400,سال پایه ۱۴۰۰
cpi_irs_c-h,CPI housing - Statistical Center of Iran (1400 = 100),Statistical Center of Iran,persian,1391-09,24.80,,IR,Iran,,,Base year 1400,سال پایه ۱۴۰۰
cpi_irs_c-h,CPI housing - Statistical Center of Iran (1400 = 100),Statistical Center of Iran,persian,1391-10,25.10,,IR,Iran,,,Base year 1400,سال پایه ۱۴۰۰
cpi_irs_c-h,CPI housing - Statistical Center of Iran (1400 = 100),Statistical Center of Iran,persian,1391-11,25.20,,IR,Iran,,,Base year 1400,سال پایه ۱۴۰۰
cpi_irs_c-h,CPI housing - Statistical Center of Iran (1400 = 100),Statistical Center of Iran,persian,1391-12,25.30,,IR,Iran,,,Base year 1400,سال پایه ۱۴۰۰
cpi_irs_c-h,CPI housing - Statistical Center of Iran (1400 = 100),Statistical Center of Iran,persian,1392-01,25.60,,IR,Iran,,,Base year 1400,سال پایه ۱۴۰۰
cpi_irs_c-h,CPI housing - Statistical Center of Iran (1400 = 100),Statistical Center of Iran,persian,1392-02,25.80,,IR,Iran,,,Base year 1400,سال پایه ۱۴۰۰
cpi_irs_c-h,CPI housing - Statistical Center of Iran (1400 = 100),Statistical Center of Iran,persian,1392-03,26.60,,IR,Iran,,,Base year 1400,سال پایه ۱۴۰۰
cpi_irs_c-h,CPI housing - Statistical Center of Iran (1400 = 100),Statistical Center of Iran,persian,1392-04,27.30,,IR,Iran,,,Base year 1400,سال پایه ۱۴۰۰
cpi_irs_c-h,CPI housing - Statistical Center of Iran (1400 = 100),Statistical Center of Iran,persian,1392-05,27.70,,IR,Iran,,,Base year 1400,سال پایه ۱۴۰۰
cpi_irs_c-h,CPI housing - Statistical Center of Iran (1400 = 100),Statistical Center of Iran,persian,1392-06,28.20,,IR,Iran,,,Base year 1400,سال پایه ۱۴۰۰
cpi_irs_c-h,CPI housing - Statistical Center of Iran (1400 = 100),Statistical Center of Iran,persian,1392-07,28.60,,IR,Iran,,,Base year 1400,سال پایه ۱۴۰۰
cpi_irs_c-h,CPI housing - Statistical Center of Iran (1400 = 100),Statistical Center of Iran,persian,1392-08,29.40,,IR,Iran,,,Base year 1400,سال پایه ۱۴۰۰
cpi_irs_c-h,CPI housing - Statistical Center of Iran (1400 = 100),Statistical Center of Iran,persian,1392-09,29.80,,IR,Iran,,,Base year 1400,سال پایه ۱۴۰۰
cpi_irs_c-h,CPI housing - Statistical Center of Iran (1400 = 100),Statistical Center of Iran,persian,1392-10,30.10,,IR,Iran,,,Base year 1400,سال پایه ۱۴۰۰
cpi_irs_c-h,CPI housing - Statistical Center of Iran (1400 = 100),Statistical Center of Iran,persian,1392-11,30.10,,IR,Iran,,,Base year 1400,سال پایه ۱۴۰۰
cpi_irs_c-h,CPI housing - Statistical Center of Iran (1400 = 100),Statistical Center of Iran,persian,1392-12,30.10,,IR,Iran,,,Base year 1400,سال پایه ۱۴۰۰
cpi_irs_c-h,CPI housing - Statistical Center of Iran (1400 = 100),Statistical Center of Iran,persian,1393-01,30.60,,IR,Iran,,,Base year 1400,سال پایه ۱۴۰۰
cpi_irs_c-h,CPI housing - Statistical Center of Iran (1400 = 100),Statistical Center of Iran,persian,1393-02,31.10,,IR,Iran,,,Base year 1400,سال پایه ۱۴۰۰
cpi_irs_c-h,CPI housing - Statistical Center of Iran (1400 = 100),Statistical Center of Iran,persian,1393-03,31.50,,IR,Iran,,,Base year 1400,سال پایه ۱۴۰۰
cpi_irs_c-h,CPI housing - Statistical Center of Iran (1400 = 100),Statistical Center of Iran,persian,1393-04,32.20,,IR,Iran,,,Base year 1400,سال پایه ۱۴۰۰
cpi_irs_c-h,CPI housing - Statistical Center of Iran (1400 = 100),Statistical Center of Iran,persian,1393-05,32.90,,IR,Iran,,,Base year 1400,سال پایه ۱۴۰۰
cpi_irs_c-h,CPI housing - Statistical Center of Iran (1400 = 100),Statistical Center of Iran,persian,1393-06,33.20,,IR,Iran,,,Base year 1400,سال پایه ۱۴۰۰
cpi_irs_c-h,CPI housing - Statistical Center of Iran (1400 = 100),Statistical Center of Iran,persian,1393-07,34.00,,IR,Iran,,,Base year 1400,سال پایه ۱۴۰۰
cpi_irs_c-h,CPI housing - Statistical Center of Iran (1400 = 100),Statistical Center of Iran,persian,1393-08,34.40,,IR,Iran,,,Base year 1400,سال پایه ۱۴۰۰
cpi_irs_c-h,CPI housing - Statistical Center of Iran (1400 = 100),Statistical Center of Iran,persian,1393-09,34.70,,IR,Iran,,,Base year 1400,سال پایه ۱۴۰۰
cpi_irs_c-h,CPI housing - Statistical Center of Iran (1400 = 100),Statistical Center of Iran,persian,1393-10,35.40,,IR,Iran,,,Base year 1400,سال پایه ۱۴۰۰
cpi_irs_c-h,CPI housing - Statistical Center of Iran (1400 = 100),Statistical Center of Iran,persian,1393-11,35.40,,IR,Iran,,,Base year 1400,سال پایه ۱۴۰۰
cpi_irs_c-h,CPI housing - Statistical Center of Iran (1400 = 100),Statistical Center of Iran,persian,1393-12,35.60,,IR,Iran,,,Base year 1400,سال پایه ۱۴۰۰
cpi_irs_c-h,CPI housing - Statistical Center of Iran (1400 = 100),Statistical Center of Iran,persian,1394-01,35.70,,IR,Iran,,,Base year 1400,سال پایه ۱۴۰۰
cpi_irs_c-h,CPI housing - Statistical Center of Iran (1400 = 100),Statistical Center of Iran,persian,1394-02,35.90,,IR,Iran,,,Base year 1400,سال پایه ۱۴۰۰
cpi_irs_c-h,CPI housing - Statistical Center of Iran (1400 = 100),Statistical Center of Iran,persian,1394-03,36.40,,IR,Iran,,,Base year 1400,سال پایه ۱۴۰۰
cpi_irs_c-h,CPI housing - Statistical Center of Iran (1400 = 100),Statistical Center of Iran,persian,1394-04,37.10,,IR,Iran,,,Base year 1400,سال پایه ۱۴۰۰
cpi_irs_c-h,CPI housing - Statistical Center of Iran (1400 = 100),Statistical Center of Iran,persian,1394-05,37.50,,IR,Iran,,,Base year 1400,سال پایه ۱۴۰۰
cpi_irs_c-h,CPI housing - Statistical Center of Iran (1400 = 100),Statistical Center of Iran,persian,1394-06,38.40,,IR,Iran,,,Base year 1400,سال پایه ۱۴۰۰
cpi_irs_c-h,CPI housing - Statistical Center of Iran (1400 = 100),Statistical Center of Iran,persian,1394-07,39.10,,IR,Iran,,,Base year 1400,سال پایه ۱۴۰۰
cpi_irs_c-h,CPI housing - Statistical Center of Iran (1400 = 100),Statistical Center of Iran,persian,1394-08,39.70,,IR,Iran,,,Base year 1400,سال پایه ۱۴۰۰
cpi_irs_c-h,CPI housing - Statistical Center of Iran (1400 = 100),Statistical Center of Iran,persian,1394-09,40.00,,IR,Iran,,,Base year 1400,سال پایه ۱۴۰۰
cpi_irs_c-h,CPI housing - Statistical Center of Iran (1400 = 100),Statistical Center of Iran,persian,1394-10,39.80,,IR,Iran,,,Base year 1400,سال پایه ۱۴۰۰
cpi_irs_c-h,CPI housing - Statistical Center of Iran (1400 = 100),Statistical Center of Iran,persian,1394-11,39.40,,IR,Iran,,,Base year 1400,سال پایه ۱۴۰۰
cpi_irs_c-h,CPI housing - Statistical Center of Iran (1400 = 100),Statistical Center of Iran,persian,1394-12,39.40,,IR,Iran,,,Base year 1400,سال پایه ۱۴۰۰
cpi_irs_c-h,CPI housing - Statistical Center of Iran (1400 = 100),Statistical Center of Iran,persian,1395-01,39.60,,IR,Iran,,,Base year 1400,سال پایه ۱۴۰۰
cpi_irs_c-h,CPI housing - Statistical Center of Iran (1400 = 100),Statistical Center of Iran,persian,1395-02,39.60,,IR,Iran,,,Base year 1400,سال پایه ۱۴۰۰
cpi_irs_c-h,CPI housing - Statistical Center of Iran (1400 = 100),Statistical Center of Iran,persian,1395-03,39.70,,IR,Iran,,,Base year 1400,سال پایه ۱۴۰۰
cpi_irs_c-h,CPI housing - Statistical Center of Iran (1400 = 100),Statistical Center of Iran,persian,1395-04,40.10,,IR,Iran,,,Base year 1400,سال پایه ۱۴۰۰
cpi_irs_c-h,CPI housing - Statistical Center of Iran (1400 = 100),Statistical Center of Iran,persian,1395-05,40.40,,IR,Iran,,,Base year 1400,سال پایه ۱۴۰۰
cpi_irs_c-h,CPI housing - Statistical Center of Iran (1400 = 100),Statistical Center of Iran,persian,1395-06,40.60,,IR,Iran,,,Base year 1400,سال پایه ۱۴۰۰
cpi_irs_c-h,CPI housing - Statistical Center of Iran (1400 = 100),Statistical Center of Iran,persian,1395-07,40.90,,IR,Iran,,,Base year 1400,سال پایه ۱۴۰۰
cpi_irs_c-h,CPI housing - Statistical Center of Iran (1400 = 100),Statistical Center of Iran,persian,1395-08,41.00,,IR,Iran,,,Base year 1400,سال پایه ۱۴۰۰
cpi_irs_c-h,CPI housing - Statistical Center of Iran (1400 = 100),Statistical Center of Iran,persian,1395-09,41.10,,IR,Iran,,,Base year 1400,سال پایه ۱۴۰۰
cpi_irs_c-h,CPI housing - Statistical Center of Iran (1400 = 100),Statistical Center of Iran,persian,1395-10,41.40,,IR,Iran,,,Base year 1400,سال پایه ۱۴۰۰
cpi_irs_c-h,CPI housing - Statistical Center of Iran (1400 = 100),Statistical Center of Iran,persian,1395-11,41.40,,IR,Iran,,,Base year 1400,سال پایه ۱۴۰۰
cpi_irs_c-h,CPI housing - Statistical Center of Iran (1400 = 100),Statistical Center of Iran,persian,1395-12,41.30,,IR,Iran,,,Base year 1400,سال پایه ۱۴۰۰
cpi_irs_c-h,CPI housing - Statistical Center of Iran (1400 = 100),Statistical Center of Iran,persian,1396-01,41.70,,IR,Iran,,,Base year 1400,سال پایه ۱۴۰۰
cpi_irs_c-h,CPI housing - Statistical Center of Iran (1400 = 100),Statistical Center of Iran,persian,1396-02,41.90,,IR,Iran,,,Base year 1400,سال پایه ۱۴۰۰
cpi_irs_c-h,CPI housing - Statistical Center of Iran (1400 = 100),Statistical Center of Iran,persian,1396-03,42.00,,IR,Iran,,,Base year 1400,سال پایه ۱۴۰۰
cpi_irs_c-h,CPI housing - Statistical Center of Iran (1400 = 100),Statistical Center of Iran,persian,1396-04,42.80,,IR,Iran,,,Base year 1400,سال پایه ۱۴۰۰
cpi_irs_c-h,CPI housing - Statistical Center of Iran (1400 = 100),Statistical Center of Iran,persian,1396-05,43.10,,IR,Iran,,,Base year 1400,سال پایه ۱۴۰۰
cpi_irs_c-h,CPI housing - Statistical Center of Iran (1400 = 100),Statistical Center of Iran,persian,1396-06,43.40,,IR,Iran,,,Base year 1400,سال پایه ۱۴۰۰
cpi_irs_c-h,CPI housing - Statistical Center of Iran (1400 = 100),Statistical Center of Iran,persian,1396-07,44.20,,IR,Iran,,,Base year 1400,سال پایه ۱۴۰۰
cpi_irs_c-h,CPI housing - Statistical Center of Iran (1400 = 100),Statistical Center of Iran,persian,1396-08,44.60,,IR,Iran,,,Base year 1400,سال پایه ۱۴۰۰
cpi_irs_c-h,CPI housing - Statistical Center of Iran (1400 = 100),Statistical Center of Iran,persian,1396-09,44.60,,IR,Iran,,,Base year 1400,سال پایه ۱۴۰۰
cpi_irs_c-h,CPI housing - Statistical Center of Iran (1400 = 100),Statistical Center of Iran,persian,1396-10,44.70,,IR,Iran,,,Base year 1400,سال پایه ۱۴۰۰
cpi_irs_c-h,CPI housing - Statistical Center of Iran (1400 = 100),Statistical Center of Iran,persian,1396-11,44.70,,IR,Iran,,,Base year 1400,سال پایه ۱۴۰۰
cpi_irs_c-h,CPI housing - Statistical Center of Iran (1400 = 100),Statistical Center of Iran,persian,1396-12,44.60,,IR,Iran,,,Base year 1400,سال پایه ۱۴۰۰
cpi_irs_c-h,CPI housing - Statistical Center of Iran (1400 = 100),Statistical Center of Iran,persian,1397-01,44.90,,IR,Iran,,,Base year 1400,سال پایه ۱۴۰۰
cpi_irs_c-h,CPI housing - Statistical Center of Iran (1400 = 100),Statistical Center of Iran,persian,1397-02,45.40,,IR,Iran,,,Base year 1400,سال پایه ۱۴۰۰
cpi_irs_c-h,CPI housing - Statistical Center of Iran (1400 = 100),Statistical Center of Iran,persian,1397-03,45.50,,IR,Iran,,,Base year 1400,سال پایه ۱۴۰۰
cpi_irs_c-h,CPI housing - Statistical Center of Iran (1400 = 100),Statistical Center of Iran,persian,1397-04,48.20,,IR,Iran,,,Base year 1400,سال پایه ۱۴۰۰
cpi_irs_c-h,CPI housing - Statistical Center of Iran (1400 = 100),Statistical Center of Iran,persian,1397-05,49.30,,IR,Iran,,,Base year 1400,سال پایه ۱۴۰۰
cpi_irs_c-h,CPI housing - Statistical Center of Iran (1400 = 100),Statistical Center of Iran,persian,1397-06,50.50,,IR,Iran,,,Base year 1400,سال پایه ۱۴۰۰
cpi_irs_c-h,CPI housing - Statistical Center of Iran (1400 = 100),Statistical Center of Iran,persian,1397-07,53.00,,IR,Iran,,,Base year 1400,سال پایه ۱۴۰۰
cpi_irs_c-h,CPI housing - Statistical Center of Iran (1400 = 100),Statistical Center of Iran,persian,1397-08,53.60,,IR,Iran,,,Base year 1400,سال پایه ۱۴۰۰
cpi_irs_c-h,CPI housing - Statistical Center of Iran (1400 = 100),Statistical Center of Iran,persian,1397-09,54.30,,IR,Iran,,,Base year 1400,سال پایه ۱۴۰۰
cpi_irs_c-h,CPI housing - Statistical Center of Iran (1400 = 100),Statistical Center of Iran,persian,1397-10,54.90,,IR,Iran,,,Base year 1400,سال پایه ۱۴۰۰
cpi_irs_c-h,CPI housing - Statistical Center of Iran (1400 = 100),Statistical Center of Iran,persian,1397-11,55.10,,IR,Iran,,,Base year 1400,سال پایه ۱۴۰۰
cpi_irs_c-h,CPI housing - Statistical Center of Iran (1400 = 100),Statistical Center of Iran,persian,1397-12,55.50,,IR,Iran,,,Base year 1400,سال پایه ۱۴۰۰
cpi_irs_c-h,CPI housing - Statistical Center of Iran (1400 = 100),Statistical Center of Iran,persian,1398-01,56.30,,IR,Iran,,,Base year 1400,سال پایه ۱۴۰۰
cpi_irs_c-h,CPI housing - Statistical Center of Iran (1400 = 100),Statistical Center of Iran,persian,1398-02,56.90,,IR,Iran,,,Base year 1400,سال پایه ۱۴۰۰
cpi_irs_c-h,CPI housing - Statistical Center of Iran (1400 = 100),Statistical Center of Iran,persian,1398-03,57.60,,IR,Iran,,,Base year 1400,سال پایه ۱۴۰۰
cpi_irs_c-h,CPI housing - Statistical Center of Iran (1400 = 100),Statistical Center of Iran,persian,1398-04,60.10,,IR,Iran,,,Base year 1400,سال پایه ۱۴۰۰
cpi_irs_c-h,CPI housing - Statistical Center of Iran (1400 = 100),Statistical Center of Iran,persian,1398-05,61.20,,IR,Iran,,,Base year 1400,سال پایه ۱۴۰۰
cpi_irs_c-h,CPI housing - Statistical Center of Iran (1400 = 100),Statistical Center of Iran,persian,1398-06,62.60,,IR,Iran,,,Base year 1400,سال پایه ۱۴۰۰
cpi_irs_c-h,CPI housing - Statistical Center of Iran (1400 = 100),Statistical Center of Iran,persian,1398-07,65.40,,IR,Iran,,,Base year 1400,سال پایه ۱۴۰۰
cpi_irs_c-h,CPI housing - Statistical Center of Iran (1400 = 100),Statistical Center of Iran,persian,1398-08,66.30,,IR,Iran,,,Base year 1400,سال پایه ۱۴۰۰
cpi_irs_c-h,CPI housing - Statistical Center of Iran (1400 = 100),Statistical Center of Iran,persian,1398-09,66.50,,IR,Iran,,,Base year 1400,سال پایه ۱۴۰۰
cpi_irs_c-h,CPI housing - Statistical Center of Iran (1400 = 100),Statistical Center of Iran,persian,1398-10,67.10,,IR,Iran,,,Base year 1400,سال پایه ۱۴۰۰
cpi_irs_c-h,CPI housing - Statistical Center of Iran (1400 = 100),Statistical Center of Iran,persian,1398-11,67.40,,IR,Iran,,,Base year 1400,سال پایه ۱۴۰۰
cpi_irs_c-h,CPI housing - Statistical Center of Iran (1400 = 100),Statistical Center of Iran,persian,1398-12,67.70,,IR,Iran,,,Base year 1400,سال پایه ۱۴۰۰
cpi_irs_c-h,CPI housing - Statistical Center of Iran (1400 = 100),Statistical Center of Iran,persian,1399-01,67.80,,IR,Iran,,,Base year 1400,سال پایه ۱۴۰۰
cpi_irs_c-h,CPI housing - Statistical Center of Iran (1400 = 100),Statistical Center of Iran,persian,1399-02,69.10,,IR,Iran,,,Base year 1400,سال پایه ۱۴۰۰
cpi_irs_c-h,CPI housing - Statistical Center of Iran (1400 = 100),Statistical Center of Iran,persian,1399-03,70.10,,IR,Iran,,,Base year 1400,سال پایه ۱۴۰۰
cpi_irs_c-h,CPI housing - Statistical Center of Iran (1400 = 100),Statistical Center of Iran,persian,1399-04,74.90,,IR,Iran,,,Base year 1400,سال پایه ۱۴۰۰
cpi_irs_c-h,CPI housing - Statistical Center of Iran (1400 = 100),Statistical Center of Iran,persian,1399-05,77.00,,IR,Iran,,,Base year 1400,سال پایه ۱۴۰۰
cpi_irs_c-h,CPI housing - Statistical Center of Iran (1400 = 100),Statistical Center of Iran,persian,1399-06,79.10,,IR,Iran,,,Base year 1400,سال پایه ۱۴۰۰
cpi_irs_c-h,CPI housing - Statistical Center of Iran (1400 = 100),Statistical Center of Iran,persian,1399-07,82.60,,IR,Iran,,,Base year 1400,سال پایه ۱۴۰۰
cpi_irs_c-h,CPI housing - Statistical Center of Iran (1400 = 100),Statistical Center of Iran,persian,1399-08,83.50,,IR,Iran,,,Base year 1400,سال پایه ۱۴۰۰
cpi_irs_c-h,CPI housing - Statistical Center of Iran (1400 = 100),Statistical Center of Iran,persian,1399-09,83.90,,IR,Iran,,,Base year 1400,سال پایه ۱۴۰۰
cpi_irs_c-h,CPI housing - Statistical Center of Iran (1400 = 100),Statistical Center of Iran,persian,1399-10,85.60,,IR,Iran,,,Base year 1400,سال پایه ۱۴۰۰
cpi_irs_c-h,CPI housing - Statistical Center of Iran (1400 = 100),Statistical Center of Iran,persian,1399-11,85.60,,IR,Iran,,,Base year 1400,سال پایه ۱۴۰۰
cpi_irs_c-h,CPI housing - Statistical Center of Iran (1400 = 100),Statistical Center of Iran,persian,1399-12,86.90,,IR,Iran,,,Base year 1400,سال پایه ۱۴۰۰
cpi_irs_c-h,CPI housing - Statistical Center of Iran (1400 = 100),Statistical Center of Iran,persian,1400-01,88.40,,IR,Iran,,,Base year 1400,سال پایه ۱۴۰۰
cpi_irs_c-h,CPI housing - Statistical Center of Iran (1400 = 100),Statistical Center of Iran,persian,1400-02,89.30,,IR,Iran,,,Base year 1400,سال پایه ۱۴۰۰
cpi_irs_c-h,CPI housing - Statistical Center of Iran (1400 = 100),Statistical Center of Iran,persian,1400-03,90.40,,IR,Iran,,,Base year 1400,سال پایه ۱۴۰۰
cpi_irs_c-h,CPI housing - Statistical Center of Iran (1400 = 100),Statistical Center of Iran,persian,1400-04,93.70,,IR,Iran,,,Base year 1400,سال پایه ۱۴۰۰
cpi_irs_c-h,CPI housing - Statistical Center of Iran (1400 = 100),Statistical Center of Iran,persian,1400-05,95.70,,IR,Iran,,,Base year 1400,سال پایه ۱۴۰۰
cpi_irs_c-h,CPI housing - Statistical Center of Iran (1400 = 100),Statistical Center of Iran,persian,1400-06,99.40,,IR,Iran,,,Base year 1400,سال پایه ۱۴۰۰
cpi_irs_c-h,CPI housing - Statistical Center of Iran (1400 = 100),Statistical Center of Iran,persian,1400-07,103.00,,IR,Iran,,,Base year 1400,سال پایه ۱۴۰۰
cpi_irs_c-h,CPI housing - Statistical Center of Iran (1400 = 100),Statistical Center of Iran,persian,1400-08,104.50,,IR,Iran,,,Base year 1400,سال پایه ۱۴۰۰
cpi_irs_c-h,CPI housing - Statistical Center of Iran (1400 = 100),Statistical Center of Iran,persian,1400-09,105.60,,IR,Iran,,,Base year 1400,سال پایه ۱۴۰۰
cpi_irs_c-h,CPI housing - Statistical Center of Iran (1400 = 100),Statistical Center of Iran,persian,1400-10,109.30,,IR,Iran,,,Base year 1400,سال پایه ۱۴۰۰
cpi_irs_c-h,CPI housing - Statistical Center of Iran (1400 = 100),Statistical Center of Iran,persian,1400-11,110.00,,IR,Iran,,,Base year 1400,سال پایه ۱۴۰۰
cpi_irs_c-h,CPI housing - Statistical Center of Iran (1400 = 100),Statistical Center of Iran,persian,1400-12,110.70,,IR,Iran,,,Base year 1400,سال پایه ۱۴۰۰
cpi_irs_c-h,CPI housing - Statistical Center of Iran (1400 = 100),Statistical Center of Iran,persian,1401-01,112.80,,IR,Iran,,,Base year 1400,سال پایه ۱۴۰۰
cpi_irs_c-h,CPI housing - Statistical Center of Iran (1400 = 100),Statistical Center of Iran,persian,1401-02,115.20,,IR,Iran,,,Base year 1400,سال پایه ۱۴۰۰
cpi_irs_c-h,CPI housing - Statistical Center of Iran (1400 = 100),Statistical Center of Iran,persian,1401-03,118.00,,IR,Iran,,,Base year 1400,سال پایه ۱۴۰۰
cpi_irs_c-h,CPI housing - Statistical Center of Iran (1400 = 100),Statistical Center of Iran,persian,1401-04,121.80,,IR,Iran,,,Base year 1400,سال پایه ۱۴۰۰
cpi_irs_c-h,CPI housing - Statistical Center of Iran (1400 = 100),Statistical Center of Iran,persian,1401-05,125.20,,IR,Iran,,,Base year 1400,سال پایه ۱۴۰۰
cpi_irs_c-h,CPI housing - Statistical Center of Iran (1400 = 100),Statistical Center of Iran,persian,1401-06,129.20,,IR,Iran,,,Base year 1400,سال پایه ۱۴۰۰
cpi_irs_c-h,CPI housing - Statistical Center of Iran (1400 = 100),Statistical Center of Iran,persian,1401-07,134.10,,IR,Iran,,,Base year 1400,سال پایه ۱۴۰۰
cpi_irs_c-h,CPI housing - Statistical Center of Iran (1400 = 100),Statistical Center of Iran,persian,1401-08,138.80,,IR,Iran,,,Base year 1400,سال پایه ۱۴۰۰
cpi_irs_c-h,CPI housing - Statistical Center of Iran (1400 = 100),Statistical Center of Iran,persian,1401-09,142.80,,IR,Iran,,,Base year 1400,سال پایه ۱۴۰۰
cpi_irs_c-h,CPI housing - Statistical Center of Iran (1400 = 100),Statistical Center of Iran,persian,1401-10,146.40,,IR,Iran,,,Base year 1400,سال پایه ۱۴۰۰
cpi_irs_c-h,CPI housing - Statistical Center of Iran (1400 = 100),Statistical Center of Iran,persian,1401-11,150.30,,IR,Iran,,,Base year 1400,سال پایه ۱۴۰۰
cpi_irs_c-h,CPI housing - Statistical Center of Iran (1400 = 100),Statistical Center of Iran,persian,1401-12,153.40,,IR,Iran,,,Base year 1400,سال پایه ۱۴۰۰
cpi_irs_c-h,CPI housing - Statistical Center of Iran (1400 = 100),Statistical Center of Iran,persian,1402-01,156.80,,IR,Iran,,,Base year 1400,سال پایه ۱۴۰۰
cpi_irs_c-h,CPI housing - Statistical Center of Iran (1400 = 100),Statistical Center of Iran,persian,1402-02,159.30,,IR,Iran,,,Base year 1400,سال پایه ۱۴۰۰
cpi_irs_c-h,CPI housing - Statistical Center of Iran (1400 = 100),Statistical Center of Iran,persian,1402-03,163.50,,IR,Iran,,,Base year 1400,سال پایه ۱۴۰۰
cpi_irs_c-h,CPI housing - Statistical Center of Iran (1400 = 100),Statistical Center of Iran,persian,1402-04,167.10,,IR,Iran,,,Base year 1400,سال پایه ۱۴۰۰
cpi_irs_c-h,CPI housing - Statistical Center of Iran (1400 = 100),Statistical Center of Iran,persian,1402-05,172.60,,IR,Iran,,,Base year 1400,سال پایه ۱۴۰۰
cpi_irs_c-h,CPI housing - Statistical Center of Iran (1400 = 100),Statistical Center of Iran,persian,1402-06,178.40,,IR,Iran,,,Base year 1400,سال پایه ۱۴۰۰
cpi_irs_c-h,CPI housing - Statistical Center of Iran (1400 = 100),Statistical Center of Iran,persian,1402-07,186.10,,IR,Iran,,,Base year 1400,سال پایه ۱۴۰۰
cpi_irs_c-h,CPI housing - Statistical Center of Iran (1400 = 100),Statistical Center of Iran,persian,1402-08,193.50,,IR,Iran,,,Base year 1400,سال پایه ۱۴۰۰
cpi_irs_c-h,CPI housing - Statistical Center of Iran (1400 = 100),Statistical Center of Iran,persian,1402-09,199.90,,IR,Iran,,,Base year 1400,سال پایه ۱۴۰۰
cpi_irs_c-h,CPI housing - Statistical Center of Iran (1400 = 100),Statistical Center of Iran,persian,1402-10,205.80,,IR,Iran,,,Base year 1400,سال پایه ۱۴۰۰
cpi_irs_c-h,CPI housing - Statistical Center of Iran (1400 = 100),Statistical Center of Iran,persian,1402-11,211.50,,IR,Iran,,,Base year 1400,سال پایه ۱۴۰۰
cpi_irs_c-h,CPI housing - Statistical Center of Iran (1400 = 100),Statistical Center of Iran,persian,1402-12,216.60,,IR,Iran,,,Base year 1400,سال پایه ۱۴۰۰
cpi_irs_c-h,CPI housing - Statistical Center of Iran (1400 = 100),Statistical Center of Iran,persian,1403-01,220.60,,IR,Iran,,,Base year 1400,سال پایه ۱۴۰۰
cpi_irs_c-h,CPI housing - Statistical Center of Iran (1400 = 100),Statistical Center of Iran,persian,1403-02,225.90,,IR,Iran,,,Base year 1400,سال پایه ۱۴۰۰
cpi_irs_c-h,CPI housing - Statistical Center of Iran (1400 = 100),Statistical Center of Iran,persian,1403-03,230.90,,IR,Iran,,,Base year 1400,سال پایه ۱۴۰۰
cpi_irs_c-h,CPI housing - Statistical Center of Iran (1400 = 100),Statistical Center of Iran,persian,1403-04,237.40,,IR,Iran,,,Base year 1400,سال پایه ۱۴۰۰
cpi_irs_c-h,CPI housing - Statistical Center of Iran (1400 = 100),Statistical Center of Iran,persian,1403-05,245.30,,IR,Iran,,,Base year 1400,سال پایه ۱۴۰۰
cpi_irs_c-h,CPI housing - Statistical Center of Iran (1400 = 100),Statistical Center of Iran,persian,1403-06,252.40,,IR,Iran,,,Base year 1400,سال پایه ۱۴۰۰
cpi_irs_c-h,CPI housing - Statistical Center of Iran (1400 = 100),Statistical Center of Iran,persian,1403-07,261.10,,IR,Iran,,,Base year 1400,سال پایه ۱۴۰۰
cpi_irs_c-h,CPI housing - Statistical Center of Iran (1400 = 100),Statistical Center of Iran,persian,1403-08,269.00,,IR,Iran,,,Base year 1400,سال پایه ۱۴۰۰
cpi_irs_c-h,CPI housing - Statistical Center of Iran (1400 = 100),Statistical Center of Iran,persian,1403-09,275.80,,IR,Iran,,,Base year 1400,سال پایه ۱۴۰۰
cpi_irs_c-h,CPI housing - Statistical Center of Iran (1400 = 100),Statistical Center of Iran,persian,1403-10,283.80,,IR,Iran,,,Base year 1400,سال پایه ۱۴۰۰
cpi_irs_c-h,CPI housing - Statistical Center of Iran (1400 = 100),Statistical Center of Iran,persian,1403-11,291.10,,IR,Iran,,,Base year 1400,سال پایه ۱۴۰۰
cpi_irs_c-h,CPI housing - Statistical Center of Iran (1400 = 100),Statistical Center of Iran,persian,1403-12,296.90,,IR,Iran,,,Base year 1400,سال پایه ۱۴۰۰
cpi_irs_c-h,CPI housing - Statistical Center of Iran (1400 = 100),Statistical Center of Iran,persian,1404-01,304.00,,IR,Iran,,,Base year 1400,سال پایه ۱۴۰۰
cpi_irs_c-h,CPI housing - Statistical Center of Iran (1400 = 100),Statistical Center of Iran,persian,1404-02,310.40,,IR,Iran,,,Base year 1400,سال پایه ۱۴۰۰
cpi_irs_c-h,CPI housing - Statistical Center of Iran (1400 = 100),Statistical Center of Iran,persian,1404-03,317.50,,IR,Iran,,,Base year 1400,سال پایه ۱۴۰۰
cpi_irs_c-h,CPI housing - Statistical Center of Iran (1400 = 100),Statistical Center of Iran,persian,1404-04,324.30,,IR,Iran,,,Base year 1400,سال پایه ۱۴۰۰
cpi_irs_c-h,CPI housing - Statistical Center of Iran (1400 = 100),Statistical Center of Iran,persian,1404-05,332.90,,IR,Iran,,,Base year 1400,سال پایه ۱۴۰۰
cpi_irs_c-h,CPI housing - Statistical Center of Iran (1400 = 100),Statistical Center of Iran,persian,1404-06,343.30,,IR,Iran,,,Base year 1400,سال پایه ۱۴۰۰
cpi_irs_c-h,CPI housing - Statistical Center of Iran (1400 = 100),Statistical Center of Iran,persian,1404-07,354.80,,IR,Iran,,,Base year 1400,سال پایه ۱۴۰۰
cpi_irs_c-h,CPI housing - Statistical Center of Iran (1400 = 100),Statistical Center of Iran,persian,1404-08,365.30,,IR,Iran,,,Base year 1400,سال پایه ۱۴۰۰
inf_irs_c-t_m,Monthly inflation rate (month to month) - Statistical Center of Iran,Statistical Center of Iran,persian,1390-02,2.80,%,IR,Iran,,,Base year 1400,سال پایه ۱۴۰۰
inf_irs_c-t_m,Monthly inflation rate (month to month) - Statistical Center of Iran,Statistical Center of Iran,persian,1390-03,1.80,%,IR,Iran,,,Base year 1400,سال پایه ۱۴۰۰
inf_irs_c-t_m,Monthly inflation rate (month to month) - Statistical Center of Iran,Statistical Center of Iran,persian,1390-04,1.80,%,IR,Iran,,,Base year 1400,سال پایه ۱۴۰۰
inf_irs_c-t_m,Monthly inflation rate (month to month) - Statistical Center of Iran,Statistical Center of Iran,persian,1390-05,2.20,%,IR,Iran,,,Base year 1400,سال پایه ۱۴۰۰
inf_irs_c-t_m,Monthly inflation rate (month to month) - Statistical Center of Iran,Statistical Center of Iran,persian,1390-06,1.60,%,IR,Iran,,,Base year 1400,سال پایه ۱۴۰۰
inf_irs_c-t_m,Monthly inflation rate (month to month) - Statistical Center of Iran,Statistical Center of Iran,persian,1390-07,1.70,%,IR,Iran,,,Base year 1400,سال پایه ۱۴۰۰
inf_irs_c-t_m,Monthly inflation rate (month to month) - Statistical Center of Iran,Statistical Center of Iran,persian,1390-08,1.10,%,IR,Iran,,,Base year 1400,سال پایه ۱۴۰۰
inf_irs_c-t_m,Monthly inflation rate (month to month) - Statistical Center of Iran,Statistical Center of Iran,persian,1390-09,1.50,%,IR,Iran,,,Base year 1400,سال پایه ۱۴۰۰
inf_irs_c-t_m,Monthly inflation rate (month to month) - Statistical Center of Iran,Statistical Center of Iran,persian,1390-10,1.40,%,IR,Iran,,,Base year 1400,سال پایه ۱۴۰۰
inf_irs_c-t_m,Monthly inflation rate (month to month) - Statistical Center of Iran,Statistical Center of Iran,persian,1390-11,2.20,%,IR,Iran,,,Base year 1400,سال پایه ۱۴۰۰
inf_irs_c-t_m,Monthly inflation rate (month to month) - Statistical Center of Iran,Statistical Center of Iran,persian,1390-12,2.30,%,IR,Iran,,,Base year 1400,سال پایه ۱۴۰۰
inf_irs_c-t_m,Monthly inflation rate (month to month) - Statistical Center of Iran,Statistical Center of Iran,persian,1391-01,1.90,%,IR,Iran,,,Base year 1400,سال پایه ۱۴۰۰
inf_irs_c-t_m,Monthly inflation rate (month to month) - Statistical Center of Iran,Statistical Center of Iran,persian,1391-02,1.50,%,IR,Iran,,,Base year 1400,سال پایه ۱۴۰۰
inf_irs_c-t_m,Monthly inflation rate (month to month) - Statistical Center of Iran,Statistical Center of Iran,persian,1391-03,0.90,%,IR,Iran,,,Base year 1400,سال پایه ۱۴۰۰
inf_irs_c-t_m,Monthly inflation rate (month to month) - Statistical Center of Iran,Statistical Center of Iran,persian,1391-04,4.00,%,IR,Iran,,,Base year 1400,سال پایه ۱۴۰۰
inf_irs_c-t_m,Monthly inflation rate (month to month) - Statistical Center of Iran,Statistical Center of Iran,persian,1391-05,2.30,%,IR,Iran,,,Base year 1400,سال پایه ۱۴۰۰
inf_irs_c-t_m,Monthly inflation rate (month to month) - Statistical Center of Iran,Statistical Center of Iran,persian,1391-06,2.10,%,IR,Iran,,,Base year 1400,سال پایه ۱۴۰۰
inf_irs_c-t_m,Monthly inflation rate (month to month) - Statistical Center of Iran,Statistical Center of Iran,persian,1391-07,5.10,%,IR,Iran,,,Base year 1400,سال پایه ۱۴۰۰
inf_irs_c-t_m,Monthly inflation rate (month to month) - Statistical Center of Iran,Statistical Center of Iran,persian,1391-08,3.70,%,IR,Iran,,,Base year 1400,سال پایه ۱۴۰۰
inf_irs_c-t_m,Monthly inflation rate (month to month) - Statistical Center of Iran,Statistical Center of Iran,persian,1391-09,1.50,%,IR,Iran,,,Base year 1400,سال پایه ۱۴۰۰
inf_irs_c-t_m,Monthly inflation rate (month to month) - Statistical Center of Iran,Statistical Center of Iran,persian,1391-10,2.20,%,IR,Iran,,,Base year 1400,سال پایه ۱۴۰۰
inf_irs_c-t_m,Monthly inflation rate (month to month) - Statistical Center of Iran,Statistical Center of Iran,persian,1391-11,4.70,%,IR,Iran,,,Base year 1400,سال پایه ۱۴۰۰
inf_irs_c-t_m,Monthly inflation rate (month to month) - Statistical Center of Iran,Statistical Center of Iran,persian,1391-12,2.90,%,IR,Iran,,,Base year 1400,سال پایه ۱۴۰۰
inf_irs_c-t_m,Monthly inflation rate (month to month) - Statistical Center of Iran,Statistical Center of Iran,persian,1392-01,3.40,%,IR,Iran,,,Base year 1400,سال پایه ۱۴۰۰
inf_irs_c-t_m,Monthly inflation rate (month to month) - Statistical Center of Iran,Statistical Center of Iran,persian,1392-02,1.10,%,IR,Iran,,,Base year 1400,سال پایه ۱۴۰۰
inf_irs_c-t_m,Monthly inflation rate (month to month) - Statistical Center of Iran,Statistical Center of Iran,persian,1392-03,2.90,%,IR,Iran,,,Base year 1400,سال پایه ۱۴۰۰
inf_irs_c-t_m,Monthly inflation rate (month to month) - Statistical Center of Iran,Statistical Center of Iran,persian,1392-04,2.40,%,IR,Iran,,,Base year 1400,سال پایه ۱۴۰۰
inf_irs_c-t_m,Monthly inflation rate (month to month) - Statistical Center of Iran,Statistical Center of Iran,persian,1392-05,1.80,%,IR,Iran,,,Base year 1400,سال پایه ۱۴۰۰
inf_irs_c-t_m,Monthly inflation rate (month to month) - Statistical Center of Iran,Statistical Center of Iran,persian,1392-06,1.20,%,IR,Iran,,,Base year 1400,سال پایه ۱۴۰۰
inf_irs_c-t_m,Monthly inflation rate (month to month) - Statistical Center of Iran,Statistical Center of Iran,persian,1392-07,1.40,%,IR,Iran,,,Base year 1400,سال پایه ۱۴۰۰
inf_irs_c-t_m,Monthly inflation rate (month to month) - Statistical Center of Iran,Statistical Center of Iran,persian,1392-08,1.50,%,IR,Iran,,,Base year 1400,سال پایه ۱۴۰۰
inf_irs_c-t_m,Monthly inflation rate (month to month) - Statistical Center of Iran,Statistical Center of Iran,persian,1392-09,0.50,%,IR,Iran,,,Base year 1400,سال پایه ۱۴۰۰
inf_irs_c-t_m,Monthly inflation rate (month to month) - Statistical Center of Iran,Statistical Center of Iran,persian,1392-10,1.10,%,IR,Iran,,,Base year 1400,سال پایه ۱۴۰۰
inf_irs_c-t_m,Monthly inflation rate (month to month) - Statistical Center of Iran,Statistical Center of Iran,persian,1392-11,0.10,%,IR,Iran,,,Base year 1400,سال پایه ۱۴۰۰
inf_irs_c-t_m,Monthly inflation rate (month to month) - Statistical Center of Iran,Statistical Center of Iran,persian,1392-12,0.80,%,IR,Iran,,,Base year 1400,سال پایه ۱۴۰۰
inf_irs_c-t_m,Monthly inflation rate (month to month) - Statistical Center of Iran,Statistical Center of Iran,persian,1393-01,1.40,%,IR,Iran,,,Base year 1400,سال پایه ۱۴۰۰
inf_irs_c-t_m,Monthly inflation rate (month to month) - Statistical Center of Iran,Statistical Center of Iran,persian,1393-02,0.70,%,IR,Iran,,,Base year 1400,سال پایه ۱۴۰۰
inf_irs_c-t_m,Monthly inflation rate (month to month) - Statistical Center of Iran,Statistical Center of Iran,persian,1393-03,0.70,%,IR,Iran,,,Base year 1400,سال پایه ۱۴۰۰
inf_irs_c-t_m,Monthly inflation rate (month to month) - Statistical Center of Iran,Statistical Center of Iran,persian,1393-04,2.40,%,IR,Iran,,,Base year 1400,سال پایه ۱۴۰۰
inf_irs_c-t_m,Monthly inflation rate (month to month) - Statistical Center of Iran,Statistical Center of Iran,persian,1393-05,1.60,%,IR,Iran,,,Base year 1400,سال پایه ۱۴۰۰
inf_irs_c-t_m,Monthly inflation rate (month to month) - Statistical Center of Iran,Statistical Center of Iran,persian,1393-06,0.80,%,IR,Iran,,,Base year 1400,سال پایه ۱۴۰۰
inf_irs_c-t_m,Monthly inflation rate (month to month) - Statistical Center of Iran,Statistical Center of Iran,persian,1393-07,1.30,%,IR,Iran,,,Base year 1400,سال پایه ۱۴۰۰
inf_irs_c-t_m,Monthly inflation rate (month to month) - Statistical Center of Iran,Statistical Center of Iran,persian,1393-08,0.90,%,IR,Iran,,,Base year 1400,سال پایه ۱۴۰۰
inf_irs_c-t_m,Monthly inflation rate (month to month) - Statistical Center of Iran,Statistical Center of Iran,persian,1393-09,2.00,%,IR,Iran,,,Base year 1400,سال پایه ۱۴۰۰
inf_irs_c-t_m,Monthly inflation rate (month to month) - Statistical Center of Iran,Statistical Center of Iran,persian,1393-10,0.70,%,IR,Iran,,,Base year 1400,سال پایه ۱۴۰۰
inf_irs_c-t_m,Monthly inflation rate (month to month) - Statistical Center of Iran,Statistical Center of Iran,persian,1393-11,0.10,%,IR,Iran,,,Base year 1400,سال پایه ۱۴۰۰
inf_irs_c-t_m,Monthly inflation rate (month to month) - Statistical Center of Iran,Statistical Center of Iran,persian,1393-12,0.60,%,IR,Iran,,,Base year 1400,سال پایه ۱۴۰۰
inf_irs_c-t_m,Monthly inflation rate (month to month) - Statistical Center of Iran,Statistical Center of Iran,persian,1394-01,1.20,%,IR,Iran,,,Base year 1400,سال پایه ۱۴۰۰
inf_irs_c-t_m,Monthly inflation rate (month to month) - Statistical Center of Iran,Statistical Center of Iran,persian,1394-02,0.50,%,IR,Iran,,,Base year 1400,سال پایه ۱۴۰۰
inf_irs_c-t_m,Monthly inflation rate (month to month) - Statistical Center of Iran,Statistical Center of Iran,persian,1394-03,1.10,%,IR,Iran,,,Base year 1400,سال پایه ۱۴۰۰
inf_irs_c-t_m,Monthly inflation rate (month to month) - Statistical Center of Iran,Statistical Center of Iran,persian,1394-04,1.20,%,IR,Iran,,,Base year 1400,سال پایه ۱۴۰۰
inf_irs_c-t_m,Monthly inflation rate (month to month) - Statistical Center of Iran,Statistical Center of Iran,persian,1394-05,0.50,%,IR,Iran,,,Base year 1400,سال پایه ۱۴۰۰
inf_irs_c-t_m,Monthly inflation rate (month to month) - Statistical Center of Iran,Statistical Center of Iran,persian,1394-06,0.80,%,IR,Iran,,,Base year 1400,سال پایه ۱۴۰۰
inf_irs_c-t_m,Monthly inflation rate (month to month) - Statistical Center of Iran,Statistical Center of Iran,persian,1394-07,0.60,%,IR,Iran,,,Base year 1400,سال پایه ۱۴۰۰
inf_irs_c-t_m,Monthly inflation rate (month to month) - Statistical Center of Iran,Statistical Center of Iran,persian,1394-08,0.60,%,IR,Iran,,,Base year 1400,سال پایه ۱۴۰۰
inf_irs_c-t_m,Monthly inflation rate (month to month) - Statistical Center of Iran,Statistical Center of Iran,persian,1394-09,1.30,%,IR,Iran,,,Base year 1400,سال پایه ۱۴۰۰
inf_irs_c-t_m,Monthly inflation rate (month to month) - Statistical Center of Iran,Statistical Center of Iran,persian,1394-10,0.30,%,IR,Iran,,,Base year 1400,سال پایه ۱۴۰۰
inf_irs_c-t_m,Monthly inflation rate (month to month) - Statistical Center of Iran,Statistical Center of Iran,persian,1394-11,-0.30,%,IR,Iran,,,Base year 1400,سال پایه ۱۴۰۰
inf_irs_c-t_m,Monthly inflation rate (month to month) - Statistical Center of Iran,Statistical Center of Iran,persian,1394-12,0.20,%,IR,Iran,,,Base year 1400,سال پایه ۱۴۰۰
inf_irs_c-t_m,Monthly inflation rate (month to month) - Statistical Center of Iran,Statistical Center of Iran,persian,1395-01,0.60,%,IR,Iran,,,Base year 1400,سال پایه ۱۴۰۰
inf_irs_c-t_m,Monthly inflation rate (month to month) - Statistical Center of Iran,Statistical Center of Iran,persian,1395-02,0.10,%,IR,Iran,,,Base year 1400,سال پایه ۱۴۰۰
inf_irs_c-t_m,Monthly inflation rate (month to month) - Statistical Center of Iran,Statistical Center of Iran,persian,1395-03,0.70,%,IR,Iran,,,Base year 1400,سال پایه ۱۴۰۰
inf_irs_c-t_m,Monthly inflation rate (month to month) - Statistical Center of Iran,Statistical Center of Iran,persian,1395-04,1.10,%,IR,Iran,,,Base year 1400,سال پایه ۱۴۰۰
inf_irs_c-t_m,Monthly inflation rate (month to month) - Statistical Center of Iran,Statistical Center of Iran,persian,1395-05,1.00,%,IR,Iran,,,Base year 1400,سال پایه ۱۴۰۰
inf_irs_c-t_m,Monthly inflation rate (month to month) - Statistical Center of Iran,Statistical Center of Iran,persian,1395-06,0.30,%,IR,Iran,,,Base year 1400,سال پایه ۱۴۰۰
inf_irs_c-t_m,Monthly inflation rate (month to month) - Statistical Center of Iran,Statistical Center of Iran,persian,1395-07,0.50,%,IR,Iran,,,Base year 1400,سال پایه ۱۴۰۰
inf_irs_c-t_m,Monthly inflation rate (month to month) - Statistical Center of Iran,Statistical Center of Iran,persian,1395-08,0.30,%,IR,Iran,,,Base year 1400,سال پایه ۱۴۰۰
inf_irs_c-t_m,Monthly inflation rate (month to month) - Statistical Center of Iran,Statistical Center of Iran,persian,1395-09,0.80,%,IR,Iran,,,Base year 1400,سال پایه ۱۴۰۰
inf_irs_c-t_m,Monthly inflation rate (month to month) - Statistical Center of Iran,Statistical Center of Iran,persian,1395-10,0.80,%,IR,Iran,,,Base year 1400,سال پایه ۱۴۰۰
inf_irs_c-t_m,Monthly inflation rate (month to month) - Statistical Center of Iran,Statistical Center of Iran,persian,1395-11,0.50,%,IR,Iran,,,Base year 1400,سال پایه ۱۴۰۰
inf_irs_c-t_m,Monthly inflation rate (month to month) - Statistical Center of Iran,Statistical Center of Iran,persian,1395-12,1.20,%,IR,Iran,,,Base year 1400,سال پایه ۱۴۰۰
inf_irs_c-t_m,Monthly inflation rate (month to month) - Statistical Center of Iran,Statistical Center of Iran,persian,1396-01,1.40,%,IR,Iran,,,Base year 1400,سال پایه ۱۴۰۰
inf_irs_c-t_m,Monthly inflation rate (month to month) - Statistical Center of Iran,Statistical Center of Iran,persian,1396-02,-0.10,%,IR,Iran,,,Base year 1400,سال پایه ۱۴۰۰
inf_irs_c-t_m,Monthly inflation rate (month to month) - Statistical Center of Iran,Statistical Center of Iran,persian,1396-03,0.20,%,IR,Iran,,,Base year 1400,سال پایه ۱۴۰۰
inf_irs_c-t_m,Monthly inflation rate (month to month) - Statistical Center of Iran,Statistical Center of Iran,persian,1396-04,1.00,%,IR,Iran,,,Base year 1400,سال پایه ۱۴۰۰
inf_irs_c-t_m,Monthly inflation rate (month to month) - Statistical Center of Iran,Statistical Center of Iran,persian,1396-05,0.40,%,IR,Iran,,,Base year 1400,سال پایه ۱۴۰۰
inf_irs_c-t_m,Monthly inflation rate (month to month) - Statistical Center of Iran,Statistical Center of Iran,persian,1396-06,0.00,%,IR,Iran,,,Base year 1400,سال پایه ۱۴۰۰
inf_irs_c-t_m,Monthly inflation rate (month to month) - Statistical Center of Iran,Statistical Center of Iran,persian,1396-07,1.30,%,IR,Iran,,,Base year 1400,سال پایه ۱۴۰۰
inf_irs_c-t_m,Monthly inflation rate (month to month) - Statistical Center of Iran,Statistical Center of Iran,persian,1396-08,1.00,%,IR,Iran,,,Base year 1400,سال پایه ۱۴۰۰
inf_irs_c-t_m,Monthly inflation rate (month to month) - Statistical Center of Iran,Statistical Center of Iran,persian,1396-09,0.70,%,IR,Iran,,,Base year 1400,سال پایه ۱۴۰۰
inf_irs_c-t_m,Monthly inflation rate (month to month) - Statistical Center of Iran,Statistical Center of Iran,persian,1396-10,0.40,%,IR,Iran,,,Base year 1400,سال پایه ۱۴۰۰
inf_irs_c-t_m,Monthly inflation rate (month to month) - Statistical Center of Iran,Statistical Center of Iran,persian,1396-11,0.30,%,IR,Iran,,,Base year 1400,سال پایه ۱۴۰۰
inf_irs_c-t_m,Monthly inflation rate (month to month) - Statistical Center of Iran,Statistical Center of Iran,persian,1396-12,0.20,%,IR,Iran,,,Base year 1400,سال پایه ۱۴۰۰
inf_irs_c-t_m,Monthly inflation rate (month to month) - Statistical Center of Iran,Statistical Center of Iran,persian,1397-01,1.30,%,IR,Iran,,,Base year 1400,سال پایه ۱۴۰۰
inf_irs_c-t_m,Monthly inflation rate (month to month) - Statistical Center of Iran,Statistical Center of Iran,persian,1397-02,1.10,%,IR,Iran,,,Base year 1400,سال پایه ۱۴۰۰
inf_irs_c-t_m,Monthly inflation rate (month to month) - Statistical Center of Iran,Statistical Center of Iran,persian,1397-03,1.90,%,IR,Iran,,,Base year 1400,سال پایه ۱۴۰۰
inf_irs_c-t_m,Monthly inflation rate (month to month) - Statistical Center of Iran,Statistical Center of Iran,persian,1397-04,4.40,%,IR,Iran,,,Base year 1400,سال پایه ۱۴۰۰
inf_irs_c-t_m,Monthly inflation rate (month to month) - Statistical Center of Iran,Statistical Center of Iran,persian,1397-05,5.20,%,IR,Iran,,,Base year 1400,سال پایه ۱۴۰۰
inf_irs_c-t_m,Monthly inflation rate (month to month) - Statistical Center of Iran,Statistical Center of Iran,persian,1397-06,5.40,%,IR,Iran,,,Base year 1400,سال پایه ۱۴۰۰
inf_irs_c-t_m,Monthly inflation rate (month to month) - Statistical Center of Iran,Statistical Center of Iran,persian,1397-07,7.10,%,IR,Iran,,,Base year 1400,سال پایه ۱۴۰۰
inf_irs_c-t_m,Monthly inflation rate (month to month) - Statistical Center of Iran,Statistical Center of Iran,persian,1397-08,2.60,%,IR,Iran,,,Base year 1400,سال پایه ۱۴۰۰
inf_irs_c-t_m,Monthly inflation rate (month to month) - Statistical Center of Iran,Statistical Center of Iran,persian,1397-09,2.60,%,IR,Iran,,,Base year 1400,سال پایه ۱۴۰۰
inf_irs_c-t_m,Monthly inflation rate (month to month) - Statistical Center of Iran,Statistical Center of Iran,persian,1397-10,2.00,%,IR,Iran,,,Base year 1400,سال پایه ۱۴۰۰
inf_irs_c-t_m,Monthly inflation rate (month to month) - Statistical Center of Iran,Statistical Center of Iran,persian,1397-11,2.20,%,IR,Iran,,,Base year 1400,سال پایه ۱۴۰۰
inf_irs_c-t_m,Monthly inflation rate (month to month) - Statistical Center of Iran,Statistical Center of Iran,persian,1397-12,3.90,%,IR,Iran,,,Base year 1400,سال پایه ۱۴۰۰
inf_irs_c-t_m,Monthly inflation rate (month to month) - Statistical Center of Iran,Statistical Center of Iran,persian,1398-01,4.00,%,IR,Iran,,,Base year 1400,سال پایه ۱۴۰۰
inf_irs_c-t_m,Monthly inflation rate (month to month) - Statistical Center of Iran,Statistical Center of Iran,persian,1398-02,1.50,%,IR,Iran,,,Base year 1400,سال پایه ۱۴۰۰
inf_irs_c-t_m,Monthly inflation rate (month to month) - Statistical Center of Iran,Statistical Center of Iran,persian,1398-03,0.80,%,IR,Iran,,,Base year 1400,سال پایه ۱۴۰۰
inf_irs_c-t_m,Monthly inflation rate (month to month) - Statistical Center of Iran,Statistical Center of Iran,persian,1398-04,2.80,%,IR,Iran,,,Base year 1400,سال پایه ۱۴۰۰
inf_irs_c-t_m,Monthly inflation rate (month to month) - Statistical Center of Iran,Statistical Center of Iran,persian,1398-05,0.60,%,IR,Iran,,,Base year 1400,سال پایه ۱۴۰۰
inf_irs_c-t_m,Monthly inflation rate (month to month) - Statistical Center of Iran,Statistical Center of Iran,persian,1398-06,0.50,%,IR,Iran,,,Base year 1400,سال پایه ۱۴۰۰
inf_irs_c-t_m,Monthly inflation rate (month to month) - Statistical Center of Iran,Statistical Center of Iran,persian,1398-07,1.70,%,IR,Iran,,,Base year 1400,سال پایه ۱۴۰۰
inf_irs_c-t_m,Monthly inflation rate (month to month) - Statistical Center of Iran,Statistical Center of Iran,persian,1398-08,1.60,%,IR,Iran,,,Base year 1400,سال پایه ۱۴۰۰
inf_irs_c-t_m,Monthly inflation rate (month to month) - Statistical Center of Iran,Statistical Center of Iran,persian,1398-09,3.20,%,IR,Iran,,,Base year 1400,سال پایه ۱۴۰۰
inf_irs_c-t_m,Monthly inflation rate (month to month) - Statistical Center of Iran,Statistical Center of Iran,persian,1398-10,0.80,%,IR,Iran,,,Base year 1400,سال پایه ۱۴۰۰
inf_irs_c-t_m,Monthly inflation rate (month to month) - Statistical Center of Iran,Statistical Center of Iran,persian,1398-11,1.10,%,IR,Iran,,,Base year 1400,سال پایه ۱۴۰۰
inf_irs_c-t_m,Monthly inflation rate (month to month) - Statistical Center of Iran,Statistical Center of Iran,persian,1398-12,1.50,%,IR,Iran,,,Base year 1400,سال پایه ۱۴۰۰
inf_irs_c-t_m,Monthly inflation rate (month to month) - Statistical Center of Iran,Statistical Center of Iran,persian,1399-01,2.10,%,IR,Iran,,,Base year 1400,سال پایه ۱۴۰۰
inf_irs_c-t_m,Monthly inflation rate (month to month) - Statistical Center of Iran,Statistical Center of Iran,persian,1399-02,2.50,%,IR,Iran,,,Base year 1400,سال پایه ۱۴۰۰
inf_irs_c-t_m,Monthly inflation rate (month to month) - Statistical Center of Iran,Statistical Center of Iran,persian,1399-03,2.00,%,IR,Iran,,,Base year 1400,سال پایه ۱۴۰۰
inf_irs_c-t_m,Monthly inflation rate (month to month) - Statistical Center of Iran,Statistical Center of Iran,persian,1399-04,6.40,%,IR,Iran,,,Base year 1400,سال پایه ۱۴۰۰
inf_irs_c-t_m,Monthly inflation rate (month to month) - Statistical Center of Iran,Statistical Center of Iran,persian,1399-05,3.50,%,IR,Iran,,,Base year 1400,سال پایه ۱۴۰۰
inf_irs_c-t_m,Monthly inflation rate (month to month) - Statistical Center of Iran,Statistical Center of Iran,persian,1399-06,3.60,%,IR,Iran,,,Base year 1400,سال پایه ۱۴۰۰
inf_irs_c-t_m,Monthly inflation rate (month to month) - Statistical Center of Iran,Statistical Center of Iran,persian,1399-07,7.00,%,IR,Iran,,,Base year 1400,سال پایه ۱۴۰۰
inf_irs_c-t_m,Monthly inflation rate (month to month) - Statistical Center of Iran,Statistical Center of Iran,persian,1399-08,5.20,%,IR,Iran,,,Base year 1400,سال پایه ۱۴۰۰
inf_irs_c-t_m,Monthly inflation rate (month to month) - Statistical Center of Iran,Statistical Center of Iran,persian,1399-09,2.00,%,IR,Iran,,,Base year 1400,سال پایه ۱۴۰۰
inf_irs_c-t_m,Monthly inflation rate (month to month) - Statistical Center of Iran,Statistical Center of Iran,persian,1399-10,1.80,%,IR,Iran,,,Base year 1400,سال پایه ۱۴۰۰
inf_irs_c-t_m,Monthly inflation rate (month to month) - Statistical Center of Iran,Statistical Center of Iran,persian,1399-11,2.50,%,IR,Iran,,,Base year 1400,سال پایه ۱۴۰۰
inf_irs_c-t_m,Monthly inflation rate (month to month) - Statistical Center of Iran,Statistical Center of Iran,persian,1399-12,1.80,%,IR,Iran,,,Base year 1400,سال پایه ۱۴۰۰
inf_irs_c-t_m,Monthly inflation rate (month to month) - Statistical Center of Iran,Statistical Center of Iran,persian,1400-01,3.80,%,IR,Iran,,,Base year 1400,سال پایه ۱۴۰۰
inf_irs_c-t_m,Monthly inflation rate (month to month) - Statistical Center of Iran,Statistical Center of Iran,persian,1400-02,0.90,%,IR,Iran,,,Base year 1400,سال پایه ۱۴۰۰
inf_irs_c-t_m,Monthly inflation rate (month to month) - Statistical Center of Iran,Statistical Center of Iran,persian,1400-03,2.00,%,IR,Iran,,,Base year 1400,سال پایه ۱۴۰۰
inf_irs_c-t_m,Monthly inflation rate (month to month) - Statistical Center of Iran,Statistical Center of Iran,persian,1400-04,3.20,%,IR,Iran,,,Base year 1400,سال پایه ۱۴۰۰
inf_irs_c-t_m,Monthly inflation rate (month to month) - Statistical Center of Iran,Statistical Center of Iran,persian,1400-05,3.00,%,IR,Iran,,,Base year 1400,سال پایه ۱۴۰۰
inf_irs_c-t_m,Monthly inflation rate (month to month) - Statistical Center of Iran,Statistical Center of Iran,persian,1400-06,3.70,%,IR,Iran,,,Base year 1400,سال پایه ۱۴۰۰
inf_irs_c-t_m,Monthly inflation rate (month to month) - Statistical Center of Iran,Statistical Center of Iran,persian,1400-07,3.20,%,IR,Iran,,,Base year 1400,سال پایه ۱۴۰۰
inf_irs_c-t_m,Monthly inflation rate (month to month) - Statistical Center of Iran,Statistical Center of Iran,persian,1400-08,2.10,%,IR,Iran,,,Base year 1400,سال پایه ۱۴۰۰
inf_irs_c-t_m,Monthly inflation rate (month to month) - Statistical Center of Iran,Statistical Center of Iran,persian,1400-09,1.70,%,IR,Iran,,,Base year 1400,سال پایه ۱۴۰۰
inf_irs_c-t_m,Monthly inflation rate (month to month) - Statistical Center of Iran,Statistical Center of Iran,persian,1400-10,2.60,%,IR,Iran,,,Base year 1400,سال پایه ۱۴۰۰
inf_irs_c-t_m,Monthly inflation rate (month to month) - Statistical Center of Iran,Statistical Center of Iran,persian,1400-11,2.00,%,IR,Iran,,,Base year 1400,سال پایه ۱۴۰۰
inf_irs_c-t_m,Monthly inflation rate (month to month) - Statistical Center of Iran,Statistical Center of Iran,persian,1400-12,1.60,%,IR,Iran,,,Base year 1400,سال پایه ۱۴۰۰
inf_irs_c-t_m,Monthly inflation rate (month to month) - Statistical Center of Iran,Statistical Center of Iran,persian,1401-01,2.70,%,IR,Iran,,,Base year 1400,سال پایه ۱۴۰۰
inf_irs_c-t_m,Monthly inflation rate (month to month) - Statistical Center of Iran,Statistical Center of Iran,persian,1401-02,3.30,%,IR,Iran,,,Base year 1400,سال پایه ۱۴۰۰
inf_irs_c-t_m,Monthly inflation rate (month to month) - Statistical Center of Iran,Statistical Center of Iran,persian,1401-03,10.60,%,IR,Iran,,,Base year 1400,سال پایه ۱۴۰۰
inf_irs_c-t_m,Monthly inflation rate (month to month) - Statistical Center of Iran,Statistical Center of Iran,persian,1401-04,4.40,%,IR,Iran,,,Base year 1400,سال پایه ۱۴۰۰
inf_irs_c-t_m,Monthly inflation rate (month to month) - Statistical Center of Iran,Statistical Center of Iran,persian,1401-05,2.20,%,IR,Iran,,,Base year 1400,سال پایه ۱۴۰۰
inf_irs_c-t_m,Monthly inflation rate (month to month) - Statistical Center of Iran,Statistical Center of Iran,persian,1401-06,2.20,%,IR,Iran,,,Base year 1400,سال پایه ۱۴۰۰
inf_irs_c-t_m,Monthly inflation rate (month to month) - Statistical Center of Iran,Statistical Center of Iran,persian,1401-07,2.60,%,IR,Iran,,,Base year 1400,سال پایه ۱۴۰۰
inf_irs_c-t_m,Monthly inflation rate (month to month) - Statistical Center of Iran,Statistical Center of Iran,persian,1401-08,2.20,%,IR,Iran,,,Base year 1400,سال پایه ۱۴۰۰
inf_irs_c-t_m,Monthly inflation rate (month to month) - Statistical Center of Iran,Statistical Center of Iran,persian,1401-09,2.20,%,IR,Iran,,,Base year 1400,سال پایه ۱۴۰۰
inf_irs_c-t_m,Monthly inflation rate (month to month) - Statistical Center of Iran,Statistical Center of Iran,persian,1401-10,3.80,%,IR,Iran,,,Base year 1400,سال پایه ۱۴۰۰
inf_irs_c-t_m,Monthly inflation rate (month to month) - Statistical Center of Iran,Statistical Center of Iran,persian,1401-11,3.40,%,IR,Iran,,,Base year 1400,سال پایه ۱۴۰۰
inf_irs_c-t_m,Monthly inflation rate (month to month) - Statistical Center of Iran,Statistical Center of Iran,persian,1401-12,4.70,%,IR,Iran,,,Base year 1400,سال پایه ۱۴۰۰
inf_irs_c-t_m,Monthly inflation rate (month to month) - Statistical Center of Iran,Statistical Center of Iran,persian,1402-01,3.70,%,IR,Iran,,,Base year 1400,سال پایه ۱۴۰۰
inf_irs_c-t_m,Monthly inflation rate (month to month) - Statistical Center of Iran,Statistical Center of Iran,persian,1402-02,2.80,%,IR,Iran,,,Base year 1400,سال پایه ۱۴۰۰
inf_irs_c-t_m,Monthly inflation rate (month to month) - Statistical Center of Iran,Statistical Center of Iran,persian,1402-03,2.00,%,IR,Iran,,,Base year 1400,سال پایه ۱۴۰۰
inf_irs_c-t_m,Monthly inflation rate (month to month) - Statistical Center of Iran,Statistical Center of Iran,persian,1402-04,2.00,%,IR,Iran,,,Base year 1400,سال پایه ۱۴۰۰
inf_irs_c-t_m,Monthly inflation rate (month to month) - Statistical Center of Iran,Statistical Center of Iran,persian,1402-05,2.40,%,IR,Iran,,,Base year 1400,سال پایه ۱۴۰۰
inf_irs_c-t_m,Monthly inflation rate (month to month) - Statistical Center of Iran,Statistical Center of Iran,persian,1402-06,2.00,%,IR,Iran,,,Base year 1400,سال پایه ۱۴۰۰
inf_irs_c-t_m,Monthly inflation rate (month to month) - Statistical Center of Iran,Statistical Center of Iran,persian,1402-07,2.30,%,IR,Iran,,,Base year 1400,سال پایه ۱۴۰۰
inf_irs_c-t_m,Monthly inflation rate (month to month) - Statistical Center of Iran,Statistical Center of Iran,persian,1402-08,2.20,%,IR,Iran,,,Base year 1400,سال پایه ۱۴۰۰
inf_irs_c-t_m,Monthly inflation rate (month to month) - Statistical Center of Iran,Statistical Center of Iran,persian,1402-09,2.90,%,IR,Iran,,,Base year 1400,سال پایه ۱۴۰۰
inf_irs_c-t_m,Monthly inflation rate (month to month) - Statistical Center of Iran,Statistical Center of Iran,persian,1402-10,2.60,%,IR,Iran,,,Base year 1400,سال پایه ۱۴۰۰
inf_irs_c-t_m,Monthly inflation rate (month to month) - Statistical Center of Iran,Statistical Center of Iran,persian,1402-11,1.40,%,IR,Iran,,,Base year 1400,سال پایه ۱۴۰۰
inf_irs_c-t_m,Monthly inflation rate (month to month) - Statistical Center of Iran,Statistical Center of Iran,persian,1402-12,2.00,%,IR,Iran,,,Base year 1400,سال پایه ۱۴۰۰
inf_irs_c-t_m,Monthly inflation rate (month to month) - Statistical Center of Iran,Statistical Center of Iran,persian,1403-01,2.60,%,IR,Iran,,,Base year 1400,سال پایه ۱۴۰۰
inf_irs_c-t_m,Monthly inflation rate (month to month) - Statistical Center of Iran,Statistical Center of Iran,persian,1403-02,2.80,%,IR,Iran,,,Base year 1400,سال پایه ۱۴۰۰
inf_irs_c-t_m,Monthly inflation rate (month to month) - Statistical Center of Iran,Statistical Center of Iran,persian,1403-03,2.80,%,IR,Iran,,,Base year 1400,سال پایه ۱۴۰۰
inf_irs_c-t_m,Monthly inflation rate (month to month) - Statistical Center of Iran,Statistical Center of Iran,persian,1403-04,2.20,%,IR,Iran,,,Base year 1400,سال پایه ۱۴۰۰
inf_irs_c-t_m,Monthly inflation rate (month to month) - Statistical Center of Iran,Statistical Center of Iran,persian,1403-05,2.00,%,IR,Iran,,,Base year 1400,سال پایه ۱۴۰۰
inf_irs_c-t_m,Monthly inflation rate (month to month) - Statistical Center of Iran,Statistical Center of Iran,persian,1403-06,1.70,%,IR,Iran,,,Base year 1400,سال پایه ۱۴۰۰
inf_irs_c-t_m,Monthly inflation rate (month to month) - Statistical Center of Iran,Statistical Center of Iran,persian,1403-07,2.70,%,IR,Iran,,,Base year 1400,سال پایه ۱۴۰۰
inf_irs_c-t_m,Monthly inflation rate (month to month) - Statistical Center of Iran,Statistical Center of Iran,persian,1403-08,2.80,%,IR,Iran,,,Base year 1400,سال پایه ۱۴۰۰
inf_irs_c-t_m,Monthly inflation rate (month to month) - Statistical Center of Iran,Statistical Center of Iran,persian,1403-09,2.00,%,IR,Iran,,,Base year 1400,سال پایه ۱۴۰۰
inf_irs_c-t_m,Monthly inflation rate (month to month) - Statistical Center of Iran,Statistical Center of Iran,persian,1403-10,2.90,%,IR,Iran,,,Base year 1400,سال پایه ۱۴۰۰
inf_irs_c-t_m,Monthly inflation rate (month to month) - Statistical Center of Iran,Statistical Center of Iran,persian,1403-11,4.10,%,IR,Iran,,,Base year 1400,سال پایه ۱۴۰۰
inf_irs_c-t_m,Monthly inflation rate (month to month) - Statistical Center of Iran,Statistical Center of Iran,persian,1403-12,3.30,%,IR,Iran,,,Base year 1400,سال پایه ۱۴۰۰
inf_irs_c-t_m,Monthly inflation rate (month to month) - Statistical Center of Iran,Statistical Center of Iran,persian,1404-01,3.90,%,IR,Iran,,,Base year 1400,سال پایه ۱۴۰۰
inf_irs_c-t_m,Monthly inflation rate (month to month) - Statistical Center of Iran,Statistical Center of Iran,persian,1404-02,2.70,%,IR,Iran,,,Base year 1400,سال پایه ۱۴۰۰
inf_irs_c-t_m,Monthly inflation rate (month to month) - Statistical Center of Iran,Statistical Center of Iran,persian,1404-03,3.30,%,IR,Iran,,,Base year 1400,سال پایه ۱۴۰۰
inf_irs_c-t_m,Monthly inflation rate (month to month) - Statistical Center of Iran,Statistical Center of Iran,persian,1404-04,3.50,%,IR,Iran,,,Base year 1400,سال پایه ۱۴۰۰
inf_irs_c-t_m,Monthly inflation rate (month to month) - Statistical Center of Iran,Statistical Center of Iran,persian,1404-05,2.90,%,IR,Iran,,,Base year 1400,سال پایه ۱۴۰۰
inf_irs_c-t_m,Monthly inflation rate (month to month) - Statistical Center of Iran,Statistical Center of Iran,persian,1404-06,3.80,%,IR,Iran,,,Base year 1400,سال پایه ۱۴۰۰
inf_irs_c-t_m,Monthly inflation rate (month to month) - Statistical Center of Iran,Statistical Center of Iran,persian,1404-07,5.00,%,IR,Iran,,,Base year 1400,سال پایه ۱۴۰۰
inf_irs_c-t_m,Monthly inflation rate (month to month) - Statistical Center of Iran,Statistical Center of Iran,persian,1404-08,3.40,%,IR,Iran,,,Base year 1400,سال پایه ۱۴۰۰
inf_irs_c-t_m,Monthly inflation rate (month to month) - Statistical Center of Iran,Statistical Center of Iran,persian,1404-09,4.22,%,IR,Iran,,,Base year 1400,سال پایه ۱۴۰۰
inf_irs_c-t_m,Monthly inflation rate (month to month) - Statistical Center of Iran,Statistical Center of Iran,persian,1404-10,7.88,%,IR,Iran,,,Base year 1400,سال پایه ۱۴۰۰
inf_irs_c-t_m,Monthly inflation rate (month to month) - Statistical Center of Iran,Statistical Center of Iran,persian,1404-11,9.42,%,IR,Iran,,,Base year 1400,سال پایه ۱۴۰۰
inf_irs_c-t_m,Monthly inflation rate (month to month) - Statistical Center of Iran,Statistical Center of Iran,persian,1404-12,5.59,%,IR,Iran,,,Base year 1400,سال پایه ۱۴۰۰
inf_irs_c-t_m,Monthly inflation rate (month to month) - Statistical Center of Iran,Statistical Center of Iran,persian,1405-01,4.98,%,IR,Iran,,,Base year 1400,سال پایه ۱۴۰۰
inf_irs_c-f_m,Monthly inflation rate food (month to month) - Statistical Center of Iran,Statistical Center of Iran,persian,1390-02,3.80,%,IR,Iran,,,Base year 1400,سال پایه ۱۴۰۰
inf_irs_c-f_m,Monthly inflation rate food (month to month) - Statistical Center of Iran,Statistical Center of Iran,persian,1390-03,1.90,%,IR,Iran,,,Base year 1400,سال پایه ۱۴۰۰
inf_irs_c-f_m,Monthly inflation rate food (month to month) - Statistical Center of Iran,Statistical Center of Iran,persian,1390-04,0.90,%,IR,Iran,,,Base year 1400,سال پایه ۱۴۰۰
inf_irs_c-f_m,Monthly inflation rate food (month to month) - Statistical Center of Iran,Statistical Center of Iran,persian,1390-05,1.80,%,IR,Iran,,,Base year 1400,سال پایه ۱۴۰۰
inf_irs_c-f_m,Monthly inflation rate food (month to month) - Statistical Center of Iran,Statistical Center of Iran,persian,1390-06,1.30,%,IR,Iran,,,Base year 1400,سال پایه ۱۴۰۰
inf_irs_c-f_m,Monthly inflation rate food (month to month) - Statistical Center of Iran,Statistical Center of Iran,persian,1390-07,1.80,%,IR,Iran,,,Base year 1400,سال پایه ۱۴۰۰
inf_irs_c-f_m,Monthly inflation rate food (month to month) - Statistical Center of Iran,Statistical Center of Iran,persian,1390-08,1.80,%,IR,Iran,,,Base year 1400,سال پایه ۱۴۰۰
inf_irs_c-f_m,Monthly inflation rate food (month to month) - Statistical Center of Iran,Statistical Center of Iran,persian,1390-09,2.70,%,IR,Iran,,,Base year 1400,سال پایه ۱۴۰۰
inf_irs_c-f_m,Monthly inflation rate food (month to month) - Statistical Center of Iran,Statistical Center of Iran,persian,1390-10,2.20,%,IR,Iran,,,Base year 1400,سال پایه ۱۴۰۰
inf_irs_c-f_m,Monthly inflation rate food (month to month) - Statistical Center of Iran,Statistical Center of Iran,persian,1390-11,4.90,%,IR,Iran,,,Base year 1400,سال پایه ۱۴۰۰
inf_irs_c-f_m,Monthly inflation rate food (month to month) - Statistical Center of Iran,Statistical Center of Iran,persian,1390-12,5.00,%,IR,Iran,,,Base year 1400,سال پایه ۱۴۰۰
inf_irs_c-f_m,Monthly inflation rate food (month to month) - Statistical Center of Iran,Statistical Center of Iran,persian,1391-01,3.50,%,IR,Iran,,,Base year 1400,سال پایه ۱۴۰۰
inf_irs_c-f_m,Monthly inflation rate food (month to month) - Statistical Center of Iran,Statistical Center of Iran,persian,1391-02,2.80,%,IR,Iran,,,Base year 1400,سال پایه ۱۴۰۰
inf_irs_c-f_m,Monthly inflation rate food (month to month) - Statistical Center of Iran,Statistical Center of Iran,persian,1391-03,0.30,%,IR,Iran,,,Base year 1400,سال پایه ۱۴۰۰
inf_irs_c-f_m,Monthly inflation rate food (month to month) - Statistical Center of Iran,Statistical Center of Iran,persian,1391-04,7.70,%,IR,Iran,,,Base year 1400,سال پایه ۱۴۰۰
inf_irs_c-f_m,Monthly inflation rate food (month to month) - Statistical Center of Iran,Statistical Center of Iran,persian,1391-05,2.70,%,IR,Iran,,,Base year 1400,سال پایه ۱۴۰۰
inf_irs_c-f_m,Monthly inflation rate food (month to month) - Statistical Center of Iran,Statistical Center of Iran,persian,1391-06,0.80,%,IR,Iran,,,Base year 1400,سال پایه ۱۴۰۰
inf_irs_c-f_m,Monthly inflation rate food (month to month) - Statistical Center of Iran,Statistical Center of Iran,persian,1391-07,4.40,%,IR,Iran,,,Base year 1400,سال پایه ۱۴۰۰
inf_irs_c-f_m,Monthly inflation rate food (month to month) - Statistical Center of Iran,Statistical Center of Iran,persian,1391-08,5.10,%,IR,Iran,,,Base year 1400,سال پایه ۱۴۰۰
inf_irs_c-f_m,Monthly inflation rate food (month to month) - Statistical Center of Iran,Statistical Center of Iran,persian,1391-09,1.70,%,IR,Iran,,,Base year 1400,سال پایه ۱۴۰۰
inf_irs_c-f_m,Monthly inflation rate food (month to month) - Statistical Center of Iran,Statistical Center of Iran,persian,1391-10,1.80,%,IR,Iran,,,Base year 1400,سال پایه ۱۴۰۰
inf_irs_c-f_m,Monthly inflation rate food (month to month) - Statistical Center of Iran,Statistical Center of Iran,persian,1391-11,7.00,%,IR,Iran,,,Base year 1400,سال پایه ۱۴۰۰
inf_irs_c-f_m,Monthly inflation rate food (month to month) - Statistical Center of Iran,Statistical Center of Iran,persian,1391-12,6.30,%,IR,Iran,,,Base year 1400,سال پایه ۱۴۰۰
inf_irs_c-f_m,Monthly inflation rate food (month to month) - Statistical Center of Iran,Statistical Center of Iran,persian,1392-01,7.00,%,IR,Iran,,,Base year 1400,سال پایه ۱۴۰۰
inf_irs_c-f_m,Monthly inflation rate food (month to month) - Statistical Center of Iran,Statistical Center of Iran,persian,1392-02,0.40,%,IR,Iran,,,Base year 1400,سال پایه ۱۴۰۰
inf_irs_c-f_m,Monthly inflation rate food (month to month) - Statistical Center of Iran,Statistical Center of Iran,persian,1392-03,3.00,%,IR,Iran,,,Base year 1400,سال پایه ۱۴۰۰
inf_irs_c-f_m,Monthly inflation rate food (month to month) - Statistical Center of Iran,Statistical Center of Iran,persian,1392-04,2.50,%,IR,Iran,,,Base year 1400,سال پایه ۱۴۰۰
inf_irs_c-f_m,Monthly inflation rate food (month to month) - Statistical Center of Iran,Statistical Center of Iran,persian,1392-05,2.00,%,IR,Iran,,,Base year 1400,سال پایه ۱۴۰۰
inf_irs_c-f_m,Monthly inflation rate food (month to month) - Statistical Center of Iran,Statistical Center of Iran,persian,1392-06,0.50,%,IR,Iran,,,Base year 1400,سال پایه ۱۴۰۰
inf_irs_c-f_m,Monthly inflation rate food (month to month) - Statistical Center of Iran,Statistical Center of Iran,persian,1392-07,1.30,%,IR,Iran,,,Base year 1400,سال پایه ۱۴۰۰
inf_irs_c-f_m,Monthly inflation rate food (month to month) - Statistical Center of Iran,Statistical Center of Iran,persian,1392-08,1.10,%,IR,Iran,,,Base year 1400,سال پایه ۱۴۰۰
inf_irs_c-f_m,Monthly inflation rate food (month to month) - Statistical Center of Iran,Statistical Center of Iran,persian,1392-09,-0.10,%,IR,Iran,,,Base year 1400,سال پایه ۱۴۰۰
inf_irs_c-f_m,Monthly inflation rate food (month to month) - Statistical Center of Iran,Statistical Center of Iran,persian,1392-10,1.80,%,IR,Iran,,,Base year 1400,سال پایه ۱۴۰۰
inf_irs_c-f_m,Monthly inflation rate food (month to month) - Statistical Center of Iran,Statistical Center of Iran,persian,1392-11,-0.40,%,IR,Iran,,,Base year 1400,سال پایه ۱۴۰۰
inf_irs_c-f_m,Monthly inflation rate food (month to month) - Statistical Center of Iran,Statistical Center of Iran,persian,1392-12,0.90,%,IR,Iran,,,Base year 1400,سال پایه ۱۴۰۰
inf_irs_c-f_m,Monthly inflation rate food (month to month) - Statistical Center of Iran,Statistical Center of Iran,persian,1393-01,1.80,%,IR,Iran,,,Base year 1400,سال پایه ۱۴۰۰
inf_irs_c-f_m,Monthly inflation rate food (month to month) - Statistical Center of Iran,Statistical Center of Iran,persian,1393-02,-4.00,%,IR,Iran,,,Base year 1400,سال پایه ۱۴۰۰
inf_irs_c-f_m,Monthly inflation rate food (month to month) - Statistical Center of Iran,Statistical Center of Iran,persian,1393-03,-0.30,%,IR,Iran,,,Base year 1400,سال پایه ۱۴۰۰
inf_irs_c-f_m,Monthly inflation rate food (month to month) - Statistical Center of Iran,Statistical Center of Iran,persian,1393-04,3.10,%,IR,Iran,,,Base year 1400,سال پایه ۱۴۰۰
inf_irs_c-f_m,Monthly inflation rate food (month to month) - Statistical Center of Iran,Statistical Center of Iran,persian,1393-05,2.40,%,IR,Iran,,,Base year 1400,سال پایه ۱۴۰۰
inf_irs_c-f_m,Monthly inflation rate food (month to month) - Statistical Center of Iran,Statistical Center of Iran,persian,1393-06,0.90,%,IR,Iran,,,Base year 1400,سال پایه ۱۴۰۰
inf_irs_c-f_m,Monthly inflation rate food (month to month) - Statistical Center of Iran,Statistical Center of Iran,persian,1393-07,0.20,%,IR,Iran,,,Base year 1400,سال پایه ۱۴۰۰
inf_irs_c-f_m,Monthly inflation rate food (month to month) - Statistical Center of Iran,Statistical Center of Iran,persian,1393-08,1.00,%,IR,Iran,,,Base year 1400,سال پایه ۱۴۰۰
inf_irs_c-f_m,Monthly inflation rate food (month to month) - Statistical Center of Iran,Statistical Center of Iran,persian,1393-09,4.70,%,IR,Iran,,,Base year 1400,سال پایه ۱۴۰۰
inf_irs_c-f_m,Monthly inflation rate food (month to month) - Statistical Center of Iran,Statistical Center of Iran,persian,1393-10,-0.50,%,IR,Iran,,,Base year 1400,سال پایه ۱۴۰۰
inf_irs_c-f_m,Monthly inflation rate food (month to month) - Statistical Center of Iran,Statistical Center of Iran,persian,1393-11,-0.50,%,IR,Iran,,,Base year 1400,سال پایه ۱۴۰۰
inf_irs_c-f_m,Monthly inflation rate food (month to month) - Statistical Center of Iran,Statistical Center of Iran,persian,1393-12,0.50,%,IR,Iran,,,Base year 1400,سال پایه ۱۴۰۰
inf_irs_c-f_m,Monthly inflation rate food (month to month) - Statistical Center of Iran,Statistical Center of Iran,persian,1394-01,2.20,%,IR,Iran,,,Base year 1400,سال پایه ۱۴۰۰
inf_irs_c-f_m,Monthly inflation rate food (month to month) - Statistical Center of Iran,Statistical Center of Iran,persian,1394-02,0.20,%,IR,Iran,,,Base year 1400,سال پایه ۱۴۰۰
inf_irs_c-f_m,Monthly inflation rate food (month to month) - Statistical Center of Iran,Statistical Center of Iran,persian,1394-03,0.60,%,IR,Iran,,,Base year 1400,سال پایه ۱۴۰۰
inf_irs_c-f_m,Monthly inflation rate food (month to month) - Statistical Center of Iran,Statistical Center of Iran,persian,1394-04,1.00,%,IR,Iran,,,Base year 1400,سال پایه ۱۴۰۰
inf_irs_c-f_m,Monthly inflation rate food (month to month) - Statistical Center of Iran,Statistical Center of Iran,persian,1394-05,0.30,%,IR,Iran,,,Base year 1400,سال پایه ۱۴۰۰
inf_irs_c-f_m,Monthly inflation rate food (month to month) - Statistical Center of Iran,Statistical Center of Iran,persian,1394-06,-0.20,%,IR,Iran,,,Base year 1400,سال پایه ۱۴۰۰
inf_irs_c-f_m,Monthly inflation rate food (month to month) - Statistical Center of Iran,Statistical Center of Iran,persian,1394-07,-0.90,%,IR,Iran,,,Base year 1400,سال پایه ۱۴۰۰
inf_irs_c-f_m,Monthly inflation rate food (month to month) - Statistical Center of Iran,Statistical Center of Iran,persian,1394-08,0.10,%,IR,Iran,,,Base year 1400,سال پایه ۱۴۰۰
inf_irs_c-f_m,Monthly inflation rate food (month to month) - Statistical Center of Iran,Statistical Center of Iran,persian,1394-09,3.10,%,IR,Iran,,,Base year 1400,سال پایه ۱۴۰۰
inf_irs_c-f_m,Monthly inflation rate food (month to month) - Statistical Center of Iran,Statistical Center of Iran,persian,1394-10,0.90,%,IR,Iran,,,Base year 1400,سال پایه ۱۴۰۰
inf_irs_c-f_m,Monthly inflation rate food (month to month) - Statistical Center of Iran,Statistical Center of Iran,persian,1394-11,-0.50,%,IR,Iran,,,Base year 1400,سال پایه ۱۴۰۰
inf_irs_c-f_m,Monthly inflation rate food (month to month) - Statistical Center of Iran,Statistical Center of Iran,persian,1394-12,0.10,%,IR,Iran,,,Base year 1400,سال پایه ۱۴۰۰
inf_irs_c-f_m,Monthly inflation rate food (month to month) - Statistical Center of Iran,Statistical Center of Iran,persian,1395-01,-0.10,%,IR,Iran,,,Base year 1400,سال پایه ۱۴۰۰
inf_irs_c-f_m,Monthly inflation rate food (month to month) - Statistical Center of Iran,Statistical Center of Iran,persian,1395-02,-0.40,%,IR,Iran,,,Base year 1400,سال پایه ۱۴۰۰
inf_irs_c-f_m,Monthly inflation rate food (month to month) - Statistical Center of Iran,Statistical Center of Iran,persian,1395-03,1.60,%,IR,Iran,,,Base year 1400,سال پایه ۱۴۰۰
inf_irs_c-f_m,Monthly inflation rate food (month to month) - Statistical Center of Iran,Statistical Center of Iran,persian,1395-04,1.20,%,IR,Iran,,,Base year 1400,سال پایه ۱۴۰۰
inf_irs_c-f_m,Monthly inflation rate food (month to month) - Statistical Center of Iran,Statistical Center of Iran,persian,1395-05,2.20,%,IR,Iran,,,Base year 1400,سال پایه ۱۴۰۰
inf_irs_c-f_m,Monthly inflation rate food (month to month) - Statistical Center of Iran,Statistical Center of Iran,persian,1395-06,0.30,%,IR,Iran,,,Base year 1400,سال پایه ۱۴۰۰
inf_irs_c-f_m,Monthly inflation rate food (month to month) - Statistical Center of Iran,Statistical Center of Iran,persian,1395-07,-0.70,%,IR,Iran,,,Base year 1400,سال پایه ۱۴۰۰
inf_irs_c-f_m,Monthly inflation rate food (month to month) - Statistical Center of Iran,Statistical Center of Iran,persian,1395-08,0.30,%,IR,Iran,,,Base year 1400,سال پایه ۱۴۰۰
inf_irs_c-f_m,Monthly inflation rate food (month to month) - Statistical Center of Iran,Statistical Center of Iran,persian,1395-09,2.00,%,IR,Iran,,,Base year 1400,سال پایه ۱۴۰۰
inf_irs_c-f_m,Monthly inflation rate food (month to month) - Statistical Center of Iran,Statistical Center of Iran,persian,1395-10,1.30,%,IR,Iran,,,Base year 1400,سال پایه ۱۴۰۰
inf_irs_c-f_m,Monthly inflation rate food (month to month) - Statistical Center of Iran,Statistical Center of Iran,persian,1395-11,1.50,%,IR,Iran,,,Base year 1400,سال پایه ۱۴۰۰
inf_irs_c-f_m,Monthly inflation rate food (month to month) - Statistical Center of Iran,Statistical Center of Iran,persian,1395-12,4.30,%,IR,Iran,,,Base year 1400,سال پایه ۱۴۰۰
inf_irs_c-f_m,Monthly inflation rate food (month to month) - Statistical Center of Iran,Statistical Center of Iran,persian,1396-01,2.80,%,IR,Iran,,,Base year 1400,سال پایه ۱۴۰۰
inf_irs_c-f_m,Monthly inflation rate food (month to month) - Statistical Center of Iran,Statistical Center of Iran,persian,1396-02,-1.20,%,IR,Iran,,,Base year 1400,سال پایه ۱۴۰۰
inf_irs_c-f_m,Monthly inflation rate food (month to month) - Statistical Center of Iran,Statistical Center of Iran,persian,1396-03,-0.20,%,IR,Iran,,,Base year 1400,سال پایه ۱۴۰۰
inf_irs_c-f_m,Monthly inflation rate food (month to month) - Statistical Center of Iran,Statistical Center of Iran,persian,1396-04,0.50,%,IR,Iran,,,Base year 1400,سال پایه ۱۴۰۰
inf_irs_c-f_m,Monthly inflation rate food (month to month) - Statistical Center of Iran,Statistical Center of Iran,persian,1396-05,0.20,%,IR,Iran,,,Base year 1400,سال پایه ۱۴۰۰
inf_irs_c-f_m,Monthly inflation rate food (month to month) - Statistical Center of Iran,Statistical Center of Iran,persian,1396-06,-1.30,%,IR,Iran,,,Base year 1400,سال پایه ۱۴۰۰
inf_irs_c-f_m,Monthly inflation rate food (month to month) - Statistical Center of Iran,Statistical Center of Iran,persian,1396-07,0.20,%,IR,Iran,,,Base year 1400,سال پایه ۱۴۰۰
inf_irs_c-f_m,Monthly inflation rate food (month to month) - Statistical Center of Iran,Statistical Center of Iran,persian,1396-08,2.20,%,IR,Iran,,,Base year 1400,سال پایه ۱۴۰۰
inf_irs_c-f_m,Monthly inflation rate food (month to month) - Statistical Center of Iran,Statistical Center of Iran,persian,1396-09,2.40,%,IR,Iran,,,Base year 1400,سال پایه ۱۴۰۰
inf_irs_c-f_m,Monthly inflation rate food (month to month) - Statistical Center of Iran,Statistical Center of Iran,persian,1396-10,0.30,%,IR,Iran,,,Base year 1400,سال پایه ۱۴۰۰
inf_irs_c-f_m,Monthly inflation rate food (month to month) - Statistical Center of Iran,Statistical Center of Iran,persian,1396-11,0.30,%,IR,Iran,,,Base year 1400,سال پایه ۱۴۰۰
inf_irs_c-f_m,Monthly inflation rate food (month to month) - Statistical Center of Iran,Statistical Center of Iran,persian,1396-12,0.00,%,IR,Iran,,,Base year 1400,سال پایه ۱۴۰۰
inf_irs_c-f_m,Monthly inflation rate food (month to month) - Statistical Center of Iran,Statistical Center of Iran,persian,1397-01,2.40,%,IR,Iran,,,Base year 1400,سال پایه ۱۴۰۰
inf_irs_c-f_m,Monthly inflation rate food (month to month) - Statistical Center of Iran,Statistical Center of Iran,persian,1397-02,0.70,%,IR,Iran,,,Base year 1400,سال پایه ۱۴۰۰
inf_irs_c-f_m,Monthly inflation rate food (month to month) - Statistical Center of Iran,Statistical Center of Iran,persian,1397-03,4.10,%,IR,Iran,,,Base year 1400,سال پایه ۱۴۰۰
inf_irs_c-f_m,Monthly inflation rate food (month to month) - Statistical Center of Iran,Statistical Center of Iran,persian,1397-04,2.60,%,IR,Iran,,,Base year 1400,سال پایه ۱۴۰۰
inf_irs_c-f_m,Monthly inflation rate food (month to month) - Statistical Center of Iran,Statistical Center of Iran,persian,1397-05,8.60,%,IR,Iran,,,Base year 1400,سال پایه ۱۴۰۰
inf_irs_c-f_m,Monthly inflation rate food (month to month) - Statistical Center of Iran,Statistical Center of Iran,persian,1397-06,6.30,%,IR,Iran,,,Base year 1400,سال پایه ۱۴۰۰
inf_irs_c-f_m,Monthly inflation rate food (month to month) - Statistical Center of Iran,Statistical Center of Iran,persian,1397-07,8.10,%,IR,Iran,,,Base year 1400,سال پایه ۱۴۰۰
inf_irs_c-f_m,Monthly inflation rate food (month to month) - Statistical Center of Iran,Statistical Center of Iran,persian,1397-08,4.30,%,IR,Iran,,,Base year 1400,سال پایه ۱۴۰۰
inf_irs_c-f_m,Monthly inflation rate food (month to month) - Statistical Center of Iran,Statistical Center of Iran,persian,1397-09,5.10,%,IR,Iran,,,Base year 1400,سال پایه ۱۴۰۰
inf_irs_c-f_m,Monthly inflation rate food (month to month) - Statistical Center of Iran,Statistical Center of Iran,persian,1397-10,3.00,%,IR,Iran,,,Base year 1400,سال پایه ۱۴۰۰
inf_irs_c-f_m,Monthly inflation rate food (month to month) - Statistical Center of Iran,Statistical Center of Iran,persian,1397-11,4.60,%,IR,Iran,,,Base year 1400,سال پایه ۱۴۰۰
inf_irs_c-f_m,Monthly inflation rate food (month to month) - Statistical Center of Iran,Statistical Center of Iran,persian,1397-12,6.50,%,IR,Iran,,,Base year 1400,سال پایه ۱۴۰۰
inf_irs_c-f_m,Monthly inflation rate food (month to month) - Statistical Center of Iran,Statistical Center of Iran,persian,1398-01,9.00,%,IR,Iran,,,Base year 1400,سال پایه ۱۴۰۰
inf_irs_c-f_m,Monthly inflation rate food (month to month) - Statistical Center of Iran,Statistical Center of Iran,persian,1398-02,-0.80,%,IR,Iran,,,Base year 1400,سال پایه ۱۴۰۰
inf_irs_c-f_m,Monthly inflation rate food (month to month) - Statistical Center of Iran,Statistical Center of Iran,persian,1398-03,-0.20,%,IR,Iran,,,Base year 1400,سال پایه ۱۴۰۰
inf_irs_c-f_m,Monthly inflation rate food (month to month) - Statistical Center of Iran,Statistical Center of Iran,persian,1398-04,1.30,%,IR,Iran,,,Base year 1400,سال پایه ۱۴۰۰
inf_irs_c-f_m,Monthly inflation rate food (month to month) - Statistical Center of Iran,Statistical Center of Iran,persian,1398-05,-0.50,%,IR,Iran,,,Base year 1400,سال پایه ۱۴۰۰
inf_irs_c-f_m,Monthly inflation rate food (month to month) - Statistical Center of Iran,Statistical Center of Iran,persian,1398-06,-1.40,%,IR,Iran,,,Base year 1400,سال پایه ۱۴۰۰
inf_irs_c-f_m,Monthly inflation rate food (month to month) - Statistical Center of Iran,Statistical Center of Iran,persian,1398-07,-1.10,%,IR,Iran,,,Base year 1400,سال پایه ۱۴۰۰
inf_irs_c-f_m,Monthly inflation rate food (month to month) - Statistical Center of Iran,Statistical Center of Iran,persian,1398-08,1.40,%,IR,Iran,,,Base year 1400,سال پایه ۱۴۰۰
inf_irs_c-f_m,Monthly inflation rate food (month to month) - Statistical Center of Iran,Statistical Center of Iran,persian,1398-09,4.20,%,IR,Iran,,,Base year 1400,سال پایه ۱۴۰۰
inf_irs_c-f_m,Monthly inflation rate food (month to month) - Statistical Center of Iran,Statistical Center of Iran,persian,1398-10,-0.40,%,IR,Iran,,,Base year 1400,سال پایه ۱۴۰۰
inf_irs_c-f_m,Monthly inflation rate food (month to month) - Statistical Center of Iran,Statistical Center of Iran,persian,1398-11,0.80,%,IR,Iran,,,Base year 1400,سال پایه ۱۴۰۰
inf_irs_c-f_m,Monthly inflation rate food (month to month) - Statistical Center of Iran,Statistical Center of Iran,persian,1398-12,1.90,%,IR,Iran,,,Base year 1400,سال پایه ۱۴۰۰
inf_irs_c-f_m,Monthly inflation rate food (month to month) - Statistical Center of Iran,Statistical Center of Iran,persian,1399-01,5.20,%,IR,Iran,,,Base year 1400,سال پایه ۱۴۰۰
inf_irs_c-f_m,Monthly inflation rate food (month to month) - Statistical Center of Iran,Statistical Center of Iran,persian,1399-02,0.30,%,IR,Iran,,,Base year 1400,سال پایه ۱۴۰۰
inf_irs_c-f_m,Monthly inflation rate food (month to month) - Statistical Center of Iran,Statistical Center of Iran,persian,1399-03,2.40,%,IR,Iran,,,Base year 1400,سال پایه ۱۴۰۰
inf_irs_c-f_m,Monthly inflation rate food (month to month) - Statistical Center of Iran,Statistical Center of Iran,persian,1399-04,6.70,%,IR,Iran,,,Base year 1400,سال پایه ۱۴۰۰
inf_irs_c-f_m,Monthly inflation rate food (month to month) - Statistical Center of Iran,Statistical Center of Iran,persian,1399-05,3.50,%,IR,Iran,,,Base year 1400,سال پایه ۱۴۰۰
inf_irs_c-f_m,Monthly inflation rate food (month to month) - Statistical Center of Iran,Statistical Center of Iran,persian,1399-06,3.00,%,IR,Iran,,,Base year 1400,سال پایه ۱۴۰۰
inf_irs_c-f_m,Monthly inflation rate food (month to month) - Statistical Center of Iran,Statistical Center of Iran,persian,1399-07,5.70,%,IR,Iran,,,Base year 1400,سال پایه ۱۴۰۰
inf_irs_c-f_m,Monthly inflation rate food (month to month) - Statistical Center of Iran,Statistical Center of Iran,persian,1399-08,13.20,%,IR,Iran,,,Base year 1400,سال پایه ۱۴۰۰
inf_irs_c-f_m,Monthly inflation rate food (month to month) - Statistical Center of Iran,Statistical Center of Iran,persian,1399-09,5.00,%,IR,Iran,,,Base year 1400,سال پایه ۱۴۰۰
inf_irs_c-f_m,Monthly inflation rate food (month to month) - Statistical Center of Iran,Statistical Center of Iran,persian,1399-10,0.90,%,IR,Iran,,,Base year 1400,سال پایه ۱۴۰۰
inf_irs_c-f_m,Monthly inflation rate food (month to month) - Statistical Center of Iran,Statistical Center of Iran,persian,1399-11,5.30,%,IR,Iran,,,Base year 1400,سال پایه ۱۴۰۰
inf_irs_c-f_m,Monthly inflation rate food (month to month) - Statistical Center of Iran,Statistical Center of Iran,persian,1399-12,1.80,%,IR,Iran,,,Base year 1400,سال پایه ۱۴۰۰
inf_irs_c-f_m,Monthly inflation rate food (month to month) - Statistical Center of Iran,Statistical Center of Iran,persian,1400-01,3.20,%,IR,Iran,,,Base year 1400,سال پایه ۱۴۰۰
inf_irs_c-f_m,Monthly inflation rate food (month to month) - Statistical Center of Iran,Statistical Center of Iran,persian,1400-02,-0.30,%,IR,Iran,,,Base year 1400,سال پایه ۱۴۰۰
inf_irs_c-f_m,Monthly inflation rate food (month to month) - Statistical Center of Iran,Statistical Center of Iran,persian,1400-03,2.70,%,IR,Iran,,,Base year 1400,سال پایه ۱۴۰۰
inf_irs_c-f_m,Monthly inflation rate food (month to month) - Statistical Center of Iran,Statistical Center of Iran,persian,1400-04,2.60,%,IR,Iran,,,Base year 1400,سال پایه ۱۴۰۰
inf_irs_c-f_m,Monthly inflation rate food (month to month) - Statistical Center of Iran,Statistical Center of Iran,persian,1400-05,5.20,%,IR,Iran,,,Base year 1400,سال پایه ۱۴۰۰
inf_irs_c-f_m,Monthly inflation rate food (month to month) - Statistical Center of Iran,Statistical Center of Iran,persian,1400-06,5.00,%,IR,Iran,,,Base year 1400,سال پایه ۱۴۰۰
inf_irs_c-f_m,Monthly inflation rate food (month to month) - Statistical Center of Iran,Statistical Center of Iran,persian,1400-07,3.70,%,IR,Iran,,,Base year 1400,سال پایه ۱۴۰۰
inf_irs_c-f_m,Monthly inflation rate food (month to month) - Statistical Center of Iran,Statistical Center of Iran,persian,1400-08,2.60,%,IR,Iran,,,Base year 1400,سال پایه ۱۴۰۰
inf_irs_c-f_m,Monthly inflation rate food (month to month) - Statistical Center of Iran,Statistical Center of Iran,persian,1400-09,2.00,%,IR,Iran,,,Base year 1400,سال پایه ۱۴۰۰
inf_irs_c-f_m,Monthly inflation rate food (month to month) - Statistical Center of Iran,Statistical Center of Iran,persian,1400-10,2.00,%,IR,Iran,,,Base year 1400,سال پایه ۱۴۰۰
inf_irs_c-f_m,Monthly inflation rate food (month to month) - Statistical Center of Iran,Statistical Center of Iran,persian,1400-11,4.70,%,IR,Iran,,,Base year 1400,سال پایه ۱۴۰۰
inf_irs_c-f_m,Monthly inflation rate food (month to month) - Statistical Center of Iran,Statistical Center of Iran,persian,1400-12,3.00,%,IR,Iran,,,Base year 1400,سال پایه ۱۴۰۰
inf_irs_c-f_m,Monthly inflation rate food (month to month) - Statistical Center of Iran,Statistical Center of Iran,persian,1401-01,3.60,%,IR,Iran,,,Base year 1400,سال پایه ۱۴۰۰
inf_irs_c-f_m,Monthly inflation rate food (month to month) - Statistical Center of Iran,Statistical Center of Iran,persian,1401-02,4.00,%,IR,Iran,,,Base year 1400,سال پایه ۱۴۰۰
inf_irs_c-f_m,Monthly inflation rate food (month to month) - Statistical Center of Iran,Statistical Center of Iran,persian,1401-03,25.60,%,IR,Iran,,,Base year 1400,سال پایه ۱۴۰۰
inf_irs_c-f_m,Monthly inflation rate food (month to month) - Statistical Center of Iran,Statistical Center of Iran,persian,1401-04,5.30,%,IR,Iran,,,Base year 1400,سال پایه ۱۴۰۰
inf_irs_c-f_m,Monthly inflation rate food (month to month) - Statistical Center of Iran,Statistical Center of Iran,persian,1401-05,1.70,%,IR,Iran,,,Base year 1400,سال پایه ۱۴۰۰
inf_irs_c-f_m,Monthly inflation rate food (month to month) - Statistical Center of Iran,Statistical Center of Iran,persian,1401-06,1.90,%,IR,Iran,,,Base year 1400,سال پایه ۱۴۰۰
inf_irs_c-f_m,Monthly inflation rate food (month to month) - Statistical Center of Iran,Statistical Center of Iran,persian,1401-07,1.70,%,IR,Iran,,,Base year 1400,سال پایه ۱۴۰۰
inf_irs_c-f_m,Monthly inflation rate food (month to month) - Statistical Center of Iran,Statistical Center of Iran,persian,1401-08,0.90,%,IR,Iran,,,Base year 1400,سال پایه ۱۴۰۰
inf_irs_c-f_m,Monthly inflation rate food (month to month) - Statistical Center of Iran,Statistical Center of Iran,persian,1401-09,0.40,%,IR,Iran,,,Base year 1400,سال پایه ۱۴۰۰
inf_irs_c-f_m,Monthly inflation rate food (month to month) - Statistical Center of Iran,Statistical Center of Iran,persian,1401-10,4.10,%,IR,Iran,,,Base year 1400,سال پایه ۱۴۰۰
inf_irs_c-f_m,Monthly inflation rate food (month to month) - Statistical Center of Iran,Statistical Center of Iran,persian,1401-11,5.10,%,IR,Iran,,,Base year 1400,سال پایه ۱۴۰۰
inf_irs_c-f_m,Monthly inflation rate food (month to month) - Statistical Center of Iran,Statistical Center of Iran,persian,1401-12,6.90,%,IR,Iran,,,Base year 1400,سال پایه ۱۴۰۰
inf_irs_c-f_m,Monthly inflation rate food (month to month) - Statistical Center of Iran,Statistical Center of Iran,persian,1402-01,4.00,%,IR,Iran,,,Base year 1400,سال پایه ۱۴۰۰
inf_irs_c-f_m,Monthly inflation rate food (month to month) - Statistical Center of Iran,Statistical Center of Iran,persian,1402-02,2.60,%,IR,Iran,,,Base year 1400,سال پایه ۱۴۰۰
inf_irs_c-f_m,Monthly inflation rate food (month to month) - Statistical Center of Iran,Statistical Center of Iran,persian,1402-03,1.70,%,IR,Iran,,,Base year 1400,سال پایه ۱۴۰۰
inf_irs_c-f_m,Monthly inflation rate food (month to month) - Statistical Center of Iran,Statistical Center of Iran,persian,1402-04,1.10,%,IR,Iran,,,Base year 1400,سال پایه ۱۴۰۰
inf_irs_c-f_m,Monthly inflation rate food (month to month) - Statistical Center of Iran,Statistical Center of Iran,persian,1402-05,2.60,%,IR,Iran,,,Base year 1400,سال پایه ۱۴۰۰
inf_irs_c-f_m,Monthly inflation rate food (month to month) - Statistical Center of Iran,Statistical Center of Iran,persian,1402-06,1.40,%,IR,Iran,,,Base year 1400,سال پایه ۱۴۰۰
inf_irs_c-f_m,Monthly inflation rate food (month to month) - Statistical Center of Iran,Statistical Center of Iran,persian,1402-07,0.40,%,IR,Iran,,,Base year 1400,سال پایه ۱۴۰۰
inf_irs_c-f_m,Monthly inflation rate food (month to month) - Statistical Center of Iran,Statistical Center of Iran,persian,1402-08,1.00,%,IR,Iran,,,Base year 1400,سال پایه ۱۴۰۰
inf_irs_c-f_m,Monthly inflation rate food (month to month) - Statistical Center of Iran,Statistical Center of Iran,persian,1402-09,4.20,%,IR,Iran,,,Base year 1400,سال پایه ۱۴۰۰
inf_irs_c-f_m,Monthly inflation rate food (month to month) - Statistical Center of Iran,Statistical Center of Iran,persian,1402-10,2.40,%,IR,Iran,,,Base year 1400,سال پایه ۱۴۰۰
inf_irs_c-f_m,Monthly inflation rate food (month to month) - Statistical Center of Iran,Statistical Center of Iran,persian,1402-11,-0.50,%,IR,Iran,,,Base year 1400,سال پایه ۱۴۰۰
inf_irs_c-f_m,Monthly inflation rate food (month to month) - Statistical Center of Iran,Statistical Center of Iran,persian,1402-12,1.60,%,IR,Iran,,,Base year 1400,سال پایه ۱۴۰۰
inf_irs_c-f_m,Monthly inflation rate food (month to month) - Statistical Center of Iran,Statistical Center of Iran,persian,1403-01,2.90,%,IR,Iran,,,Base year 1400,سال پایه ۱۴۰۰
inf_irs_c-f_m,Monthly inflation rate food (month to month) - Statistical Center of Iran,Statistical Center of Iran,persian,1403-02,1.80,%,IR,Iran,,,Base year 1400,سال پایه ۱۴۰۰
inf_irs_c-f_m,Monthly inflation rate food (month to month) - Statistical Center of Iran,Statistical Center of Iran,persian,1403-03,4.30,%,IR,Iran,,,Base year 1400,سال پایه ۱۴۰۰
inf_irs_c-f_m,Monthly inflation rate food (month to month) - Statistical Center of Iran,Statistical Center of Iran,persian,1403-04,1.60,%,IR,Iran,,,Base year 1400,سال پایه ۱۴۰۰
inf_irs_c-f_m,Monthly inflation rate food (month to month) - Statistical Center of Iran,Statistical Center of Iran,persian,1403-05,1.10,%,IR,Iran,,,Base year 1400,سال پایه ۱۴۰۰
inf_irs_c-f_m,Monthly inflation rate food (month to month) - Statistical Center of Iran,Statistical Center of Iran,persian,1403-06,0.90,%,IR,Iran,,,Base year 1400,سال پایه ۱۴۰۰
inf_irs_c-f_m,Monthly inflation rate food (month to month) - Statistical Center of Iran,Statistical Center of Iran,persian,1403-07,2.30,%,IR,Iran,,,Base year 1400,سال پایه ۱۴۰۰
inf_irs_c-f_m,Monthly inflation rate food (month to month) - Statistical Center of Iran,Statistical Center of Iran,persian,1403-08,3.60,%,IR,Iran,,,Base year 1400,سال پایه ۱۴۰۰
inf_irs_c-f_m,Monthly inflation rate food (month to month) - Statistical Center of Iran,Statistical Center of Iran,persian,1403-09,1.80,%,IR,Iran,,,Base year 1400,سال پایه ۱۴۰۰
inf_irs_c-f_m,Monthly inflation rate food (month to month) - Statistical Center of Iran,Statistical Center of Iran,persian,1403-10,3.20,%,IR,Iran,,,Base year 1400,سال پایه ۱۴۰۰
inf_irs_c-f_m,Monthly inflation rate food (month to month) - Statistical Center of Iran,Statistical Center of Iran,persian,1403-11,6.70,%,IR,Iran,,,Base year 1400,سال پایه ۱۴۰۰
inf_irs_c-f_m,Monthly inflation rate food (month to month) - Statistical Center of Iran,Statistical Center of Iran,persian,1403-12,4.90,%,IR,Iran,,,Base year 1400,سال پایه ۱۴۰۰
inf_irs_c-f_m,Monthly inflation rate food (month to month) - Statistical Center of Iran,Statistical Center of Iran,persian,1404-01,4.10,%,IR,Iran,,,Base year 1400,سال پایه ۱۴۰۰
inf_irs_c-f_m,Monthly inflation rate food (month to month) - Statistical Center of Iran,Statistical Center of Iran,persian,1404-02,1.00,%,IR,Iran,,,Base year 1400,سال پایه ۱۴۰۰
inf_irs_c-f_m,Monthly inflation rate food (month to month) - Statistical Center of Iran,Statistical Center of Iran,persian,1404-03,4.90,%,IR,Iran,,,Base year 1400,سال پایه ۱۴۰۰
inf_irs_c-f_m,Monthly inflation rate food (month to month) - Statistical Center of Iran,Statistical Center of Iran,persian,1404-04,5.10,%,IR,Iran,,,Base year 1400,سال پایه ۱۴۰۰
inf_irs_c-f_m,Monthly inflation rate food (month to month) - Statistical Center of Iran,Statistical Center of Iran,persian,1404-05,3.90,%,IR,Iran,,,Base year 1400,سال پایه ۱۴۰۰
inf_irs_c-f_m,Monthly inflation rate food (month to month) - Statistical Center of Iran,Statistical Center of Iran,persian,1404-06,5.30,%,IR,Iran,,,Base year 1400,سال پایه ۱۴۰۰
inf_irs_c-f_m,Monthly inflation rate food (month to month) - Statistical Center of Iran,Statistical Center of Iran,persian,1404-07,6.40,%,IR,Iran,,,Base year 1400,سال پایه ۱۴۰۰
inf_irs_c-f_m,Monthly inflation rate food (month to month) - Statistical Center of Iran,Statistical Center of Iran,persian,1404-08,4.80,%,IR,Iran,,,Base year 1400,سال پایه ۱۴۰۰
inf_irs_c-f_m,Monthly inflation rate food (month to month) - Statistical Center of Iran,Statistical Center of Iran,persian,1404-09,5.51,%,IR,Iran,,,Base year 1400,سال پایه ۱۴۰۰
inf_irs_c-f_m,Monthly inflation rate food (month to month) - Statistical Center of Iran,Statistical Center of Iran,persian,1404-10,13.73,%,IR,Iran,,,Base year 1400,سال پایه ۱۴۰۰
inf_irs_c-f_m,Monthly inflation rate food (month to month) - Statistical Center of Iran,Statistical Center of Iran,persian,1404-11,16.12,%,IR,Iran,,,Base year 1400,سال پایه ۱۴۰۰
inf_irs_c-f_m,Monthly inflation rate food (month to month) - Statistical Center of Iran,Statistical Center of Iran,persian,1404-12,8.60,%,IR,Iran,,,Base year 1400,سال پایه ۱۴۰۰
inf_irs_c-f_m,Monthly inflation rate food (month to month) - Statistical Center of Iran,Statistical Center of Iran,persian,1405-01,5.60,%,IR,Iran,,,Base year 1400,سال پایه ۱۴۰۰
inf_irs_c-nf_m,Monthly inflation rate non-food (month to month) - Statistical Center of Iran,Statistical Center of Iran,persian,1390-02,2.40,%,IR,Iran,,,Base year 1400,سال پایه ۱۴۰۰
inf_irs_c-nf_m,Monthly inflation rate non-food (month to month) - Statistical Center of Iran,Statistical Center of Iran,persian,1390-03,1.70,%,IR,Iran,,,Base year 1400,سال پایه ۱۴۰۰
inf_irs_c-nf_m,Monthly inflation rate non-food (month to month) - Statistical Center of Iran,Statistical Center of Iran,persian,1390-04,2.20,%,IR,Iran,,,Base year 1400,سال پایه ۱۴۰۰
inf_irs_c-nf_m,Monthly inflation rate non-food (month to month) - Statistical Center of Iran,Statistical Center of Iran,persian,1390-05,2.40,%,IR,Iran,,,Base year 1400,سال پایه ۱۴۰۰
inf_irs_c-nf_m,Monthly inflation rate non-food (month to month) - Statistical Center of Iran,Statistical Center of Iran,persian,1390-06,1.80,%,IR,Iran,,,Base year 1400,سال پایه ۱۴۰۰
inf_irs_c-nf_m,Monthly inflation rate non-food (month to month) - Statistical Center of Iran,Statistical Center of Iran,persian,1390-07,1.60,%,IR,Iran,,,Base year 1400,سال پایه ۱۴۰۰
inf_irs_c-nf_m,Monthly inflation rate non-food (month to month) - Statistical Center of Iran,Statistical Center of Iran,persian,1390-08,0.90,%,IR,Iran,,,Base year 1400,سال پایه ۱۴۰۰
inf_irs_c-nf_m,Monthly inflation rate non-food (month to month) - Statistical Center of Iran,Statistical Center of Iran,persian,1390-09,1.00,%,IR,Iran,,,Base year 1400,سال پایه ۱۴۰۰
inf_irs_c-nf_m,Monthly inflation rate non-food (month to month) - Statistical Center of Iran,Statistical Center of Iran,persian,1390-10,1.10,%,IR,Iran,,,Base year 1400,سال پایه ۱۴۰۰
inf_irs_c-nf_m,Monthly inflation rate non-food (month to month) - Statistical Center of Iran,Statistical Center of Iran,persian,1390-11,1.10,%,IR,Iran,,,Base year 1400,سال پایه ۱۴۰۰
inf_irs_c-nf_m,Monthly inflation rate non-food (month to month) - Statistical Center of Iran,Statistical Center of Iran,persian,1390-12,1.10,%,IR,Iran,,,Base year 1400,سال پایه ۱۴۰۰
inf_irs_c-nf_m,Monthly inflation rate non-food (month to month) - Statistical Center of Iran,Statistical Center of Iran,persian,1391-01,1.20,%,IR,Iran,,,Base year 1400,سال پایه ۱۴۰۰
inf_irs_c-nf_m,Monthly inflation rate non-food (month to month) - Statistical Center of Iran,Statistical Center of Iran,persian,1391-02,0.90,%,IR,Iran,,,Base year 1400,سال پایه ۱۴۰۰
inf_irs_c-nf_m,Monthly inflation rate non-food (month to month) - Statistical Center of Iran,Statistical Center of Iran,persian,1391-03,1.10,%,IR,Iran,,,Base year 1400,سال پایه ۱۴۰۰
inf_irs_c-nf_m,Monthly inflation rate non-food (month to month) - Statistical Center of Iran,Statistical Center of Iran,persian,1391-04,2.40,%,IR,Iran,,,Base year 1400,سال پایه ۱۴۰۰
inf_irs_c-nf_m,Monthly inflation rate non-food (month to month) - Statistical Center of Iran,Statistical Center of Iran,persian,1391-05,2.10,%,IR,Iran,,,Base year 1400,سال پایه ۱۴۰۰
inf_irs_c-nf_m,Monthly inflation rate non-food (month to month) - Statistical Center of Iran,Statistical Center of Iran,persian,1391-06,2.70,%,IR,Iran,,,Base year 1400,سال پایه ۱۴۰۰
inf_irs_c-nf_m,Monthly inflation rate non-food (month to month) - Statistical Center of Iran,Statistical Center of Iran,persian,1391-07,5.30,%,IR,Iran,,,Base year 1400,سال پایه ۱۴۰۰
inf_irs_c-nf_m,Monthly inflation rate non-food (month to month) - Statistical Center of Iran,Statistical Center of Iran,persian,1391-08,2.90,%,IR,Iran,,,Base year 1400,سال پایه ۱۴۰۰
inf_irs_c-nf_m,Monthly inflation rate non-food (month to month) - Statistical Center of Iran,Statistical Center of Iran,persian,1391-09,1.30,%,IR,Iran,,,Base year 1400,سال پایه ۱۴۰۰
inf_irs_c-nf_m,Monthly inflation rate non-food (month to month) - Statistical Center of Iran,Statistical Center of Iran,persian,1391-10,2.30,%,IR,Iran,,,Base year 1400,سال پایه ۱۴۰۰
inf_irs_c-nf_m,Monthly inflation rate non-food (month to month) - Statistical Center of Iran,Statistical Center of Iran,persian,1391-11,3.60,%,IR,Iran,,,Base year 1400,سال پایه ۱۴۰۰
inf_irs_c-nf_m,Monthly inflation rate non-food (month to month) - Statistical Center of Iran,Statistical Center of Iran,persian,1391-12,1.30,%,IR,Iran,,,Base year 1400,سال پایه ۱۴۰۰
inf_irs_c-nf_m,Monthly inflation rate non-food (month to month) - Statistical Center of Iran,Statistical Center of Iran,persian,1392-01,1.50,%,IR,Iran,,,Base year 1400,سال پایه ۱۴۰۰
inf_irs_c-nf_m,Monthly inflation rate non-food (month to month) - Statistical Center of Iran,Statistical Center of Iran,persian,1392-02,1.40,%,IR,Iran,,,Base year 1400,سال پایه ۱۴۰۰
inf_irs_c-nf_m,Monthly inflation rate non-food (month to month) - Statistical Center of Iran,Statistical Center of Iran,persian,1392-03,2.90,%,IR,Iran,,,Base year 1400,سال پایه ۱۴۰۰
inf_irs_c-nf_m,Monthly inflation rate non-food (month to month) - Statistical Center of Iran,Statistical Center of Iran,persian,1392-04,2.30,%,IR,Iran,,,Base year 1400,سال پایه ۱۴۰۰
inf_irs_c-nf_m,Monthly inflation rate non-food (month to month) - Statistical Center of Iran,Statistical Center of Iran,persian,1392-05,1.70,%,IR,Iran,,,Base year 1400,سال پایه ۱۴۰۰
inf_irs_c-nf_m,Monthly inflation rate non-food (month to month) - Statistical Center of Iran,Statistical Center of Iran,persian,1392-06,1.60,%,IR,Iran,,,Base year 1400,سال پایه ۱۴۰۰
inf_irs_c-nf_m,Monthly inflation rate non-food (month to month) - Statistical Center of Iran,Statistical Center of Iran,persian,1392-07,1.50,%,IR,Iran,,,Base year 1400,سال پایه ۱۴۰۰
inf_irs_c-nf_m,Monthly inflation rate non-food (month to month) - Statistical Center of Iran,Statistical Center of Iran,persian,1392-08,1.70,%,IR,Iran,,,Base year 1400,سال پایه ۱۴۰۰
inf_irs_c-nf_m,Monthly inflation rate non-food (month to month) - Statistical Center of Iran,Statistical Center of Iran,persian,1392-09,0.80,%,IR,Iran,,,Base year 1400,سال پایه ۱۴۰۰
inf_irs_c-nf_m,Monthly inflation rate non-food (month to month) - Statistical Center of Iran,Statistical Center of Iran,persian,1392-10,0.80,%,IR,Iran,,,Base year 1400,سال پایه ۱۴۰۰
inf_irs_c-nf_m,Monthly inflation rate non-food (month to month) - Statistical Center of Iran,Statistical Center of Iran,persian,1392-11,0.30,%,IR,Iran,,,Base year 1400,سال پایه ۱۴۰۰
inf_irs_c-nf_m,Monthly inflation rate non-food (month to month) - Statistical Center of Iran,Statistical Center of Iran,persian,1392-12,0.70,%,IR,Iran,,,Base year 1400,سال پایه ۱۴۰۰
inf_irs_c-nf_m,Monthly inflation rate non-food (month to month) - Statistical Center of Iran,Statistical Center of Iran,persian,1393-01,1.30,%,IR,Iran,,,Base year 1400,سال پایه ۱۴۰۰
inf_irs_c-nf_m,Monthly inflation rate non-food (month to month) - Statistical Center of Iran,Statistical Center of Iran,persian,1393-02,3.10,%,IR,Iran,,,Base year 1400,سال پایه ۱۴۰۰
inf_irs_c-nf_m,Monthly inflation rate non-food (month to month) - Statistical Center of Iran,Statistical Center of Iran,persian,1393-03,1.20,%,IR,Iran,,,Base year 1400,سال پایه ۱۴۰۰
inf_irs_c-nf_m,Monthly inflation rate non-food (month to month) - Statistical Center of Iran,Statistical Center of Iran,persian,1393-04,2.20,%,IR,Iran,,,Base year 1400,سال پایه ۱۴۰۰
inf_irs_c-nf_m,Monthly inflation rate non-food (month to month) - Statistical Center of Iran,Statistical Center of Iran,persian,1393-05,1.20,%,IR,Iran,,,Base year 1400,سال پایه ۱۴۰۰
inf_irs_c-nf_m,Monthly inflation rate non-food (month to month) - Statistical Center of Iran,Statistical Center of Iran,persian,1393-06,0.80,%,IR,Iran,,,Base year 1400,سال پایه ۱۴۰۰
inf_irs_c-nf_m,Monthly inflation rate non-food (month to month) - Statistical Center of Iran,Statistical Center of Iran,persian,1393-07,1.80,%,IR,Iran,,,Base year 1400,سال پایه ۱۴۰۰
inf_irs_c-nf_m,Monthly inflation rate non-food (month to month) - Statistical Center of Iran,Statistical Center of Iran,persian,1393-08,0.80,%,IR,Iran,,,Base year 1400,سال پایه ۱۴۰۰
inf_irs_c-nf_m,Monthly inflation rate non-food (month to month) - Statistical Center of Iran,Statistical Center of Iran,persian,1393-09,0.80,%,IR,Iran,,,Base year 1400,سال پایه ۱۴۰۰
inf_irs_c-nf_m,Monthly inflation rate non-food (month to month) - Statistical Center of Iran,Statistical Center of Iran,persian,1393-10,1.40,%,IR,Iran,,,Base year 1400,سال پایه ۱۴۰۰
inf_irs_c-nf_m,Monthly inflation rate non-food (month to month) - Statistical Center of Iran,Statistical Center of Iran,persian,1393-11,0.30,%,IR,Iran,,,Base year 1400,سال پایه ۱۴۰۰
inf_irs_c-nf_m,Monthly inflation rate non-food (month to month) - Statistical Center of Iran,Statistical Center of Iran,persian,1393-12,0.60,%,IR,Iran,,,Base year 1400,سال پایه ۱۴۰۰
inf_irs_c-nf_m,Monthly inflation rate non-food (month to month) - Statistical Center of Iran,Statistical Center of Iran,persian,1394-01,0.80,%,IR,Iran,,,Base year 1400,سال پایه ۱۴۰۰
inf_irs_c-nf_m,Monthly inflation rate non-food (month to month) - Statistical Center of Iran,Statistical Center of Iran,persian,1394-02,0.70,%,IR,Iran,,,Base year 1400,سال پایه ۱۴۰۰
inf_irs_c-nf_m,Monthly inflation rate non-food (month to month) - Statistical Center of Iran,Statistical Center of Iran,persian,1394-03,1.40,%,IR,Iran,,,Base year 1400,سال پایه ۱۴۰۰
inf_irs_c-nf_m,Monthly inflation rate non-food (month to month) - Statistical Center of Iran,Statistical Center of Iran,persian,1394-04,1.30,%,IR,Iran,,,Base year 1400,سال پایه ۱۴۰۰
inf_irs_c-nf_m,Monthly inflation rate non-food (month to month) - Statistical Center of Iran,Statistical Center of Iran,persian,1394-05,0.60,%,IR,Iran,,,Base year 1400,سال پایه ۱۴۰۰
inf_irs_c-nf_m,Monthly inflation rate non-food (month to month) - Statistical Center of Iran,Statistical Center of Iran,persian,1394-06,1.20,%,IR,Iran,,,Base year 1400,سال پایه ۱۴۰۰
inf_irs_c-nf_m,Monthly inflation rate non-food (month to month) - Statistical Center of Iran,Statistical Center of Iran,persian,1394-07,1.40,%,IR,Iran,,,Base year 1400,سال پایه ۱۴۰۰
inf_irs_c-nf_m,Monthly inflation rate non-food (month to month) - Statistical Center of Iran,Statistical Center of Iran,persian,1394-08,0.90,%,IR,Iran,,,Base year 1400,سال پایه ۱۴۰۰
inf_irs_c-nf_m,Monthly inflation rate non-food (month to month) - Statistical Center of Iran,Statistical Center of Iran,persian,1394-09,0.40,%,IR,Iran,,,Base year 1400,سال پایه ۱۴۰۰
inf_irs_c-nf_m,Monthly inflation rate non-food (month to month) - Statistical Center of Iran,Statistical Center of Iran,persian,1394-10,0.10,%,IR,Iran,,,Base year 1400,سال پایه ۱۴۰۰
inf_irs_c-nf_m,Monthly inflation rate non-food (month to month) - Statistical Center of Iran,Statistical Center of Iran,persian,1394-11,-0.30,%,IR,Iran,,,Base year 1400,سال پایه ۱۴۰۰
inf_irs_c-nf_m,Monthly inflation rate non-food (month to month) - Statistical Center of Iran,Statistical Center of Iran,persian,1394-12,0.20,%,IR,Iran,,,Base year 1400,سال پایه ۱۴۰۰
inf_irs_c-nf_m,Monthly inflation rate non-food (month to month) - Statistical Center of Iran,Statistical Center of Iran,persian,1395-01,0.80,%,IR,Iran,,,Base year 1400,سال پایه ۱۴۰۰
inf_irs_c-nf_m,Monthly inflation rate non-food (month to month) - Statistical Center of Iran,Statistical Center of Iran,persian,1395-02,0.20,%,IR,Iran,,,Base year 1400,سال پایه ۱۴۰۰
inf_irs_c-nf_m,Monthly inflation rate non-food (month to month) - Statistical Center of Iran,Statistical Center of Iran,persian,1395-03,0.30,%,IR,Iran,,,Base year 1400,سال پایه ۱۴۰۰
inf_irs_c-nf_m,Monthly inflation rate non-food (month to month) - Statistical Center of Iran,Statistical Center of Iran,persian,1395-04,1.00,%,IR,Iran,,,Base year 1400,سال پایه ۱۴۰۰
inf_irs_c-nf_m,Monthly inflation rate non-food (month to month) - Statistical Center of Iran,Statistical Center of Iran,persian,1395-05,0.60,%,IR,Iran,,,Base year 1400,سال پایه ۱۴۰۰
inf_irs_c-nf_m,Monthly inflation rate non-food (month to month) - Statistical Center of Iran,Statistical Center of Iran,persian,1395-06,0.30,%,IR,Iran,,,Base year 1400,سال پایه ۱۴۰۰
inf_irs_c-nf_m,Monthly inflation rate non-food (month to month) - Statistical Center of Iran,Statistical Center of Iran,persian,1395-07,0.90,%,IR,Iran,,,Base year 1400,سال پایه ۱۴۰۰
inf_irs_c-nf_m,Monthly inflation rate non-food (month to month) - Statistical Center of Iran,Statistical Center of Iran,persian,1395-08,0.20,%,IR,Iran,,,Base year 1400,سال پایه ۱۴۰۰
inf_irs_c-nf_m,Monthly inflation rate non-food (month to month) - Statistical Center of Iran,Statistical Center of Iran,persian,1395-09,0.30,%,IR,Iran,,,Base year 1400,سال پایه ۱۴۰۰
inf_irs_c-nf_m,Monthly inflation rate non-food (month to month) - Statistical Center of Iran,Statistical Center of Iran,persian,1395-10,0.60,%,IR,Iran,,,Base year 1400,سال پایه ۱۴۰۰
inf_irs_c-nf_m,Monthly inflation rate non-food (month to month) - Statistical Center of Iran,Statistical Center of Iran,persian,1395-11,0.10,%,IR,Iran,,,Base year 1400,سال پایه ۱۴۰۰
inf_irs_c-nf_m,Monthly inflation rate non-food (month to month) - Statistical Center of Iran,Statistical Center of Iran,persian,1395-12,0.10,%,IR,Iran,,,Base year 1400,سال پایه ۱۴۰۰
inf_irs_c-nf_m,Monthly inflation rate non-food (month to month) - Statistical Center of Iran,Statistical Center of Iran,persian,1396-01,0.90,%,IR,Iran,,,Base year 1400,سال پایه ۱۴۰۰
inf_irs_c-nf_m,Monthly inflation rate non-food (month to month) - Statistical Center of Iran,Statistical Center of Iran,persian,1396-02,0.30,%,IR,Iran,,,Base year 1400,سال پایه ۱۴۰۰
inf_irs_c-nf_m,Monthly inflation rate non-food (month to month) - Statistical Center of Iran,Statistical Center of Iran,persian,1396-03,0.30,%,IR,Iran,,,Base year 1400,سال پایه ۱۴۰۰
inf_irs_c-nf_m,Monthly inflation rate non-food (month to month) - Statistical Center of Iran,Statistical Center of Iran,persian,1396-04,1.30,%,IR,Iran,,,Base year 1400,سال پایه ۱۴۰۰
inf_irs_c-nf_m,Monthly inflation rate non-food (month to month) - Statistical Center of Iran,Statistical Center of Iran,persian,1396-05,0.40,%,IR,Iran,,,Base year 1400,سال پایه ۱۴۰۰
inf_irs_c-nf_m,Monthly inflation rate non-food (month to month) - Statistical Center of Iran,Statistical Center of Iran,persian,1396-06,0.50,%,IR,Iran,,,Base year 1400,سال پایه ۱۴۰۰
inf_irs_c-nf_m,Monthly inflation rate non-food (month to month) - Statistical Center of Iran,Statistical Center of Iran,persian,1396-07,1.80,%,IR,Iran,,,Base year 1400,سال پایه ۱۴۰۰
inf_irs_c-nf_m,Monthly inflation rate non-food (month to month) - Statistical Center of Iran,Statistical Center of Iran,persian,1396-08,0.60,%,IR,Iran,,,Base year 1400,سال پایه ۱۴۰۰
inf_irs_c-nf_m,Monthly inflation rate non-food (month to month) - Statistical Center of Iran,Statistical Center of Iran,persian,1396-09,0.10,%,IR,Iran,,,Base year 1400,سال پایه ۱۴۰۰
inf_irs_c-nf_m,Monthly inflation rate non-food (month to month) - Statistical Center of Iran,Statistical Center of Iran,persian,1396-10,0.40,%,IR,Iran,,,Base year 1400,سال پایه ۱۴۰۰
inf_irs_c-nf_m,Monthly inflation rate non-food (month to month) - Statistical Center of Iran,Statistical Center of Iran,persian,1396-11,0.20,%,IR,Iran,,,Base year 1400,سال پایه ۱۴۰۰
inf_irs_c-nf_m,Monthly inflation rate non-food (month to month) - Statistical Center of Iran,Statistical Center of Iran,persian,1396-12,0.20,%,IR,Iran,,,Base year 1400,سال پایه ۱۴۰۰
inf_irs_c-nf_m,Monthly inflation rate non-food (month to month) - Statistical Center of Iran,Statistical Center of Iran,persian,1397-01,0.90,%,IR,Iran,,,Base year 1400,سال پایه ۱۴۰۰
inf_irs_c-nf_m,Monthly inflation rate non-food (month to month) - Statistical Center of Iran,Statistical Center of Iran,persian,1397-02,1.20,%,IR,Iran,,,Base year 1400,سال پایه ۱۴۰۰
inf_irs_c-nf_m,Monthly inflation rate non-food (month to month) - Statistical Center of Iran,Statistical Center of Iran,persian,1397-03,0.90,%,IR,Iran,,,Base year 1400,سال پایه ۱۴۰۰
inf_irs_c-nf_m,Monthly inflation rate non-food (month to month) - Statistical Center of Iran,Statistical Center of Iran,persian,1397-04,4.90,%,IR,Iran,,,Base year 1400,سال پایه ۱۴۰۰
inf_irs_c-nf_m,Monthly inflation rate non-food (month to month) - Statistical Center of Iran,Statistical Center of Iran,persian,1397-05,3.60,%,IR,Iran,,,Base year 1400,سال پایه ۱۴۰۰
inf_irs_c-nf_m,Monthly inflation rate non-food (month to month) - Statistical Center of Iran,Statistical Center of Iran,persian,1397-06,5.00,%,IR,Iran,,,Base year 1400,سال پایه ۱۴۰۰
inf_irs_c-nf_m,Monthly inflation rate non-food (month to month) - Statistical Center of Iran,Statistical Center of Iran,persian,1397-07,6.40,%,IR,Iran,,,Base year 1400,سال پایه ۱۴۰۰
inf_irs_c-nf_m,Monthly inflation rate non-food (month to month) - Statistical Center of Iran,Statistical Center of Iran,persian,1397-08,2.00,%,IR,Iran,,,Base year 1400,سال پایه ۱۴۰۰
inf_irs_c-nf_m,Monthly inflation rate non-food (month to month) - Statistical Center of Iran,Statistical Center of Iran,persian,1397-09,1.60,%,IR,Iran,,,Base year 1400,سال پایه ۱۴۰۰
inf_irs_c-nf_m,Monthly inflation rate non-food (month to month) - Statistical Center of Iran,Statistical Center of Iran,persian,1397-10,1.60,%,IR,Iran,,,Base year 1400,سال پایه ۱۴۰۰
inf_irs_c-nf_m,Monthly inflation rate non-food (month to month) - Statistical Center of Iran,Statistical Center of Iran,persian,1397-11,1.10,%,IR,Iran,,,Base year 1400,سال پایه ۱۴۰۰
inf_irs_c-nf_m,Monthly inflation rate non-food (month to month) - Statistical Center of Iran,Statistical Center of Iran,persian,1397-12,2.70,%,IR,Iran,,,Base year 1400,سال پایه ۱۴۰۰
inf_irs_c-nf_m,Monthly inflation rate non-food (month to month) - Statistical Center of Iran,Statistical Center of Iran,persian,1398-01,1.60,%,IR,Iran,,,Base year 1400,سال پایه ۱۴۰۰
inf_irs_c-nf_m,Monthly inflation rate non-food (month to month) - Statistical Center of Iran,Statistical Center of Iran,persian,1398-02,2.70,%,IR,Iran,,,Base year 1400,سال پایه ۱۴۰۰
inf_irs_c-nf_m,Monthly inflation rate non-food (month to month) - Statistical Center of Iran,Statistical Center of Iran,persian,1398-03,1.30,%,IR,Iran,,,Base year 1400,سال پایه ۱۴۰۰
inf_irs_c-nf_m,Monthly inflation rate non-food (month to month) - Statistical Center of Iran,Statistical Center of Iran,persian,1398-04,3.50,%,IR,Iran,,,Base year 1400,سال پایه ۱۴۰۰
inf_irs_c-nf_m,Monthly inflation rate non-food (month to month) - Statistical Center of Iran,Statistical Center of Iran,persian,1398-05,1.20,%,IR,Iran,,,Base year 1400,سال پایه ۱۴۰۰
inf_irs_c-nf_m,Monthly inflation rate non-food (month to month) - Statistical Center of Iran,Statistical Center of Iran,persian,1398-06,1.40,%,IR,Iran,,,Base year 1400,سال پایه ۱۴۰۰
inf_irs_c-nf_m,Monthly inflation rate non-food (month to month) - Statistical Center of Iran,Statistical Center of Iran,persian,1398-07,3.10,%,IR,Iran,,,Base year 1400,سال پایه ۱۴۰۰
inf_irs_c-nf_m,Monthly inflation rate non-food (month to month) - Statistical Center of Iran,Statistical Center of Iran,persian,1398-08,1.70,%,IR,Iran,,,Base year 1400,سال پایه ۱۴۰۰
inf_irs_c-nf_m,Monthly inflation rate non-food (month to month) - Statistical Center of Iran,Statistical Center of Iran,persian,1398-09,2.80,%,IR,Iran,,,Base year 1400,سال پایه ۱۴۰۰
inf_irs_c-nf_m,Monthly inflation rate non-food (month to month) - Statistical Center of Iran,Statistical Center of Iran,persian,1398-10,1.40,%,IR,Iran,,,Base year 1400,سال پایه ۱۴۰۰
inf_irs_c-nf_m,Monthly inflation rate non-food (month to month) - Statistical Center of Iran,Statistical Center of Iran,persian,1398-11,1.20,%,IR,Iran,,,Base year 1400,سال پایه ۱۴۰۰
inf_irs_c-nf_m,Monthly inflation rate non-food (month to month) - Statistical Center of Iran,Statistical Center of Iran,persian,1398-12,1.30,%,IR,Iran,,,Base year 1400,سال پایه ۱۴۰۰
inf_irs_c-nf_m,Monthly inflation rate non-food (month to month) - Statistical Center of Iran,Statistical Center of Iran,persian,1399-01,0.80,%,IR,Iran,,,Base year 1400,سال پایه ۱۴۰۰
inf_irs_c-nf_m,Monthly inflation rate non-food (month to month) - Statistical Center of Iran,Statistical Center of Iran,persian,1399-02,3.50,%,IR,Iran,,,Base year 1400,سال پایه ۱۴۰۰
inf_irs_c-nf_m,Monthly inflation rate non-food (month to month) - Statistical Center of Iran,Statistical Center of Iran,persian,1399-03,1.80,%,IR,Iran,,,Base year 1400,سال پایه ۱۴۰۰
inf_irs_c-nf_m,Monthly inflation rate non-food (month to month) - Statistical Center of Iran,Statistical Center of Iran,persian,1399-04,6.30,%,IR,Iran,,,Base year 1400,سال پایه ۱۴۰۰
inf_irs_c-nf_m,Monthly inflation rate non-food (month to month) - Statistical Center of Iran,Statistical Center of Iran,persian,1399-05,3.40,%,IR,Iran,,,Base year 1400,سال پایه ۱۴۰۰
inf_irs_c-nf_m,Monthly inflation rate non-food (month to month) - Statistical Center of Iran,Statistical Center of Iran,persian,1399-06,3.90,%,IR,Iran,,,Base year 1400,سال پایه ۱۴۰۰
inf_irs_c-nf_m,Monthly inflation rate non-food (month to month) - Statistical Center of Iran,Statistical Center of Iran,persian,1399-07,7.60,%,IR,Iran,,,Base year 1400,سال پایه ۱۴۰۰
inf_irs_c-nf_m,Monthly inflation rate non-food (month to month) - Statistical Center of Iran,Statistical Center of Iran,persian,1399-08,1.60,%,IR,Iran,,,Base year 1400,سال پایه ۱۴۰۰
inf_irs_c-nf_m,Monthly inflation rate non-food (month to month) - Statistical Center of Iran,Statistical Center of Iran,persian,1399-09,0.50,%,IR,Iran,,,Base year 1400,سال پایه ۱۴۰۰
inf_irs_c-nf_m,Monthly inflation rate non-food (month to month) - Statistical Center of Iran,Statistical Center of Iran,persian,1399-10,2.30,%,IR,Iran,,,Base year 1400,سال پایه ۱۴۰۰
inf_irs_c-nf_m,Monthly inflation rate non-food (month to month) - Statistical Center of Iran,Statistical Center of Iran,persian,1399-11,1.10,%,IR,Iran,,,Base year 1400,سال پایه ۱۴۰۰
inf_irs_c-nf_m,Monthly inflation rate non-food (month to month) - Statistical Center of Iran,Statistical Center of Iran,persian,1399-12,1.80,%,IR,Iran,,,Base year 1400,سال پایه ۱۴۰۰
inf_irs_c-nf_m,Monthly inflation rate non-food (month to month) - Statistical Center of Iran,Statistical Center of Iran,persian,1400-01,3.80,%,IR,Iran,,,Base year 1400,سال پایه ۱۴۰۰
inf_irs_c-nf_m,Monthly inflation rate non-food (month to month) - Statistical Center of Iran,Statistical Center of Iran,persian,1400-02,1.40,%,IR,Iran,,,Base year 1400,سال پایه ۱۴۰۰
inf_irs_c-nf_m,Monthly inflation rate non-food (month to month) - Statistical Center of Iran,Statistical Center of Iran,persian,1400-03,1.80,%,IR,Iran,,,Base year 1400,سال پایه ۱۴۰۰
inf_irs_c-nf_m,Monthly inflation rate non-food (month to month) - Statistical Center of Iran,Statistical Center of Iran,persian,1400-04,3.50,%,IR,Iran,,,Base year 1400,سال پایه ۱۴۰۰
inf_irs_c-nf_m,Monthly inflation rate non-food (month to month) - Statistical Center of Iran,Statistical Center of Iran,persian,1400-05,2.20,%,IR,Iran,,,Base year 1400,سال پایه ۱۴۰۰
inf_irs_c-nf_m,Monthly inflation rate non-food (month to month) - Statistical Center of Iran,Statistical Center of Iran,persian,1400-06,3.20,%,IR,Iran,,,Base year 1400,سال پایه ۱۴۰۰
inf_irs_c-nf_m,Monthly inflation rate non-food (month to month) - Statistical Center of Iran,Statistical Center of Iran,persian,1400-07,3.00,%,IR,Iran,,,Base year 1400,سال پایه ۱۴۰۰
inf_irs_c-nf_m,Monthly inflation rate non-food (month to month) - Statistical Center of Iran,Statistical Center of Iran,persian,1400-08,1.80,%,IR,Iran,,,Base year 1400,سال پایه ۱۴۰۰
inf_irs_c-nf_m,Monthly inflation rate non-food (month to month) - Statistical Center of Iran,Statistical Center of Iran,persian,1400-09,1.60,%,IR,Iran,,,Base year 1400,سال پایه ۱۴۰۰
inf_irs_c-nf_m,Monthly inflation rate non-food (month to month) - Statistical Center of Iran,Statistical Center of Iran,persian,1400-10,2.80,%,IR,Iran,,,Base year 1400,سال پایه ۱۴۰۰
inf_irs_c-nf_m,Monthly inflation rate non-food (month to month) - Statistical Center of Iran,Statistical Center of Iran,persian,1400-11,0.90,%,IR,Iran,,,Base year 1400,سال پایه ۱۴۰۰
inf_irs_c-nf_m,Monthly inflation rate non-food (month to month) - Statistical Center of Iran,Statistical Center of Iran,persian,1400-12,1.00,%,IR,Iran,,,Base year 1400,سال پایه ۱۴۰۰
inf_irs_c-nf_m,Monthly inflation rate non-food (month to month) - Statistical Center of Iran,Statistical Center of Iran,persian,1401-01,2.40,%,IR,Iran,,,Base year 1400,سال پایه ۱۴۰۰
inf_irs_c-nf_m,Monthly inflation rate non-food (month to month) - Statistical Center of Iran,Statistical Center of Iran,persian,1401-02,3.10,%,IR,Iran,,,Base year 1400,سال پایه ۱۴۰۰
inf_irs_c-nf_m,Monthly inflation rate non-food (month to month) - Statistical Center of Iran,Statistical Center of Iran,persian,1401-03,4.00,%,IR,Iran,,,Base year 1400,سال پایه ۱۴۰۰
inf_irs_c-nf_m,Monthly inflation rate non-food (month to month) - Statistical Center of Iran,Statistical Center of Iran,persian,1401-04,3.90,%,IR,Iran,,,Base year 1400,سال پایه ۱۴۰۰
inf_irs_c-nf_m,Monthly inflation rate non-food (month to month) - Statistical Center of Iran,Statistical Center of Iran,persian,1401-05,2.40,%,IR,Iran,,,Base year 1400,سال پایه ۱۴۰۰
inf_irs_c-nf_m,Monthly inflation rate non-food (month to month) - Statistical Center of Iran,Statistical Center of Iran,persian,1401-06,2.40,%,IR,Iran,,,Base year 1400,سال پایه ۱۴۰۰
inf_irs_c-nf_m,Monthly inflation rate non-food (month to month) - Statistical Center of Iran,Statistical Center of Iran,persian,1401-07,3.00,%,IR,Iran,,,Base year 1400,سال پایه ۱۴۰۰
inf_irs_c-nf_m,Monthly inflation rate non-food (month to month) - Statistical Center of Iran,Statistical Center of Iran,persian,1401-08,2.90,%,IR,Iran,,,Base year 1400,سال پایه ۱۴۰۰
inf_irs_c-nf_m,Monthly inflation rate non-food (month to month) - Statistical Center of Iran,Statistical Center of Iran,persian,1401-09,3.10,%,IR,Iran,,,Base year 1400,سال پایه ۱۴۰۰
inf_irs_c-nf_m,Monthly inflation rate non-food (month to month) - Statistical Center of Iran,Statistical Center of Iran,persian,1401-10,3.70,%,IR,Iran,,,Base year 1400,سال پایه ۱۴۰۰
inf_irs_c-nf_m,Monthly inflation rate non-food (month to month) - Statistical Center of Iran,Statistical Center of Iran,persian,1401-11,2.60,%,IR,Iran,,,Base year 1400,سال پایه ۱۴۰۰
inf_irs_c-nf_m,Monthly inflation rate non-food (month to month) - Statistical Center of Iran,Statistical Center of Iran,persian,1401-12,3.60,%,IR,Iran,,,Base year 1400,سال پایه ۱۴۰۰
inf_irs_c-nf_m,Monthly inflation rate non-food (month to month) - Statistical Center of Iran,Statistical Center of Iran,persian,1402-01,3.50,%,IR,Iran,,,Base year 1400,سال پایه ۱۴۰۰
inf_irs_c-nf_m,Monthly inflation rate non-food (month to month) - Statistical Center of Iran,Statistical Center of Iran,persian,1402-02,2.80,%,IR,Iran,,,Base year 1400,سال پایه ۱۴۰۰
inf_irs_c-nf_m,Monthly inflation rate non-food (month to month) - Statistical Center of Iran,Statistical Center of Iran,persian,1402-03,2.20,%,IR,Iran,,,Base year 1400,سال پایه ۱۴۰۰
inf_irs_c-nf_m,Monthly inflation rate non-food (month to month) - Statistical Center of Iran,Statistical Center of Iran,persian,1402-04,2.40,%,IR,Iran,,,Base year 1400,سال پایه ۱۴۰۰
inf_irs_c-nf_m,Monthly inflation rate non-food (month to month) - Statistical Center of Iran,Statistical Center of Iran,persian,1402-05,2.40,%,IR,Iran,,,Base year 1400,سال پایه ۱۴۰۰
inf_irs_c-nf_m,Monthly inflation rate non-food (month to month) - Statistical Center of Iran,Statistical Center of Iran,persian,1402-06,2.30,%,IR,Iran,,,Base year 1400,سال پایه ۱۴۰۰
inf_irs_c-nf_m,Monthly inflation rate non-food (month to month) - Statistical Center of Iran,Statistical Center of Iran,persian,1402-07,3.30,%,IR,Iran,,,Base year 1400,سال پایه ۱۴۰۰
inf_irs_c-nf_m,Monthly inflation rate non-food (month to month) - Statistical Center of Iran,Statistical Center of Iran,persian,1402-08,2.70,%,IR,Iran,,,Base year 1400,سال پایه ۱۴۰۰
inf_irs_c-nf_m,Monthly inflation rate non-food (month to month) - Statistical Center of Iran,Statistical Center of Iran,persian,1402-09,2.30,%,IR,Iran,,,Base year 1400,سال پایه ۱۴۰۰
inf_irs_c-nf_m,Monthly inflation rate non-food (month to month) - Statistical Center of Iran,Statistical Center of Iran,persian,1402-10,2.70,%,IR,Iran,,,Base year 1400,سال پایه ۱۴۰۰
inf_irs_c-nf_m,Monthly inflation rate non-food (month to month) - Statistical Center of Iran,Statistical Center of Iran,persian,1402-11,2.30,%,IR,Iran,,,Base year 1400,سال پایه ۱۴۰۰
inf_irs_c-nf_m,Monthly inflation rate non-food (month to month) - Statistical Center of Iran,Statistical Center of Iran,persian,1402-12,2.20,%,IR,Iran,,,Base year 1400,سال پایه ۱۴۰۰
inf_irs_c-nf_m,Monthly inflation rate non-food (month to month) - Statistical Center of Iran,Statistical Center of Iran,persian,1403-01,2.50,%,IR,Iran,,,Base year 1400,سال پایه ۱۴۰۰
inf_irs_c-nf_m,Monthly inflation rate non-food (month to month) - Statistical Center of Iran,Statistical Center of Iran,persian,1403-02,3.30,%,IR,Iran,,,Base year 1400,سال پایه ۱۴۰۰
inf_irs_c-nf_m,Monthly inflation rate non-food (month to month) - Statistical Center of Iran,Statistical Center of Iran,persian,1403-03,2.10,%,IR,Iran,,,Base year 1400,سال پایه ۱۴۰۰
inf_irs_c-nf_m,Monthly inflation rate non-food (month to month) - Statistical Center of Iran,Statistical Center of Iran,persian,1403-04,2.50,%,IR,Iran,,,Base year 1400,سال پایه ۱۴۰۰
inf_irs_c-nf_m,Monthly inflation rate non-food (month to month) - Statistical Center of Iran,Statistical Center of Iran,persian,1403-05,2.40,%,IR,Iran,,,Base year 1400,سال پایه ۱۴۰۰
inf_irs_c-nf_m,Monthly inflation rate non-food (month to month) - Statistical Center of Iran,Statistical Center of Iran,persian,1403-06,2.10,%,IR,Iran,,,Base year 1400,سال پایه ۱۴۰۰
inf_irs_c-nf_m,Monthly inflation rate non-food (month to month) - Statistical Center of Iran,Statistical Center of Iran,persian,1403-07,2.90,%,IR,Iran,,,Base year 1400,سال پایه ۱۴۰۰
inf_irs_c-nf_m,Monthly inflation rate non-food (month to month) - Statistical Center of Iran,Statistical Center of Iran,persian,1403-08,2.50,%,IR,Iran,,,Base year 1400,سال پایه ۱۴۰۰
inf_irs_c-nf_m,Monthly inflation rate non-food (month to month) - Statistical Center of Iran,Statistical Center of Iran,persian,1403-09,2.10,%,IR,Iran,,,Base year 1400,سال پایه ۱۴۰۰
inf_irs_c-nf_m,Monthly inflation rate non-food (month to month) - Statistical Center of Iran,Statistical Center of Iran,persian,1403-10,2.80,%,IR,Iran,,,Base year 1400,سال پایه ۱۴۰۰
inf_irs_c-nf_m,Monthly inflation rate non-food (month to month) - Statistical Center of Iran,Statistical Center of Iran,persian,1403-11,2.90,%,IR,Iran,,,Base year 1400,سال پایه ۱۴۰۰
inf_irs_c-nf_m,Monthly inflation rate non-food (month to month) - Statistical Center of Iran,Statistical Center of Iran,persian,1403-12,2.50,%,IR,Iran,,,Base year 1400,سال پایه ۱۴۰۰
inf_irs_c-nf_m,Monthly inflation rate non-food (month to month) - Statistical Center of Iran,Statistical Center of Iran,persian,1404-01,3.80,%,IR,Iran,,,Base year 1400,سال پایه ۱۴۰۰
inf_irs_c-nf_m,Monthly inflation rate non-food (month to month) - Statistical Center of Iran,Statistical Center of Iran,persian,1404-02,3.50,%,IR,Iran,,,Base year 1400,سال پایه ۱۴۰۰
inf_irs_c-nf_m,Monthly inflation rate non-food (month to month) - Statistical Center of Iran,Statistical Center of Iran,persian,1404-03,2.50,%,IR,Iran,,,Base year 1400,سال پایه ۱۴۰۰
inf_irs_c-nf_m,Monthly inflation rate non-food (month to month) - Statistical Center of Iran,Statistical Center of Iran,persian,1404-04,2.60,%,IR,Iran,,,Base year 1400,سال پایه ۱۴۰۰
inf_irs_c-nf_m,Monthly inflation rate non-food (month to month) - Statistical Center of Iran,Statistical Center of Iran,persian,1404-05,2.30,%,IR,Iran,,,Base year 1400,سال پایه ۱۴۰۰
inf_irs_c-nf_m,Monthly inflation rate non-food (month to month) - Statistical Center of Iran,Statistical Center of Iran,persian,1404-06,3.00,%,IR,Iran,,,Base year 1400,سال پایه ۱۴۰۰
inf_irs_c-nf_m,Monthly inflation rate non-food (month to month) - Statistical Center of Iran,Statistical Center of Iran,persian,1404-07,4.20,%,IR,Iran,,,Base year 1400,سال پایه ۱۴۰۰
inf_irs_c-nf_m,Monthly inflation rate non-food (month to month) - Statistical Center of Iran,Statistical Center of Iran,persian,1404-08,2.60,%,IR,Iran,,,Base year 1400,سال پایه ۱۴۰۰
inf_irs_c-nf_m,Monthly inflation rate non-food (month to month) - Statistical Center of Iran,Statistical Center of Iran,persian,1404-09,3.40,%,IR,Iran,,,Base year 1400,سال پایه ۱۴۰۰
inf_irs_c-nf_m,Monthly inflation rate non-food (month to month) - Statistical Center of Iran,Statistical Center of Iran,persian,1404-10,4.40,%,IR,Iran,,,Base year 1400,سال پایه ۱۴۰۰
inf_irs_c-nf_m,Monthly inflation rate non-food (month to month) - Statistical Center of Iran,Statistical Center of Iran,persian,1404-11,5.30,%,IR,Iran,,,Base year 1400,سال پایه ۱۴۰۰
inf_irs_c-nf_m,Monthly inflation rate non-food (month to month) - Statistical Center of Iran,Statistical Center of Iran,persian,1404-12,3.50,%,IR,Iran,,,Base year 1400,سال پایه ۱۴۰۰
inf_irs_c-nf_m,Monthly inflation rate non-food (month to month) - Statistical Center of Iran,Statistical Center of Iran,persian,1405-01,4.50,%,IR,Iran,,,Base year 1400,سال پایه ۱۴۰۰
inf_irs_c-h_m,Monthly inflation rate housing (month to month) - Statistical Center of Iran,Statistical Center of Iran,persian,1390-02,4.20,%,IR,Iran,,,Base year 1400,سال پایه ۱۴۰۰
inf_irs_c-h_m,Monthly inflation rate housing (month to month) - Statistical Center of Iran,Statistical Center of Iran,persian,1390-03,2.50,%,IR,Iran,,,Base year 1400,سال پایه ۱۴۰۰
inf_irs_c-h_m,Monthly inflation rate housing (month to month) - Statistical Center of Iran,Statistical Center of Iran,persian,1390-04,3.60,%,IR,Iran,,,Base year 1400,سال پایه ۱۴۰۰
inf_irs_c-h_m,Monthly inflation rate housing (month to month) - Statistical Center of Iran,Statistical Center of Iran,persian,1390-05,4.20,%,IR,Iran,,,Base year 1400,سال پایه ۱۴۰۰
inf_irs_c-h_m,Monthly inflation rate housing (month to month) - Statistical Center of Iran,Statistical Center of Iran,persian,1390-06,2.00,%,IR,Iran,,,Base year 1400,سال پایه ۱۴۰۰
inf_irs_c-h_m,Monthly inflation rate housing (month to month) - Statistical Center of Iran,Statistical Center of Iran,persian,1390-07,1.80,%,IR,Iran,,,Base year 1400,سال پایه ۱۴۰۰
inf_irs_c-h_m,Monthly inflation rate housing (month to month) - Statistical Center of Iran,Statistical Center of Iran,persian,1390-08,0.60,%,IR,Iran,,,Base year 1400,سال پایه ۱۴۰۰
inf_irs_c-h_m,Monthly inflation rate housing (month to month) - Statistical Center of Iran,Statistical Center of Iran,persian,1390-09,1.20,%,IR,Iran,,,Base year 1400,سال پایه ۱۴۰۰
inf_irs_c-h_m,Monthly inflation rate housing (month to month) - Statistical Center of Iran,Statistical Center of Iran,persian,1390-10,0.70,%,IR,Iran,,,Base year 1400,سال پایه ۱۴۰۰
inf_irs_c-h_m,Monthly inflation rate housing (month to month) - Statistical Center of Iran,Statistical Center of Iran,persian,1390-11,-0.20,%,IR,Iran,,,Base year 1400,سال پایه ۱۴۰۰
inf_irs_c-h_m,Monthly inflation rate housing (month to month) - Statistical Center of Iran,Statistical Center of Iran,persian,1390-12,0.30,%,IR,Iran,,,Base year 1400,سال پایه ۱۴۰۰
inf_irs_c-h_m,Monthly inflation rate housing (month to month) - Statistical Center of Iran,Statistical Center of Iran,persian,1391-01,0.90,%,IR,Iran,,,Base year 1400,سال پایه ۱۴۰۰
inf_irs_c-h_m,Monthly inflation rate housing (month to month) - Statistical Center of Iran,Statistical Center of Iran,persian,1391-02,0.80,%,IR,Iran,,,Base year 1400,سال پایه ۱۴۰۰
inf_irs_c-h_m,Monthly inflation rate housing (month to month) - Statistical Center of Iran,Statistical Center of Iran,persian,1391-03,0.90,%,IR,Iran,,,Base year 1400,سال پایه ۱۴۰۰
inf_irs_c-h_m,Monthly inflation rate housing (month to month) - Statistical Center of Iran,Statistical Center of Iran,persian,1391-04,2.20,%,IR,Iran,,,Base year 1400,سال پایه ۱۴۰۰
inf_irs_c-h_m,Monthly inflation rate housing (month to month) - Statistical Center of Iran,Statistical Center of Iran,persian,1391-05,2.60,%,IR,Iran,,,Base year 1400,سال پایه ۱۴۰۰
inf_irs_c-h_m,Monthly inflation rate housing (month to month) - Statistical Center of Iran,Statistical Center of Iran,persian,1391-06,2.70,%,IR,Iran,,,Base year 1400,سال پایه ۱۴۰۰
inf_irs_c-h_m,Monthly inflation rate housing (month to month) - Statistical Center of Iran,Statistical Center of Iran,persian,1391-07,2.80,%,IR,Iran,,,Base year 1400,سال پایه ۱۴۰۰
inf_irs_c-h_m,Monthly inflation rate housing (month to month) - Statistical Center of Iran,Statistical Center of Iran,persian,1391-08,1.40,%,IR,Iran,,,Base year 1400,سال پایه ۱۴۰۰
inf_irs_c-h_m,Monthly inflation rate housing (month to month) - Statistical Center of Iran,Statistical Center of Iran,persian,1391-09,0.40,%,IR,Iran,,,Base year 1400,سال پایه ۱۴۰۰
inf_irs_c-h_m,Monthly inflation rate housing (month to month) - Statistical Center of Iran,Statistical Center of Iran,persian,1391-10,1.30,%,IR,Iran,,,Base year 1400,سال پایه ۱۴۰۰
inf_irs_c-h_m,Monthly inflation rate housing (month to month) - Statistical Center of Iran,Statistical Center of Iran,persian,1391-11,0.60,%,IR,Iran,,,Base year 1400,سال پایه ۱۴۰۰
inf_irs_c-h_m,Monthly inflation rate housing (month to month) - Statistical Center of Iran,Statistical Center of Iran,persian,1391-12,0.10,%,IR,Iran,,,Base year 1400,سال پایه ۱۴۰۰
inf_irs_c-h_m,Monthly inflation rate housing (month to month) - Statistical Center of Iran,Statistical Center of Iran,persian,1392-01,1.50,%,IR,Iran,,,Base year 1400,سال پایه ۱۴۰۰
inf_irs_c-h_m,Monthly inflation rate housing (month to month) - Statistical Center of Iran,Statistical Center of Iran,persian,1392-02,0.60,%,IR,Iran,,,Base year 1400,سال پایه ۱۴۰۰
inf_irs_c-h_m,Monthly inflation rate housing (month to month) - Statistical Center of Iran,Statistical Center of Iran,persian,1392-03,3.00,%,IR,Iran,,,Base year 1400,سال پایه ۱۴۰۰
inf_irs_c-h_m,Monthly inflation rate housing (month to month) - Statistical Center of Iran,Statistical Center of Iran,persian,1392-04,2.50,%,IR,Iran,,,Base year 1400,سال پایه ۱۴۰۰
inf_irs_c-h_m,Monthly inflation rate housing (month to month) - Statistical Center of Iran,Statistical Center of Iran,persian,1392-05,1.70,%,IR,Iran,,,Base year 1400,سال پایه ۱۴۰۰
inf_irs_c-h_m,Monthly inflation rate housing (month to month) - Statistical Center of Iran,Statistical Center of Iran,persian,1392-06,1.70,%,IR,Iran,,,Base year 1400,سال پایه ۱۴۰۰
inf_irs_c-h_m,Monthly inflation rate housing (month to month) - Statistical Center of Iran,Statistical Center of Iran,persian,1392-07,1.60,%,IR,Iran,,,Base year 1400,سال پایه ۱۴۰۰
inf_irs_c-h_m,Monthly inflation rate housing (month to month) - Statistical Center of Iran,Statistical Center of Iran,persian,1392-08,2.60,%,IR,Iran,,,Base year 1400,سال پایه ۱۴۰۰
inf_irs_c-h_m,Monthly inflation rate housing (month to month) - Statistical Center of Iran,Statistical Center of Iran,persian,1392-09,1.60,%,IR,Iran,,,Base year 1400,سال پایه ۱۴۰۰
inf_irs_c-h_m,Monthly inflation rate housing (month to month) - Statistical Center of Iran,Statistical Center of Iran,persian,1392-10,0.80,%,IR,Iran,,,Base year 1400,سال پایه ۱۴۰۰
inf_irs_c-h_m,Monthly inflation rate housing (month to month) - Statistical Center of Iran,Statistical Center of Iran,persian,1392-11,0.00,%,IR,Iran,,,Base year 1400,سال پایه ۱۴۰۰
inf_irs_c-h_m,Monthly inflation rate housing (month to month) - Statistical Center of Iran,Statistical Center of Iran,persian,1392-12,0.10,%,IR,Iran,,,Base year 1400,سال پایه ۱۴۰۰
inf_irs_c-h_m,Monthly inflation rate housing (month to month) - Statistical Center of Iran,Statistical Center of Iran,persian,1393-01,1.60,%,IR,Iran,,,Base year 1400,سال پایه ۱۴۰۰
inf_irs_c-h_m,Monthly inflation rate housing (month to month) - Statistical Center of Iran,Statistical Center of Iran,persian,1393-02,1.60,%,IR,Iran,,,Base year 1400,سال پایه ۱۴۰۰
inf_irs_c-h_m,Monthly inflation rate housing (month to month) - Statistical Center of Iran,Statistical Center of Iran,persian,1393-03,1.40,%,IR,Iran,,,Base year 1400,سال پایه ۱۴۰۰
inf_irs_c-h_m,Monthly inflation rate housing (month to month) - Statistical Center of Iran,Statistical Center of Iran,persian,1393-04,2.10,%,IR,Iran,,,Base year 1400,سال پایه ۱۴۰۰
inf_irs_c-h_m,Monthly inflation rate housing (month to month) - Statistical Center of Iran,Statistical Center of Iran,persian,1393-05,2.10,%,IR,Iran,,,Base year 1400,سال پایه ۱۴۰۰
inf_irs_c-h_m,Monthly inflation rate housing (month to month) - Statistical Center of Iran,Statistical Center of Iran,persian,1393-06,1.00,%,IR,Iran,,,Base year 1400,سال پایه ۱۴۰۰
inf_irs_c-h_m,Monthly inflation rate housing (month to month) - Statistical Center of Iran,Statistical Center of Iran,persian,1393-07,2.40,%,IR,Iran,,,Base year 1400,سال پایه ۱۴۰۰
inf_irs_c-h_m,Monthly inflation rate housing (month to month) - Statistical Center of Iran,Statistical Center of Iran,persian,1393-08,1.20,%,IR,Iran,,,Base year 1400,سال پایه ۱۴۰۰
inf_irs_c-h_m,Monthly inflation rate housing (month to month) - Statistical Center of Iran,Statistical Center of Iran,persian,1393-09,0.80,%,IR,Iran,,,Base year 1400,سال پایه ۱۴۰۰
inf_irs_c-h_m,Monthly inflation rate housing (month to month) - Statistical Center of Iran,Statistical Center of Iran,persian,1393-10,2.00,%,IR,Iran,,,Base year 1400,سال پایه ۱۴۰۰
inf_irs_c-h_m,Monthly inflation rate housing (month to month) - Statistical Center of Iran,Statistical Center of Iran,persian,1393-11,0.00,%,IR,Iran,,,Base year 1400,سال پایه ۱۴۰۰
inf_irs_c-h_m,Monthly inflation rate housing (month to month) - Statistical Center of Iran,Statistical Center of Iran,persian,1393-12,0.60,%,IR,Iran,,,Base year 1400,سال پایه ۱۴۰۰
inf_irs_c-h_m,Monthly inflation rate housing (month to month) - Statistical Center of Iran,Statistical Center of Iran,persian,1394-01,0.50,%,IR,Iran,,,Base year 1400,سال پایه ۱۴۰۰
inf_irs_c-h_m,Monthly inflation rate housing (month to month) - Statistical Center of Iran,Statistical Center of Iran,persian,1394-02,0.60,%,IR,Iran,,,Base year 1400,سال پایه ۱۴۰۰
inf_irs_c-h_m,Monthly inflation rate housing (month to month) - Statistical Center of Iran,Statistical Center of Iran,persian,1394-03,1.40,%,IR,Iran,,,Base year 1400,سال پایه ۱۴۰۰
inf_irs_c-h_m,Monthly inflation rate housing (month to month) - Statistical Center of Iran,Statistical Center of Iran,persian,1394-04,1.80,%,IR,Iran,,,Base year 1400,سال پایه ۱۴۰۰
inf_irs_c-h_m,Monthly inflation rate housing (month to month) - Statistical Center of Iran,Statistical Center of Iran,persian,1394-05,1.10,%,IR,Iran,,,Base year 1400,سال پایه ۱۴۰۰
inf_irs_c-h_m,Monthly inflation rate housing (month to month) - Statistical Center of Iran,Statistical Center of Iran,persian,1394-06,2.40,%,IR,Iran,,,Base year 1400,سال پایه ۱۴۰۰
inf_irs_c-h_m,Monthly inflation rate housing (month to month) - Statistical Center of Iran,Statistical Center of Iran,persian,1394-07,1.80,%,IR,Iran,,,Base year 1400,سال پایه ۱۴۰۰
inf_irs_c-h_m,Monthly inflation rate housing (month to month) - Statistical Center of Iran,Statistical Center of Iran,persian,1394-08,1.60,%,IR,Iran,,,Base year 1400,سال پایه ۱۴۰۰
inf_irs_c-h_m,Monthly inflation rate housing (month to month) - Statistical Center of Iran,Statistical Center of Iran,persian,1394-09,0.60,%,IR,Iran,,,Base year 1400,سال پایه ۱۴۰۰
inf_irs_c-h_m,Monthly inflation rate housing (month to month) - Statistical Center of Iran,Statistical Center of Iran,persian,1394-10,-0.50,%,IR,Iran,,,Base year 1400,سال پایه ۱۴۰۰
inf_irs_c-h_m,Monthly inflation rate housing (month to month) - Statistical Center of Iran,Statistical Center of Iran,persian,1394-11,-0.90,%,IR,Iran,,,Base year 1400,سال پایه ۱۴۰۰
inf_irs_c-h_m,Monthly inflation rate housing (month to month) - Statistical Center of Iran,Statistical Center of Iran,persian,1394-12,0.00,%,IR,Iran,,,Base year 1400,سال پایه ۱۴۰۰
inf_irs_c-h_m,Monthly inflation rate housing (month to month) - Statistical Center of Iran,Statistical Center of Iran,persian,1395-01,0.40,%,IR,Iran,,,Base year 1400,سال پایه ۱۴۰۰
inf_irs_c-h_m,Monthly inflation rate housing (month to month) - Statistical Center of Iran,Statistical Center of Iran,persian,1395-02,0.00,%,IR,Iran,,,Base year 1400,سال پایه ۱۴۰۰
inf_irs_c-h_m,Monthly inflation rate housing (month to month) - Statistical Center of Iran,Statistical Center of Iran,persian,1395-03,0.30,%,IR,Iran,,,Base year 1400,سال پایه ۱۴۰۰
inf_irs_c-h_m,Monthly inflation rate housing (month to month) - Statistical Center of Iran,Statistical Center of Iran,persian,1395-04,0.90,%,IR,Iran,,,Base year 1400,سال پایه ۱۴۰۰
inf_irs_c-h_m,Monthly inflation rate housing (month to month) - Statistical Center of Iran,Statistical Center of Iran,persian,1395-05,0.80,%,IR,Iran,,,Base year 1400,سال پایه ۱۴۰۰
inf_irs_c-h_m,Monthly inflation rate housing (month to month) - Statistical Center of Iran,Statistical Center of Iran,persian,1395-06,0.40,%,IR,Iran,,,Base year 1400,سال پایه ۱۴۰۰
inf_irs_c-h_m,Monthly inflation rate housing (month to month) - Statistical Center of Iran,Statistical Center of Iran,persian,1395-07,0.80,%,IR,Iran,,,Base year 1400,سال پایه ۱۴۰۰
inf_irs_c-h_m,Monthly inflation rate housing (month to month) - Statistical Center of Iran,Statistical Center of Iran,persian,1395-08,0.20,%,IR,Iran,,,Base year 1400,سال پایه ۱۴۰۰
inf_irs_c-h_m,Monthly inflation rate housing (month to month) - Statistical Center of Iran,Statistical Center of Iran,persian,1395-09,0.40,%,IR,Iran,,,Base year 1400,سال پایه ۱۴۰۰
inf_irs_c-h_m,Monthly inflation rate housing (month to month) - Statistical Center of Iran,Statistical Center of Iran,persian,1395-10,0.60,%,IR,Iran,,,Base year 1400,سال پایه ۱۴۰۰
inf_irs_c-h_m,Monthly inflation rate housing (month to month) - Statistical Center of Iran,Statistical Center of Iran,persian,1395-11,0.00,%,IR,Iran,,,Base year 1400,سال پایه ۱۴۰۰
inf_irs_c-h_m,Monthly inflation rate housing (month to month) - Statistical Center of Iran,Statistical Center of Iran,persian,1395-12,-0.30,%,IR,Iran,,,Base year 1400,سال پایه ۱۴۰۰
inf_irs_c-h_m,Monthly inflation rate housing (month to month) - Statistical Center of Iran,Statistical Center of Iran,persian,1396-01,1.10,%,IR,Iran,,,Base year 1400,سال پایه ۱۴۰۰
inf_irs_c-h_m,Monthly inflation rate housing (month to month) - Statistical Center of Iran,Statistical Center of Iran,persian,1396-02,0.30,%,IR,Iran,,,Base year 1400,سال پایه ۱۴۰۰
inf_irs_c-h_m,Monthly inflation rate housing (month to month) - Statistical Center of Iran,Statistical Center of Iran,persian,1396-03,0.40,%,IR,Iran,,,Base year 1400,سال پایه ۱۴۰۰
inf_irs_c-h_m,Monthly inflation rate housing (month to month) - Statistical Center of Iran,Statistical Center of Iran,persian,1396-04,1.90,%,IR,Iran,,,Base year 1400,سال پایه ۱۴۰۰
inf_irs_c-h_m,Monthly inflation rate housing (month to month) - Statistical Center of Iran,Statistical Center of Iran,persian,1396-05,0.60,%,IR,Iran,,,Base year 1400,سال پایه ۱۴۰۰
inf_irs_c-h_m,Monthly inflation rate housing (month to month) - Statistical Center of Iran,Statistical Center of Iran,persian,1396-06,0.70,%,IR,Iran,,,Base year 1400,سال پایه ۱۴۰۰
inf_irs_c-h_m,Monthly inflation rate housing (month to month) - Statistical Center of Iran,Statistical Center of Iran,persian,1396-07,2.00,%,IR,Iran,,,Base year 1400,سال پایه ۱۴۰۰
inf_irs_c-h_m,Monthly inflation rate housing (month to month) - Statistical Center of Iran,Statistical Center of Iran,persian,1396-08,0.90,%,IR,Iran,,,Base year 1400,سال پایه ۱۴۰۰
inf_irs_c-h_m,Monthly inflation rate housing (month to month) - Statistical Center of Iran,Statistical Center of Iran,persian,1396-09,0.00,%,IR,Iran,,,Base year 1400,سال پایه ۱۴۰۰
inf_irs_c-h_m,Monthly inflation rate housing (month to month) - Statistical Center of Iran,Statistical Center of Iran,persian,1396-10,0.20,%,IR,Iran,,,Base year 1400,سال پایه ۱۴۰۰
inf_irs_c-h_m,Monthly inflation rate housing (month to month) - Statistical Center of Iran,Statistical Center of Iran,persian,1396-11,0.00,%,IR,Iran,,,Base year 1400,سال پایه ۱۴۰۰
inf_irs_c-h_m,Monthly inflation rate housing (month to month) - Statistical Center of Iran,Statistical Center of Iran,persian,1396-12,-0.20,%,IR,Iran,,,Base year 1400,سال پایه ۱۴۰۰
inf_irs_c-h_m,Monthly inflation rate housing (month to month) - Statistical Center of Iran,Statistical Center of Iran,persian,1397-01,0.70,%,IR,Iran,,,Base year 1400,سال پایه ۱۴۰۰
inf_irs_c-h_m,Monthly inflation rate housing (month to month) - Statistical Center of Iran,Statistical Center of Iran,persian,1397-02,1.00,%,IR,Iran,,,Base year 1400,سال پایه ۱۴۰۰
inf_irs_c-h_m,Monthly inflation rate housing (month to month) - Statistical Center of Iran,Statistical Center of Iran,persian,1397-03,0.30,%,IR,Iran,,,Base year 1400,سال پایه ۱۴۰۰
inf_irs_c-h_m,Monthly inflation rate housing (month to month) - Statistical Center of Iran,Statistical Center of Iran,persian,1397-04,5.90,%,IR,Iran,,,Base year 1400,سال پایه ۱۴۰۰
inf_irs_c-h_m,Monthly inflation rate housing (month to month) - Statistical Center of Iran,Statistical Center of Iran,persian,1397-05,2.40,%,IR,Iran,,,Base year 1400,سال پایه ۱۴۰۰
inf_irs_c-h_m,Monthly inflation rate housing (month to month) - Statistical Center of Iran,Statistical Center of Iran,persian,1397-06,2.30,%,IR,Iran,,,Base year 1400,سال پایه ۱۴۰۰
inf_irs_c-h_m,Monthly inflation rate housing (month to month) - Statistical Center of Iran,Statistical Center of Iran,persian,1397-07,5.00,%,IR,Iran,,,Base year 1400,سال پایه ۱۴۰۰
inf_irs_c-h_m,Monthly inflation rate housing (month to month) - Statistical Center of Iran,Statistical Center of Iran,persian,1397-08,1.20,%,IR,Iran,,,Base year 1400,سال پایه ۱۴۰۰
inf_irs_c-h_m,Monthly inflation rate housing (month to month) - Statistical Center of Iran,Statistical Center of Iran,persian,1397-09,1.20,%,IR,Iran,,,Base year 1400,سال پایه ۱۴۰۰
inf_irs_c-h_m,Monthly inflation rate housing (month to month) - Statistical Center of Iran,Statistical Center of Iran,persian,1397-10,1.10,%,IR,Iran,,,Base year 1400,سال پایه ۱۴۰۰
inf_irs_c-h_m,Monthly inflation rate housing (month to month) - Statistical Center of Iran,Statistical Center of Iran,persian,1397-11,0.30,%,IR,Iran,,,Base year 1400,سال پایه ۱۴۰۰
inf_irs_c-h_m,Monthly inflation rate housing (month to month) - Statistical Center of Iran,Statistical Center of Iran,persian,1397-12,0.70,%,IR,Iran,,,Base year 1400,سال پایه ۱۴۰۰
inf_irs_c-h_m,Monthly inflation rate housing (month to month) - Statistical Center of Iran,Statistical Center of Iran,persian,1398-01,1.50,%,IR,Iran,,,Base year 1400,سال پایه ۱۴۰۰
inf_irs_c-h_m,Monthly inflation rate housing (month to month) - Statistical Center of Iran,Statistical Center of Iran,persian,1398-02,1.00,%,IR,Iran,,,Base year 1400,سال پایه ۱۴۰۰
inf_irs_c-h_m,Monthly inflation rate housing (month to month) - Statistical Center of Iran,Statistical Center of Iran,persian,1398-03,1.30,%,IR,Iran,,,Base year 1400,سال پایه ۱۴۰۰
inf_irs_c-h_m,Monthly inflation rate housing (month to month) - Statistical Center of Iran,Statistical Center of Iran,persian,1398-04,4.40,%,IR,Iran,,,Base year 1400,سال پایه ۱۴۰۰
inf_irs_c-h_m,Monthly inflation rate housing (month to month) - Statistical Center of Iran,Statistical Center of Iran,persian,1398-05,1.80,%,IR,Iran,,,Base year 1400,سال پایه ۱۴۰۰
inf_irs_c-h_m,Monthly inflation rate housing (month to month) - Statistical Center of Iran,Statistical Center of Iran,persian,1398-06,2.40,%,IR,Iran,,,Base year 1400,سال پایه ۱۴۰۰
inf_irs_c-h_m,Monthly inflation rate housing (month to month) - Statistical Center of Iran,Statistical Center of Iran,persian,1398-07,4.40,%,IR,Iran,,,Base year 1400,سال پایه ۱۴۰۰
inf_irs_c-h_m,Monthly inflation rate housing (month to month) - Statistical Center of Iran,Statistical Center of Iran,persian,1398-08,1.30,%,IR,Iran,,,Base year 1400,سال پایه ۱۴۰۰
inf_irs_c-h_m,Monthly inflation rate housing (month to month) - Statistical Center of Iran,Statistical Center of Iran,persian,1398-09,0.40,%,IR,Iran,,,Base year 1400,سال پایه ۱۴۰۰
inf_irs_c-h_m,Monthly inflation rate housing (month to month) - Statistical Center of Iran,Statistical Center of Iran,persian,1398-10,0.90,%,IR,Iran,,,Base year 1400,سال پایه ۱۴۰۰
inf_irs_c-h_m,Monthly inflation rate housing (month to month) - Statistical Center of Iran,Statistical Center of Iran,persian,1398-11,0.40,%,IR,Iran,,,Base year 1400,سال پایه ۱۴۰۰
inf_irs_c-h_m,Monthly inflation rate housing (month to month) - Statistical Center of Iran,Statistical Center of Iran,persian,1398-12,0.40,%,IR,Iran,,,Base year 1400,سال پایه ۱۴۰۰
inf_irs_c-h_m,Monthly inflation rate housing (month to month) - Statistical Center of Iran,Statistical Center of Iran,persian,1399-01,0.20,%,IR,Iran,,,Base year 1400,سال پایه ۱۴۰۰
inf_irs_c-h_m,Monthly inflation rate housing (month to month) - Statistical Center of Iran,Statistical Center of Iran,persian,1399-02,1.90,%,IR,Iran,,,Base year 1400,سال پایه ۱۴۰۰
inf_irs_c-h_m,Monthly inflation rate housing (month to month) - Statistical Center of Iran,Statistical Center of Iran,persian,1399-03,1.40,%,IR,Iran,,,Base year 1400,سال پایه ۱۴۰۰
inf_irs_c-h_m,Monthly inflation rate housing (month to month) - Statistical Center of Iran,Statistical Center of Iran,persian,1399-04,6.90,%,IR,Iran,,,Base year 1400,سال پایه ۱۴۰۰
inf_irs_c-h_m,Monthly inflation rate housing (month to month) - Statistical Center of Iran,Statistical Center of Iran,persian,1399-05,2.80,%,IR,Iran,,,Base year 1400,سال پایه ۱۴۰۰
inf_irs_c-h_m,Monthly inflation rate housing (month to month) - Statistical Center of Iran,Statistical Center of Iran,persian,1399-06,2.70,%,IR,Iran,,,Base year 1400,سال پایه ۱۴۰۰
inf_irs_c-h_m,Monthly inflation rate housing (month to month) - Statistical Center of Iran,Statistical Center of Iran,persian,1399-07,4.50,%,IR,Iran,,,Base year 1400,سال پایه ۱۴۰۰
inf_irs_c-h_m,Monthly inflation rate housing (month to month) - Statistical Center of Iran,Statistical Center of Iran,persian,1399-08,1.00,%,IR,Iran,,,Base year 1400,سال پایه ۱۴۰۰
inf_irs_c-h_m,Monthly inflation rate housing (month to month) - Statistical Center of Iran,Statistical Center of Iran,persian,1399-09,0.50,%,IR,Iran,,,Base year 1400,سال پایه ۱۴۰۰
inf_irs_c-h_m,Monthly inflation rate housing (month to month) - Statistical Center of Iran,Statistical Center of Iran,persian,1399-10,2.10,%,IR,Iran,,,Base year 1400,سال پایه ۱۴۰۰
inf_irs_c-h_m,Monthly inflation rate housing (month to month) - Statistical Center of Iran,Statistical Center of Iran,persian,1399-11,0.00,%,IR,Iran,,,Base year 1400,سال پایه ۱۴۰۰
inf_irs_c-h_m,Monthly inflation rate housing (month to month) - Statistical Center of Iran,Statistical Center of Iran,persian,1399-12,1.50,%,IR,Iran,,,Base year 1400,سال پایه ۱۴۰۰
inf_irs_c-h_m,Monthly inflation rate housing (month to month) - Statistical Center of Iran,Statistical Center of Iran,persian,1400-01,1.70,%,IR,Iran,,,Base year 1400,سال پایه ۱۴۰۰
inf_irs_c-h_m,Monthly inflation rate housing (month to month) - Statistical Center of Iran,Statistical Center of Iran,persian,1400-02,1.00,%,IR,Iran,,,Base year 1400,سال پایه ۱۴۰۰
inf_irs_c-h_m,Monthly inflation rate housing (month to month) - Statistical Center of Iran,Statistical Center of Iran,persian,1400-03,1.30,%,IR,Iran,,,Base year 1400,سال پایه ۱۴۰۰
inf_irs_c-h_m,Monthly inflation rate housing (month to month) - Statistical Center of Iran,Statistical Center of Iran,persian,1400-04,3.70,%,IR,Iran,,,Base year 1400,سال پایه ۱۴۰۰
inf_irs_c-h_m,Monthly inflation rate housing (month to month) - Statistical Center of Iran,Statistical Center of Iran,persian,1400-05,2.10,%,IR,Iran,,,Base year 1400,سال پایه ۱۴۰۰
inf_irs_c-h_m,Monthly inflation rate housing (month to month) - Statistical Center of Iran,Statistical Center of Iran,persian,1400-06,3.90,%,IR,Iran,,,Base year 1400,سال پایه ۱۴۰۰
inf_irs_c-h_m,Monthly inflation rate housing (month to month) - Statistical Center of Iran,Statistical Center of Iran,persian,1400-07,3.60,%,IR,Iran,,,Base year 1400,سال پایه ۱۴۰۰
inf_irs_c-h_m,Monthly inflation rate housing (month to month) - Statistical Center of Iran,Statistical Center of Iran,persian,1400-08,1.50,%,IR,Iran,,,Base year 1400,سال پایه ۱۴۰۰
inf_irs_c-h_m,Monthly inflation rate housing (month to month) - Statistical Center of Iran,Statistical Center of Iran,persian,1400-09,1.10,%,IR,Iran,,,Base year 1400,سال پایه ۱۴۰۰
inf_irs_c-h_m,Monthly inflation rate housing (month to month) - Statistical Center of Iran,Statistical Center of Iran,persian,1400-10,3.50,%,IR,Iran,,,Base year 1400,سال پایه ۱۴۰۰
inf_irs_c-h_m,Monthly inflation rate housing (month to month) - Statistical Center of Iran,Statistical Center of Iran,persian,1400-11,0.60,%,IR,Iran,,,Base year 1400,سال پایه ۱۴۰۰
inf_irs_c-h_m,Monthly inflation rate housing (month to month) - Statistical Center of Iran,Statistical Center of Iran,persian,1400-12,0.60,%,IR,Iran,,,Base year 1400,سال پایه ۱۴۰۰
inf_irs_c-h_m,Monthly inflation rate housing (month to month) - Statistical Center of Iran,Statistical Center of Iran,persian,1401-01,2.00,%,IR,Iran,,,Base year 1400,سال پایه ۱۴۰۰
inf_irs_c-h_m,Monthly inflation rate housing (month to month) - Statistical Center of Iran,Statistical Center of Iran,persian,1401-02,2.10,%,IR,Iran,,,Base year 1400,سال پایه ۱۴۰۰
inf_irs_c-h_m,Monthly inflation rate housing (month to month) - Statistical Center of Iran,Statistical Center of Iran,persian,1401-03,2.40,%,IR,Iran,,,Base year 1400,سال پایه ۱۴۰۰
inf_irs_c-h_m,Monthly inflation rate housing (month to month) - Statistical Center of Iran,Statistical Center of Iran,persian,1401-04,3.20,%,IR,Iran,,,Base year 1400,سال پایه ۱۴۰۰
inf_irs_c-h_m,Monthly inflation rate housing (month to month) - Statistical Center of Iran,Statistical Center of Iran,persian,1401-05,2.80,%,IR,Iran,,,Base year 1400,سال پایه ۱۴۰۰
inf_irs_c-h_m,Monthly inflation rate housing (month to month) - Statistical Center of Iran,Statistical Center of Iran,persian,1401-06,3.20,%,IR,Iran,,,Base year 1400,سال پایه ۱۴۰۰
inf_irs_c-h_m,Monthly inflation rate housing (month to month) - Statistical Center of Iran,Statistical Center of Iran,persian,1401-07,3.80,%,IR,Iran,,,Base year 1400,سال پایه ۱۴۰۰
inf_irs_c-h_m,Monthly inflation rate housing (month to month) - Statistical Center of Iran,Statistical Center of Iran,persian,1401-08,3.50,%,IR,Iran,,,Base year 1400,سال پایه ۱۴۰۰
inf_irs_c-h_m,Monthly inflation rate housing (month to month) - Statistical Center of Iran,Statistical Center of Iran,persian,1401-09,2.90,%,IR,Iran,,,Base year 1400,سال پایه ۱۴۰۰
inf_irs_c-h_m,Monthly inflation rate housing (month to month) - Statistical Center of Iran,Statistical Center of Iran,persian,1401-10,2.50,%,IR,Iran,,,Base year 1400,سال پایه ۱۴۰۰
inf_irs_c-h_m,Monthly inflation rate housing (month to month) - Statistical Center of Iran,Statistical Center of Iran,persian,1401-11,2.70,%,IR,Iran,,,Base year 1400,سال پایه ۱۴۰۰
inf_irs_c-h_m,Monthly inflation rate housing (month to month) - Statistical Center of Iran,Statistical Center of Iran,persian,1401-12,2.10,%,IR,Iran,,,Base year 1400,سال پایه ۱۴۰۰
inf_irs_c-h_m,Monthly inflation rate housing (month to month) - Statistical Center of Iran,Statistical Center of Iran,persian,1402-01,2.20,%,IR,Iran,,,Base year 1400,سال پایه ۱۴۰۰
inf_irs_c-h_m,Monthly inflation rate housing (month to month) - Statistical Center of Iran,Statistical Center of Iran,persian,1402-02,1.60,%,IR,Iran,,,Base year 1400,سال پایه ۱۴۰۰
inf_irs_c-h_m,Monthly inflation rate housing (month to month) - Statistical Center of Iran,Statistical Center of Iran,persian,1402-03,2.60,%,IR,Iran,,,Base year 1400,سال پایه ۱۴۰۰
inf_irs_c-h_m,Monthly inflation rate housing (month to month) - Statistical Center of Iran,Statistical Center of Iran,persian,1402-04,2.20,%,IR,Iran,,,Base year 1400,سال پایه ۱۴۰۰
inf_irs_c-h_m,Monthly inflation rate housing (month to month) - Statistical Center of Iran,Statistical Center of Iran,persian,1402-05,3.30,%,IR,Iran,,,Base year 1400,سال پایه ۱۴۰۰
inf_irs_c-h_m,Monthly inflation rate housing (month to month) - Statistical Center of Iran,Statistical Center of Iran,persian,1402-06,3.40,%,IR,Iran,,,Base year 1400,سال پایه ۱۴۰۰
inf_irs_c-h_m,Monthly inflation rate housing (month to month) - Statistical Center of Iran,Statistical Center of Iran,persian,1402-07,4.30,%,IR,Iran,,,Base year 1400,سال پایه ۱۴۰۰
inf_irs_c-h_m,Monthly inflation rate housing (month to month) - Statistical Center of Iran,Statistical Center of Iran,persian,1402-08,4.00,%,IR,Iran,,,Base year 1400,سال پایه ۱۴۰۰
inf_irs_c-h_m,Monthly inflation rate housing (month to month) - Statistical Center of Iran,Statistical Center of Iran,persian,1402-09,3.30,%,IR,Iran,,,Base year 1400,سال پایه ۱۴۰۰
inf_irs_c-h_m,Monthly inflation rate housing (month to month) - Statistical Center of Iran,Statistical Center of Iran,persian,1402-10,3.00,%,IR,Iran,,,Base year 1400,سال پایه ۱۴۰۰
inf_irs_c-h_m,Monthly inflation rate housing (month to month) - Statistical Center of Iran,Statistical Center of Iran,persian,1402-11,2.80,%,IR,Iran,,,Base year 1400,سال پایه ۱۴۰۰
inf_irs_c-h_m,Monthly inflation rate housing (month to month) - Statistical Center of Iran,Statistical Center of Iran,persian,1402-12,2.40,%,IR,Iran,,,Base year 1400,سال پایه ۱۴۰۰
inf_irs_c-h_m,Monthly inflation rate housing (month to month) - Statistical Center of Iran,Statistical Center of Iran,persian,1403-01,1.80,%,IR,Iran,,,Base year 1400,سال پایه ۱۴۰۰
inf_irs_c-h_m,Monthly inflation rate housing (month to month) - Statistical Center of Iran,Statistical Center of Iran,persian,1403-02,2.40,%,IR,Iran,,,Base year 1400,سال پایه ۱۴۰۰
inf_irs_c-h_m,Monthly inflation rate housing (month to month) - Statistical Center of Iran,Statistical Center of Iran,persian,1403-03,2.20,%,IR,Iran,,,Base year 1400,سال پایه ۱۴۰۰
inf_irs_c-h_m,Monthly inflation rate housing (month to month) - Statistical Center of Iran,Statistical Center of Iran,persian,1403-04,2.80,%,IR,Iran,,,Base year 1400,سال پایه ۱۴۰۰
inf_irs_c-h_m,Monthly inflation rate housing (month to month) - Statistical Center of Iran,Statistical Center of Iran,persian,1403-05,3.30,%,IR,Iran,,,Base year 1400,سال پایه ۱۴۰۰
inf_irs_c-h_m,Monthly inflation rate housing (month to month) - Statistical Center of Iran,Statistical Center of Iran,persian,1403-06,2.90,%,IR,Iran,,,Base year 1400,سال پایه ۱۴۰۰
inf_irs_c-h_m,Monthly inflation rate housing (month to month) - Statistical Center of Iran,Statistical Center of Iran,persian,1403-07,3.40,%,IR,Iran,,,Base year 1400,سال پایه ۱۴۰۰
inf_irs_c-h_m,Monthly inflation rate housing (month to month) - Statistical Center of Iran,Statistical Center of Iran,persian,1403-08,3.10,%,IR,Iran,,,Base year 1400,سال پایه ۱۴۰۰
inf_irs_c-h_m,Monthly inflation rate housing (month to month) - Statistical Center of Iran,Statistical Center of Iran,persian,1403-09,2.50,%,IR,Iran,,,Base year 1400,سال پایه ۱۴۰۰
inf_irs_c-h_m,Monthly inflation rate housing (month to month) - Statistical Center of Iran,Statistical Center of Iran,persian,1403-10,2.90,%,IR,Iran,,,Base year 1400,سال پایه ۱۴۰۰
inf_irs_c-h_m,Monthly inflation rate housing (month to month) - Statistical Center of Iran,Statistical Center of Iran,persian,1403-11,2.60,%,IR,Iran,,,Base year 1400,سال پایه ۱۴۰۰
inf_irs_c-h_m,Monthly inflation rate housing (month to month) - Statistical Center of Iran,Statistical Center of Iran,persian,1403-12,2.00,%,IR,Iran,,,Base year 1400,سال پایه ۱۴۰۰
inf_irs_c-h_m,Monthly inflation rate housing (month to month) - Statistical Center of Iran,Statistical Center of Iran,persian,1404-01,2.40,%,IR,Iran,,,Base year 1400,سال پایه ۱۴۰۰
inf_irs_c-h_m,Monthly inflation rate housing (month to month) - Statistical Center of Iran,Statistical Center of Iran,persian,1404-02,2.10,%,IR,Iran,,,Base year 1400,سال پایه ۱۴۰۰
inf_irs_c-h_m,Monthly inflation rate housing (month to month) - Statistical Center of Iran,Statistical Center of Iran,persian,1404-03,2.30,%,IR,Iran,,,Base year 1400,سال پایه ۱۴۰۰
inf_irs_c-h_m,Monthly inflation rate housing (month to month) - Statistical Center of Iran,Statistical Center of Iran,persian,1404-04,2.10,%,IR,Iran,,,Base year 1400,سال پایه ۱۴۰۰
inf_irs_c-h_m,Monthly inflation rate housing (month to month) - Statistical Center of Iran,Statistical Center of Iran,persian,1404-05,2.70,%,IR,Iran,,,Base year 1400,سال پایه ۱۴۰۰
inf_irs_c-h_m,Monthly inflation rate housing (month to month) - Statistical Center of Iran,Statistical Center of Iran,persian,1404-06,3.10,%,IR,Iran,,,Base year 1400,سال پایه ۱۴۰۰
inf_irs_c-h_m,Monthly inflation rate housing (month to month) - Statistical Center of Iran,Statistical Center of Iran,persian,1404-07,3.30,%,IR,Iran,,,Base year 1400,سال پایه ۱۴۰۰
inf_irs_c-h_m,Monthly inflation rate housing (month to month) - Statistical Center of Iran,Statistical Center of Iran,persian,1404-08,3.00,%,IR,Iran,,,Base year 1400,سال پایه ۱۴۰۰
inf_irs_c-t_p,Monthly inflation rate (point to point) - Statistical Center of Iran,Statistical Center of Iran,persian,1391-01,24.70,%,IR,Iran,,,Base year 1400,سال پایه ۱۴۰۰
inf_irs_c-t_p,Monthly inflation rate (point to point) - Statistical Center of Iran,Statistical Center of Iran,persian,1391-02,23.20,%,IR,Iran,,,Base year 1400,سال پایه ۱۴۰۰
inf_irs_c-t_p,Monthly inflation rate (point to point) - Statistical Center of Iran,Statistical Center of Iran,persian,1391-03,22.10,%,IR,Iran,,,Base year 1400,سال پایه ۱۴۰۰
inf_irs_c-t_p,Monthly inflation rate (point to point) - Statistical Center of Iran,Statistical Center of Iran,persian,1391-04,24.70,%,IR,Iran,,,Base year 1400,سال پایه ۱۴۰۰
inf_irs_c-t_p,Monthly inflation rate (point to point) - Statistical Center of Iran,Statistical Center of Iran,persian,1391-05,24.80,%,IR,Iran,,,Base year 1400,سال پایه ۱۴۰۰
inf_irs_c-t_p,Monthly inflation rate (point to point) - Statistical Center of Iran,Statistical Center of Iran,persian,1391-06,25.40,%,IR,Iran,,,Base year 1400,سال پایه ۱۴۰۰
inf_irs_c-t_p,Monthly inflation rate (point to point) - Statistical Center of Iran,Statistical Center of Iran,persian,1391-07,29.70,%,IR,Iran,,,Base year 1400,سال پایه ۱۴۰۰
inf_irs_c-t_p,Monthly inflation rate (point to point) - Statistical Center of Iran,Statistical Center of Iran,persian,1391-08,32.90,%,IR,Iran,,,Base year 1400,سال پایه ۱۴۰۰
inf_irs_c-t_p,Monthly inflation rate (point to point) - Statistical Center of Iran,Statistical Center of Iran,persian,1391-09,32.90,%,IR,Iran,,,Base year 1400,سال پایه ۱۴۰۰
inf_irs_c-t_p,Monthly inflation rate (point to point) - Statistical Center of Iran,Statistical Center of Iran,persian,1391-10,33.90,%,IR,Iran,,,Base year 1400,سال پایه ۱۴۰۰
inf_irs_c-t_p,Monthly inflation rate (point to point) - Statistical Center of Iran,Statistical Center of Iran,persian,1391-11,37.20,%,IR,Iran,,,Base year 1400,سال پایه ۱۴۰۰
inf_irs_c-t_p,Monthly inflation rate (point to point) - Statistical Center of Iran,Statistical Center of Iran,persian,1391-12,38.10,%,IR,Iran,,,Base year 1400,سال پایه ۱۴۰۰
inf_irs_c-t_p,Monthly inflation rate (point to point) - Statistical Center of Iran,Statistical Center of Iran,persian,1392-01,40.10,%,IR,Iran,,,Base year 1400,سال پایه ۱۴۰۰
inf_irs_c-t_p,Monthly inflation rate (point to point) - Statistical Center of Iran,Statistical Center of Iran,persian,1392-02,39.50,%,IR,Iran,,,Base year 1400,سال پایه ۱۴۰۰
inf_irs_c-t_p,Monthly inflation rate (point to point) - Statistical Center of Iran,Statistical Center of Iran,persian,1392-03,42.40,%,IR,Iran,,,Base year 1400,سال پایه ۱۴۰۰
inf_irs_c-t_p,Monthly inflation rate (point to point) - Statistical Center of Iran,Statistical Center of Iran,persian,1392-04,40.10,%,IR,Iran,,,Base year 1400,سال پایه ۱۴۰۰
inf_irs_c-t_p,Monthly inflation rate (point to point) - Statistical Center of Iran,Statistical Center of Iran,persian,1392-05,39.40,%,IR,Iran,,,Base year 1400,سال پایه ۱۴۰۰
inf_irs_c-t_p,Monthly inflation rate (point to point) - Statistical Center of Iran,Statistical Center of Iran,persian,1392-06,38.20,%,IR,Iran,,,Base year 1400,سال پایه ۱۴۰۰
inf_irs_c-t_p,Monthly inflation rate (point to point) - Statistical Center of Iran,Statistical Center of Iran,persian,1392-07,33.30,%,IR,Iran,,,Base year 1400,سال پایه ۱۴۰۰
inf_irs_c-t_p,Monthly inflation rate (point to point) - Statistical Center of Iran,Statistical Center of Iran,persian,1392-08,30.50,%,IR,Iran,,,Base year 1400,سال پایه ۱۴۰۰
inf_irs_c-t_p,Monthly inflation rate (point to point) - Statistical Center of Iran,Statistical Center of Iran,persian,1392-09,29.20,%,IR,Iran,,,Base year 1400,سال پایه ۱۴۰۰
inf_irs_c-t_p,Monthly inflation rate (point to point) - Statistical Center of Iran,Statistical Center of Iran,persian,1392-10,27.90,%,IR,Iran,,,Base year 1400,سال پایه ۱۴۰۰
inf_irs_c-t_p,Monthly inflation rate (point to point) - Statistical Center of Iran,Statistical Center of Iran,persian,1392-11,22.20,%,IR,Iran,,,Base year 1400,سال پایه ۱۴۰۰
inf_irs_c-t_p,Monthly inflation rate (point to point) - Statistical Center of Iran,Statistical Center of Iran,persian,1392-12,19.60,%,IR,Iran,,,Base year 1400,سال پایه ۱۴۰۰
inf_irs_c-t_p,Monthly inflation rate (point to point) - Statistical Center of Iran,Statistical Center of Iran,persian,1393-01,17.40,%,IR,Iran,,,Base year 1400,سال پایه ۱۴۰۰
inf_irs_c-t_p,Monthly inflation rate (point to point) - Statistical Center of Iran,Statistical Center of Iran,persian,1393-02,17.00,%,IR,Iran,,,Base year 1400,سال پایه ۱۴۰۰
inf_irs_c-t_p,Monthly inflation rate (point to point) - Statistical Center of Iran,Statistical Center of Iran,persian,1393-03,14.40,%,IR,Iran,,,Base year 1400,سال پایه ۱۴۰۰
inf_irs_c-t_p,Monthly inflation rate (point to point) - Statistical Center of Iran,Statistical Center of Iran,persian,1393-04,14.50,%,IR,Iran,,,Base year 1400,سال پایه ۱۴۰۰
inf_irs_c-t_p,Monthly inflation rate (point to point) - Statistical Center of Iran,Statistical Center of Iran,persian,1393-05,14.30,%,IR,Iran,,,Base year 1400,سال پایه ۱۴۰۰
inf_irs_c-t_p,Monthly inflation rate (point to point) - Statistical Center of Iran,Statistical Center of Iran,persian,1393-06,13.80,%,IR,Iran,,,Base year 1400,سال پایه ۱۴۰۰
inf_irs_c-t_p,Monthly inflation rate (point to point) - Statistical Center of Iran,Statistical Center of Iran,persian,1393-07,13.70,%,IR,Iran,,,Base year 1400,سال پایه ۱۴۰۰
inf_irs_c-t_p,Monthly inflation rate (point to point) - Statistical Center of Iran,Statistical Center of Iran,persian,1393-08,13.00,%,IR,Iran,,,Base year 1400,سال پایه ۱۴۰۰
inf_irs_c-t_p,Monthly inflation rate (point to point) - Statistical Center of Iran,Statistical Center of Iran,persian,1393-09,14.70,%,IR,Iran,,,Base year 1400,سال پایه ۱۴۰۰
inf_irs_c-t_p,Monthly inflation rate (point to point) - Statistical Center of Iran,Statistical Center of Iran,persian,1393-10,14.30,%,IR,Iran,,,Base year 1400,سال پایه ۱۴۰۰
inf_irs_c-t_p,Monthly inflation rate (point to point) - Statistical Center of Iran,Statistical Center of Iran,persian,1393-11,14.30,%,IR,Iran,,,Base year 1400,سال پایه ۱۴۰۰
inf_irs_c-t_p,Monthly inflation rate (point to point) - Statistical Center of Iran,Statistical Center of Iran,persian,1393-12,14.00,%,IR,Iran,,,Base year 1400,سال پایه ۱۴۰۰
inf_irs_c-t_p,Monthly inflation rate (point to point) - Statistical Center of Iran,Statistical Center of Iran,persian,1394-01,13.80,%,IR,Iran,,,Base year 1400,سال پایه ۱۴۰۰
inf_irs_c-t_p,Monthly inflation rate (point to point) - Statistical Center of Iran,Statistical Center of Iran,persian,1394-02,13.60,%,IR,Iran,,,Base year 1400,سال پایه ۱۴۰۰
inf_irs_c-t_p,Monthly inflation rate (point to point) - Statistical Center of Iran,Statistical Center of Iran,persian,1394-03,14.10,%,IR,Iran,,,Base year 1400,سال پایه ۱۴۰۰
inf_irs_c-t_p,Monthly inflation rate (point to point) - Statistical Center of Iran,Statistical Center of Iran,persian,1394-04,12.70,%,IR,Iran,,,Base year 1400,سال پایه ۱۴۰۰
inf_irs_c-t_p,Monthly inflation rate (point to point) - Statistical Center of Iran,Statistical Center of Iran,persian,1394-05,11.50,%,IR,Iran,,,Base year 1400,سال پایه ۱۴۰۰
inf_irs_c-t_p,Monthly inflation rate (point to point) - Statistical Center of Iran,Statistical Center of Iran,persian,1394-06,11.40,%,IR,Iran,,,Base year 1400,سال پایه ۱۴۰۰
inf_irs_c-t_p,Monthly inflation rate (point to point) - Statistical Center of Iran,Statistical Center of Iran,persian,1394-07,10.70,%,IR,Iran,,,Base year 1400,سال پایه ۱۴۰۰
inf_irs_c-t_p,Monthly inflation rate (point to point) - Statistical Center of Iran,Statistical Center of Iran,persian,1394-08,10.50,%,IR,Iran,,,Base year 1400,سال پایه ۱۴۰۰
inf_irs_c-t_p,Monthly inflation rate (point to point) - Statistical Center of Iran,Statistical Center of Iran,persian,1394-09,9.60,%,IR,Iran,,,Base year 1400,سال پایه ۱۴۰۰
inf_irs_c-t_p,Monthly inflation rate (point to point) - Statistical Center of Iran,Statistical Center of Iran,persian,1394-10,9.20,%,IR,Iran,,,Base year 1400,سال پایه ۱۴۰۰
inf_irs_c-t_p,Monthly inflation rate (point to point) - Statistical Center of Iran,Statistical Center of Iran,persian,1394-11,8.80,%,IR,Iran,,,Base year 1400,سال پایه ۱۴۰۰
inf_irs_c-t_p,Monthly inflation rate (point to point) - Statistical Center of Iran,Statistical Center of Iran,persian,1394-12,8.40,%,IR,Iran,,,Base year 1400,سال پایه ۱۴۰۰
inf_irs_c-t_p,Monthly inflation rate (point to point) - Statistical Center of Iran,Statistical Center of Iran,persian,1395-01,7.80,%,IR,Iran,,,Base year 1400,سال پایه ۱۴۰۰
inf_irs_c-t_p,Monthly inflation rate (point to point) - Statistical Center of Iran,Statistical Center of Iran,persian,1395-02,7.30,%,IR,Iran,,,Base year 1400,سال پایه ۱۴۰۰
inf_irs_c-t_p,Monthly inflation rate (point to point) - Statistical Center of Iran,Statistical Center of Iran,persian,1395-03,6.80,%,IR,Iran,,,Base year 1400,سال پایه ۱۴۰۰
inf_irs_c-t_p,Monthly inflation rate (point to point) - Statistical Center of Iran,Statistical Center of Iran,persian,1395-04,6.60,%,IR,Iran,,,Base year 1400,سال پایه ۱۴۰۰
inf_irs_c-t_p,Monthly inflation rate (point to point) - Statistical Center of Iran,Statistical Center of Iran,persian,1395-05,7.20,%,IR,Iran,,,Base year 1400,سال پایه ۱۴۰۰
inf_irs_c-t_p,Monthly inflation rate (point to point) - Statistical Center of Iran,Statistical Center of Iran,persian,1395-06,6.80,%,IR,Iran,,,Base year 1400,سال پایه ۱۴۰۰
inf_irs_c-t_p,Monthly inflation rate (point to point) - Statistical Center of Iran,Statistical Center of Iran,persian,1395-07,6.60,%,IR,Iran,,,Base year 1400,سال پایه ۱۴۰۰
inf_irs_c-t_p,Monthly inflation rate (point to point) - Statistical Center of Iran,Statistical Center of Iran,persian,1395-08,6.20,%,IR,Iran,,,Base year 1400,سال پایه ۱۴۰۰
inf_irs_c-t_p,Monthly inflation rate (point to point) - Statistical Center of Iran,Statistical Center of Iran,persian,1395-09,5.70,%,IR,Iran,,,Base year 1400,سال پایه ۱۴۰۰
inf_irs_c-t_p,Monthly inflation rate (point to point) - Statistical Center of Iran,Statistical Center of Iran,persian,1395-10,6.20,%,IR,Iran,,,Base year 1400,سال پایه ۱۴۰۰
inf_irs_c-t_p,Monthly inflation rate (point to point) - Statistical Center of Iran,Statistical Center of Iran,persian,1395-11,7.10,%,IR,Iran,,,Base year 1400,سال پایه ۱۴۰۰
inf_irs_c-t_p,Monthly inflation rate (point to point) - Statistical Center of Iran,Statistical Center of Iran,persian,1395-12,8.20,%,IR,Iran,,,Base year 1400,سال پایه ۱۴۰۰
inf_irs_c-t_p,Monthly inflation rate (point to point) - Statistical Center of Iran,Statistical Center of Iran,persian,1396-01,9.00,%,IR,Iran,,,Base year 1400,سال پایه ۱۴۰۰
inf_irs_c-t_p,Monthly inflation rate (point to point) - Statistical Center of Iran,Statistical Center of Iran,persian,1396-02,8.80,%,IR,Iran,,,Base year 1400,سال پایه ۱۴۰۰
inf_irs_c-t_p,Monthly inflation rate (point to point) - Statistical Center of Iran,Statistical Center of Iran,persian,1396-03,8.30,%,IR,Iran,,,Base year 1400,سال پایه ۱۴۰۰
inf_irs_c-t_p,Monthly inflation rate (point to point) - Statistical Center of Iran,Statistical Center of Iran,persian,1396-04,8.20,%,IR,Iran,,,Base year 1400,سال پایه ۱۴۰۰
inf_irs_c-t_p,Monthly inflation rate (point to point) - Statistical Center of Iran,Statistical Center of Iran,persian,1396-05,7.60,%,IR,Iran,,,Base year 1400,سال پایه ۱۴۰۰
inf_irs_c-t_p,Monthly inflation rate (point to point) - Statistical Center of Iran,Statistical Center of Iran,persian,1396-06,7.20,%,IR,Iran,,,Base year 1400,سال پایه ۱۴۰۰
inf_irs_c-t_p,Monthly inflation rate (point to point) - Statistical Center of Iran,Statistical Center of Iran,persian,1396-07,8.10,%,IR,Iran,,,Base year 1400,سال پایه ۱۴۰۰
inf_irs_c-t_p,Monthly inflation rate (point to point) - Statistical Center of Iran,Statistical Center of Iran,persian,1396-08,8.90,%,IR,Iran,,,Base year 1400,سال پایه ۱۴۰۰
inf_irs_c-t_p,Monthly inflation rate (point to point) - Statistical Center of Iran,Statistical Center of Iran,persian,1396-09,8.90,%,IR,Iran,,,Base year 1400,سال پایه ۱۴۰۰
inf_irs_c-t_p,Monthly inflation rate (point to point) - Statistical Center of Iran,Statistical Center of Iran,persian,1396-10,8.50,%,IR,Iran,,,Base year 1400,سال پایه ۱۴۰۰
inf_irs_c-t_p,Monthly inflation rate (point to point) - Statistical Center of Iran,Statistical Center of Iran,persian,1396-11,8.20,%,IR,Iran,,,Base year 1400,سال پایه ۱۴۰۰
inf_irs_c-t_p,Monthly inflation rate (point to point) - Statistical Center of Iran,Statistical Center of Iran,persian,1396-12,7.20,%,IR,Iran,,,Base year 1400,سال پایه ۱۴۰۰
inf_irs_c-t_p,Monthly inflation rate (point to point) - Statistical Center of Iran,Statistical Center of Iran,persian,1397-01,7.00,%,IR,Iran,,,Base year 1400,سال پایه ۱۴۰۰
inf_irs_c-t_p,Monthly inflation rate (point to point) - Statistical Center of Iran,Statistical Center of Iran,persian,1397-02,8.30,%,IR,Iran,,,Base year 1400,سال پایه ۱۴۰۰
inf_irs_c-t_p,Monthly inflation rate (point to point) - Statistical Center of Iran,Statistical Center of Iran,persian,1397-03,10.20,%,IR,Iran,,,Base year 1400,سال پایه ۱۴۰۰
inf_irs_c-t_p,Monthly inflation rate (point to point) - Statistical Center of Iran,Statistical Center of Iran,persian,1397-04,13.80,%,IR,Iran,,,Base year 1400,سال پایه ۱۴۰۰
inf_irs_c-t_p,Monthly inflation rate (point to point) - Statistical Center of Iran,Statistical Center of Iran,persian,1397-05,19.30,%,IR,Iran,,,Base year 1400,سال پایه ۱۴۰۰
inf_irs_c-t_p,Monthly inflation rate (point to point) - Statistical Center of Iran,Statistical Center of Iran,persian,1397-06,25.70,%,IR,Iran,,,Base year 1400,سال پایه ۱۴۰۰
inf_irs_c-t_p,Monthly inflation rate (point to point) - Statistical Center of Iran,Statistical Center of Iran,persian,1397-07,32.80,%,IR,Iran,,,Base year 1400,سال پایه ۱۴۰۰
inf_irs_c-t_p,Monthly inflation rate (point to point) - Statistical Center of Iran,Statistical Center of Iran,persian,1397-08,34.90,%,IR,Iran,,,Base year 1400,سال پایه ۱۴۰۰
inf_irs_c-t_p,Monthly inflation rate (point to point) - Statistical Center of Iran,Statistical Center of Iran,persian,1397-09,37.40,%,IR,Iran,,,Base year 1400,سال پایه ۱۴۰۰
inf_irs_c-t_p,Monthly inflation rate (point to point) - Statistical Center of Iran,Statistical Center of Iran,persian,1397-10,39.60,%,IR,Iran,,,Base year 1400,سال پایه ۱۴۰۰
inf_irs_c-t_p,Monthly inflation rate (point to point) - Statistical Center of Iran,Statistical Center of Iran,persian,1397-11,42.30,%,IR,Iran,,,Base year 1400,سال پایه ۱۴۰۰
inf_irs_c-t_p,Monthly inflation rate (point to point) - Statistical Center of Iran,Statistical Center of Iran,persian,1397-12,47.50,%,IR,Iran,,,Base year 1400,سال پایه ۱۴۰۰
inf_irs_c-t_p,Monthly inflation rate (point to point) - Statistical Center of Iran,Statistical Center of Iran,persian,1398-01,51.40,%,IR,Iran,,,Base year 1400,سال پایه ۱۴۰۰
inf_irs_c-t_p,Monthly inflation rate (point to point) - Statistical Center of Iran,Statistical Center of Iran,persian,1398-02,52.10,%,IR,Iran,,,Base year 1400,سال پایه ۱۴۰۰
inf_irs_c-t_p,Monthly inflation rate (point to point) - Statistical Center of Iran,Statistical Center of Iran,persian,1398-03,50.40,%,IR,Iran,,,Base year 1400,سال پایه ۱۴۰۰
inf_irs_c-t_p,Monthly inflation rate (point to point) - Statistical Center of Iran,Statistical Center of Iran,persian,1398-04,48.00,%,IR,Iran,,,Base year 1400,سال پایه ۱۴۰۰
inf_irs_c-t_p,Monthly inflation rate (point to point) - Statistical Center of Iran,Statistical Center of Iran,persian,1398-05,41.60,%,IR,Iran,,,Base year 1400,سال پایه ۱۴۰۰
inf_irs_c-t_p,Monthly inflation rate (point to point) - Statistical Center of Iran,Statistical Center of Iran,persian,1398-06,35.00,%,IR,Iran,,,Base year 1400,سال پایه ۱۴۰۰
inf_irs_c-t_p,Monthly inflation rate (point to point) - Statistical Center of Iran,Statistical Center of Iran,persian,1398-07,28.30,%,IR,Iran,,,Base year 1400,سال پایه ۱۴۰۰
inf_irs_c-t_p,Monthly inflation rate (point to point) - Statistical Center of Iran,Statistical Center of Iran,persian,1398-08,27.00,%,IR,Iran,,,Base year 1400,سال پایه ۱۴۰۰
inf_irs_c-t_p,Monthly inflation rate (point to point) - Statistical Center of Iran,Statistical Center of Iran,persian,1398-09,27.80,%,IR,Iran,,,Base year 1400,سال پایه ۱۴۰۰
inf_irs_c-t_p,Monthly inflation rate (point to point) - Statistical Center of Iran,Statistical Center of Iran,persian,1398-10,26.30,%,IR,Iran,,,Base year 1400,سال پایه ۱۴۰۰
inf_irs_c-t_p,Monthly inflation rate (point to point) - Statistical Center of Iran,Statistical Center of Iran,persian,1398-11,25.00,%,IR,Iran,,,Base year 1400,سال پایه ۱۴۰۰
inf_irs_c-t_p,Monthly inflation rate (point to point) - Statistical Center of Iran,Statistical Center of Iran,persian,1398-12,22.00,%,IR,Iran,,,Base year 1400,سال پایه ۱۴۰۰
inf_irs_c-t_p,Monthly inflation rate (point to point) - Statistical Center of Iran,Statistical Center of Iran,persian,1399-01,19.80,%,IR,Iran,,,Base year 1400,سال پایه ۱۴۰۰
inf_irs_c-t_p,Monthly inflation rate (point to point) - Statistical Center of Iran,Statistical Center of Iran,persian,1399-02,21.00,%,IR,Iran,,,Base year 1400,سال پایه ۱۴۰۰
inf_irs_c-t_p,Monthly inflation rate (point to point) - Statistical Center of Iran,Statistical Center of Iran,persian,1399-03,22.50,%,IR,Iran,,,Base year 1400,سال پایه ۱۴۰۰
inf_irs_c-t_p,Monthly inflation rate (point to point) - Statistical Center of Iran,Statistical Center of Iran,persian,1399-04,26.90,%,IR,Iran,,,Base year 1400,سال پایه ۱۴۰۰
inf_irs_c-t_p,Monthly inflation rate (point to point) - Statistical Center of Iran,Statistical Center of Iran,persian,1399-05,30.40,%,IR,Iran,,,Base year 1400,سال پایه ۱۴۰۰
inf_irs_c-t_p,Monthly inflation rate (point to point) - Statistical Center of Iran,Statistical Center of Iran,persian,1399-06,34.40,%,IR,Iran,,,Base year 1400,سال پایه ۱۴۰۰
inf_irs_c-t_p,Monthly inflation rate (point to point) - Statistical Center of Iran,Statistical Center of Iran,persian,1399-07,41.40,%,IR,Iran,,,Base year 1400,سال پایه ۱۴۰۰
inf_irs_c-t_p,Monthly inflation rate (point to point) - Statistical Center of Iran,Statistical Center of Iran,persian,1399-08,46.40,%,IR,Iran,,,Base year 1400,سال پایه ۱۴۰۰
inf_irs_c-t_p,Monthly inflation rate (point to point) - Statistical Center of Iran,Statistical Center of Iran,persian,1399-09,44.80,%,IR,Iran,,,Base year 1400,سال پایه ۱۴۰۰
inf_irs_c-t_p,Monthly inflation rate (point to point) - Statistical Center of Iran,Statistical Center of Iran,persian,1399-10,46.20,%,IR,Iran,,,Base year 1400,سال پایه ۱۴۰۰
inf_irs_c-t_p,Monthly inflation rate (point to point) - Statistical Center of Iran,Statistical Center of Iran,persian,1399-11,48.20,%,IR,Iran,,,Base year 1400,سال پایه ۱۴۰۰
inf_irs_c-t_p,Monthly inflation rate (point to point) - Statistical Center of Iran,Statistical Center of Iran,persian,1399-12,48.70,%,IR,Iran,,,Base year 1400,سال پایه ۱۴۰۰
inf_irs_c-t_p,Monthly inflation rate (point to point) - Statistical Center of Iran,Statistical Center of Iran,persian,1400-01,51.10,%,IR,Iran,,,Base year 1400,سال پایه ۱۴۰۰
inf_irs_c-t_p,Monthly inflation rate (point to point) - Statistical Center of Iran,Statistical Center of Iran,persian,1400-02,48.70,%,IR,Iran,,,Base year 1400,سال پایه ۱۴۰۰
inf_irs_c-t_p,Monthly inflation rate (point to point) - Statistical Center of Iran,Statistical Center of Iran,persian,1400-03,48.80,%,IR,Iran,,,Base year 1400,سال پایه ۱۴۰۰
inf_irs_c-t_p,Monthly inflation rate (point to point) - Statistical Center of Iran,Statistical Center of Iran,persian,1400-04,44.30,%,IR,Iran,,,Base year 1400,سال پایه ۱۴۰۰
inf_irs_c-t_p,Monthly inflation rate (point to point) - Statistical Center of Iran,Statistical Center of Iran,persian,1400-05,43.70,%,IR,Iran,,,Base year 1400,سال پایه ۱۴۰۰
inf_irs_c-t_p,Monthly inflation rate (point to point) - Statistical Center of Iran,Statistical Center of Iran,persian,1400-06,43.90,%,IR,Iran,,,Base year 1400,سال پایه ۱۴۰۰
inf_irs_c-t_p,Monthly inflation rate (point to point) - Statistical Center of Iran,Statistical Center of Iran,persian,1400-07,38.70,%,IR,Iran,,,Base year 1400,سال پایه ۱۴۰۰
inf_irs_c-t_p,Monthly inflation rate (point to point) - Statistical Center of Iran,Statistical Center of Iran,persian,1400-08,34.60,%,IR,Iran,,,Base year 1400,سال پایه ۱۴۰۰
inf_irs_c-t_p,Monthly inflation rate (point to point) - Statistical Center of Iran,Statistical Center of Iran,persian,1400-09,34.20,%,IR,Iran,,,Base year 1400,سال پایه ۱۴۰۰
inf_irs_c-t_p,Monthly inflation rate (point to point) - Statistical Center of Iran,Statistical Center of Iran,persian,1400-10,35.20,%,IR,Iran,,,Base year 1400,سال پایه ۱۴۰۰
inf_irs_c-t_p,Monthly inflation rate (point to point) - Statistical Center of Iran,Statistical Center of Iran,persian,1400-11,34.60,%,IR,Iran,,,Base year 1400,سال پایه ۱۴۰۰
inf_irs_c-t_p,Monthly inflation rate (point to point) - Statistical Center of Iran,Statistical Center of Iran,persian,1400-12,34.30,%,IR,Iran,,,Base year 1400,سال پایه ۱۴۰۰
inf_irs_c-t_p,Monthly inflation rate (point to point) - Statistical Center of Iran,Statistical Center of Iran,persian,1401-01,32.90,%,IR,Iran,,,Base year 1400,سال پایه ۱۴۰۰
inf_irs_c-t_p,Monthly inflation rate (point to point) - Statistical Center of Iran,Statistical Center of Iran,persian,1401-02,36.10,%,IR,Iran,,,Base year 1400,سال پایه ۱۴۰۰
inf_irs_c-t_p,Monthly inflation rate (point to point) - Statistical Center of Iran,Statistical Center of Iran,persian,1401-03,47.50,%,IR,Iran,,,Base year 1400,سال پایه ۱۴۰۰
inf_irs_c-t_p,Monthly inflation rate (point to point) - Statistical Center of Iran,Statistical Center of Iran,persian,1401-04,49.10,%,IR,Iran,,,Base year 1400,سال پایه ۱۴۰۰
inf_irs_c-t_p,Monthly inflation rate (point to point) - Statistical Center of Iran,Statistical Center of Iran,persian,1401-05,47.80,%,IR,Iran,,,Base year 1400,سال پایه ۱۴۰۰
inf_irs_c-t_p,Monthly inflation rate (point to point) - Statistical Center of Iran,Statistical Center of Iran,persian,1401-06,45.70,%,IR,Iran,,,Base year 1400,سال پایه ۱۴۰۰
inf_irs_c-t_p,Monthly inflation rate (point to point) - Statistical Center of Iran,Statistical Center of Iran,persian,1401-07,44.80,%,IR,Iran,,,Base year 1400,سال پایه ۱۴۰۰
inf_irs_c-t_p,Monthly inflation rate (point to point) - Statistical Center of Iran,Statistical Center of Iran,persian,1401-08,44.90,%,IR,Iran,,,Base year 1400,سال پایه ۱۴۰۰
inf_irs_c-t_p,Monthly inflation rate (point to point) - Statistical Center of Iran,Statistical Center of Iran,persian,1401-09,45.60,%,IR,Iran,,,Base year 1400,سال پایه ۱۴۰۰
inf_irs_c-t_p,Monthly inflation rate (point to point) - Statistical Center of Iran,Statistical Center of Iran,persian,1401-10,47.40,%,IR,Iran,,,Base year 1400,سال پایه ۱۴۰۰
inf_irs_c-t_p,Monthly inflation rate (point to point) - Statistical Center of Iran,Statistical Center of Iran,persian,1401-11,49.40,%,IR,Iran,,,Base year 1400,سال پایه ۱۴۰۰
inf_irs_c-t_p,Monthly inflation rate (point to point) - Statistical Center of Iran,Statistical Center of Iran,persian,1401-12,54.00,%,IR,Iran,,,Base year 1400,سال پایه ۱۴۰۰
inf_irs_c-t_p,Monthly inflation rate (point to point) - Statistical Center of Iran,Statistical Center of Iran,persian,1402-01,55.50,%,IR,Iran,,,Base year 1400,سال پایه ۱۴۰۰
inf_irs_c-t_p,Monthly inflation rate (point to point) - Statistical Center of Iran,Statistical Center of Iran,persian,1402-02,54.60,%,IR,Iran,,,Base year 1400,سال پایه ۱۴۰۰
inf_irs_c-t_p,Monthly inflation rate (point to point) - Statistical Center of Iran,Statistical Center of Iran,persian,1402-03,42.60,%,IR,Iran,,,Base year 1400,سال پایه ۱۴۰۰
inf_irs_c-t_p,Monthly inflation rate (point to point) - Statistical Center of Iran,Statistical Center of Iran,persian,1402-04,39.40,%,IR,Iran,,,Base year 1400,سال پایه ۱۴۰۰
inf_irs_c-t_p,Monthly inflation rate (point to point) - Statistical Center of Iran,Statistical Center of Iran,persian,1402-05,39.80,%,IR,Iran,,,Base year 1400,سال پایه ۱۴۰۰
inf_irs_c-t_p,Monthly inflation rate (point to point) - Statistical Center of Iran,Statistical Center of Iran,persian,1402-06,39.50,%,IR,Iran,,,Base year 1400,سال پایه ۱۴۰۰
inf_irs_c-t_p,Monthly inflation rate (point to point) - Statistical Center of Iran,Statistical Center of Iran,persian,1402-07,39.20,%,IR,Iran,,,Base year 1400,سال پایه ۱۴۰۰
inf_irs_c-t_p,Monthly inflation rate (point to point) - Statistical Center of Iran,Statistical Center of Iran,persian,1402-08,39.20,%,IR,Iran,,,Base year 1400,سال پایه ۱۴۰۰
inf_irs_c-t_p,Monthly inflation rate (point to point) - Statistical Center of Iran,Statistical Center of Iran,persian,1402-09,40.20,%,IR,Iran,,,Base year 1400,سال پایه ۱۴۰۰
inf_irs_c-t_p,Monthly inflation rate (point to point) - Statistical Center of Iran,Statistical Center of Iran,persian,1402-10,38.50,%,IR,Iran,,,Base year 1400,سال پایه ۱۴۰۰
inf_irs_c-t_p,Monthly inflation rate (point to point) - Statistical Center of Iran,Statistical Center of Iran,persian,1402-11,35.80,%,IR,Iran,,,Base year 1400,سال پایه ۱۴۰۰
inf_irs_c-t_p,Monthly inflation rate (point to point) - Statistical Center of Iran,Statistical Center of Iran,persian,1402-12,32.30,%,IR,Iran,,,Base year 1400,سال پایه ۱۴۰۰
inf_irs_c-t_p,Monthly inflation rate (point to point) - Statistical Center of Iran,Statistical Center of Iran,persian,1403-01,30.90,%,IR,Iran,,,Base year 1400,سال پایه ۱۴۰۰
inf_irs_c-t_p,Monthly inflation rate (point to point) - Statistical Center of Iran,Statistical Center of Iran,persian,1403-02,31.00,%,IR,Iran,,,Base year 1400,سال پایه ۱۴۰۰
inf_irs_c-t_p,Monthly inflation rate (point to point) - Statistical Center of Iran,Statistical Center of Iran,persian,1403-03,31.90,%,IR,Iran,,,Base year 1400,سال پایه ۱۴۰۰
inf_irs_c-t_p,Monthly inflation rate (point to point) - Statistical Center of Iran,Statistical Center of Iran,persian,1403-04,32.20,%,IR,Iran,,,Base year 1400,سال پایه ۱۴۰۰
inf_irs_c-t_p,Monthly inflation rate (point to point) - Statistical Center of Iran,Statistical Center of Iran,persian,1403-05,31.60,%,IR,Iran,,,Base year 1400,سال پایه ۱۴۰۰
inf_irs_c-t_p,Monthly inflation rate (point to point) - Statistical Center of Iran,Statistical Center of Iran,persian,1403-06,31.20,%,IR,Iran,,,Base year 1400,سال پایه ۱۴۰۰
inf_irs_c-t_p,Monthly inflation rate (point to point) - Statistical Center of Iran,Statistical Center of Iran,persian,1403-07,31.60,%,IR,Iran,,,Base year 1400,سال پایه ۱۴۰۰
inf_irs_c-t_p,Monthly inflation rate (point to point) - Statistical Center of Iran,Statistical Center of Iran,persian,1403-08,32.50,%,IR,Iran,,,Base year 1400,سال پایه ۱۴۰۰
inf_irs_c-t_p,Monthly inflation rate (point to point) - Statistical Center of Iran,Statistical Center of Iran,persian,1403-09,31.40,%,IR,Iran,,,Base year 1400,سال پایه ۱۴۰۰
inf_irs_c-t_p,Monthly inflation rate (point to point) - Statistical Center of Iran,Statistical Center of Iran,persian,1403-10,31.80,%,IR,Iran,,,Base year 1400,سال پایه ۱۴۰۰
inf_irs_c-t_p,Monthly inflation rate (point to point) - Statistical Center of Iran,Statistical Center of Iran,persian,1403-11,35.30,%,IR,Iran,,,Base year 1400,سال پایه ۱۴۰۰
inf_irs_c-t_p,Monthly inflation rate (point to point) - Statistical Center of Iran,Statistical Center of Iran,persian,1403-12,37.10,%,IR,Iran,,,Base year 1400,سال پایه ۱۴۰۰
inf_irs_c-t_p,Monthly inflation rate (point to point) - Statistical Center of Iran,Statistical Center of Iran,persian,1404-01,38.90,%,IR,Iran,,,Base year 1400,سال پایه ۱۴۰۰
inf_irs_c-t_p,Monthly inflation rate (point to point) - Statistical Center of Iran,Statistical Center of Iran,persian,1404-02,38.70,%,IR,Iran,,,Base year 1400,سال پایه ۱۴۰۰
inf_irs_c-t_p,Monthly inflation rate (point to point) - Statistical Center of Iran,Statistical Center of Iran,persian,1404-03,39.40,%,IR,Iran,,,Base year 1400,سال پایه ۱۴۰۰
inf_irs_c-t_p,Monthly inflation rate (point to point) - Statistical Center of Iran,Statistical Center of Iran,persian,1404-04,41.20,%,IR,Iran,,,Base year 1400,سال پایه ۱۴۰۰
inf_irs_c-t_p,Monthly inflation rate (point to point) - Statistical Center of Iran,Statistical Center of Iran,persian,1404-05,42.40,%,IR,Iran,,,Base year 1400,سال پایه ۱۴۰۰
inf_irs_c-t_p,Monthly inflation rate (point to point) - Statistical Center of Iran,Statistical Center of Iran,persian,1404-06,45.30,%,IR,Iran,,,Base year 1400,سال پایه ۱۴۰۰
inf_irs_c-t_p,Monthly inflation rate (point to point) - Statistical Center of Iran,Statistical Center of Iran,persian,1404-07,48.60,%,IR,Iran,,,Base year 1400,سال پایه ۱۴۰۰
inf_irs_c-t_p,Monthly inflation rate (point to point) - Statistical Center of Iran,Statistical Center of Iran,persian,1404-08,49.40,%,IR,Iran,,,Base year 1400,سال پایه ۱۴۰۰
inf_irs_c-t_p,Monthly inflation rate (point to point) - Statistical Center of Iran,Statistical Center of Iran,persian,1404-09,52.60,%,IR,Iran,,,Base year 1400,سال پایه ۱۴۰۰
inf_irs_c-t_p,Monthly inflation rate (point to point) - Statistical Center of Iran,Statistical Center of Iran,persian,1404-10,60.00,%,IR,Iran,,,Base year 1400,سال پایه ۱۴۰۰
inf_irs_c-t_p,Monthly inflation rate (point to point) - Statistical Center of Iran,Statistical Center of Iran,persian,1404-11,68.10,%,IR,Iran,,,Base year 1400,سال پایه ۱۴۰۰
inf_irs_c-t_p,Monthly inflation rate (point to point) - Statistical Center of Iran,Statistical Center of Iran,persian,1404-12,71.80,%,IR,Iran,,,Base year 1400,سال پایه ۱۴۰۰
inf_irs_c-t_p,Monthly inflation rate (point to point) - Statistical Center of Iran,Statistical Center of Iran,persian,1405-01,73.50,%,IR,Iran,,,Base year 1400,سال پایه ۱۴۰۰
inf_irs_c-f_p,Monthly inflation rate food (point to point) - Statistical Center of Iran,Statistical Center of Iran,persian,1391-01,36.30,%,IR,Iran,,,Base year 1400,سال پایه ۱۴۰۰
inf_irs_c-f_p,Monthly inflation rate food (point to point) - Statistical Center of Iran,Statistical Center of Iran,persian,1391-02,35.00,%,IR,Iran,,,Base year 1400,سال پایه ۱۴۰۰
inf_irs_c-f_p,Monthly inflation rate food (point to point) - Statistical Center of Iran,Statistical Center of Iran,persian,1391-03,33.00,%,IR,Iran,,,Base year 1400,سال پایه ۱۴۰۰
inf_irs_c-f_p,Monthly inflation rate food (point to point) - Statistical Center of Iran,Statistical Center of Iran,persian,1391-04,41.80,%,IR,Iran,,,Base year 1400,سال پایه ۱۴۰۰
inf_irs_c-f_p,Monthly inflation rate food (point to point) - Statistical Center of Iran,Statistical Center of Iran,persian,1391-05,43.20,%,IR,Iran,,,Base year 1400,سال پایه ۱۴۰۰
inf_irs_c-f_p,Monthly inflation rate food (point to point) - Statistical Center of Iran,Statistical Center of Iran,persian,1391-06,42.70,%,IR,Iran,,,Base year 1400,سال پایه ۱۴۰۰
inf_irs_c-f_p,Monthly inflation rate food (point to point) - Statistical Center of Iran,Statistical Center of Iran,persian,1391-07,47.00,%,IR,Iran,,,Base year 1400,سال پایه ۱۴۰۰
inf_irs_c-f_p,Monthly inflation rate food (point to point) - Statistical Center of Iran,Statistical Center of Iran,persian,1391-08,52.10,%,IR,Iran,,,Base year 1400,سال پایه ۱۴۰۰
inf_irs_c-f_p,Monthly inflation rate food (point to point) - Statistical Center of Iran,Statistical Center of Iran,persian,1391-09,50.80,%,IR,Iran,,,Base year 1400,سال پایه ۱۴۰۰
inf_irs_c-f_p,Monthly inflation rate food (point to point) - Statistical Center of Iran,Statistical Center of Iran,persian,1391-10,50.30,%,IR,Iran,,,Base year 1400,سال پایه ۱۴۰۰
inf_irs_c-f_p,Monthly inflation rate food (point to point) - Statistical Center of Iran,Statistical Center of Iran,persian,1391-11,53.30,%,IR,Iran,,,Base year 1400,سال پایه ۱۴۰۰
inf_irs_c-f_p,Monthly inflation rate food (point to point) - Statistical Center of Iran,Statistical Center of Iran,persian,1391-12,54.90,%,IR,Iran,,,Base year 1400,سال پایه ۱۴۰۰
inf_irs_c-f_p,Monthly inflation rate food (point to point) - Statistical Center of Iran,Statistical Center of Iran,persian,1392-01,60.10,%,IR,Iran,,,Base year 1400,سال پایه ۱۴۰۰
inf_irs_c-f_p,Monthly inflation rate food (point to point) - Statistical Center of Iran,Statistical Center of Iran,persian,1392-02,56.50,%,IR,Iran,,,Base year 1400,سال پایه ۱۴۰۰
inf_irs_c-f_p,Monthly inflation rate food (point to point) - Statistical Center of Iran,Statistical Center of Iran,persian,1392-03,60.70,%,IR,Iran,,,Base year 1400,سال پایه ۱۴۰۰
inf_irs_c-f_p,Monthly inflation rate food (point to point) - Statistical Center of Iran,Statistical Center of Iran,persian,1392-04,53.00,%,IR,Iran,,,Base year 1400,سال پایه ۱۴۰۰
inf_irs_c-f_p,Monthly inflation rate food (point to point) - Statistical Center of Iran,Statistical Center of Iran,persian,1392-05,52.00,%,IR,Iran,,,Base year 1400,سال پایه ۱۴۰۰
inf_irs_c-f_p,Monthly inflation rate food (point to point) - Statistical Center of Iran,Statistical Center of Iran,persian,1392-06,51.30,%,IR,Iran,,,Base year 1400,سال پایه ۱۴۰۰
inf_irs_c-f_p,Monthly inflation rate food (point to point) - Statistical Center of Iran,Statistical Center of Iran,persian,1392-07,46.20,%,IR,Iran,,,Base year 1400,سال پایه ۱۴۰۰
inf_irs_c-f_p,Monthly inflation rate food (point to point) - Statistical Center of Iran,Statistical Center of Iran,persian,1392-08,40.40,%,IR,Iran,,,Base year 1400,سال پایه ۱۴۰۰
inf_irs_c-f_p,Monthly inflation rate food (point to point) - Statistical Center of Iran,Statistical Center of Iran,persian,1392-09,37.80,%,IR,Iran,,,Base year 1400,سال پایه ۱۴۰۰
inf_irs_c-f_p,Monthly inflation rate food (point to point) - Statistical Center of Iran,Statistical Center of Iran,persian,1392-10,37.70,%,IR,Iran,,,Base year 1400,سال پایه ۱۴۰۰
inf_irs_c-f_p,Monthly inflation rate food (point to point) - Statistical Center of Iran,Statistical Center of Iran,persian,1392-11,28.10,%,IR,Iran,,,Base year 1400,سال پایه ۱۴۰۰
inf_irs_c-f_p,Monthly inflation rate food (point to point) - Statistical Center of Iran,Statistical Center of Iran,persian,1392-12,21.70,%,IR,Iran,,,Base year 1400,سال پایه ۱۴۰۰
inf_irs_c-f_p,Monthly inflation rate food (point to point) - Statistical Center of Iran,Statistical Center of Iran,persian,1393-01,15.80,%,IR,Iran,,,Base year 1400,سال پایه ۱۴۰۰
inf_irs_c-f_p,Monthly inflation rate food (point to point) - Statistical Center of Iran,Statistical Center of Iran,persian,1393-02,10.70,%,IR,Iran,,,Base year 1400,سال پایه ۱۴۰۰
inf_irs_c-f_p,Monthly inflation rate food (point to point) - Statistical Center of Iran,Statistical Center of Iran,persian,1393-03,7.20,%,IR,Iran,,,Base year 1400,سال پایه ۱۴۰۰
inf_irs_c-f_p,Monthly inflation rate food (point to point) - Statistical Center of Iran,Statistical Center of Iran,persian,1393-04,7.80,%,IR,Iran,,,Base year 1400,سال پایه ۱۴۰۰
inf_irs_c-f_p,Monthly inflation rate food (point to point) - Statistical Center of Iran,Statistical Center of Iran,persian,1393-05,8.20,%,IR,Iran,,,Base year 1400,سال پایه ۱۴۰۰
inf_irs_c-f_p,Monthly inflation rate food (point to point) - Statistical Center of Iran,Statistical Center of Iran,persian,1393-06,8.50,%,IR,Iran,,,Base year 1400,سال پایه ۱۴۰۰
inf_irs_c-f_p,Monthly inflation rate food (point to point) - Statistical Center of Iran,Statistical Center of Iran,persian,1393-07,7.40,%,IR,Iran,,,Base year 1400,سال پایه ۱۴۰۰
inf_irs_c-f_p,Monthly inflation rate food (point to point) - Statistical Center of Iran,Statistical Center of Iran,persian,1393-08,7.30,%,IR,Iran,,,Base year 1400,سال پایه ۱۴۰۰
inf_irs_c-f_p,Monthly inflation rate food (point to point) - Statistical Center of Iran,Statistical Center of Iran,persian,1393-09,12.30,%,IR,Iran,,,Base year 1400,سال پایه ۱۴۰۰
inf_irs_c-f_p,Monthly inflation rate food (point to point) - Statistical Center of Iran,Statistical Center of Iran,persian,1393-10,9.90,%,IR,Iran,,,Base year 1400,سال پایه ۱۴۰۰
inf_irs_c-f_p,Monthly inflation rate food (point to point) - Statistical Center of Iran,Statistical Center of Iran,persian,1393-11,9.80,%,IR,Iran,,,Base year 1400,سال پایه ۱۴۰۰
inf_irs_c-f_p,Monthly inflation rate food (point to point) - Statistical Center of Iran,Statistical Center of Iran,persian,1393-12,9.40,%,IR,Iran,,,Base year 1400,سال پایه ۱۴۰۰
inf_irs_c-f_p,Monthly inflation rate food (point to point) - Statistical Center of Iran,Statistical Center of Iran,persian,1394-01,9.90,%,IR,Iran,,,Base year 1400,سال پایه ۱۴۰۰
inf_irs_c-f_p,Monthly inflation rate food (point to point) - Statistical Center of Iran,Statistical Center of Iran,persian,1394-02,14.50,%,IR,Iran,,,Base year 1400,سال پایه ۱۴۰۰
inf_irs_c-f_p,Monthly inflation rate food (point to point) - Statistical Center of Iran,Statistical Center of Iran,persian,1394-03,15.50,%,IR,Iran,,,Base year 1400,سال پایه ۱۴۰۰
inf_irs_c-f_p,Monthly inflation rate food (point to point) - Statistical Center of Iran,Statistical Center of Iran,persian,1394-04,13.20,%,IR,Iran,,,Base year 1400,سال پایه ۱۴۰۰
inf_irs_c-f_p,Monthly inflation rate food (point to point) - Statistical Center of Iran,Statistical Center of Iran,persian,1394-05,10.90,%,IR,Iran,,,Base year 1400,سال پایه ۱۴۰۰
inf_irs_c-f_p,Monthly inflation rate food (point to point) - Statistical Center of Iran,Statistical Center of Iran,persian,1394-06,9.70,%,IR,Iran,,,Base year 1400,سال پایه ۱۴۰۰
inf_irs_c-f_p,Monthly inflation rate food (point to point) - Statistical Center of Iran,Statistical Center of Iran,persian,1394-07,8.50,%,IR,Iran,,,Base year 1400,سال پایه ۱۴۰۰
inf_irs_c-f_p,Monthly inflation rate food (point to point) - Statistical Center of Iran,Statistical Center of Iran,persian,1394-08,7.60,%,IR,Iran,,,Base year 1400,سال پایه ۱۴۰۰
inf_irs_c-f_p,Monthly inflation rate food (point to point) - Statistical Center of Iran,Statistical Center of Iran,persian,1394-09,6.00,%,IR,Iran,,,Base year 1400,سال پایه ۱۴۰۰
inf_irs_c-f_p,Monthly inflation rate food (point to point) - Statistical Center of Iran,Statistical Center of Iran,persian,1394-10,7.40,%,IR,Iran,,,Base year 1400,سال پایه ۱۴۰۰
inf_irs_c-f_p,Monthly inflation rate food (point to point) - Statistical Center of Iran,Statistical Center of Iran,persian,1394-11,7.40,%,IR,Iran,,,Base year 1400,سال پایه ۱۴۰۰
inf_irs_c-f_p,Monthly inflation rate food (point to point) - Statistical Center of Iran,Statistical Center of Iran,persian,1394-12,6.90,%,IR,Iran,,,Base year 1400,سال پایه ۱۴۰۰
inf_irs_c-f_p,Monthly inflation rate food (point to point) - Statistical Center of Iran,Statistical Center of Iran,persian,1395-01,4.60,%,IR,Iran,,,Base year 1400,سال پایه ۱۴۰۰
inf_irs_c-f_p,Monthly inflation rate food (point to point) - Statistical Center of Iran,Statistical Center of Iran,persian,1395-02,4.10,%,IR,Iran,,,Base year 1400,سال پایه ۱۴۰۰
inf_irs_c-f_p,Monthly inflation rate food (point to point) - Statistical Center of Iran,Statistical Center of Iran,persian,1395-03,5.20,%,IR,Iran,,,Base year 1400,سال پایه ۱۴۰۰
inf_irs_c-f_p,Monthly inflation rate food (point to point) - Statistical Center of Iran,Statistical Center of Iran,persian,1395-04,5.40,%,IR,Iran,,,Base year 1400,سال پایه ۱۴۰۰
inf_irs_c-f_p,Monthly inflation rate food (point to point) - Statistical Center of Iran,Statistical Center of Iran,persian,1395-05,7.30,%,IR,Iran,,,Base year 1400,سال پایه ۱۴۰۰
inf_irs_c-f_p,Monthly inflation rate food (point to point) - Statistical Center of Iran,Statistical Center of Iran,persian,1395-06,7.90,%,IR,Iran,,,Base year 1400,سال پایه ۱۴۰۰
inf_irs_c-f_p,Monthly inflation rate food (point to point) - Statistical Center of Iran,Statistical Center of Iran,persian,1395-07,8.00,%,IR,Iran,,,Base year 1400,سال پایه ۱۴۰۰
inf_irs_c-f_p,Monthly inflation rate food (point to point) - Statistical Center of Iran,Statistical Center of Iran,persian,1395-08,8.30,%,IR,Iran,,,Base year 1400,سال پایه ۱۴۰۰
inf_irs_c-f_p,Monthly inflation rate food (point to point) - Statistical Center of Iran,Statistical Center of Iran,persian,1395-09,7.10,%,IR,Iran,,,Base year 1400,سال پایه ۱۴۰۰
inf_irs_c-f_p,Monthly inflation rate food (point to point) - Statistical Center of Iran,Statistical Center of Iran,persian,1395-10,7.50,%,IR,Iran,,,Base year 1400,سال پایه ۱۴۰۰
inf_irs_c-f_p,Monthly inflation rate food (point to point) - Statistical Center of Iran,Statistical Center of Iran,persian,1395-11,9.70,%,IR,Iran,,,Base year 1400,سال پایه ۱۴۰۰
inf_irs_c-f_p,Monthly inflation rate food (point to point) - Statistical Center of Iran,Statistical Center of Iran,persian,1395-12,14.20,%,IR,Iran,,,Base year 1400,سال پایه ۱۴۰۰
inf_irs_c-f_p,Monthly inflation rate food (point to point) - Statistical Center of Iran,Statistical Center of Iran,persian,1396-01,17.40,%,IR,Iran,,,Base year 1400,سال پایه ۱۴۰۰
inf_irs_c-f_p,Monthly inflation rate food (point to point) - Statistical Center of Iran,Statistical Center of Iran,persian,1396-02,16.20,%,IR,Iran,,,Base year 1400,سال پایه ۱۴۰۰
inf_irs_c-f_p,Monthly inflation rate food (point to point) - Statistical Center of Iran,Statistical Center of Iran,persian,1396-03,14.10,%,IR,Iran,,,Base year 1400,سال پایه ۱۴۰۰
inf_irs_c-f_p,Monthly inflation rate food (point to point) - Statistical Center of Iran,Statistical Center of Iran,persian,1396-04,13.30,%,IR,Iran,,,Base year 1400,سال پایه ۱۴۰۰
inf_irs_c-f_p,Monthly inflation rate food (point to point) - Statistical Center of Iran,Statistical Center of Iran,persian,1396-05,11.30,%,IR,Iran,,,Base year 1400,سال پایه ۱۴۰۰
inf_irs_c-f_p,Monthly inflation rate food (point to point) - Statistical Center of Iran,Statistical Center of Iran,persian,1396-06,9.50,%,IR,Iran,,,Base year 1400,سال پایه ۱۴۰۰
inf_irs_c-f_p,Monthly inflation rate food (point to point) - Statistical Center of Iran,Statistical Center of Iran,persian,1396-07,10.50,%,IR,Iran,,,Base year 1400,سال پایه ۱۴۰۰
inf_irs_c-f_p,Monthly inflation rate food (point to point) - Statistical Center of Iran,Statistical Center of Iran,persian,1396-08,12.60,%,IR,Iran,,,Base year 1400,سال پایه ۱۴۰۰
inf_irs_c-f_p,Monthly inflation rate food (point to point) - Statistical Center of Iran,Statistical Center of Iran,persian,1396-09,13.00,%,IR,Iran,,,Base year 1400,سال پایه ۱۴۰۰
inf_irs_c-f_p,Monthly inflation rate food (point to point) - Statistical Center of Iran,Statistical Center of Iran,persian,1396-10,11.90,%,IR,Iran,,,Base year 1400,سال پایه ۱۴۰۰
inf_irs_c-f_p,Monthly inflation rate food (point to point) - Statistical Center of Iran,Statistical Center of Iran,persian,1396-11,10.70,%,IR,Iran,,,Base year 1400,سال پایه ۱۴۰۰
inf_irs_c-f_p,Monthly inflation rate food (point to point) - Statistical Center of Iran,Statistical Center of Iran,persian,1396-12,6.50,%,IR,Iran,,,Base year 1400,سال پایه ۱۴۰۰
inf_irs_c-f_p,Monthly inflation rate food (point to point) - Statistical Center of Iran,Statistical Center of Iran,persian,1397-01,6.10,%,IR,Iran,,,Base year 1400,سال پایه ۱۴۰۰
inf_irs_c-f_p,Monthly inflation rate food (point to point) - Statistical Center of Iran,Statistical Center of Iran,persian,1397-02,8.20,%,IR,Iran,,,Base year 1400,سال پایه ۱۴۰۰
inf_irs_c-f_p,Monthly inflation rate food (point to point) - Statistical Center of Iran,Statistical Center of Iran,persian,1397-03,13.00,%,IR,Iran,,,Base year 1400,سال پایه ۱۴۰۰
inf_irs_c-f_p,Monthly inflation rate food (point to point) - Statistical Center of Iran,Statistical Center of Iran,persian,1397-04,16.00,%,IR,Iran,,,Base year 1400,سال پایه ۱۴۰۰
inf_irs_c-f_p,Monthly inflation rate food (point to point) - Statistical Center of Iran,Statistical Center of Iran,persian,1397-05,26.30,%,IR,Iran,,,Base year 1400,سال پایه ۱۴۰۰
inf_irs_c-f_p,Monthly inflation rate food (point to point) - Statistical Center of Iran,Statistical Center of Iran,persian,1397-06,36.10,%,IR,Iran,,,Base year 1400,سال پایه ۱۴۰۰
inf_irs_c-f_p,Monthly inflation rate food (point to point) - Statistical Center of Iran,Statistical Center of Iran,persian,1397-07,47.50,%,IR,Iran,,,Base year 1400,سال پایه ۱۴۰۰
inf_irs_c-f_p,Monthly inflation rate food (point to point) - Statistical Center of Iran,Statistical Center of Iran,persian,1397-08,50.30,%,IR,Iran,,,Base year 1400,سال پایه ۱۴۰۰
inf_irs_c-f_p,Monthly inflation rate food (point to point) - Statistical Center of Iran,Statistical Center of Iran,persian,1397-09,53.90,%,IR,Iran,,,Base year 1400,سال پایه ۱۴۰۰
inf_irs_c-f_p,Monthly inflation rate food (point to point) - Statistical Center of Iran,Statistical Center of Iran,persian,1397-10,57.80,%,IR,Iran,,,Base year 1400,سال پایه ۱۴۰۰
inf_irs_c-f_p,Monthly inflation rate food (point to point) - Statistical Center of Iran,Statistical Center of Iran,persian,1397-11,64.30,%,IR,Iran,,,Base year 1400,سال پایه ۱۴۰۰
inf_irs_c-f_p,Monthly inflation rate food (point to point) - Statistical Center of Iran,Statistical Center of Iran,persian,1397-12,74.40,%,IR,Iran,,,Base year 1400,سال پایه ۱۴۰۰
inf_irs_c-f_p,Monthly inflation rate food (point to point) - Statistical Center of Iran,Statistical Center of Iran,persian,1398-01,85.30,%,IR,Iran,,,Base year 1400,سال پایه ۱۴۰۰
inf_irs_c-f_p,Monthly inflation rate food (point to point) - Statistical Center of Iran,Statistical Center of Iran,persian,1398-02,82.60,%,IR,Iran,,,Base year 1400,سال پایه ۱۴۰۰
inf_irs_c-f_p,Monthly inflation rate food (point to point) - Statistical Center of Iran,Statistical Center of Iran,persian,1398-03,75.00,%,IR,Iran,,,Base year 1400,سال پایه ۱۴۰۰
inf_irs_c-f_p,Monthly inflation rate food (point to point) - Statistical Center of Iran,Statistical Center of Iran,persian,1398-04,71.80,%,IR,Iran,,,Base year 1400,سال پایه ۱۴۰۰
inf_irs_c-f_p,Monthly inflation rate food (point to point) - Statistical Center of Iran,Statistical Center of Iran,persian,1398-05,56.60,%,IR,Iran,,,Base year 1400,سال پایه ۱۴۰۰
inf_irs_c-f_p,Monthly inflation rate food (point to point) - Statistical Center of Iran,Statistical Center of Iran,persian,1398-06,45.20,%,IR,Iran,,,Base year 1400,سال پایه ۱۴۰۰
inf_irs_c-f_p,Monthly inflation rate food (point to point) - Statistical Center of Iran,Statistical Center of Iran,persian,1398-07,32.30,%,IR,Iran,,,Base year 1400,سال پایه ۱۴۰۰
inf_irs_c-f_p,Monthly inflation rate food (point to point) - Statistical Center of Iran,Statistical Center of Iran,persian,1398-08,28.80,%,IR,Iran,,,Base year 1400,سال پایه ۱۴۰۰
inf_irs_c-f_p,Monthly inflation rate food (point to point) - Statistical Center of Iran,Statistical Center of Iran,persian,1398-09,28.00,%,IR,Iran,,,Base year 1400,سال پایه ۱۴۰۰
inf_irs_c-f_p,Monthly inflation rate food (point to point) - Statistical Center of Iran,Statistical Center of Iran,persian,1398-10,24.00,%,IR,Iran,,,Base year 1400,سال پایه ۱۴۰۰
inf_irs_c-f_p,Monthly inflation rate food (point to point) - Statistical Center of Iran,Statistical Center of Iran,persian,1398-11,19.70,%,IR,Iran,,,Base year 1400,سال پایه ۱۴۰۰
inf_irs_c-f_p,Monthly inflation rate food (point to point) - Statistical Center of Iran,Statistical Center of Iran,persian,1398-12,14.60,%,IR,Iran,,,Base year 1400,سال پایه ۱۴۰۰
inf_irs_c-f_p,Monthly inflation rate food (point to point) - Statistical Center of Iran,Statistical Center of Iran,persian,1399-01,10.70,%,IR,Iran,,,Base year 1400,سال پایه ۱۴۰۰
inf_irs_c-f_p,Monthly inflation rate food (point to point) - Statistical Center of Iran,Statistical Center of Iran,persian,1399-02,12.00,%,IR,Iran,,,Base year 1400,سال پایه ۱۴۰۰
inf_irs_c-f_p,Monthly inflation rate food (point to point) - Statistical Center of Iran,Statistical Center of Iran,persian,1399-03,14.90,%,IR,Iran,,,Base year 1400,سال پایه ۱۴۰۰
inf_irs_c-f_p,Monthly inflation rate food (point to point) - Statistical Center of Iran,Statistical Center of Iran,persian,1399-04,21.00,%,IR,Iran,,,Base year 1400,سال پایه ۱۴۰۰
inf_irs_c-f_p,Monthly inflation rate food (point to point) - Statistical Center of Iran,Statistical Center of Iran,persian,1399-05,26.00,%,IR,Iran,,,Base year 1400,سال پایه ۱۴۰۰
inf_irs_c-f_p,Monthly inflation rate food (point to point) - Statistical Center of Iran,Statistical Center of Iran,persian,1399-06,31.50,%,IR,Iran,,,Base year 1400,سال پایه ۱۴۰۰
inf_irs_c-f_p,Monthly inflation rate food (point to point) - Statistical Center of Iran,Statistical Center of Iran,persian,1399-07,40.50,%,IR,Iran,,,Base year 1400,سال پایه ۱۴۰۰
inf_irs_c-f_p,Monthly inflation rate food (point to point) - Statistical Center of Iran,Statistical Center of Iran,persian,1399-08,56.60,%,IR,Iran,,,Base year 1400,سال پایه ۱۴۰۰
inf_irs_c-f_p,Monthly inflation rate food (point to point) - Statistical Center of Iran,Statistical Center of Iran,persian,1399-09,57.90,%,IR,Iran,,,Base year 1400,سال پایه ۱۴۰۰
inf_irs_c-f_p,Monthly inflation rate food (point to point) - Statistical Center of Iran,Statistical Center of Iran,persian,1399-10,59.90,%,IR,Iran,,,Base year 1400,سال پایه ۱۴۰۰
inf_irs_c-f_p,Monthly inflation rate food (point to point) - Statistical Center of Iran,Statistical Center of Iran,persian,1399-11,66.80,%,IR,Iran,,,Base year 1400,سال پایه ۱۴۰۰
inf_irs_c-f_p,Monthly inflation rate food (point to point) - Statistical Center of Iran,Statistical Center of Iran,persian,1399-12,66.60,%,IR,Iran,,,Base year 1400,سال پایه ۱۴۰۰
inf_irs_c-f_p,Monthly inflation rate food (point to point) - Statistical Center of Iran,Statistical Center of Iran,persian,1400-01,63.50,%,IR,Iran,,,Base year 1400,سال پایه ۱۴۰۰
inf_irs_c-f_p,Monthly inflation rate food (point to point) - Statistical Center of Iran,Statistical Center of Iran,persian,1400-02,62.40,%,IR,Iran,,,Base year 1400,سال پایه ۱۴۰۰
inf_irs_c-f_p,Monthly inflation rate food (point to point) - Statistical Center of Iran,Statistical Center of Iran,persian,1400-03,62.90,%,IR,Iran,,,Base year 1400,سال پایه ۱۴۰۰
inf_irs_c-f_p,Monthly inflation rate food (point to point) - Statistical Center of Iran,Statistical Center of Iran,persian,1400-04,56.60,%,IR,Iran,,,Base year 1400,سال پایه ۱۴۰۰
inf_irs_c-f_p,Monthly inflation rate food (point to point) - Statistical Center of Iran,Statistical Center of Iran,persian,1400-05,59.00,%,IR,Iran,,,Base year 1400,سال پایه ۱۴۰۰
inf_irs_c-f_p,Monthly inflation rate food (point to point) - Statistical Center of Iran,Statistical Center of Iran,persian,1400-06,62.00,%,IR,Iran,,,Base year 1400,سال پایه ۱۴۰۰
inf_irs_c-f_p,Monthly inflation rate food (point to point) - Statistical Center of Iran,Statistical Center of Iran,persian,1400-07,58.90,%,IR,Iran,,,Base year 1400,سال پایه ۱۴۰۰
inf_irs_c-f_p,Monthly inflation rate food (point to point) - Statistical Center of Iran,Statistical Center of Iran,persian,1400-08,44.40,%,IR,Iran,,,Base year 1400,سال پایه ۱۴۰۰
inf_irs_c-f_p,Monthly inflation rate food (point to point) - Statistical Center of Iran,Statistical Center of Iran,persian,1400-09,40.40,%,IR,Iran,,,Base year 1400,سال پایه ۱۴۰۰
inf_irs_c-f_p,Monthly inflation rate food (point to point) - Statistical Center of Iran,Statistical Center of Iran,persian,1400-10,42.00,%,IR,Iran,,,Base year 1400,سال پایه ۱۴۰۰
inf_irs_c-f_p,Monthly inflation rate food (point to point) - Statistical Center of Iran,Statistical Center of Iran,persian,1400-11,41.10,%,IR,Iran,,,Base year 1400,سال پایه ۱۴۰۰
inf_irs_c-f_p,Monthly inflation rate food (point to point) - Statistical Center of Iran,Statistical Center of Iran,persian,1400-12,42.80,%,IR,Iran,,,Base year 1400,سال پایه ۱۴۰۰
inf_irs_c-f_p,Monthly inflation rate food (point to point) - Statistical Center of Iran,Statistical Center of Iran,persian,1401-01,43.40,%,IR,Iran,,,Base year 1400,سال پایه ۱۴۰۰
inf_irs_c-f_p,Monthly inflation rate food (point to point) - Statistical Center of Iran,Statistical Center of Iran,persian,1401-02,49.50,%,IR,Iran,,,Base year 1400,سال پایه ۱۴۰۰
inf_irs_c-f_p,Monthly inflation rate food (point to point) - Statistical Center of Iran,Statistical Center of Iran,persian,1401-03,82.10,%,IR,Iran,,,Base year 1400,سال پایه ۱۴۰۰
inf_irs_c-f_p,Monthly inflation rate food (point to point) - Statistical Center of Iran,Statistical Center of Iran,persian,1401-04,86.80,%,IR,Iran,,,Base year 1400,سال پایه ۱۴۰۰
inf_irs_c-f_p,Monthly inflation rate food (point to point) - Statistical Center of Iran,Statistical Center of Iran,persian,1401-05,80.70,%,IR,Iran,,,Base year 1400,سال پایه ۱۴۰۰
inf_irs_c-f_p,Monthly inflation rate food (point to point) - Statistical Center of Iran,Statistical Center of Iran,persian,1401-06,75.40,%,IR,Iran,,,Base year 1400,سال پایه ۱۴۰۰
inf_irs_c-f_p,Monthly inflation rate food (point to point) - Statistical Center of Iran,Statistical Center of Iran,persian,1401-07,72.00,%,IR,Iran,,,Base year 1400,سال پایه ۱۴۰۰
inf_irs_c-f_p,Monthly inflation rate food (point to point) - Statistical Center of Iran,Statistical Center of Iran,persian,1401-08,69.00,%,IR,Iran,,,Base year 1400,سال پایه ۱۴۰۰
inf_irs_c-f_p,Monthly inflation rate food (point to point) - Statistical Center of Iran,Statistical Center of Iran,persian,1401-09,66.40,%,IR,Iran,,,Base year 1400,سال پایه ۱۴۰۰
inf_irs_c-f_p,Monthly inflation rate food (point to point) - Statistical Center of Iran,Statistical Center of Iran,persian,1401-10,69.70,%,IR,Iran,,,Base year 1400,سال پایه ۱۴۰۰
inf_irs_c-f_p,Monthly inflation rate food (point to point) - Statistical Center of Iran,Statistical Center of Iran,persian,1401-11,70.50,%,IR,Iran,,,Base year 1400,سال پایه ۱۴۰۰
inf_irs_c-f_p,Monthly inflation rate food (point to point) - Statistical Center of Iran,Statistical Center of Iran,persian,1401-12,76.90,%,IR,Iran,,,Base year 1400,سال پایه ۱۴۰۰
inf_irs_c-f_p,Monthly inflation rate food (point to point) - Statistical Center of Iran,Statistical Center of Iran,persian,1402-01,77.70,%,IR,Iran,,,Base year 1400,سال پایه ۱۴۰۰
inf_irs_c-f_p,Monthly inflation rate food (point to point) - Statistical Center of Iran,Statistical Center of Iran,persian,1402-02,75.40,%,IR,Iran,,,Base year 1400,سال پایه ۱۴۰۰
inf_irs_c-f_p,Monthly inflation rate food (point to point) - Statistical Center of Iran,Statistical Center of Iran,persian,1402-03,42.60,%,IR,Iran,,,Base year 1400,سال پایه ۱۴۰۰
inf_irs_c-f_p,Monthly inflation rate food (point to point) - Statistical Center of Iran,Statistical Center of Iran,persian,1402-04,37.10,%,IR,Iran,,,Base year 1400,سال پایه ۱۴۰۰
inf_irs_c-f_p,Monthly inflation rate food (point to point) - Statistical Center of Iran,Statistical Center of Iran,persian,1402-05,38.40,%,IR,Iran,,,Base year 1400,سال پایه ۱۴۰۰
inf_irs_c-f_p,Monthly inflation rate food (point to point) - Statistical Center of Iran,Statistical Center of Iran,persian,1402-06,37.80,%,IR,Iran,,,Base year 1400,سال پایه ۱۴۰۰
inf_irs_c-f_p,Monthly inflation rate food (point to point) - Statistical Center of Iran,Statistical Center of Iran,persian,1402-07,36.20,%,IR,Iran,,,Base year 1400,سال پایه ۱۴۰۰
inf_irs_c-f_p,Monthly inflation rate food (point to point) - Statistical Center of Iran,Statistical Center of Iran,persian,1402-08,36.40,%,IR,Iran,,,Base year 1400,سال پایه ۱۴۰۰
inf_irs_c-f_p,Monthly inflation rate food (point to point) - Statistical Center of Iran,Statistical Center of Iran,persian,1402-09,41.40,%,IR,Iran,,,Base year 1400,سال پایه ۱۴۰۰
inf_irs_c-f_p,Monthly inflation rate food (point to point) - Statistical Center of Iran,Statistical Center of Iran,persian,1402-10,39.00,%,IR,Iran,,,Base year 1400,سال پایه ۱۴۰۰
inf_irs_c-f_p,Monthly inflation rate food (point to point) - Statistical Center of Iran,Statistical Center of Iran,persian,1402-11,31.70,%,IR,Iran,,,Base year 1400,سال پایه ۱۴۰۰
inf_irs_c-f_p,Monthly inflation rate food (point to point) - Statistical Center of Iran,Statistical Center of Iran,persian,1402-12,25.20,%,IR,Iran,,,Base year 1400,سال پایه ۱۴۰۰
inf_irs_c-f_p,Monthly inflation rate food (point to point) - Statistical Center of Iran,Statistical Center of Iran,persian,1403-01,23.80,%,IR,Iran,,,Base year 1400,سال پایه ۱۴۰۰
inf_irs_c-f_p,Monthly inflation rate food (point to point) - Statistical Center of Iran,Statistical Center of Iran,persian,1403-02,22.80,%,IR,Iran,,,Base year 1400,سال پایه ۱۴۰۰
inf_irs_c-f_p,Monthly inflation rate food (point to point) - Statistical Center of Iran,Statistical Center of Iran,persian,1403-03,25.80,%,IR,Iran,,,Base year 1400,سال پایه ۱۴۰۰
inf_irs_c-f_p,Monthly inflation rate food (point to point) - Statistical Center of Iran,Statistical Center of Iran,persian,1403-04,26.30,%,IR,Iran,,,Base year 1400,سال پایه ۱۴۰۰
inf_irs_c-f_p,Monthly inflation rate food (point to point) - Statistical Center of Iran,Statistical Center of Iran,persian,1403-05,24.40,%,IR,Iran,,,Base year 1400,سال پایه ۱۴۰۰
inf_irs_c-f_p,Monthly inflation rate food (point to point) - Statistical Center of Iran,Statistical Center of Iran,persian,1403-06,23.80,%,IR,Iran,,,Base year 1400,سال پایه ۱۴۰۰
inf_irs_c-f_p,Monthly inflation rate food (point to point) - Statistical Center of Iran,Statistical Center of Iran,persian,1403-07,26.00,%,IR,Iran,,,Base year 1400,سال پایه ۱۴۰۰
inf_irs_c-f_p,Monthly inflation rate food (point to point) - Statistical Center of Iran,Statistical Center of Iran,persian,1403-08,29.20,%,IR,Iran,,,Base year 1400,سال پایه ۱۴۰۰
inf_irs_c-f_p,Monthly inflation rate food (point to point) - Statistical Center of Iran,Statistical Center of Iran,persian,1403-09,26.30,%,IR,Iran,,,Base year 1400,سال پایه ۱۴۰۰
inf_irs_c-f_p,Monthly inflation rate food (point to point) - Statistical Center of Iran,Statistical Center of Iran,persian,1403-10,27.30,%,IR,Iran,,,Base year 1400,سال پایه ۱۴۰۰
inf_irs_c-f_p,Monthly inflation rate food (point to point) - Statistical Center of Iran,Statistical Center of Iran,persian,1403-11,36.40,%,IR,Iran,,,Base year 1400,سال پایه ۱۴۰۰
inf_irs_c-f_p,Monthly inflation rate food (point to point) - Statistical Center of Iran,Statistical Center of Iran,persian,1403-12,40.80,%,IR,Iran,,,Base year 1400,سال پایه ۱۴۰۰
inf_irs_c-f_p,Monthly inflation rate food (point to point) - Statistical Center of Iran,Statistical Center of Iran,persian,1404-01,42.60,%,IR,Iran,,,Base year 1400,سال پایه ۱۴۰۰
inf_irs_c-f_p,Monthly inflation rate food (point to point) - Statistical Center of Iran,Statistical Center of Iran,persian,1404-02,41.50,%,IR,Iran,,,Base year 1400,سال پایه ۱۴۰۰
inf_irs_c-f_p,Monthly inflation rate food (point to point) - Statistical Center of Iran,Statistical Center of Iran,persian,1404-03,42.30,%,IR,Iran,,,Base year 1400,سال پایه ۱۴۰۰
inf_irs_c-f_p,Monthly inflation rate food (point to point) - Statistical Center of Iran,Statistical Center of Iran,persian,1404-04,47.30,%,IR,Iran,,,Base year 1400,سال پایه ۱۴۰۰
inf_irs_c-f_p,Monthly inflation rate food (point to point) - Statistical Center of Iran,Statistical Center of Iran,persian,1404-05,51.40,%,IR,Iran,,,Base year 1400,سال پایه ۱۴۰۰
inf_irs_c-f_p,Monthly inflation rate food (point to point) - Statistical Center of Iran,Statistical Center of Iran,persian,1404-06,57.80,%,IR,Iran,,,Base year 1400,سال پایه ۱۴۰۰
inf_irs_c-f_p,Monthly inflation rate food (point to point) - Statistical Center of Iran,Statistical Center of Iran,persian,1404-07,64.20,%,IR,Iran,,,Base year 1400,سال پایه ۱۴۰۰
inf_irs_c-f_p,Monthly inflation rate food (point to point) - Statistical Center of Iran,Statistical Center of Iran,persian,1404-08,66.00,%,IR,Iran,,,Base year 1400,سال پایه ۱۴۰۰
inf_irs_c-f_p,Monthly inflation rate food (point to point) - Statistical Center of Iran,Statistical Center of Iran,persian,1404-09,72.00,%,IR,Iran,,,Base year 1400,سال پایه ۱۴۰۰
inf_irs_c-f_p,Monthly inflation rate food (point to point) - Statistical Center of Iran,Statistical Center of Iran,persian,1404-10,89.60,%,IR,Iran,,,Base year 1400,سال پایه ۱۴۰۰
inf_irs_c-f_p,Monthly inflation rate food (point to point) - Statistical Center of Iran,Statistical Center of Iran,persian,1404-11,105.40,%,IR,Iran,,,Base year 1400,سال پایه ۱۴۰۰
inf_irs_c-f_p,Monthly inflation rate food (point to point) - Statistical Center of Iran,Statistical Center of Iran,persian,1404-12,112.70,%,IR,Iran,,,Base year 1400,سال پایه ۱۴۰۰
inf_irs_c-f_p,Monthly inflation rate food (point to point) - Statistical Center of Iran,Statistical Center of Iran,persian,1405-01,115.70,%,IR,Iran,,,Base year 1400,سال پایه ۱۴۰۰
inf_irs_c-nf_p,Monthly inflation rate non-food (point to point) - Statistical Center of Iran,Statistical Center of Iran,persian,1391-01,20.20,%,IR,Iran,,,Base year 1400,سال پایه ۱۴۰۰
inf_irs_c-nf_p,Monthly inflation rate non-food (point to point) - Statistical Center of Iran,Statistical Center of Iran,persian,1391-02,18.60,%,IR,Iran,,,Base year 1400,سال پایه ۱۴۰۰
inf_irs_c-nf_p,Monthly inflation rate non-food (point to point) - Statistical Center of Iran,Statistical Center of Iran,persian,1391-03,17.80,%,IR,Iran,,,Base year 1400,سال پایه ۱۴۰۰
inf_irs_c-nf_p,Monthly inflation rate non-food (point to point) - Statistical Center of Iran,Statistical Center of Iran,persian,1391-04,18.00,%,IR,Iran,,,Base year 1400,سال پایه ۱۴۰۰
inf_irs_c-nf_p,Monthly inflation rate non-food (point to point) - Statistical Center of Iran,Statistical Center of Iran,persian,1391-05,17.60,%,IR,Iran,,,Base year 1400,سال پایه ۱۴۰۰
inf_irs_c-nf_p,Monthly inflation rate non-food (point to point) - Statistical Center of Iran,Statistical Center of Iran,persian,1391-06,18.70,%,IR,Iran,,,Base year 1400,سال پایه ۱۴۰۰
inf_irs_c-nf_p,Monthly inflation rate non-food (point to point) - Statistical Center of Iran,Statistical Center of Iran,persian,1391-07,23.00,%,IR,Iran,,,Base year 1400,سال پایه ۱۴۰۰
inf_irs_c-nf_p,Monthly inflation rate non-food (point to point) - Statistical Center of Iran,Statistical Center of Iran,persian,1391-08,25.50,%,IR,Iran,,,Base year 1400,سال پایه ۱۴۰۰
inf_irs_c-nf_p,Monthly inflation rate non-food (point to point) - Statistical Center of Iran,Statistical Center of Iran,persian,1391-09,25.80,%,IR,Iran,,,Base year 1400,سال پایه ۱۴۰۰
inf_irs_c-nf_p,Monthly inflation rate non-food (point to point) - Statistical Center of Iran,Statistical Center of Iran,persian,1391-10,27.30,%,IR,Iran,,,Base year 1400,سال پایه ۱۴۰۰
inf_irs_c-nf_p,Monthly inflation rate non-food (point to point) - Statistical Center of Iran,Statistical Center of Iran,persian,1391-11,30.60,%,IR,Iran,,,Base year 1400,سال پایه ۱۴۰۰
inf_irs_c-nf_p,Monthly inflation rate non-food (point to point) - Statistical Center of Iran,Statistical Center of Iran,persian,1391-12,30.80,%,IR,Iran,,,Base year 1400,سال پایه ۱۴۰۰
inf_irs_c-nf_p,Monthly inflation rate non-food (point to point) - Statistical Center of Iran,Statistical Center of Iran,persian,1392-01,31.20,%,IR,Iran,,,Base year 1400,سال پایه ۱۴۰۰
inf_irs_c-nf_p,Monthly inflation rate non-food (point to point) - Statistical Center of Iran,Statistical Center of Iran,persian,1392-02,31.90,%,IR,Iran,,,Base year 1400,سال پایه ۱۴۰۰
inf_irs_c-nf_p,Monthly inflation rate non-food (point to point) - Statistical Center of Iran,Statistical Center of Iran,persian,1392-03,34.20,%,IR,Iran,,,Base year 1400,سال پایه ۱۴۰۰
inf_irs_c-nf_p,Monthly inflation rate non-food (point to point) - Statistical Center of Iran,Statistical Center of Iran,persian,1392-04,34.10,%,IR,Iran,,,Base year 1400,سال پایه ۱۴۰۰
inf_irs_c-nf_p,Monthly inflation rate non-food (point to point) - Statistical Center of Iran,Statistical Center of Iran,persian,1392-05,33.50,%,IR,Iran,,,Base year 1400,سال پایه ۱۴۰۰
inf_irs_c-nf_p,Monthly inflation rate non-food (point to point) - Statistical Center of Iran,Statistical Center of Iran,persian,1392-06,32.10,%,IR,Iran,,,Base year 1400,سال پایه ۱۴۰۰
inf_irs_c-nf_p,Monthly inflation rate non-food (point to point) - Statistical Center of Iran,Statistical Center of Iran,persian,1392-07,27.30,%,IR,Iran,,,Base year 1400,سال پایه ۱۴۰۰
inf_irs_c-nf_p,Monthly inflation rate non-food (point to point) - Statistical Center of Iran,Statistical Center of Iran,persian,1392-08,25.80,%,IR,Iran,,,Base year 1400,سال پایه ۱۴۰۰
inf_irs_c-nf_p,Monthly inflation rate non-food (point to point) - Statistical Center of Iran,Statistical Center of Iran,persian,1392-09,25.10,%,IR,Iran,,,Base year 1400,سال پایه ۱۴۰۰
inf_irs_c-nf_p,Monthly inflation rate non-food (point to point) - Statistical Center of Iran,Statistical Center of Iran,persian,1392-10,23.30,%,IR,Iran,,,Base year 1400,سال پایه ۱۴۰۰
inf_irs_c-nf_p,Monthly inflation rate non-food (point to point) - Statistical Center of Iran,Statistical Center of Iran,persian,1392-11,19.30,%,IR,Iran,,,Base year 1400,سال پایه ۱۴۰۰
inf_irs_c-nf_p,Monthly inflation rate non-food (point to point) - Statistical Center of Iran,Statistical Center of Iran,persian,1392-12,18.60,%,IR,Iran,,,Base year 1400,سال پایه ۱۴۰۰
inf_irs_c-nf_p,Monthly inflation rate non-food (point to point) - Statistical Center of Iran,Statistical Center of Iran,persian,1393-01,18.30,%,IR,Iran,,,Base year 1400,سال پایه ۱۴۰۰
inf_irs_c-nf_p,Monthly inflation rate non-food (point to point) - Statistical Center of Iran,Statistical Center of Iran,persian,1393-02,20.30,%,IR,Iran,,,Base year 1400,سال پایه ۱۴۰۰
inf_irs_c-nf_p,Monthly inflation rate non-food (point to point) - Statistical Center of Iran,Statistical Center of Iran,persian,1393-03,18.30,%,IR,Iran,,,Base year 1400,سال پایه ۱۴۰۰
inf_irs_c-nf_p,Monthly inflation rate non-food (point to point) - Statistical Center of Iran,Statistical Center of Iran,persian,1393-04,18.10,%,IR,Iran,,,Base year 1400,سال پایه ۱۴۰۰
inf_irs_c-nf_p,Monthly inflation rate non-food (point to point) - Statistical Center of Iran,Statistical Center of Iran,persian,1393-05,17.60,%,IR,Iran,,,Base year 1400,سال پایه ۱۴۰۰
inf_irs_c-nf_p,Monthly inflation rate non-food (point to point) - Statistical Center of Iran,Statistical Center of Iran,persian,1393-06,16.60,%,IR,Iran,,,Base year 1400,سال پایه ۱۴۰۰
inf_irs_c-nf_p,Monthly inflation rate non-food (point to point) - Statistical Center of Iran,Statistical Center of Iran,persian,1393-07,17.00,%,IR,Iran,,,Base year 1400,سال پایه ۱۴۰۰
inf_irs_c-nf_p,Monthly inflation rate non-food (point to point) - Statistical Center of Iran,Statistical Center of Iran,persian,1393-08,16.00,%,IR,Iran,,,Base year 1400,سال پایه ۱۴۰۰
inf_irs_c-nf_p,Monthly inflation rate non-food (point to point) - Statistical Center of Iran,Statistical Center of Iran,persian,1393-09,16.00,%,IR,Iran,,,Base year 1400,سال پایه ۱۴۰۰
inf_irs_c-nf_p,Monthly inflation rate non-food (point to point) - Statistical Center of Iran,Statistical Center of Iran,persian,1393-10,16.60,%,IR,Iran,,,Base year 1400,سال پایه ۱۴۰۰
inf_irs_c-nf_p,Monthly inflation rate non-food (point to point) - Statistical Center of Iran,Statistical Center of Iran,persian,1393-11,16.60,%,IR,Iran,,,Base year 1400,سال پایه ۱۴۰۰
inf_irs_c-nf_p,Monthly inflation rate non-food (point to point) - Statistical Center of Iran,Statistical Center of Iran,persian,1393-12,16.50,%,IR,Iran,,,Base year 1400,سال پایه ۱۴۰۰
inf_irs_c-nf_p,Monthly inflation rate non-food (point to point) - Statistical Center of Iran,Statistical Center of Iran,persian,1394-01,15.90,%,IR,Iran,,,Base year 1400,سال پایه ۱۴۰۰
inf_irs_c-nf_p,Monthly inflation rate non-food (point to point) - Statistical Center of Iran,Statistical Center of Iran,persian,1394-02,13.20,%,IR,Iran,,,Base year 1400,سال پایه ۱۴۰۰
inf_irs_c-nf_p,Monthly inflation rate non-food (point to point) - Statistical Center of Iran,Statistical Center of Iran,persian,1394-03,13.40,%,IR,Iran,,,Base year 1400,سال پایه ۱۴۰۰
inf_irs_c-nf_p,Monthly inflation rate non-food (point to point) - Statistical Center of Iran,Statistical Center of Iran,persian,1394-04,12.50,%,IR,Iran,,,Base year 1400,سال پایه ۱۴۰۰
inf_irs_c-nf_p,Monthly inflation rate non-food (point to point) - Statistical Center of Iran,Statistical Center of Iran,persian,1394-05,11.80,%,IR,Iran,,,Base year 1400,سال پایه ۱۴۰۰
inf_irs_c-nf_p,Monthly inflation rate non-food (point to point) - Statistical Center of Iran,Statistical Center of Iran,persian,1394-06,12.30,%,IR,Iran,,,Base year 1400,سال پایه ۱۴۰۰
inf_irs_c-nf_p,Monthly inflation rate non-food (point to point) - Statistical Center of Iran,Statistical Center of Iran,persian,1394-07,11.80,%,IR,Iran,,,Base year 1400,سال پایه ۱۴۰۰
inf_irs_c-nf_p,Monthly inflation rate non-food (point to point) - Statistical Center of Iran,Statistical Center of Iran,persian,1394-08,11.90,%,IR,Iran,,,Base year 1400,سال پایه ۱۴۰۰
inf_irs_c-nf_p,Monthly inflation rate non-food (point to point) - Statistical Center of Iran,Statistical Center of Iran,persian,1394-09,11.50,%,IR,Iran,,,Base year 1400,سال پایه ۱۴۰۰
inf_irs_c-nf_p,Monthly inflation rate non-food (point to point) - Statistical Center of Iran,Statistical Center of Iran,persian,1394-10,10.10,%,IR,Iran,,,Base year 1400,سال پایه ۱۴۰۰
inf_irs_c-nf_p,Monthly inflation rate non-food (point to point) - Statistical Center of Iran,Statistical Center of Iran,persian,1394-11,9.50,%,IR,Iran,,,Base year 1400,سال پایه ۱۴۰۰
inf_irs_c-nf_p,Monthly inflation rate non-food (point to point) - Statistical Center of Iran,Statistical Center of Iran,persian,1394-12,9.10,%,IR,Iran,,,Base year 1400,سال پایه ۱۴۰۰
inf_irs_c-nf_p,Monthly inflation rate non-food (point to point) - Statistical Center of Iran,Statistical Center of Iran,persian,1395-01,9.10,%,IR,Iran,,,Base year 1400,سال پایه ۱۴۰۰
inf_irs_c-nf_p,Monthly inflation rate non-food (point to point) - Statistical Center of Iran,Statistical Center of Iran,persian,1395-02,8.60,%,IR,Iran,,,Base year 1400,سال پایه ۱۴۰۰
inf_irs_c-nf_p,Monthly inflation rate non-food (point to point) - Statistical Center of Iran,Statistical Center of Iran,persian,1395-03,7.40,%,IR,Iran,,,Base year 1400,سال پایه ۱۴۰۰
inf_irs_c-nf_p,Monthly inflation rate non-food (point to point) - Statistical Center of Iran,Statistical Center of Iran,persian,1395-04,7.10,%,IR,Iran,,,Base year 1400,سال پایه ۱۴۰۰
inf_irs_c-nf_p,Monthly inflation rate non-food (point to point) - Statistical Center of Iran,Statistical Center of Iran,persian,1395-05,7.20,%,IR,Iran,,,Base year 1400,سال پایه ۱۴۰۰
inf_irs_c-nf_p,Monthly inflation rate non-food (point to point) - Statistical Center of Iran,Statistical Center of Iran,persian,1395-06,6.20,%,IR,Iran,,,Base year 1400,سال پایه ۱۴۰۰
inf_irs_c-nf_p,Monthly inflation rate non-food (point to point) - Statistical Center of Iran,Statistical Center of Iran,persian,1395-07,5.80,%,IR,Iran,,,Base year 1400,سال پایه ۱۴۰۰
inf_irs_c-nf_p,Monthly inflation rate non-food (point to point) - Statistical Center of Iran,Statistical Center of Iran,persian,1395-08,5.10,%,IR,Iran,,,Base year 1400,سال پایه ۱۴۰۰
inf_irs_c-nf_p,Monthly inflation rate non-food (point to point) - Statistical Center of Iran,Statistical Center of Iran,persian,1395-09,5.00,%,IR,Iran,,,Base year 1400,سال پایه ۱۴۰۰
inf_irs_c-nf_p,Monthly inflation rate non-food (point to point) - Statistical Center of Iran,Statistical Center of Iran,persian,1395-10,5.60,%,IR,Iran,,,Base year 1400,سال پایه ۱۴۰۰
inf_irs_c-nf_p,Monthly inflation rate non-food (point to point) - Statistical Center of Iran,Statistical Center of Iran,persian,1395-11,6.00,%,IR,Iran,,,Base year 1400,سال پایه ۱۴۰۰
inf_irs_c-nf_p,Monthly inflation rate non-food (point to point) - Statistical Center of Iran,Statistical Center of Iran,persian,1395-12,5.80,%,IR,Iran,,,Base year 1400,سال پایه ۱۴۰۰
inf_irs_c-nf_p,Monthly inflation rate non-food (point to point) - Statistical Center of Iran,Statistical Center of Iran,persian,1396-01,6.00,%,IR,Iran,,,Base year 1400,سال پایه ۱۴۰۰
inf_irs_c-nf_p,Monthly inflation rate non-food (point to point) - Statistical Center of Iran,Statistical Center of Iran,persian,1396-02,6.10,%,IR,Iran,,,Base year 1400,سال پایه ۱۴۰۰
inf_irs_c-nf_p,Monthly inflation rate non-food (point to point) - Statistical Center of Iran,Statistical Center of Iran,persian,1396-03,6.10,%,IR,Iran,,,Base year 1400,سال پایه ۱۴۰۰
inf_irs_c-nf_p,Monthly inflation rate non-food (point to point) - Statistical Center of Iran,Statistical Center of Iran,persian,1396-04,6.30,%,IR,Iran,,,Base year 1400,سال پایه ۱۴۰۰
inf_irs_c-nf_p,Monthly inflation rate non-food (point to point) - Statistical Center of Iran,Statistical Center of Iran,persian,1396-05,6.20,%,IR,Iran,,,Base year 1400,سال پایه ۱۴۰۰
inf_irs_c-nf_p,Monthly inflation rate non-food (point to point) - Statistical Center of Iran,Statistical Center of Iran,persian,1396-06,6.30,%,IR,Iran,,,Base year 1400,سال پایه ۱۴۰۰
inf_irs_c-nf_p,Monthly inflation rate non-food (point to point) - Statistical Center of Iran,Statistical Center of Iran,persian,1396-07,7.20,%,IR,Iran,,,Base year 1400,سال پایه ۱۴۰۰
inf_irs_c-nf_p,Monthly inflation rate non-food (point to point) - Statistical Center of Iran,Statistical Center of Iran,persian,1396-08,7.60,%,IR,Iran,,,Base year 1400,سال پایه ۱۴۰۰
inf_irs_c-nf_p,Monthly inflation rate non-food (point to point) - Statistical Center of Iran,Statistical Center of Iran,persian,1396-09,7.40,%,IR,Iran,,,Base year 1400,سال پایه ۱۴۰۰
inf_irs_c-nf_p,Monthly inflation rate non-food (point to point) - Statistical Center of Iran,Statistical Center of Iran,persian,1396-10,7.20,%,IR,Iran,,,Base year 1400,سال پایه ۱۴۰۰
inf_irs_c-nf_p,Monthly inflation rate non-food (point to point) - Statistical Center of Iran,Statistical Center of Iran,persian,1396-11,7.30,%,IR,Iran,,,Base year 1400,سال پایه ۱۴۰۰
inf_irs_c-nf_p,Monthly inflation rate non-food (point to point) - Statistical Center of Iran,Statistical Center of Iran,persian,1396-12,7.40,%,IR,Iran,,,Base year 1400,سال پایه ۱۴۰۰
inf_irs_c-nf_p,Monthly inflation rate non-food (point to point) - Statistical Center of Iran,Statistical Center of Iran,persian,1397-01,7.40,%,IR,Iran,,,Base year 1400,سال پایه ۱۴۰۰
inf_irs_c-nf_p,Monthly inflation rate non-food (point to point) - Statistical Center of Iran,Statistical Center of Iran,persian,1397-02,8.30,%,IR,Iran,,,Base year 1400,سال پایه ۱۴۰۰
inf_irs_c-nf_p,Monthly inflation rate non-food (point to point) - Statistical Center of Iran,Statistical Center of Iran,persian,1397-03,9.00,%,IR,Iran,,,Base year 1400,سال پایه ۱۴۰۰
inf_irs_c-nf_p,Monthly inflation rate non-food (point to point) - Statistical Center of Iran,Statistical Center of Iran,persian,1397-04,13.00,%,IR,Iran,,,Base year 1400,سال پایه ۱۴۰۰
inf_irs_c-nf_p,Monthly inflation rate non-food (point to point) - Statistical Center of Iran,Statistical Center of Iran,persian,1397-05,16.60,%,IR,Iran,,,Base year 1400,سال پایه ۱۴۰۰
inf_irs_c-nf_p,Monthly inflation rate non-food (point to point) - Statistical Center of Iran,Statistical Center of Iran,persian,1397-06,21.70,%,IR,Iran,,,Base year 1400,سال پایه ۱۴۰۰
inf_irs_c-nf_p,Monthly inflation rate non-food (point to point) - Statistical Center of Iran,Statistical Center of Iran,persian,1397-07,27.20,%,IR,Iran,,,Base year 1400,سال پایه ۱۴۰۰
inf_irs_c-nf_p,Monthly inflation rate non-food (point to point) - Statistical Center of Iran,Statistical Center of Iran,persian,1397-08,29.00,%,IR,Iran,,,Base year 1400,سال پایه ۱۴۰۰
inf_irs_c-nf_p,Monthly inflation rate non-food (point to point) - Statistical Center of Iran,Statistical Center of Iran,persian,1397-09,30.90,%,IR,Iran,,,Base year 1400,سال پایه ۱۴۰۰
inf_irs_c-nf_p,Monthly inflation rate non-food (point to point) - Statistical Center of Iran,Statistical Center of Iran,persian,1397-10,32.40,%,IR,Iran,,,Base year 1400,سال پایه ۱۴۰۰
inf_irs_c-nf_p,Monthly inflation rate non-food (point to point) - Statistical Center of Iran,Statistical Center of Iran,persian,1397-11,33.50,%,IR,Iran,,,Base year 1400,سال پایه ۱۴۰۰
inf_irs_c-nf_p,Monthly inflation rate non-food (point to point) - Statistical Center of Iran,Statistical Center of Iran,persian,1397-12,36.90,%,IR,Iran,,,Base year 1400,سال پایه ۱۴۰۰
inf_irs_c-nf_p,Monthly inflation rate non-food (point to point) - Statistical Center of Iran,Statistical Center of Iran,persian,1398-01,37.80,%,IR,Iran,,,Base year 1400,سال پایه ۱۴۰۰
inf_irs_c-nf_p,Monthly inflation rate non-food (point to point) - Statistical Center of Iran,Statistical Center of Iran,persian,1398-02,39.90,%,IR,Iran,,,Base year 1400,سال پایه ۱۴۰۰
inf_irs_c-nf_p,Monthly inflation rate non-food (point to point) - Statistical Center of Iran,Statistical Center of Iran,persian,1398-03,40.40,%,IR,Iran,,,Base year 1400,سال پایه ۱۴۰۰
inf_irs_c-nf_p,Monthly inflation rate non-food (point to point) - Statistical Center of Iran,Statistical Center of Iran,persian,1398-04,38.40,%,IR,Iran,,,Base year 1400,سال پایه ۱۴۰۰
inf_irs_c-nf_p,Monthly inflation rate non-food (point to point) - Statistical Center of Iran,Statistical Center of Iran,persian,1398-05,35.20,%,IR,Iran,,,Base year 1400,سال پایه ۱۴۰۰
inf_irs_c-nf_p,Monthly inflation rate non-food (point to point) - Statistical Center of Iran,Statistical Center of Iran,persian,1398-06,30.70,%,IR,Iran,,,Base year 1400,سال پایه ۱۴۰۰
inf_irs_c-nf_p,Monthly inflation rate non-food (point to point) - Statistical Center of Iran,Statistical Center of Iran,persian,1398-07,26.60,%,IR,Iran,,,Base year 1400,سال پایه ۱۴۰۰
inf_irs_c-nf_p,Monthly inflation rate non-food (point to point) - Statistical Center of Iran,Statistical Center of Iran,persian,1398-08,26.20,%,IR,Iran,,,Base year 1400,سال پایه ۱۴۰۰
inf_irs_c-nf_p,Monthly inflation rate non-food (point to point) - Statistical Center of Iran,Statistical Center of Iran,persian,1398-09,27.70,%,IR,Iran,,,Base year 1400,سال پایه ۱۴۰۰
inf_irs_c-nf_p,Monthly inflation rate non-food (point to point) - Statistical Center of Iran,Statistical Center of Iran,persian,1398-10,27.40,%,IR,Iran,,,Base year 1400,سال پایه ۱۴۰۰
inf_irs_c-nf_p,Monthly inflation rate non-food (point to point) - Statistical Center of Iran,Statistical Center of Iran,persian,1398-11,27.50,%,IR,Iran,,,Base year 1400,سال پایه ۱۴۰۰
inf_irs_c-nf_p,Monthly inflation rate non-food (point to point) - Statistical Center of Iran,Statistical Center of Iran,persian,1398-12,25.70,%,IR,Iran,,,Base year 1400,سال پایه ۱۴۰۰
inf_irs_c-nf_p,Monthly inflation rate non-food (point to point) - Statistical Center of Iran,Statistical Center of Iran,persian,1399-01,24.70,%,IR,Iran,,,Base year 1400,سال پایه ۱۴۰۰
inf_irs_c-nf_p,Monthly inflation rate non-food (point to point) - Statistical Center of Iran,Statistical Center of Iran,persian,1399-02,25.70,%,IR,Iran,,,Base year 1400,سال پایه ۱۴۰۰
inf_irs_c-nf_p,Monthly inflation rate non-food (point to point) - Statistical Center of Iran,Statistical Center of Iran,persian,1399-03,26.40,%,IR,Iran,,,Base year 1400,سال پایه ۱۴۰۰
inf_irs_c-nf_p,Monthly inflation rate non-food (point to point) - Statistical Center of Iran,Statistical Center of Iran,persian,1399-04,29.80,%,IR,Iran,,,Base year 1400,سال پایه ۱۴۰۰
inf_irs_c-nf_p,Monthly inflation rate non-food (point to point) - Statistical Center of Iran,Statistical Center of Iran,persian,1399-05,32.60,%,IR,Iran,,,Base year 1400,سال پایه ۱۴۰۰
inf_irs_c-nf_p,Monthly inflation rate non-food (point to point) - Statistical Center of Iran,Statistical Center of Iran,persian,1399-06,35.90,%,IR,Iran,,,Base year 1400,سال پایه ۱۴۰۰
inf_irs_c-nf_p,Monthly inflation rate non-food (point to point) - Statistical Center of Iran,Statistical Center of Iran,persian,1399-07,41.90,%,IR,Iran,,,Base year 1400,سال پایه ۱۴۰۰
inf_irs_c-nf_p,Monthly inflation rate non-food (point to point) - Statistical Center of Iran,Statistical Center of Iran,persian,1399-08,41.80,%,IR,Iran,,,Base year 1400,سال پایه ۱۴۰۰
inf_irs_c-nf_p,Monthly inflation rate non-food (point to point) - Statistical Center of Iran,Statistical Center of Iran,persian,1399-09,38.70,%,IR,Iran,,,Base year 1400,سال پایه ۱۴۰۰
inf_irs_c-nf_p,Monthly inflation rate non-food (point to point) - Statistical Center of Iran,Statistical Center of Iran,persian,1399-10,39.90,%,IR,Iran,,,Base year 1400,سال پایه ۱۴۰۰
inf_irs_c-nf_p,Monthly inflation rate non-food (point to point) - Statistical Center of Iran,Statistical Center of Iran,persian,1399-11,39.70,%,IR,Iran,,,Base year 1400,سال پایه ۱۴۰۰
inf_irs_c-nf_p,Monthly inflation rate non-food (point to point) - Statistical Center of Iran,Statistical Center of Iran,persian,1399-12,40.50,%,IR,Iran,,,Base year 1400,سال پایه ۱۴۰۰
inf_irs_c-nf_p,Monthly inflation rate non-food (point to point) - Statistical Center of Iran,Statistical Center of Iran,persian,1400-01,44.70,%,IR,Iran,,,Base year 1400,سال پایه ۱۴۰۰
inf_irs_c-nf_p,Monthly inflation rate non-food (point to point) - Statistical Center of Iran,Statistical Center of Iran,persian,1400-02,41.70,%,IR,Iran,,,Base year 1400,سال پایه ۱۴۰۰
inf_irs_c-nf_p,Monthly inflation rate non-food (point to point) - Statistical Center of Iran,Statistical Center of Iran,persian,1400-03,41.60,%,IR,Iran,,,Base year 1400,سال پایه ۱۴۰۰
inf_irs_c-nf_p,Monthly inflation rate non-food (point to point) - Statistical Center of Iran,Statistical Center of Iran,persian,1400-04,37.90,%,IR,Iran,,,Base year 1400,سال پایه ۱۴۰۰
inf_irs_c-nf_p,Monthly inflation rate non-food (point to point) - Statistical Center of Iran,Statistical Center of Iran,persian,1400-05,36.20,%,IR,Iran,,,Base year 1400,سال پایه ۱۴۰۰
inf_irs_c-nf_p,Monthly inflation rate non-food (point to point) - Statistical Center of Iran,Statistical Center of Iran,persian,1400-06,35.40,%,IR,Iran,,,Base year 1400,سال پایه ۱۴۰۰
inf_irs_c-nf_p,Monthly inflation rate non-food (point to point) - Statistical Center of Iran,Statistical Center of Iran,persian,1400-07,29.50,%,IR,Iran,,,Base year 1400,سال پایه ۱۴۰۰
inf_irs_c-nf_p,Monthly inflation rate non-food (point to point) - Statistical Center of Iran,Statistical Center of Iran,persian,1400-08,29.80,%,IR,Iran,,,Base year 1400,سال پایه ۱۴۰۰
inf_irs_c-nf_p,Monthly inflation rate non-food (point to point) - Statistical Center of Iran,Statistical Center of Iran,persian,1400-09,31.20,%,IR,Iran,,,Base year 1400,سال پایه ۱۴۰۰
inf_irs_c-nf_p,Monthly inflation rate non-food (point to point) - Statistical Center of Iran,Statistical Center of Iran,persian,1400-10,31.80,%,IR,Iran,,,Base year 1400,سال پایه ۱۴۰۰
inf_irs_c-nf_p,Monthly inflation rate non-food (point to point) - Statistical Center of Iran,Statistical Center of Iran,persian,1400-11,31.60,%,IR,Iran,,,Base year 1400,سال پایه ۱۴۰۰
inf_irs_c-nf_p,Monthly inflation rate non-food (point to point) - Statistical Center of Iran,Statistical Center of Iran,persian,1400-12,30.50,%,IR,Iran,,,Base year 1400,سال پایه ۱۴۰۰
inf_irs_c-nf_p,Monthly inflation rate non-food (point to point) - Statistical Center of Iran,Statistical Center of Iran,persian,1401-01,28.60,%,IR,Iran,,,Base year 1400,سال پایه ۱۴۰۰
inf_irs_c-nf_p,Monthly inflation rate non-food (point to point) - Statistical Center of Iran,Statistical Center of Iran,persian,1401-02,30.80,%,IR,Iran,,,Base year 1400,سال پایه ۱۴۰۰
inf_irs_c-nf_p,Monthly inflation rate non-food (point to point) - Statistical Center of Iran,Statistical Center of Iran,persian,1401-03,33.60,%,IR,Iran,,,Base year 1400,سال پایه ۱۴۰۰
inf_irs_c-nf_p,Monthly inflation rate non-food (point to point) - Statistical Center of Iran,Statistical Center of Iran,persian,1401-04,34.10,%,IR,Iran,,,Base year 1400,سال پایه ۱۴۰۰
inf_irs_c-nf_p,Monthly inflation rate non-food (point to point) - Statistical Center of Iran,Statistical Center of Iran,persian,1401-05,34.40,%,IR,Iran,,,Base year 1400,سال پایه ۱۴۰۰
inf_irs_c-nf_p,Monthly inflation rate non-food (point to point) - Statistical Center of Iran,Statistical Center of Iran,persian,1401-06,33.30,%,IR,Iran,,,Base year 1400,سال پایه ۱۴۰۰
inf_irs_c-nf_p,Monthly inflation rate non-food (point to point) - Statistical Center of Iran,Statistical Center of Iran,persian,1401-07,33.40,%,IR,Iran,,,Base year 1400,سال پایه ۱۴۰۰
inf_irs_c-nf_p,Monthly inflation rate non-food (point to point) - Statistical Center of Iran,Statistical Center of Iran,persian,1401-08,34.80,%,IR,Iran,,,Base year 1400,سال پایه ۱۴۰۰
inf_irs_c-nf_p,Monthly inflation rate non-food (point to point) - Statistical Center of Iran,Statistical Center of Iran,persian,1401-09,36.80,%,IR,Iran,,,Base year 1400,سال پایه ۱۴۰۰
inf_irs_c-nf_p,Monthly inflation rate non-food (point to point) - Statistical Center of Iran,Statistical Center of Iran,persian,1401-10,38.00,%,IR,Iran,,,Base year 1400,سال پایه ۱۴۰۰
inf_irs_c-nf_p,Monthly inflation rate non-food (point to point) - Statistical Center of Iran,Statistical Center of Iran,persian,1401-11,40.20,%,IR,Iran,,,Base year 1400,سال پایه ۱۴۰۰
inf_irs_c-nf_p,Monthly inflation rate non-food (point to point) - Statistical Center of Iran,Statistical Center of Iran,persian,1401-12,43.80,%,IR,Iran,,,Base year 1400,سال پایه ۱۴۰۰
inf_irs_c-nf_p,Monthly inflation rate non-food (point to point) - Statistical Center of Iran,Statistical Center of Iran,persian,1402-01,45.50,%,IR,Iran,,,Base year 1400,سال پایه ۱۴۰۰
inf_irs_c-nf_p,Monthly inflation rate non-food (point to point) - Statistical Center of Iran,Statistical Center of Iran,persian,1402-02,45.10,%,IR,Iran,,,Base year 1400,سال پایه ۱۴۰۰
inf_irs_c-nf_p,Monthly inflation rate non-food (point to point) - Statistical Center of Iran,Statistical Center of Iran,persian,1402-03,42.60,%,IR,Iran,,,Base year 1400,سال پایه ۱۴۰۰
inf_irs_c-nf_p,Monthly inflation rate non-food (point to point) - Statistical Center of Iran,Statistical Center of Iran,persian,1402-04,40.60,%,IR,Iran,,,Base year 1400,سال پایه ۱۴۰۰
inf_irs_c-nf_p,Monthly inflation rate non-food (point to point) - Statistical Center of Iran,Statistical Center of Iran,persian,1402-05,40.50,%,IR,Iran,,,Base year 1400,سال پایه ۱۴۰۰
inf_irs_c-nf_p,Monthly inflation rate non-food (point to point) - Statistical Center of Iran,Statistical Center of Iran,persian,1402-06,40.50,%,IR,Iran,,,Base year 1400,سال پایه ۱۴۰۰
inf_irs_c-nf_p,Monthly inflation rate non-food (point to point) - Statistical Center of Iran,Statistical Center of Iran,persian,1402-07,40.90,%,IR,Iran,,,Base year 1400,سال پایه ۱۴۰۰
inf_irs_c-nf_p,Monthly inflation rate non-food (point to point) - Statistical Center of Iran,Statistical Center of Iran,persian,1402-08,40.70,%,IR,Iran,,,Base year 1400,سال پایه ۱۴۰۰
inf_irs_c-nf_p,Monthly inflation rate non-food (point to point) - Statistical Center of Iran,Statistical Center of Iran,persian,1402-09,39.50,%,IR,Iran,,,Base year 1400,سال پایه ۱۴۰۰
inf_irs_c-nf_p,Monthly inflation rate non-food (point to point) - Statistical Center of Iran,Statistical Center of Iran,persian,1402-10,38.20,%,IR,Iran,,,Base year 1400,سال پایه ۱۴۰۰
inf_irs_c-nf_p,Monthly inflation rate non-food (point to point) - Statistical Center of Iran,Statistical Center of Iran,persian,1402-11,37.90,%,IR,Iran,,,Base year 1400,سال پایه ۱۴۰۰
inf_irs_c-nf_p,Monthly inflation rate non-food (point to point) - Statistical Center of Iran,Statistical Center of Iran,persian,1402-12,36.10,%,IR,Iran,,,Base year 1400,سال پایه ۱۴۰۰
inf_irs_c-nf_p,Monthly inflation rate non-food (point to point) - Statistical Center of Iran,Statistical Center of Iran,persian,1403-01,34.80,%,IR,Iran,,,Base year 1400,سال پایه ۱۴۰۰
inf_irs_c-nf_p,Monthly inflation rate non-food (point to point) - Statistical Center of Iran,Statistical Center of Iran,persian,1403-02,35.50,%,IR,Iran,,,Base year 1400,سال پایه ۱۴۰۰
inf_irs_c-nf_p,Monthly inflation rate non-food (point to point) - Statistical Center of Iran,Statistical Center of Iran,persian,1403-03,35.30,%,IR,Iran,,,Base year 1400,سال پایه ۱۴۰۰
inf_irs_c-nf_p,Monthly inflation rate non-food (point to point) - Statistical Center of Iran,Statistical Center of Iran,persian,1403-04,35.40,%,IR,Iran,,,Base year 1400,سال پایه ۱۴۰۰
inf_irs_c-nf_p,Monthly inflation rate non-food (point to point) - Statistical Center of Iran,Statistical Center of Iran,persian,1403-05,35.50,%,IR,Iran,,,Base year 1400,سال پایه ۱۴۰۰
inf_irs_c-nf_p,Monthly inflation rate non-food (point to point) - Statistical Center of Iran,Statistical Center of Iran,persian,1403-06,35.20,%,IR,Iran,,,Base year 1400,سال پایه ۱۴۰۰
inf_irs_c-nf_p,Monthly inflation rate non-food (point to point) - Statistical Center of Iran,Statistical Center of Iran,persian,1403-07,34.60,%,IR,Iran,,,Base year 1400,سال پایه ۱۴۰۰
inf_irs_c-nf_p,Monthly inflation rate non-food (point to point) - Statistical Center of Iran,Statistical Center of Iran,persian,1403-08,34.20,%,IR,Iran,,,Base year 1400,سال پایه ۱۴۰۰
inf_irs_c-nf_p,Monthly inflation rate non-food (point to point) - Statistical Center of Iran,Statistical Center of Iran,persian,1403-09,34.00,%,IR,Iran,,,Base year 1400,سال پایه ۱۴۰۰
inf_irs_c-nf_p,Monthly inflation rate non-food (point to point) - Statistical Center of Iran,Statistical Center of Iran,persian,1403-10,34.10,%,IR,Iran,,,Base year 1400,سال پایه ۱۴۰۰
inf_irs_c-nf_p,Monthly inflation rate non-food (point to point) - Statistical Center of Iran,Statistical Center of Iran,persian,1403-11,34.80,%,IR,Iran,,,Base year 1400,سال پایه ۱۴۰۰
inf_irs_c-nf_p,Monthly inflation rate non-food (point to point) - Statistical Center of Iran,Statistical Center of Iran,persian,1403-12,35.20,%,IR,Iran,,,Base year 1400,سال پایه ۱۴۰۰
inf_irs_c-nf_p,Monthly inflation rate non-food (point to point) - Statistical Center of Iran,Statistical Center of Iran,persian,1404-01,37.00,%,IR,Iran,,,Base year 1400,سال پایه ۱۴۰۰
inf_irs_c-nf_p,Monthly inflation rate non-food (point to point) - Statistical Center of Iran,Statistical Center of Iran,persian,1404-02,37.30,%,IR,Iran,,,Base year 1400,سال پایه ۱۴۰۰
inf_irs_c-nf_p,Monthly inflation rate non-food (point to point) - Statistical Center of Iran,Statistical Center of Iran,persian,1404-03,37.90,%,IR,Iran,,,Base year 1400,سال پایه ۱۴۰۰
inf_irs_c-nf_p,Monthly inflation rate non-food (point to point) - Statistical Center of Iran,Statistical Center of Iran,persian,1404-04,38.10,%,IR,Iran,,,Base year 1400,سال پایه ۱۴۰۰
inf_irs_c-nf_p,Monthly inflation rate non-food (point to point) - Statistical Center of Iran,Statistical Center of Iran,persian,1404-05,37.90,%,IR,Iran,,,Base year 1400,سال پایه ۱۴۰۰
inf_irs_c-nf_p,Monthly inflation rate non-food (point to point) - Statistical Center of Iran,Statistical Center of Iran,persian,1404-06,39.10,%,IR,Iran,,,Base year 1400,سال پایه ۱۴۰۰
inf_irs_c-nf_p,Monthly inflation rate non-food (point to point) - Statistical Center of Iran,Statistical Center of Iran,persian,1404-07,40.90,%,IR,Iran,,,Base year 1400,سال پایه ۱۴۰۰
inf_irs_c-nf_p,Monthly inflation rate non-food (point to point) - Statistical Center of Iran,Statistical Center of Iran,persian,1404-08,41.20,%,IR,Iran,,,Base year 1400,سال پایه ۱۴۰۰
inf_irs_c-nf_p,Monthly inflation rate non-food (point to point) - Statistical Center of Iran,Statistical Center of Iran,persian,1404-09,43.00,%,IR,Iran,,,Base year 1400,سال پایه ۱۴۰۰
inf_irs_c-nf_p,Monthly inflation rate non-food (point to point) - Statistical Center of Iran,Statistical Center of Iran,persian,1404-10,45.30,%,IR,Iran,,,Base year 1400,سال پایه ۱۴۰۰
inf_irs_c-nf_p,Monthly inflation rate non-food (point to point) - Statistical Center of Iran,Statistical Center of Iran,persian,1404-11,49.00,%,IR,Iran,,,Base year 1400,سال پایه ۱۴۰۰
inf_irs_c-nf_p,Monthly inflation rate non-food (point to point) - Statistical Center of Iran,Statistical Center of Iran,persian,1404-12,50.40,%,IR,Iran,,,Base year 1400,سال پایه ۱۴۰۰
inf_irs_c-nf_p,Monthly inflation rate non-food (point to point) - Statistical Center of Iran,Statistical Center of Iran,persian,1405-01,51.30,%,IR,Iran,,,Base year 1400,سال پایه ۱۴۰۰
inf_irs_c-h_p,Monthly inflation rate housing (point to point) - Statistical Center of Iran,Statistical Center of Iran,persian,1391-01,24.00,%,IR,Iran,,,Base year 1400,سال پایه ۱۴۰۰
inf_irs_c-h_p,Monthly inflation rate housing (point to point) - Statistical Center of Iran,Statistical Center of Iran,persian,1391-02,20.00,%,IR,Iran,,,Base year 1400,سال پایه ۱۴۰۰
inf_irs_c-h_p,Monthly inflation rate housing (point to point) - Statistical Center of Iran,Statistical Center of Iran,persian,1391-03,18.10,%,IR,Iran,,,Base year 1400,سال پایه ۱۴۰۰
inf_irs_c-h_p,Monthly inflation rate housing (point to point) - Statistical Center of Iran,Statistical Center of Iran,persian,1391-04,16.50,%,IR,Iran,,,Base year 1400,سال پایه ۱۴۰۰
inf_irs_c-h_p,Monthly inflation rate housing (point to point) - Statistical Center of Iran,Statistical Center of Iran,persian,1391-05,14.70,%,IR,Iran,,,Base year 1400,سال پایه ۱۴۰۰
inf_irs_c-h_p,Monthly inflation rate housing (point to point) - Statistical Center of Iran,Statistical Center of Iran,persian,1391-06,15.50,%,IR,Iran,,,Base year 1400,سال پایه ۱۴۰۰
inf_irs_c-h_p,Monthly inflation rate housing (point to point) - Statistical Center of Iran,Statistical Center of Iran,persian,1391-07,16.70,%,IR,Iran,,,Base year 1400,سال پایه ۱۴۰۰
inf_irs_c-h_p,Monthly inflation rate housing (point to point) - Statistical Center of Iran,Statistical Center of Iran,persian,1391-08,17.60,%,IR,Iran,,,Base year 1400,سال پایه ۱۴۰۰
inf_irs_c-h_p,Monthly inflation rate housing (point to point) - Statistical Center of Iran,Statistical Center of Iran,persian,1391-09,16.60,%,IR,Iran,,,Base year 1400,سال پایه ۱۴۰۰
inf_irs_c-h_p,Monthly inflation rate housing (point to point) - Statistical Center of Iran,Statistical Center of Iran,persian,1391-10,17.40,%,IR,Iran,,,Base year 1400,سال پایه ۱۴۰۰
inf_irs_c-h_p,Monthly inflation rate housing (point to point) - Statistical Center of Iran,Statistical Center of Iran,persian,1391-11,18.30,%,IR,Iran,,,Base year 1400,سال پایه ۱۴۰۰
inf_irs_c-h_p,Monthly inflation rate housing (point to point) - Statistical Center of Iran,Statistical Center of Iran,persian,1391-12,18.10,%,IR,Iran,,,Base year 1400,سال پایه ۱۴۰۰
inf_irs_c-h_p,Monthly inflation rate housing (point to point) - Statistical Center of Iran,Statistical Center of Iran,persian,1392-01,18.80,%,IR,Iran,,,Base year 1400,سال پایه ۱۴۰۰
inf_irs_c-h_p,Monthly inflation rate housing (point to point) - Statistical Center of Iran,Statistical Center of Iran,persian,1392-02,18.50,%,IR,Iran,,,Base year 1400,سال پایه ۱۴۰۰
inf_irs_c-h_p,Monthly inflation rate housing (point to point) - Statistical Center of Iran,Statistical Center of Iran,persian,1392-03,21.00,%,IR,Iran,,,Base year 1400,سال پایه ۱۴۰۰
inf_irs_c-h_p,Monthly inflation rate housing (point to point) - Statistical Center of Iran,Statistical Center of Iran,persian,1392-04,21.50,%,IR,Iran,,,Base year 1400,سال پایه ۱۴۰۰
inf_irs_c-h_p,Monthly inflation rate housing (point to point) - Statistical Center of Iran,Statistical Center of Iran,persian,1392-05,20.40,%,IR,Iran,,,Base year 1400,سال پایه ۱۴۰۰
inf_irs_c-h_p,Monthly inflation rate housing (point to point) - Statistical Center of Iran,Statistical Center of Iran,persian,1392-06,19.10,%,IR,Iran,,,Base year 1400,سال پایه ۱۴۰۰
inf_irs_c-h_p,Monthly inflation rate housing (point to point) - Statistical Center of Iran,Statistical Center of Iran,persian,1392-07,17.70,%,IR,Iran,,,Base year 1400,سال پایه ۱۴۰۰
inf_irs_c-h_p,Monthly inflation rate housing (point to point) - Statistical Center of Iran,Statistical Center of Iran,persian,1392-08,19.10,%,IR,Iran,,,Base year 1400,سال پایه ۱۴۰۰
inf_irs_c-h_p,Monthly inflation rate housing (point to point) - Statistical Center of Iran,Statistical Center of Iran,persian,1392-09,20.50,%,IR,Iran,,,Base year 1400,سال پایه ۱۴۰۰
inf_irs_c-h_p,Monthly inflation rate housing (point to point) - Statistical Center of Iran,Statistical Center of Iran,persian,1392-10,19.90,%,IR,Iran,,,Base year 1400,سال پایه ۱۴۰۰
inf_irs_c-h_p,Monthly inflation rate housing (point to point) - Statistical Center of Iran,Statistical Center of Iran,persian,1392-11,19.30,%,IR,Iran,,,Base year 1400,سال پایه ۱۴۰۰
inf_irs_c-h_p,Monthly inflation rate housing (point to point) - Statistical Center of Iran,Statistical Center of Iran,persian,1392-12,19.30,%,IR,Iran,,,Base year 1400,سال پایه ۱۴۰۰
inf_irs_c-h_p,Monthly inflation rate housing (point to point) - Statistical Center of Iran,Statistical Center of Iran,persian,1393-01,19.40,%,IR,Iran,,,Base year 1400,سال پایه ۱۴۰۰
inf_irs_c-h_p,Monthly inflation rate housing (point to point) - Statistical Center of Iran,Statistical Center of Iran,persian,1393-02,20.60,%,IR,Iran,,,Base year 1400,سال پایه ۱۴۰۰
inf_irs_c-h_p,Monthly inflation rate housing (point to point) - Statistical Center of Iran,Statistical Center of Iran,persian,1393-03,18.70,%,IR,Iran,,,Base year 1400,سال پایه ۱۴۰۰
inf_irs_c-h_p,Monthly inflation rate housing (point to point) - Statistical Center of Iran,Statistical Center of Iran,persian,1393-04,18.10,%,IR,Iran,,,Base year 1400,سال پایه ۱۴۰۰
inf_irs_c-h_p,Monthly inflation rate housing (point to point) - Statistical Center of Iran,Statistical Center of Iran,persian,1393-05,18.60,%,IR,Iran,,,Base year 1400,سال پایه ۱۴۰۰
inf_irs_c-h_p,Monthly inflation rate housing (point to point) - Statistical Center of Iran,Statistical Center of Iran,persian,1393-06,17.80,%,IR,Iran,,,Base year 1400,سال پایه ۱۴۰۰
inf_irs_c-h_p,Monthly inflation rate housing (point to point) - Statistical Center of Iran,Statistical Center of Iran,persian,1393-07,18.70,%,IR,Iran,,,Base year 1400,سال پایه ۱۴۰۰
inf_irs_c-h_p,Monthly inflation rate housing (point to point) - Statistical Center of Iran,Statistical Center of Iran,persian,1393-08,17.00,%,IR,Iran,,,Base year 1400,سال پایه ۱۴۰۰
inf_irs_c-h_p,Monthly inflation rate housing (point to point) - Statistical Center of Iran,Statistical Center of Iran,persian,1393-09,16.20,%,IR,Iran,,,Base year 1400,سال پایه ۱۴۰۰
inf_irs_c-h_p,Monthly inflation rate housing (point to point) - Statistical Center of Iran,Statistical Center of Iran,persian,1393-10,17.60,%,IR,Iran,,,Base year 1400,سال پایه ۱۴۰۰
inf_irs_c-h_p,Monthly inflation rate housing (point to point) - Statistical Center of Iran,Statistical Center of Iran,persian,1393-11,17.50,%,IR,Iran,,,Base year 1400,سال پایه ۱۴۰۰
inf_irs_c-h_p,Monthly inflation rate housing (point to point) - Statistical Center of Iran,Statistical Center of Iran,persian,1393-12,18.00,%,IR,Iran,,,Base year 1400,سال پایه ۱۴۰۰
inf_irs_c-h_p,Monthly inflation rate housing (point to point) - Statistical Center of Iran,Statistical Center of Iran,persian,1394-01,16.70,%,IR,Iran,,,Base year 1400,سال پایه ۱۴۰۰
inf_irs_c-h_p,Monthly inflation rate housing (point to point) - Statistical Center of Iran,Statistical Center of Iran,persian,1394-02,15.60,%,IR,Iran,,,Base year 1400,سال پایه ۱۴۰۰
inf_irs_c-h_p,Monthly inflation rate housing (point to point) - Statistical Center of Iran,Statistical Center of Iran,persian,1394-03,15.50,%,IR,Iran,,,Base year 1400,سال پایه ۱۴۰۰
inf_irs_c-h_p,Monthly inflation rate housing (point to point) - Statistical Center of Iran,Statistical Center of Iran,persian,1394-04,15.20,%,IR,Iran,,,Base year 1400,سال پایه ۱۴۰۰
inf_irs_c-h_p,Monthly inflation rate housing (point to point) - Statistical Center of Iran,Statistical Center of Iran,persian,1394-05,14.20,%,IR,Iran,,,Base year 1400,سال پایه ۱۴۰۰
inf_irs_c-h_p,Monthly inflation rate housing (point to point) - Statistical Center of Iran,Statistical Center of Iran,persian,1394-06,15.80,%,IR,Iran,,,Base year 1400,سال پایه ۱۴۰۰
inf_irs_c-h_p,Monthly inflation rate housing (point to point) - Statistical Center of Iran,Statistical Center of Iran,persian,1394-07,15.10,%,IR,Iran,,,Base year 1400,سال پایه ۱۴۰۰
inf_irs_c-h_p,Monthly inflation rate housing (point to point) - Statistical Center of Iran,Statistical Center of Iran,persian,1394-08,15.60,%,IR,Iran,,,Base year 1400,سال پایه ۱۴۰۰
inf_irs_c-h_p,Monthly inflation rate housing (point to point) - Statistical Center of Iran,Statistical Center of Iran,persian,1394-09,15.30,%,IR,Iran,,,Base year 1400,سال پایه ۱۴۰۰
inf_irs_c-h_p,Monthly inflation rate housing (point to point) - Statistical Center of Iran,Statistical Center of Iran,persian,1394-10,12.50,%,IR,Iran,,,Base year 1400,سال پایه ۱۴۰۰
inf_irs_c-h_p,Monthly inflation rate housing (point to point) - Statistical Center of Iran,Statistical Center of Iran,persian,1394-11,11.40,%,IR,Iran,,,Base year 1400,سال پایه ۱۴۰۰
inf_irs_c-h_p,Monthly inflation rate housing (point to point) - Statistical Center of Iran,Statistical Center of Iran,persian,1394-12,10.70,%,IR,Iran,,,Base year 1400,سال پایه ۱۴۰۰
inf_irs_c-h_p,Monthly inflation rate housing (point to point) - Statistical Center of Iran,Statistical Center of Iran,persian,1395-01,10.70,%,IR,Iran,,,Base year 1400,سال پایه ۱۴۰۰
inf_irs_c-h_p,Monthly inflation rate housing (point to point) - Statistical Center of Iran,Statistical Center of Iran,persian,1395-02,10.10,%,IR,Iran,,,Base year 1400,سال پایه ۱۴۰۰
inf_irs_c-h_p,Monthly inflation rate housing (point to point) - Statistical Center of Iran,Statistical Center of Iran,persian,1395-03,9.00,%,IR,Iran,,,Base year 1400,سال پایه ۱۴۰۰
inf_irs_c-h_p,Monthly inflation rate housing (point to point) - Statistical Center of Iran,Statistical Center of Iran,persian,1395-04,8.00,%,IR,Iran,,,Base year 1400,سال پایه ۱۴۰۰
inf_irs_c-h_p,Monthly inflation rate housing (point to point) - Statistical Center of Iran,Statistical Center of Iran,persian,1395-05,7.70,%,IR,Iran,,,Base year 1400,سال پایه ۱۴۰۰
inf_irs_c-h_p,Monthly inflation rate housing (point to point) - Statistical Center of Iran,Statistical Center of Iran,persian,1395-06,5.60,%,IR,Iran,,,Base year 1400,سال پایه ۱۴۰۰
inf_irs_c-h_p,Monthly inflation rate housing (point to point) - Statistical Center of Iran,Statistical Center of Iran,persian,1395-07,4.60,%,IR,Iran,,,Base year 1400,سال پایه ۱۴۰۰
inf_irs_c-h_p,Monthly inflation rate housing (point to point) - Statistical Center of Iran,Statistical Center of Iran,persian,1395-08,3.10,%,IR,Iran,,,Base year 1400,سال پایه ۱۴۰۰
inf_irs_c-h_p,Monthly inflation rate housing (point to point) - Statistical Center of Iran,Statistical Center of Iran,persian,1395-09,2.90,%,IR,Iran,,,Base year 1400,سال پایه ۱۴۰۰
inf_irs_c-h_p,Monthly inflation rate housing (point to point) - Statistical Center of Iran,Statistical Center of Iran,persian,1395-10,4.00,%,IR,Iran,,,Base year 1400,سال پایه ۱۴۰۰
inf_irs_c-h_p,Monthly inflation rate housing (point to point) - Statistical Center of Iran,Statistical Center of Iran,persian,1395-11,5.00,%,IR,Iran,,,Base year 1400,سال پایه ۱۴۰۰
inf_irs_c-h_p,Monthly inflation rate housing (point to point) - Statistical Center of Iran,Statistical Center of Iran,persian,1395-12,4.80,%,IR,Iran,,,Base year 1400,سال پایه ۱۴۰۰
inf_irs_c-h_p,Monthly inflation rate housing (point to point) - Statistical Center of Iran,Statistical Center of Iran,persian,1396-01,5.50,%,IR,Iran,,,Base year 1400,سال پایه ۱۴۰۰
inf_irs_c-h_p,Monthly inflation rate housing (point to point) - Statistical Center of Iran,Statistical Center of Iran,persian,1396-02,5.80,%,IR,Iran,,,Base year 1400,سال پایه ۱۴۰۰
inf_irs_c-h_p,Monthly inflation rate housing (point to point) - Statistical Center of Iran,Statistical Center of Iran,persian,1396-03,5.80,%,IR,Iran,,,Base year 1400,سال پایه ۱۴۰۰
inf_irs_c-h_p,Monthly inflation rate housing (point to point) - Statistical Center of Iran,Statistical Center of Iran,persian,1396-04,6.80,%,IR,Iran,,,Base year 1400,سال پایه ۱۴۰۰
inf_irs_c-h_p,Monthly inflation rate housing (point to point) - Statistical Center of Iran,Statistical Center of Iran,persian,1396-05,6.60,%,IR,Iran,,,Base year 1400,سال پایه ۱۴۰۰
inf_irs_c-h_p,Monthly inflation rate housing (point to point) - Statistical Center of Iran,Statistical Center of Iran,persian,1396-06,6.90,%,IR,Iran,,,Base year 1400,سال پایه ۱۴۰۰
inf_irs_c-h_p,Monthly inflation rate housing (point to point) - Statistical Center of Iran,Statistical Center of Iran,persian,1396-07,8.20,%,IR,Iran,,,Base year 1400,سال پایه ۱۴۰۰
inf_irs_c-h_p,Monthly inflation rate housing (point to point) - Statistical Center of Iran,Statistical Center of Iran,persian,1396-08,8.90,%,IR,Iran,,,Base year 1400,سال پایه ۱۴۰۰
inf_irs_c-h_p,Monthly inflation rate housing (point to point) - Statistical Center of Iran,Statistical Center of Iran,persian,1396-09,8.50,%,IR,Iran,,,Base year 1400,سال پایه ۱۴۰۰
inf_irs_c-h_p,Monthly inflation rate housing (point to point) - Statistical Center of Iran,Statistical Center of Iran,persian,1396-10,8.10,%,IR,Iran,,,Base year 1400,سال پایه ۱۴۰۰
inf_irs_c-h_p,Monthly inflation rate housing (point to point) - Statistical Center of Iran,Statistical Center of Iran,persian,1396-11,8.10,%,IR,Iran,,,Base year 1400,سال پایه ۱۴۰۰
inf_irs_c-h_p,Monthly inflation rate housing (point to point) - Statistical Center of Iran,Statistical Center of Iran,persian,1396-12,8.20,%,IR,Iran,,,Base year 1400,سال پایه ۱۴۰۰
inf_irs_c-h_p,Monthly inflation rate housing (point to point) - Statistical Center of Iran,Statistical Center of Iran,persian,1397-01,7.70,%,IR,Iran,,,Base year 1400,سال پایه ۱۴۰۰
inf_irs_c-h_p,Monthly inflation rate housing (point to point) - Statistical Center of Iran,Statistical Center of Iran,persian,1397-02,8.40,%,IR,Iran,,,Base year 1400,سال پایه ۱۴۰۰
inf_irs_c-h_p,Monthly inflation rate housing (point to point) - Statistical Center of Iran,Statistical Center of Iran,persian,1397-03,8.30,%,IR,Iran,,,Base year 1400,سال پایه ۱۴۰۰
inf_irs_c-h_p,Monthly inflation rate housing (point to point) - Statistical Center of Iran,Statistical Center of Iran,persian,1397-04,12.60,%,IR,Iran,,,Base year 1400,سال پایه ۱۴۰۰
inf_irs_c-h_p,Monthly inflation rate housing (point to point) - Statistical Center of Iran,Statistical Center of Iran,persian,1397-05,14.50,%,IR,Iran,,,Base year 1400,سال پایه ۱۴۰۰
inf_irs_c-h_p,Monthly inflation rate housing (point to point) - Statistical Center of Iran,Statistical Center of Iran,persian,1397-06,16.40,%,IR,Iran,,,Base year 1400,سال پایه ۱۴۰۰
inf_irs_c-h_p,Monthly inflation rate housing (point to point) - Statistical Center of Iran,Statistical Center of Iran,persian,1397-07,19.80,%,IR,Iran,,,Base year 1400,سال پایه ۱۴۰۰
inf_irs_c-h_p,Monthly inflation rate housing (point to point) - Statistical Center of Iran,Statistical Center of Iran,persian,1397-08,20.20,%,IR,Iran,,,Base year 1400,سال پایه ۱۴۰۰
inf_irs_c-h_p,Monthly inflation rate housing (point to point) - Statistical Center of Iran,Statistical Center of Iran,persian,1397-09,21.70,%,IR,Iran,,,Base year 1400,سال پایه ۱۴۰۰
inf_irs_c-h_p,Monthly inflation rate housing (point to point) - Statistical Center of Iran,Statistical Center of Iran,persian,1397-10,22.80,%,IR,Iran,,,Base year 1400,سال پایه ۱۴۰۰
inf_irs_c-h_p,Monthly inflation rate housing (point to point) - Statistical Center of Iran,Statistical Center of Iran,persian,1397-11,23.10,%,IR,Iran,,,Base year 1400,سال پایه ۱۴۰۰
inf_irs_c-h_p,Monthly inflation rate housing (point to point) - Statistical Center of Iran,Statistical Center of Iran,persian,1397-12,24.30,%,IR,Iran,,,Base year 1400,سال پایه ۱۴۰۰
inf_irs_c-h_p,Monthly inflation rate housing (point to point) - Statistical Center of Iran,Statistical Center of Iran,persian,1398-01,25.30,%,IR,Iran,,,Base year 1400,سال پایه ۱۴۰۰
inf_irs_c-h_p,Monthly inflation rate housing (point to point) - Statistical Center of Iran,Statistical Center of Iran,persian,1398-02,25.40,%,IR,Iran,,,Base year 1400,سال پایه ۱۴۰۰
inf_irs_c-h_p,Monthly inflation rate housing (point to point) - Statistical Center of Iran,Statistical Center of Iran,persian,1398-03,26.60,%,IR,Iran,,,Base year 1400,سال پایه ۱۴۰۰
inf_irs_c-h_p,Monthly inflation rate housing (point to point) - Statistical Center of Iran,Statistical Center of Iran,persian,1398-04,24.70,%,IR,Iran,,,Base year 1400,سال پایه ۱۴۰۰
inf_irs_c-h_p,Monthly inflation rate housing (point to point) - Statistical Center of Iran,Statistical Center of Iran,persian,1398-05,24.00,%,IR,Iran,,,Base year 1400,سال پایه ۱۴۰۰
inf_irs_c-h_p,Monthly inflation rate housing (point to point) - Statistical Center of Iran,Statistical Center of Iran,persian,1398-06,24.10,%,IR,Iran,,,Base year 1400,سال پایه ۱۴۰۰
inf_irs_c-h_p,Monthly inflation rate housing (point to point) - Statistical Center of Iran,Statistical Center of Iran,persian,1398-07,23.50,%,IR,Iran,,,Base year 1400,سال پایه ۱۴۰۰
inf_irs_c-h_p,Monthly inflation rate housing (point to point) - Statistical Center of Iran,Statistical Center of Iran,persian,1398-08,23.50,%,IR,Iran,,,Base year 1400,سال پایه ۱۴۰۰
inf_irs_c-h_p,Monthly inflation rate housing (point to point) - Statistical Center of Iran,Statistical Center of Iran,persian,1398-09,22.50,%,IR,Iran,,,Base year 1400,سال پایه ۱۴۰۰
inf_irs_c-h_p,Monthly inflation rate housing (point to point) - Statistical Center of Iran,Statistical Center of Iran,persian,1398-10,22.20,%,IR,Iran,,,Base year 1400,سال پایه ۱۴۰۰
inf_irs_c-h_p,Monthly inflation rate housing (point to point) - Statistical Center of Iran,Statistical Center of Iran,persian,1398-11,22.30,%,IR,Iran,,,Base year 1400,سال پایه ۱۴۰۰
inf_irs_c-h_p,Monthly inflation rate housing (point to point) - Statistical Center of Iran,Statistical Center of Iran,persian,1398-12,22.00,%,IR,Iran,,,Base year 1400,سال پایه ۱۴۰۰
inf_irs_c-h_p,Monthly inflation rate housing (point to point) - Statistical Center of Iran,Statistical Center of Iran,persian,1399-01,20.40,%,IR,Iran,,,Base year 1400,سال پایه ۱۴۰۰
inf_irs_c-h_p,Monthly inflation rate housing (point to point) - Statistical Center of Iran,Statistical Center of Iran,persian,1399-02,21.50,%,IR,Iran,,,Base year 1400,سال پایه ۱۴۰۰
inf_irs_c-h_p,Monthly inflation rate housing (point to point) - Statistical Center of Iran,Statistical Center of Iran,persian,1399-03,21.70,%,IR,Iran,,,Base year 1400,سال پایه ۱۴۰۰
inf_irs_c-h_p,Monthly inflation rate housing (point to point) - Statistical Center of Iran,Statistical Center of Iran,persian,1399-04,24.60,%,IR,Iran,,,Base year 1400,سال پایه ۱۴۰۰
inf_irs_c-h_p,Monthly inflation rate housing (point to point) - Statistical Center of Iran,Statistical Center of Iran,persian,1399-05,25.80,%,IR,Iran,,,Base year 1400,سال پایه ۱۴۰۰
inf_irs_c-h_p,Monthly inflation rate housing (point to point) - Statistical Center of Iran,Statistical Center of Iran,persian,1399-06,26.20,%,IR,Iran,,,Base year 1400,سال پایه ۱۴۰۰
inf_irs_c-h_p,Monthly inflation rate housing (point to point) - Statistical Center of Iran,Statistical Center of Iran,persian,1399-07,26.30,%,IR,Iran,,,Base year 1400,سال پایه ۱۴۰۰
inf_irs_c-h_p,Monthly inflation rate housing (point to point) - Statistical Center of Iran,Statistical Center of Iran,persian,1399-08,26.00,%,IR,Iran,,,Base year 1400,سال پایه ۱۴۰۰
inf_irs_c-h_p,Monthly inflation rate housing (point to point) - Statistical Center of Iran,Statistical Center of Iran,persian,1399-09,26.10,%,IR,Iran,,,Base year 1400,سال پایه ۱۴۰۰
inf_irs_c-h_p,Monthly inflation rate housing (point to point) - Statistical Center of Iran,Statistical Center of Iran,persian,1399-10,27.50,%,IR,Iran,,,Base year 1400,سال پایه ۱۴۰۰
inf_irs_c-h_p,Monthly inflation rate housing (point to point) - Statistical Center of Iran,Statistical Center of Iran,persian,1399-11,27.10,%,IR,Iran,,,Base year 1400,سال پایه ۱۴۰۰
inf_irs_c-h_p,Monthly inflation rate housing (point to point) - Statistical Center of Iran,Statistical Center of Iran,persian,1399-12,28.40,%,IR,Iran,,,Base year 1400,سال پایه ۱۴۰۰
inf_irs_c-h_p,Monthly inflation rate housing (point to point) - Statistical Center of Iran,Statistical Center of Iran,persian,1400-01,30.40,%,IR,Iran,,,Base year 1400,سال پایه ۱۴۰۰
inf_irs_c-h_p,Monthly inflation rate housing (point to point) - Statistical Center of Iran,Statistical Center of Iran,persian,1400-02,29.20,%,IR,Iran,,,Base year 1400,سال پایه ۱۴۰۰
inf_irs_c-h_p,Monthly inflation rate housing (point to point) - Statistical Center of Iran,Statistical Center of Iran,persian,1400-03,29.00,%,IR,Iran,,,Base year 1400,سال پایه ۱۴۰۰
inf_irs_c-h_p,Monthly inflation rate housing (point to point) - Statistical Center of Iran,Statistical Center of Iran,persian,1400-04,25.10,%,IR,Iran,,,Base year 1400,سال پایه ۱۴۰۰
inf_irs_c-h_p,Monthly inflation rate housing (point to point) - Statistical Center of Iran,Statistical Center of Iran,persian,1400-05,24.40,%,IR,Iran,,,Base year 1400,سال پایه ۱۴۰۰
inf_irs_c-h_p,Monthly inflation rate housing (point to point) - Statistical Center of Iran,Statistical Center of Iran,persian,1400-06,25.80,%,IR,Iran,,,Base year 1400,سال پایه ۱۴۰۰
inf_irs_c-h_p,Monthly inflation rate housing (point to point) - Statistical Center of Iran,Statistical Center of Iran,persian,1400-07,24.60,%,IR,Iran,,,Base year 1400,سال پایه ۱۴۰۰
inf_irs_c-h_p,Monthly inflation rate housing (point to point) - Statistical Center of Iran,Statistical Center of Iran,persian,1400-08,25.20,%,IR,Iran,,,Base year 1400,سال پایه ۱۴۰۰
inf_irs_c-h_p,Monthly inflation rate housing (point to point) - Statistical Center of Iran,Statistical Center of Iran,persian,1400-09,25.90,%,IR,Iran,,,Base year 1400,سال پایه ۱۴۰۰
inf_irs_c-h_p,Monthly inflation rate housing (point to point) - Statistical Center of Iran,Statistical Center of Iran,persian,1400-10,27.70,%,IR,Iran,,,Base year 1400,سال پایه ۱۴۰۰
inf_irs_c-h_p,Monthly inflation rate housing (point to point) - Statistical Center of Iran,Statistical Center of Iran,persian,1400-11,28.50,%,IR,Iran,,,Base year 1400,سال پایه ۱۴۰۰
inf_irs_c-h_p,Monthly inflation rate housing (point to point) - Statistical Center of Iran,Statistical Center of Iran,persian,1400-12,27.40,%,IR,Iran,,,Base year 1400,سال پایه ۱۴۰۰
inf_irs_c-h_p,Monthly inflation rate housing (point to point) - Statistical Center of Iran,Statistical Center of Iran,persian,1401-01,27.70,%,IR,Iran,,,Base year 1400,سال پایه ۱۴۰۰
inf_irs_c-h_p,Monthly inflation rate housing (point to point) - Statistical Center of Iran,Statistical Center of Iran,persian,1401-02,29.00,%,IR,Iran,,,Base year 1400,سال پایه ۱۴۰۰
inf_irs_c-h_p,Monthly inflation rate housing (point to point) - Statistical Center of Iran,Statistical Center of Iran,persian,1401-03,30.50,%,IR,Iran,,,Base year 1400,سال پایه ۱۴۰۰
inf_irs_c-h_p,Monthly inflation rate housing (point to point) - Statistical Center of Iran,Statistical Center of Iran,persian,1401-04,29.90,%,IR,Iran,,,Base year 1400,سال پایه ۱۴۰۰
inf_irs_c-h_p,Monthly inflation rate housing (point to point) - Statistical Center of Iran,Statistical Center of Iran,persian,1401-05,30.80,%,IR,Iran,,,Base year 1400,سال پایه ۱۴۰۰
inf_irs_c-h_p,Monthly inflation rate housing (point to point) - Statistical Center of Iran,Statistical Center of Iran,persian,1401-06,29.90,%,IR,Iran,,,Base year 1400,سال پایه ۱۴۰۰
inf_irs_c-h_p,Monthly inflation rate housing (point to point) - Statistical Center of Iran,Statistical Center of Iran,persian,1401-07,30.20,%,IR,Iran,,,Base year 1400,سال پایه ۱۴۰۰
inf_irs_c-h_p,Monthly inflation rate housing (point to point) - Statistical Center of Iran,Statistical Center of Iran,persian,1401-08,32.80,%,IR,Iran,,,Base year 1400,سال پایه ۱۴۰۰
inf_irs_c-h_p,Monthly inflation rate housing (point to point) - Statistical Center of Iran,Statistical Center of Iran,persian,1401-09,35.20,%,IR,Iran,,,Base year 1400,سال پایه ۱۴۰۰
inf_irs_c-h_p,Monthly inflation rate housing (point to point) - Statistical Center of Iran,Statistical Center of Iran,persian,1401-10,33.90,%,IR,Iran,,,Base year 1400,سال پایه ۱۴۰۰
inf_irs_c-h_p,Monthly inflation rate housing (point to point) - Statistical Center of Iran,Statistical Center of Iran,persian,1401-11,36.70,%,IR,Iran,,,Base year 1400,سال پایه ۱۴۰۰
inf_irs_c-h_p,Monthly inflation rate housing (point to point) - Statistical Center of Iran,Statistical Center of Iran,persian,1401-12,38.60,%,IR,Iran,,,Base year 1400,سال پایه ۱۴۰۰
inf_irs_c-h_p,Monthly inflation rate housing (point to point) - Statistical Center of Iran,Statistical Center of Iran,persian,1402-01,39.00,%,IR,Iran,,,Base year 1400,سال پایه ۱۴۰۰
inf_irs_c-h_p,Monthly inflation rate housing (point to point) - Statistical Center of Iran,Statistical Center of Iran,persian,1402-02,38.30,%,IR,Iran,,,Base year 1400,سال پایه ۱۴۰۰
inf_irs_c-h_p,Monthly inflation rate housing (point to point) - Statistical Center of Iran,Statistical Center of Iran,persian,1402-03,38.60,%,IR,Iran,,,Base year 1400,سال پایه ۱۴۰۰
inf_irs_c-h_p,Monthly inflation rate housing (point to point) - Statistical Center of Iran,Statistical Center of Iran,persian,1402-04,37.20,%,IR,Iran,,,Base year 1400,سال پایه ۱۴۰۰
inf_irs_c-h_p,Monthly inflation rate housing (point to point) - Statistical Center of Iran,Statistical Center of Iran,persian,1402-05,37.90,%,IR,Iran,,,Base year 1400,سال پایه ۱۴۰۰
inf_irs_c-h_p,Monthly inflation rate housing (point to point) - Statistical Center of Iran,Statistical Center of Iran,persian,1402-06,38.10,%,IR,Iran,,,Base year 1400,سال پایه ۱۴۰۰
inf_irs_c-h_p,Monthly inflation rate housing (point to point) - Statistical Center of Iran,Statistical Center of Iran,persian,1402-07,38.70,%,IR,Iran,,,Base year 1400,سال پایه ۱۴۰۰
inf_irs_c-h_p,Monthly inflation rate housing (point to point) - Statistical Center of Iran,Statistical Center of Iran,persian,1402-08,39.50,%,IR,Iran,,,Base year 1400,سال پایه ۱۴۰۰
inf_irs_c-h_p,Monthly inflation rate housing (point to point) - Statistical Center of Iran,Statistical Center of Iran,persian,1402-09,40.00,%,IR,Iran,,,Base year 1400,سال پایه ۱۴۰۰
inf_irs_c-h_p,Monthly inflation rate housing (point to point) - Statistical Center of Iran,Statistical Center of Iran,persian,1402-10,40.60,%,IR,Iran,,,Base year 1400,سال پایه ۱۴۰۰
inf_irs_c-h_p,Monthly inflation rate housing (point to point) - Statistical Center of Iran,Statistical Center of Iran,persian,1402-11,40.70,%,IR,Iran,,,Base year 1400,سال پایه ۱۴۰۰
inf_irs_c-h_p,Monthly inflation rate housing (point to point) - Statistical Center of Iran,Statistical Center of Iran,persian,1402-12,41.20,%,IR,Iran,,,Base year 1400,سال پایه ۱۴۰۰
inf_irs_c-h_p,Monthly inflation rate housing (point to point) - Statistical Center of Iran,Statistical Center of Iran,persian,1403-01,40.70,%,IR,Iran,,,Base year 1400,سال پایه ۱۴۰۰
inf_irs_c-h_p,Monthly inflation rate housing (point to point) - Statistical Center of Iran,Statistical Center of Iran,persian,1403-02,41.80,%,IR,Iran,,,Base year 1400,سال پایه ۱۴۰۰
inf_irs_c-h_p,Monthly inflation rate housing (point to point) - Statistical Center of Iran,Statistical Center of Iran,persian,1403-03,41.20,%,IR,Iran,,,Base year 1400,سال پایه ۱۴۰۰
inf_irs_c-h_p,Monthly inflation rate housing (point to point) - Statistical Center of Iran,Statistical Center of Iran,persian,1403-04,42.10,%,IR,Iran,,,Base year 1400,سال پایه ۱۴۰۰
inf_irs_c-h_p,Monthly inflation rate housing (point to point) - Statistical Center of Iran,Statistical Center of Iran,persian,1403-05,42.10,%,IR,Iran,,,Base year 1400,سال پایه ۱۴۰۰
inf_irs_c-h_p,Monthly inflation rate housing (point to point) - Statistical Center of Iran,Statistical Center of Iran,persian,1403-06,41.50,%,IR,Iran,,,Base year 1400,سال پایه ۱۴۰۰
inf_irs_c-h_p,Monthly inflation rate housing (point to point) - Statistical Center of Iran,Statistical Center of Iran,persian,1403-07,40.30,%,IR,Iran,,,Base year 1400,سال پایه ۱۴۰۰
inf_irs_c-h_p,Monthly inflation rate housing (point to point) - Statistical Center of Iran,Statistical Center of Iran,persian,1403-08,39.00,%,IR,Iran,,,Base year 1400,سال پایه ۱۴۰۰
inf_irs_c-h_p,Monthly inflation rate housing (point to point) - Statistical Center of Iran,Statistical Center of Iran,persian,1403-09,38.00,%,IR,Iran,,,Base year 1400,سال پایه ۱۴۰۰
inf_irs_c-h_p,Monthly inflation rate housing (point to point) - Statistical Center of Iran,Statistical Center of Iran,persian,1403-10,37.90,%,IR,Iran,,,Base year 1400,سال پایه ۱۴۰۰
inf_irs_c-h_p,Monthly inflation rate housing (point to point) - Statistical Center of Iran,Statistical Center of Iran,persian,1403-11,37.60,%,IR,Iran,,,Base year 1400,سال پایه ۱۴۰۰
inf_irs_c-h_p,Monthly inflation rate housing (point to point) - Statistical Center of Iran,Statistical Center of Iran,persian,1403-12,37.10,%,IR,Iran,,,Base year 1400,سال پایه ۱۴۰۰
inf_irs_c-h_p,Monthly inflation rate housing (point to point) - Statistical Center of Iran,Statistical Center of Iran,persian,1404-01,37.80,%,IR,Iran,,,Base year 1400,سال پایه ۱۴۰۰
inf_irs_c-h_p,Monthly inflation rate housing (point to point) - Statistical Center of Iran,Statistical Center of Iran,persian,1404-02,37.40,%,IR,Iran,,,Base year 1400,سال پایه ۱۴۰۰
inf_irs_c-h_p,Monthly inflation rate housing (point to point) - Statistical Center of Iran,Statistical Center of Iran,persian,1404-03,37.50,%,IR,Iran,,,Base year 1400,سال پایه ۱۴۰۰
inf_irs_c-h_p,Monthly inflation rate housing (point to point) - Statistical Center of Iran,Statistical Center of Iran,persian,1404-04,36.60,%,IR,Iran,,,Base year 1400,سال پایه ۱۴۰۰
inf_irs_c-h_p,Monthly inflation rate housing (point to point) - Statistical Center of Iran,Statistical Center of Iran,persian,1404-05,35.70,%,IR,Iran,,,Base year 1400,سال پایه ۱۴۰۰
inf_irs_c-h_p,Monthly inflation rate housing (point to point) - Statistical Center of Iran,Statistical Center of Iran,persian,1404-06,36.00,%,IR,Iran,,,Base year 1400,سال پایه ۱۴۰۰
inf_irs_c-h_p,Monthly inflation rate housing (point to point) - Statistical Center of Iran,Statistical Center of Iran,persian,1404-07,35.90,%,IR,Iran,,,Base year 1400,سال پایه ۱۴۰۰
inf_irs_c-h_p,Monthly inflation rate housing (point to point) - Statistical Center of Iran,Statistical Center of Iran,persian,1404-08,35.80,%,IR,Iran,,,Base year 1400,سال پایه ۱۴۰۰
inf_irs_c-t_12,Monthly inflation rate (12 month) - Statistical Center of Iran,Statistical Center of Iran,persian,1392-01,30.80,%,IR,Iran,,,Base year 1400,سال پایه ۱۴۰۰
inf_irs_c-t_12,Monthly inflation rate (12 month) - Statistical Center of Iran,Statistical Center of Iran,persian,1392-02,32.10,%,IR,Iran,,,Base year 1400,سال پایه ۱۴۰۰
inf_irs_c-t_12,Monthly inflation rate (12 month) - Statistical Center of Iran,Statistical Center of Iran,persian,1392-03,33.80,%,IR,Iran,,,Base year 1400,سال پایه ۱۴۰۰
inf_irs_c-t_12,Monthly inflation rate (12 month) - Statistical Center of Iran,Statistical Center of Iran,persian,1392-04,35.10,%,IR,Iran,,,Base year 1400,سال پایه ۱۴۰۰
inf_irs_c-t_12,Monthly inflation rate (12 month) - Statistical Center of Iran,Statistical Center of Iran,persian,1392-05,36.20,%,IR,Iran,,,Base year 1400,سال پایه ۱۴۰۰
inf_irs_c-t_12,Monthly inflation rate (12 month) - Statistical Center of Iran,Statistical Center of Iran,persian,1392-06,37.20,%,IR,Iran,,,Base year 1400,سال پایه ۱۴۰۰
inf_irs_c-t_12,Monthly inflation rate (12 month) - Statistical Center of Iran,Statistical Center of Iran,persian,1392-07,37.40,%,IR,Iran,,,Base year 1400,سال پایه ۱۴۰۰
inf_irs_c-t_12,Monthly inflation rate (12 month) - Statistical Center of Iran,Statistical Center of Iran,persian,1392-08,37.10,%,IR,Iran,,,Base year 1400,سال پایه ۱۴۰۰
inf_irs_c-t_12,Monthly inflation rate (12 month) - Statistical Center of Iran,Statistical Center of Iran,persian,1392-09,36.60,%,IR,Iran,,,Base year 1400,سال پایه ۱۴۰۰
inf_irs_c-t_12,Monthly inflation rate (12 month) - Statistical Center of Iran,Statistical Center of Iran,persian,1392-10,36.00,%,IR,Iran,,,Base year 1400,سال پایه ۱۴۰۰
inf_irs_c-t_12,Monthly inflation rate (12 month) - Statistical Center of Iran,Statistical Center of Iran,persian,1392-11,34.50,%,IR,Iran,,,Base year 1400,سال پایه ۱۴۰۰
inf_irs_c-t_12,Monthly inflation rate (12 month) - Statistical Center of Iran,Statistical Center of Iran,persian,1392-12,32.80,%,IR,Iran,,,Base year 1400,سال پایه ۱۴۰۰
inf_irs_c-t_12,Monthly inflation rate (12 month) - Statistical Center of Iran,Statistical Center of Iran,persian,1393-01,30.80,%,IR,Iran,,,Base year 1400,سال پایه ۱۴۰۰
inf_irs_c-t_12,Monthly inflation rate (12 month) - Statistical Center of Iran,Statistical Center of Iran,persian,1393-02,28.90,%,IR,Iran,,,Base year 1400,سال پایه ۱۴۰۰
inf_irs_c-t_12,Monthly inflation rate (12 month) - Statistical Center of Iran,Statistical Center of Iran,persian,1393-03,26.50,%,IR,Iran,,,Base year 1400,سال پایه ۱۴۰۰
inf_irs_c-t_12,Monthly inflation rate (12 month) - Statistical Center of Iran,Statistical Center of Iran,persian,1393-04,24.50,%,IR,Iran,,,Base year 1400,سال پایه ۱۴۰۰
inf_irs_c-t_12,Monthly inflation rate (12 month) - Statistical Center of Iran,Statistical Center of Iran,persian,1393-05,22.50,%,IR,Iran,,,Base year 1400,سال پایه ۱۴۰۰
inf_irs_c-t_12,Monthly inflation rate (12 month) - Statistical Center of Iran,Statistical Center of Iran,persian,1393-06,20.60,%,IR,Iran,,,Base year 1400,سال پایه ۱۴۰۰
inf_irs_c-t_12,Monthly inflation rate (12 month) - Statistical Center of Iran,Statistical Center of Iran,persian,1393-07,19.10,%,IR,Iran,,,Base year 1400,سال پایه ۱۴۰۰
inf_irs_c-t_12,Monthly inflation rate (12 month) - Statistical Center of Iran,Statistical Center of Iran,persian,1393-08,17.70,%,IR,Iran,,,Base year 1400,سال پایه ۱۴۰۰
inf_irs_c-t_12,Monthly inflation rate (12 month) - Statistical Center of Iran,Statistical Center of Iran,persian,1393-09,16.60,%,IR,Iran,,,Base year 1400,سال پایه ۱۴۰۰
inf_irs_c-t_12,Monthly inflation rate (12 month) - Statistical Center of Iran,Statistical Center of Iran,persian,1393-10,15.60,%,IR,Iran,,,Base year 1400,سال پایه ۱۴۰۰
inf_irs_c-t_12,Monthly inflation rate (12 month) - Statistical Center of Iran,Statistical Center of Iran,persian,1393-11,15.00,%,IR,Iran,,,Base year 1400,سال پایه ۱۴۰۰
inf_irs_c-t_12,Monthly inflation rate (12 month) - Statistical Center of Iran,Statistical Center of Iran,persian,1393-12,14.60,%,IR,Iran,,,Base year 1400,سال پایه ۱۴۰۰
inf_irs_c-t_12,Monthly inflation rate (12 month) - Statistical Center of Iran,Statistical Center of Iran,persian,1394-01,14.30,%,IR,Iran,,,Base year 1400,سال پایه ۱۴۰۰
inf_irs_c-t_12,Monthly inflation rate (12 month) - Statistical Center of Iran,Statistical Center of Iran,persian,1394-02,14.00,%,IR,Iran,,,Base year 1400,سال پایه ۱۴۰۰
inf_irs_c-t_12,Monthly inflation rate (12 month) - Statistical Center of Iran,Statistical Center of Iran,persian,1394-03,14.00,%,IR,Iran,,,Base year 1400,سال پایه ۱۴۰۰
inf_irs_c-t_12,Monthly inflation rate (12 month) - Statistical Center of Iran,Statistical Center of Iran,persian,1394-04,13.90,%,IR,Iran,,,Base year 1400,سال پایه ۱۴۰۰
inf_irs_c-t_12,Monthly inflation rate (12 month) - Statistical Center of Iran,Statistical Center of Iran,persian,1394-05,13.60,%,IR,Iran,,,Base year 1400,سال پایه ۱۴۰۰
inf_irs_c-t_12,Monthly inflation rate (12 month) - Statistical Center of Iran,Statistical Center of Iran,persian,1394-06,13.40,%,IR,Iran,,,Base year 1400,سال پایه ۱۴۰۰
inf_irs_c-t_12,Monthly inflation rate (12 month) - Statistical Center of Iran,Statistical Center of Iran,persian,1394-07,13.10,%,IR,Iran,,,Base year 1400,سال پایه ۱۴۰۰
inf_irs_c-t_12,Monthly inflation rate (12 month) - Statistical Center of Iran,Statistical Center of Iran,persian,1394-08,12.90,%,IR,Iran,,,Base year 1400,سال پایه ۱۴۰۰
inf_irs_c-t_12,Monthly inflation rate (12 month) - Statistical Center of Iran,Statistical Center of Iran,persian,1394-09,12.50,%,IR,Iran,,,Base year 1400,سال پایه ۱۴۰۰
inf_irs_c-t_12,Monthly inflation rate (12 month) - Statistical Center of Iran,Statistical Center of Iran,persian,1394-10,12.10,%,IR,Iran,,,Base year 1400,سال پایه ۱۴۰۰
inf_irs_c-t_12,Monthly inflation rate (12 month) - Statistical Center of Iran,Statistical Center of Iran,persian,1394-11,11.60,%,IR,Iran,,,Base year 1400,سال پایه ۱۴۰۰
inf_irs_c-t_12,Monthly inflation rate (12 month) - Statistical Center of Iran,Statistical Center of Iran,persian,1394-12,11.10,%,IR,Iran,,,Base year 1400,سال پایه ۱۴۰۰
inf_irs_c-t_12,Monthly inflation rate (12 month) - Statistical Center of Iran,Statistical Center of Iran,persian,1395-01,10.60,%,IR,Iran,,,Base year 1400,سال پایه ۱۴۰۰
inf_irs_c-t_12,Monthly inflation rate (12 month) - Statistical Center of Iran,Statistical Center of Iran,persian,1395-02,10.10,%,IR,Iran,,,Base year 1400,سال پایه ۱۴۰۰
inf_irs_c-t_12,Monthly inflation rate (12 month) - Statistical Center of Iran,Statistical Center of Iran,persian,1395-03,9.50,%,IR,Iran,,,Base year 1400,سال پایه ۱۴۰۰
inf_irs_c-t_12,Monthly inflation rate (12 month) - Statistical Center of Iran,Statistical Center of Iran,persian,1395-04,9.00,%,IR,Iran,,,Base year 1400,سال پایه ۱۴۰۰
inf_irs_c-t_12,Monthly inflation rate (12 month) - Statistical Center of Iran,Statistical Center of Iran,persian,1395-05,8.60,%,IR,Iran,,,Base year 1400,سال پایه ۱۴۰۰
inf_irs_c-t_12,Monthly inflation rate (12 month) - Statistical Center of Iran,Statistical Center of Iran,persian,1395-06,8.30,%,IR,Iran,,,Base year 1400,سال پایه ۱۴۰۰
inf_irs_c-t_12,Monthly inflation rate (12 month) - Statistical Center of Iran,Statistical Center of Iran,persian,1395-07,7.90,%,IR,Iran,,,Base year 1400,سال پایه ۱۴۰۰
inf_irs_c-t_12,Monthly inflation rate (12 month) - Statistical Center of Iran,Statistical Center of Iran,persian,1395-08,7.60,%,IR,Iran,,,Base year 1400,سال پایه ۱۴۰۰
inf_irs_c-t_12,Monthly inflation rate (12 month) - Statistical Center of Iran,Statistical Center of Iran,persian,1395-09,7.20,%,IR,Iran,,,Base year 1400,سال پایه ۱۴۰۰
inf_irs_c-t_12,Monthly inflation rate (12 month) - Statistical Center of Iran,Statistical Center of Iran,persian,1395-10,7.00,%,IR,Iran,,,Base year 1400,سال پایه ۱۴۰۰
inf_irs_c-t_12,Monthly inflation rate (12 month) - Statistical Center of Iran,Statistical Center of Iran,persian,1395-11,6.90,%,IR,Iran,,,Base year 1400,سال پایه ۱۴۰۰
inf_irs_c-t_12,Monthly inflation rate (12 month) - Statistical Center of Iran,Statistical Center of Iran,persian,1395-12,6.90,%,IR,Iran,,,Base year 1400,سال پایه ۱۴۰۰
inf_irs_c-t_12,Monthly inflation rate (12 month) - Statistical Center of Iran,Statistical Center of Iran,persian,1396-01,7.00,%,IR,Iran,,,Base year 1400,سال پایه ۱۴۰۰
inf_irs_c-t_12,Monthly inflation rate (12 month) - Statistical Center of Iran,Statistical Center of Iran,persian,1396-02,7.10,%,IR,Iran,,,Base year 1400,سال پایه ۱۴۰۰
inf_irs_c-t_12,Monthly inflation rate (12 month) - Statistical Center of Iran,Statistical Center of Iran,persian,1396-03,7.20,%,IR,Iran,,,Base year 1400,سال پایه ۱۴۰۰
inf_irs_c-t_12,Monthly inflation rate (12 month) - Statistical Center of Iran,Statistical Center of Iran,persian,1396-04,7.40,%,IR,Iran,,,Base year 1400,سال پایه ۱۴۰۰
inf_irs_c-t_12,Monthly inflation rate (12 month) - Statistical Center of Iran,Statistical Center of Iran,persian,1396-05,7.40,%,IR,Iran,,,Base year 1400,سال پایه ۱۴۰۰
inf_irs_c-t_12,Monthly inflation rate (12 month) - Statistical Center of Iran,Statistical Center of Iran,persian,1396-06,7.40,%,IR,Iran,,,Base year 1400,سال پایه ۱۴۰۰
inf_irs_c-t_12,Monthly inflation rate (12 month) - Statistical Center of Iran,Statistical Center of Iran,persian,1396-07,7.50,%,IR,Iran,,,Base year 1400,سال پایه ۱۴۰۰
inf_irs_c-t_12,Monthly inflation rate (12 month) - Statistical Center of Iran,Statistical Center of Iran,persian,1396-08,7.80,%,IR,Iran,,,Base year 1400,سال پایه ۱۴۰۰
inf_irs_c-t_12,Monthly inflation rate (12 month) - Statistical Center of Iran,Statistical Center of Iran,persian,1396-09,8.00,%,IR,Iran,,,Base year 1400,سال پایه ۱۴۰۰
inf_irs_c-t_12,Monthly inflation rate (12 month) - Statistical Center of Iran,Statistical Center of Iran,persian,1396-10,8.20,%,IR,Iran,,,Base year 1400,سال پایه ۱۴۰۰
inf_irs_c-t_12,Monthly inflation rate (12 month) - Statistical Center of Iran,Statistical Center of Iran,persian,1396-11,8.30,%,IR,Iran,,,Base year 1400,سال پایه ۱۴۰۰
inf_irs_c-t_12,Monthly inflation rate (12 month) - Statistical Center of Iran,Statistical Center of Iran,persian,1396-12,8.20,%,IR,Iran,,,Base year 1400,سال پایه ۱۴۰۰
inf_irs_c-t_12,Monthly inflation rate (12 month) - Statistical Center of Iran,Statistical Center of Iran,persian,1397-01,8.10,%,IR,Iran,,,Base year 1400,سال پایه ۱۴۰۰
inf_irs_c-t_12,Monthly inflation rate (12 month) - Statistical Center of Iran,Statistical Center of Iran,persian,1397-02,8.00,%,IR,Iran,,,Base year 1400,سال پایه ۱۴۰۰
inf_irs_c-t_12,Monthly inflation rate (12 month) - Statistical Center of Iran,Statistical Center of Iran,persian,1397-03,8.20,%,IR,Iran,,,Base year 1400,سال پایه ۱۴۰۰
inf_irs_c-t_12,Monthly inflation rate (12 month) - Statistical Center of Iran,Statistical Center of Iran,persian,1397-04,8.70,%,IR,Iran,,,Base year 1400,سال پایه ۱۴۰۰
inf_irs_c-t_12,Monthly inflation rate (12 month) - Statistical Center of Iran,Statistical Center of Iran,persian,1397-05,9.70,%,IR,Iran,,,Base year 1400,سال پایه ۱۴۰۰
inf_irs_c-t_12,Monthly inflation rate (12 month) - Statistical Center of Iran,Statistical Center of Iran,persian,1397-06,11.30,%,IR,Iran,,,Base year 1400,سال پایه ۱۴۰۰
inf_irs_c-t_12,Monthly inflation rate (12 month) - Statistical Center of Iran,Statistical Center of Iran,persian,1397-07,13.40,%,IR,Iran,,,Base year 1400,سال پایه ۱۴۰۰
inf_irs_c-t_12,Monthly inflation rate (12 month) - Statistical Center of Iran,Statistical Center of Iran,persian,1397-08,15.60,%,IR,Iran,,,Base year 1400,سال پایه ۱۴۰۰
inf_irs_c-t_12,Monthly inflation rate (12 month) - Statistical Center of Iran,Statistical Center of Iran,persian,1397-09,18.00,%,IR,Iran,,,Base year 1400,سال پایه ۱۴۰۰
inf_irs_c-t_12,Monthly inflation rate (12 month) - Statistical Center of Iran,Statistical Center of Iran,persian,1397-10,20.60,%,IR,Iran,,,Base year 1400,سال پایه ۱۴۰۰
inf_irs_c-t_12,Monthly inflation rate (12 month) - Statistical Center of Iran,Statistical Center of Iran,persian,1397-11,23.50,%,IR,Iran,,,Base year 1400,سال پایه ۱۴۰۰
inf_irs_c-t_12,Monthly inflation rate (12 month) - Statistical Center of Iran,Statistical Center of Iran,persian,1397-12,26.90,%,IR,Iran,,,Base year 1400,سال پایه ۱۴۰۰
inf_irs_c-t_12,Monthly inflation rate (12 month) - Statistical Center of Iran,Statistical Center of Iran,persian,1398-01,30.60,%,IR,Iran,,,Base year 1400,سال پایه ۱۴۰۰
inf_irs_c-t_12,Monthly inflation rate (12 month) - Statistical Center of Iran,Statistical Center of Iran,persian,1398-02,34.20,%,IR,Iran,,,Base year 1400,سال پایه ۱۴۰۰
inf_irs_c-t_12,Monthly inflation rate (12 month) - Statistical Center of Iran,Statistical Center of Iran,persian,1398-03,37.60,%,IR,Iran,,,Base year 1400,سال پایه ۱۴۰۰
inf_irs_c-t_12,Monthly inflation rate (12 month) - Statistical Center of Iran,Statistical Center of Iran,persian,1398-04,40.40,%,IR,Iran,,,Base year 1400,سال پایه ۱۴۰۰
inf_irs_c-t_12,Monthly inflation rate (12 month) - Statistical Center of Iran,Statistical Center of Iran,persian,1398-05,42.20,%,IR,Iran,,,Base year 1400,سال پایه ۱۴۰۰
inf_irs_c-t_12,Monthly inflation rate (12 month) - Statistical Center of Iran,Statistical Center of Iran,persian,1398-06,42.70,%,IR,Iran,,,Base year 1400,سال پایه ۱۴۰۰
inf_irs_c-t_12,Monthly inflation rate (12 month) - Statistical Center of Iran,Statistical Center of Iran,persian,1398-07,42.00,%,IR,Iran,,,Base year 1400,سال پایه ۱۴۰۰
inf_irs_c-t_12,Monthly inflation rate (12 month) - Statistical Center of Iran,Statistical Center of Iran,persian,1398-08,41.10,%,IR,Iran,,,Base year 1400,سال پایه ۱۴۰۰
inf_irs_c-t_12,Monthly inflation rate (12 month) - Statistical Center of Iran,Statistical Center of Iran,persian,1398-09,40.00,%,IR,Iran,,,Base year 1400,سال پایه ۱۴۰۰
inf_irs_c-t_12,Monthly inflation rate (12 month) - Statistical Center of Iran,Statistical Center of Iran,persian,1398-10,38.60,%,IR,Iran,,,Base year 1400,سال پایه ۱۴۰۰
inf_irs_c-t_12,Monthly inflation rate (12 month) - Statistical Center of Iran,Statistical Center of Iran,persian,1398-11,37.00,%,IR,Iran,,,Base year 1400,سال پایه ۱۴۰۰
inf_irs_c-t_12,Monthly inflation rate (12 month) - Statistical Center of Iran,Statistical Center of Iran,persian,1398-12,34.80,%,IR,Iran,,,Base year 1400,سال پایه ۱۴۰۰
inf_irs_c-t_12,Monthly inflation rate (12 month) - Statistical Center of Iran,Statistical Center of Iran,persian,1399-01,32.20,%,IR,Iran,,,Base year 1400,سال پایه ۱۴۰۰
inf_irs_c-t_12,Monthly inflation rate (12 month) - Statistical Center of Iran,Statistical Center of Iran,persian,1399-02,29.80,%,IR,Iran,,,Base year 1400,سال پایه ۱۴۰۰
inf_irs_c-t_12,Monthly inflation rate (12 month) - Statistical Center of Iran,Statistical Center of Iran,persian,1399-03,27.80,%,IR,Iran,,,Base year 1400,سال پایه ۱۴۰۰
inf_irs_c-t_12,Monthly inflation rate (12 month) - Statistical Center of Iran,Statistical Center of Iran,persian,1399-04,26.40,%,IR,Iran,,,Base year 1400,سال پایه ۱۴۰۰
inf_irs_c-t_12,Monthly inflation rate (12 month) - Statistical Center of Iran,Statistical Center of Iran,persian,1399-05,25.80,%,IR,Iran,,,Base year 1400,سال پایه ۱۴۰۰
inf_irs_c-t_12,Monthly inflation rate (12 month) - Statistical Center of Iran,Statistical Center of Iran,persian,1399-06,26.00,%,IR,Iran,,,Base year 1400,سال پایه ۱۴۰۰
inf_irs_c-t_12,Monthly inflation rate (12 month) - Statistical Center of Iran,Statistical Center of Iran,persian,1399-07,27.20,%,IR,Iran,,,Base year 1400,سال پایه ۱۴۰۰
inf_irs_c-t_12,Monthly inflation rate (12 month) - Statistical Center of Iran,Statistical Center of Iran,persian,1399-08,29.00,%,IR,Iran,,,Base year 1400,سال پایه ۱۴۰۰
inf_irs_c-t_12,Monthly inflation rate (12 month) - Statistical Center of Iran,Statistical Center of Iran,persian,1399-09,30.50,%,IR,Iran,,,Base year 1400,سال پایه ۱۴۰۰
inf_irs_c-t_12,Monthly inflation rate (12 month) - Statistical Center of Iran,Statistical Center of Iran,persian,1399-10,32.20,%,IR,Iran,,,Base year 1400,سال پایه ۱۴۰۰
inf_irs_c-t_12,Monthly inflation rate (12 month) - Statistical Center of Iran,Statistical Center of Iran,persian,1399-11,34.20,%,IR,Iran,,,Base year 1400,سال پایه ۱۴۰۰
inf_irs_c-t_12,Monthly inflation rate (12 month) - Statistical Center of Iran,Statistical Center of Iran,persian,1399-12,36.40,%,IR,Iran,,,Base year 1400,سال پایه ۱۴۰۰
inf_irs_c-t_12,Monthly inflation rate (12 month) - Statistical Center of Iran,Statistical Center of Iran,persian,1400-01,39.00,%,IR,Iran,,,Base year 1400,سال پایه ۱۴۰۰
inf_irs_c-t_12,Monthly inflation rate (12 month) - Statistical Center of Iran,Statistical Center of Iran,persian,1400-02,41.30,%,IR,Iran,,,Base year 1400,سال پایه ۱۴۰۰
inf_irs_c-t_12,Monthly inflation rate (12 month) - Statistical Center of Iran,Statistical Center of Iran,persian,1400-03,43.40,%,IR,Iran,,,Base year 1400,سال پایه ۱۴۰۰
inf_irs_c-t_12,Monthly inflation rate (12 month) - Statistical Center of Iran,Statistical Center of Iran,persian,1400-04,44.70,%,IR,Iran,,,Base year 1400,سال پایه ۱۴۰۰
inf_irs_c-t_12,Monthly inflation rate (12 month) - Statistical Center of Iran,Statistical Center of Iran,persian,1400-05,45.70,%,IR,Iran,,,Base year 1400,سال پایه ۱۴۰۰
inf_irs_c-t_12,Monthly inflation rate (12 month) - Statistical Center of Iran,Statistical Center of Iran,persian,1400-06,46.30,%,IR,Iran,,,Base year 1400,سال پایه ۱۴۰۰
inf_irs_c-t_12,Monthly inflation rate (12 month) - Statistical Center of Iran,Statistical Center of Iran,persian,1400-07,45.90,%,IR,Iran,,,Base year 1400,سال پایه ۱۴۰۰
inf_irs_c-t_12,Monthly inflation rate (12 month) - Statistical Center of Iran,Statistical Center of Iran,persian,1400-08,44.70,%,IR,Iran,,,Base year 1400,سال پایه ۱۴۰۰
inf_irs_c-t_12,Monthly inflation rate (12 month) - Statistical Center of Iran,Statistical Center of Iran,persian,1400-09,43.60,%,IR,Iran,,,Base year 1400,سال پایه ۱۴۰۰
inf_irs_c-t_12,Monthly inflation rate (12 month) - Statistical Center of Iran,Statistical Center of Iran,persian,1400-10,42.60,%,IR,Iran,,,Base year 1400,سال پایه ۱۴۰۰
inf_irs_c-t_12,Monthly inflation rate (12 month) - Statistical Center of Iran,Statistical Center of Iran,persian,1400-11,41.40,%,IR,Iran,,,Base year 1400,سال پایه ۱۴۰۰
inf_irs_c-t_12,Monthly inflation rate (12 month) - Statistical Center of Iran,Statistical Center of Iran,persian,1400-12,40.20,%,IR,Iran,,,Base year 1400,سال پایه ۱۴۰۰
inf_irs_c-t_12,Monthly inflation rate (12 month) - Statistical Center of Iran,Statistical Center of Iran,persian,1401-01,38.80,%,IR,Iran,,,Base year 1400,سال پایه ۱۴۰۰
inf_irs_c-t_12,Monthly inflation rate (12 month) - Statistical Center of Iran,Statistical Center of Iran,persian,1401-02,37.90,%,IR,Iran,,,Base year 1400,سال پایه ۱۴۰۰
inf_irs_c-t_12,Monthly inflation rate (12 month) - Statistical Center of Iran,Statistical Center of Iran,persian,1401-03,38.10,%,IR,Iran,,,Base year 1400,سال پایه ۱۴۰۰
inf_irs_c-t_12,Monthly inflation rate (12 month) - Statistical Center of Iran,Statistical Center of Iran,persian,1401-04,38.70,%,IR,Iran,,,Base year 1400,سال پایه ۱۴۰۰
inf_irs_c-t_12,Monthly inflation rate (12 month) - Statistical Center of Iran,Statistical Center of Iran,persian,1401-05,39.30,%,IR,Iran,,,Base year 1400,سال پایه ۱۴۰۰
inf_irs_c-t_12,Monthly inflation rate (12 month) - Statistical Center of Iran,Statistical Center of Iran,persian,1401-06,39.60,%,IR,Iran,,,Base year 1400,سال پایه ۱۴۰۰
inf_irs_c-t_12,Monthly inflation rate (12 month) - Statistical Center of Iran,Statistical Center of Iran,persian,1401-07,40.20,%,IR,Iran,,,Base year 1400,سال پایه ۱۴۰۰
inf_irs_c-t_12,Monthly inflation rate (12 month) - Statistical Center of Iran,Statistical Center of Iran,persian,1401-08,41.00,%,IR,Iran,,,Base year 1400,سال پایه ۱۴۰۰
inf_irs_c-t_12,Monthly inflation rate (12 month) - Statistical Center of Iran,Statistical Center of Iran,persian,1401-09,41.90,%,IR,Iran,,,Base year 1400,سال پایه ۱۴۰۰
inf_irs_c-t_12,Monthly inflation rate (12 month) - Statistical Center of Iran,Statistical Center of Iran,persian,1401-10,42.90,%,IR,Iran,,,Base year 1400,سال پایه ۱۴۰۰
inf_irs_c-t_12,Monthly inflation rate (12 month) - Statistical Center of Iran,Statistical Center of Iran,persian,1401-11,44.10,%,IR,Iran,,,Base year 1400,سال پایه ۱۴۰۰
inf_irs_c-t_12,Monthly inflation rate (12 month) - Statistical Center of Iran,Statistical Center of Iran,persian,1401-12,45.80,%,IR,Iran,,,Base year 1400,سال پایه ۱۴۰۰
inf_irs_c-t_12,Monthly inflation rate (12 month) - Statistical Center of Iran,Statistical Center of Iran,persian,1402-01,47.60,%,IR,Iran,,,Base year 1400,سال پایه ۱۴۰۰
inf_irs_c-t_12,Monthly inflation rate (12 month) - Statistical Center of Iran,Statistical Center of Iran,persian,1402-02,49.10,%,IR,Iran,,,Base year 1400,سال پایه ۱۴۰۰
inf_irs_c-t_12,Monthly inflation rate (12 month) - Statistical Center of Iran,Statistical Center of Iran,persian,1402-03,48.50,%,IR,Iran,,,Base year 1400,سال پایه ۱۴۰۰
inf_irs_c-t_12,Monthly inflation rate (12 month) - Statistical Center of Iran,Statistical Center of Iran,persian,1402-04,47.50,%,IR,Iran,,,Base year 1400,سال پایه ۱۴۰۰
inf_irs_c-t_12,Monthly inflation rate (12 month) - Statistical Center of Iran,Statistical Center of Iran,persian,1402-05,46.70,%,IR,Iran,,,Base year 1400,سال پایه ۱۴۰۰
inf_irs_c-t_12,Monthly inflation rate (12 month) - Statistical Center of Iran,Statistical Center of Iran,persian,1402-06,46.10,%,IR,Iran,,,Base year 1400,سال پایه ۱۴۰۰
inf_irs_c-t_12,Monthly inflation rate (12 month) - Statistical Center of Iran,Statistical Center of Iran,persian,1402-07,45.50,%,IR,Iran,,,Base year 1400,سال پایه ۱۴۰۰
inf_irs_c-t_12,Monthly inflation rate (12 month) - Statistical Center of Iran,Statistical Center of Iran,persian,1402-08,44.90,%,IR,Iran,,,Base year 1400,سال پایه ۱۴۰۰
inf_irs_c-t_12,Monthly inflation rate (12 month) - Statistical Center of Iran,Statistical Center of Iran,persian,1402-09,44.40,%,IR,Iran,,,Base year 1400,سال پایه ۱۴۰۰
inf_irs_c-t_12,Monthly inflation rate (12 month) - Statistical Center of Iran,Statistical Center of Iran,persian,1402-10,43.60,%,IR,Iran,,,Base year 1400,سال پایه ۱۴۰۰
inf_irs_c-t_12,Monthly inflation rate (12 month) - Statistical Center of Iran,Statistical Center of Iran,persian,1402-11,42.50,%,IR,Iran,,,Base year 1400,سال پایه ۱۴۰۰
inf_irs_c-t_12,Monthly inflation rate (12 month) - Statistical Center of Iran,Statistical Center of Iran,persian,1402-12,40.70,%,IR,Iran,,,Base year 1400,سال پایه ۱۴۰۰
inf_irs_c-t_12,Monthly inflation rate (12 month) - Statistical Center of Iran,Statistical Center of Iran,persian,1403-01,38.80,%,IR,Iran,,,Base year 1400,سال پایه ۱۴۰۰
inf_irs_c-t_12,Monthly inflation rate (12 month) - Statistical Center of Iran,Statistical Center of Iran,persian,1403-02,37.00,%,IR,Iran,,,Base year 1400,سال پایه ۱۴۰۰
inf_irs_c-t_12,Monthly inflation rate (12 month) - Statistical Center of Iran,Statistical Center of Iran,persian,1403-03,36.10,%,IR,Iran,,,Base year 1400,سال پایه ۱۴۰۰
inf_irs_c-t_12,Monthly inflation rate (12 month) - Statistical Center of Iran,Statistical Center of Iran,persian,1403-04,35.50,%,IR,Iran,,,Base year 1400,سال پایه ۱۴۰۰
inf_irs_c-t_12,Monthly inflation rate (12 month) - Statistical Center of Iran,Statistical Center of Iran,persian,1403-05,34.80,%,IR,Iran,,,Base year 1400,سال پایه ۱۴۰۰
inf_irs_c-t_12,Monthly inflation rate (12 month) - Statistical Center of Iran,Statistical Center of Iran,persian,1403-06,34.20,%,IR,Iran,,,Base year 1400,سال پایه ۱۴۰۰
inf_irs_c-t_12,Monthly inflation rate (12 month) - Statistical Center of Iran,Statistical Center of Iran,persian,1403-07,33.60,%,IR,Iran,,,Base year 1400,سال پایه ۱۴۰۰
inf_irs_c-t_12,Monthly inflation rate (12 month) - Statistical Center of Iran,Statistical Center of Iran,persian,1403-08,33.10,%,IR,Iran,,,Base year 1400,سال پایه ۱۴۰۰
inf_irs_c-t_12,Monthly inflation rate (12 month) - Statistical Center of Iran,Statistical Center of Iran,persian,1403-09,32.50,%,IR,Iran,,,Base year 1400,سال پایه ۱۴۰۰
inf_irs_c-t_12,Monthly inflation rate (12 month) - Statistical Center of Iran,Statistical Center of Iran,persian,1403-10,32.00,%,IR,Iran,,,Base year 1400,سال پایه ۱۴۰۰
inf_irs_c-t_12,Monthly inflation rate (12 month) - Statistical Center of Iran,Statistical Center of Iran,persian,1403-11,32.00,%,IR,Iran,,,Base year 1400,سال پایه ۱۴۰۰
inf_irs_c-t_12,Monthly inflation rate (12 month) - Statistical Center of Iran,Statistical Center of Iran,persian,1403-12,32.50,%,IR,Iran,,,Base year 1400,سال پایه ۱۴۰۰
inf_irs_c-t_12,Monthly inflation rate (12 month) - Statistical Center of Iran,Statistical Center of Iran,persian,1404-01,33.20,%,IR,Iran,,,Base year 1400,سال پایه ۱۴۰۰
inf_irs_c-t_12,Monthly inflation rate (12 month) - Statistical Center of Iran,Statistical Center of Iran,persian,1404-02,33.90,%,IR,Iran,,,Base year 1400,سال پایه ۱۴۰۰
inf_irs_c-t_12,Monthly inflation rate (12 month) - Statistical Center of Iran,Statistical Center of Iran,persian,1404-03,34.50,%,IR,Iran,,,Base year 1400,سال پایه ۱۴۰۰
inf_irs_c-t_12,Monthly inflation rate (12 month) - Statistical Center of Iran,Statistical Center of Iran,persian,1404-04,35.30,%,IR,Iran,,,Base year 1400,سال پایه ۱۴۰۰
inf_irs_c-t_12,Monthly inflation rate (12 month) - Statistical Center of Iran,Statistical Center of Iran,persian,1404-05,36.30,%,IR,Iran,,,Base year 1400,سال پایه ۱۴۰۰
inf_irs_c-t_12,Monthly inflation rate (12 month) - Statistical Center of Iran,Statistical Center of Iran,persian,1404-06,37.50,%,IR,Iran,,,Base year 1400,سال پایه ۱۴۰۰
inf_irs_c-t_12,Monthly inflation rate (12 month) - Statistical Center of Iran,Statistical Center of Iran,persian,1404-07,38.90,%,IR,Iran,,,Base year 1400,سال پایه ۱۴۰۰
inf_irs_c-t_12,Monthly inflation rate (12 month) - Statistical Center of Iran,Statistical Center of Iran,persian,1404-08,40.40,%,IR,Iran,,,Base year 1400,سال پایه ۱۴۰۰
inf_irs_c-t_12,Monthly inflation rate (12 month) - Statistical Center of Iran,Statistical Center of Iran,persian,1404-09,42.20,%,IR,Iran,,,Base year 1400,سال پایه ۱۴۰۰
inf_irs_c-t_12,Monthly inflation rate (12 month) - Statistical Center of Iran,Statistical Center of Iran,persian,1404-10,44.60,%,IR,Iran,,,Base year 1400,سال پایه ۱۴۰۰
inf_irs_c-t_12,Monthly inflation rate (12 month) - Statistical Center of Iran,Statistical Center of Iran,persian,1404-11,47.50,%,IR,Iran,,,Base year 1400,سال پایه ۱۴۰۰
inf_irs_c-t_12,Monthly inflation rate (12 month) - Statistical Center of Iran,Statistical Center of Iran,persian,1404-12,50.60,%,IR,Iran,,,Base year 1400,سال پایه ۱۴۰۰
inf_irs_c-t_12,Monthly inflation rate (12 month) - Statistical Center of Iran,Statistical Center of Iran,persian,1405-01,53.70,%,IR,Iran,,,Base year 1400,سال پایه ۱۴۰۰
inf_irs_c-f_12,Monthly inflation rate food (12 month) - Statistical Center of Iran,Statistical Center of Iran,persian,1392-01,47.60,%,IR,Iran,,,Base year 1400,سال پایه ۱۴۰۰
inf_irs_c-f_12,Monthly inflation rate food (12 month) - Statistical Center of Iran,Statistical Center of Iran,persian,1392-02,49.40,%,IR,Iran,,,Base year 1400,سال پایه ۱۴۰۰
inf_irs_c-f_12,Monthly inflation rate food (12 month) - Statistical Center of Iran,Statistical Center of Iran,persian,1392-03,51.70,%,IR,Iran,,,Base year 1400,سال پایه ۱۴۰۰
inf_irs_c-f_12,Monthly inflation rate food (12 month) - Statistical Center of Iran,Statistical Center of Iran,persian,1392-04,52.50,%,IR,Iran,,,Base year 1400,سال پایه ۱۴۰۰
inf_irs_c-f_12,Monthly inflation rate food (12 month) - Statistical Center of Iran,Statistical Center of Iran,persian,1392-05,53.10,%,IR,Iran,,,Base year 1400,سال پایه ۱۴۰۰
inf_irs_c-f_12,Monthly inflation rate food (12 month) - Statistical Center of Iran,Statistical Center of Iran,persian,1392-06,53.70,%,IR,Iran,,,Base year 1400,سال پایه ۱۴۰۰
inf_irs_c-f_12,Monthly inflation rate food (12 month) - Statistical Center of Iran,Statistical Center of Iran,persian,1392-07,53.40,%,IR,Iran,,,Base year 1400,سال پایه ۱۴۰۰
inf_irs_c-f_12,Monthly inflation rate food (12 month) - Statistical Center of Iran,Statistical Center of Iran,persian,1392-08,52.10,%,IR,Iran,,,Base year 1400,سال پایه ۱۴۰۰
inf_irs_c-f_12,Monthly inflation rate food (12 month) - Statistical Center of Iran,Statistical Center of Iran,persian,1392-09,50.80,%,IR,Iran,,,Base year 1400,سال پایه ۱۴۰۰
inf_irs_c-f_12,Monthly inflation rate food (12 month) - Statistical Center of Iran,Statistical Center of Iran,persian,1392-10,49.50,%,IR,Iran,,,Base year 1400,سال پایه ۱۴۰۰
inf_irs_c-f_12,Monthly inflation rate food (12 month) - Statistical Center of Iran,Statistical Center of Iran,persian,1392-11,47.10,%,IR,Iran,,,Base year 1400,سال پایه ۱۴۰۰
inf_irs_c-f_12,Monthly inflation rate food (12 month) - Statistical Center of Iran,Statistical Center of Iran,persian,1392-12,44.00,%,IR,Iran,,,Base year 1400,سال پایه ۱۴۰۰
inf_irs_c-f_12,Monthly inflation rate food (12 month) - Statistical Center of Iran,Statistical Center of Iran,persian,1393-01,39.90,%,IR,Iran,,,Base year 1400,سال پایه ۱۴۰۰
inf_irs_c-f_12,Monthly inflation rate food (12 month) - Statistical Center of Iran,Statistical Center of Iran,persian,1393-02,35.80,%,IR,Iran,,,Base year 1400,سال پایه ۱۴۰۰
inf_irs_c-f_12,Monthly inflation rate food (12 month) - Statistical Center of Iran,Statistical Center of Iran,persian,1393-03,31.30,%,IR,Iran,,,Base year 1400,سال پایه ۱۴۰۰
inf_irs_c-f_12,Monthly inflation rate food (12 month) - Statistical Center of Iran,Statistical Center of Iran,persian,1393-04,27.50,%,IR,Iran,,,Base year 1400,سال پایه ۱۴۰۰
inf_irs_c-f_12,Monthly inflation rate food (12 month) - Statistical Center of Iran,Statistical Center of Iran,persian,1393-05,24.00,%,IR,Iran,,,Base year 1400,سال پایه ۱۴۰۰
inf_irs_c-f_12,Monthly inflation rate food (12 month) - Statistical Center of Iran,Statistical Center of Iran,persian,1393-06,20.80,%,IR,Iran,,,Base year 1400,سال پایه ۱۴۰۰
inf_irs_c-f_12,Monthly inflation rate food (12 month) - Statistical Center of Iran,Statistical Center of Iran,persian,1393-07,17.80,%,IR,Iran,,,Base year 1400,سال پایه ۱۴۰۰
inf_irs_c-f_12,Monthly inflation rate food (12 month) - Statistical Center of Iran,Statistical Center of Iran,persian,1393-08,15.30,%,IR,Iran,,,Base year 1400,سال پایه ۱۴۰۰
inf_irs_c-f_12,Monthly inflation rate food (12 month) - Statistical Center of Iran,Statistical Center of Iran,persian,1393-09,13.60,%,IR,Iran,,,Base year 1400,سال پایه ۱۴۰۰
inf_irs_c-f_12,Monthly inflation rate food (12 month) - Statistical Center of Iran,Statistical Center of Iran,persian,1393-10,11.70,%,IR,Iran,,,Base year 1400,سال پایه ۱۴۰۰
inf_irs_c-f_12,Monthly inflation rate food (12 month) - Statistical Center of Iran,Statistical Center of Iran,persian,1393-11,10.40,%,IR,Iran,,,Base year 1400,سال پایه ۱۴۰۰
inf_irs_c-f_12,Monthly inflation rate food (12 month) - Statistical Center of Iran,Statistical Center of Iran,persian,1393-12,9.50,%,IR,Iran,,,Base year 1400,سال پایه ۱۴۰۰
inf_irs_c-f_12,Monthly inflation rate food (12 month) - Statistical Center of Iran,Statistical Center of Iran,persian,1394-01,9.00,%,IR,Iran,,,Base year 1400,سال پایه ۱۴۰۰
inf_irs_c-f_12,Monthly inflation rate food (12 month) - Statistical Center of Iran,Statistical Center of Iran,persian,1394-02,9.40,%,IR,Iran,,,Base year 1400,سال پایه ۱۴۰۰
inf_irs_c-f_12,Monthly inflation rate food (12 month) - Statistical Center of Iran,Statistical Center of Iran,persian,1394-03,10.00,%,IR,Iran,,,Base year 1400,سال پایه ۱۴۰۰
inf_irs_c-f_12,Monthly inflation rate food (12 month) - Statistical Center of Iran,Statistical Center of Iran,persian,1394-04,10.50,%,IR,Iran,,,Base year 1400,سال پایه ۱۴۰۰
inf_irs_c-f_12,Monthly inflation rate food (12 month) - Statistical Center of Iran,Statistical Center of Iran,persian,1394-05,10.70,%,IR,Iran,,,Base year 1400,سال پایه ۱۴۰۰
inf_irs_c-f_12,Monthly inflation rate food (12 month) - Statistical Center of Iran,Statistical Center of Iran,persian,1394-06,10.80,%,IR,Iran,,,Base year 1400,سال پایه ۱۴۰۰
inf_irs_c-f_12,Monthly inflation rate food (12 month) - Statistical Center of Iran,Statistical Center of Iran,persian,1394-07,10.90,%,IR,Iran,,,Base year 1400,سال پایه ۱۴۰۰
inf_irs_c-f_12,Monthly inflation rate food (12 month) - Statistical Center of Iran,Statistical Center of Iran,persian,1394-08,10.90,%,IR,Iran,,,Base year 1400,سال پایه ۱۴۰۰
inf_irs_c-f_12,Monthly inflation rate food (12 month) - Statistical Center of Iran,Statistical Center of Iran,persian,1394-09,10.30,%,IR,Iran,,,Base year 1400,سال پایه ۱۴۰۰
inf_irs_c-f_12,Monthly inflation rate food (12 month) - Statistical Center of Iran,Statistical Center of Iran,persian,1394-10,10.10,%,IR,Iran,,,Base year 1400,سال پایه ۱۴۰۰
inf_irs_c-f_12,Monthly inflation rate food (12 month) - Statistical Center of Iran,Statistical Center of Iran,persian,1394-11,9.90,%,IR,Iran,,,Base year 1400,سال پایه ۱۴۰۰
inf_irs_c-f_12,Monthly inflation rate food (12 month) - Statistical Center of Iran,Statistical Center of Iran,persian,1394-12,9.70,%,IR,Iran,,,Base year 1400,سال پایه ۱۴۰۰
inf_irs_c-f_12,Monthly inflation rate food (12 month) - Statistical Center of Iran,Statistical Center of Iran,persian,1395-01,9.20,%,IR,Iran,,,Base year 1400,سال پایه ۱۴۰۰
inf_irs_c-f_12,Monthly inflation rate food (12 month) - Statistical Center of Iran,Statistical Center of Iran,persian,1395-02,8.30,%,IR,Iran,,,Base year 1400,سال پایه ۱۴۰۰
inf_irs_c-f_12,Monthly inflation rate food (12 month) - Statistical Center of Iran,Statistical Center of Iran,persian,1395-03,7.50,%,IR,Iran,,,Base year 1400,سال پایه ۱۴۰۰
inf_irs_c-f_12,Monthly inflation rate food (12 month) - Statistical Center of Iran,Statistical Center of Iran,persian,1395-04,6.90,%,IR,Iran,,,Base year 1400,سال پایه ۱۴۰۰
inf_irs_c-f_12,Monthly inflation rate food (12 month) - Statistical Center of Iran,Statistical Center of Iran,persian,1395-05,6.60,%,IR,Iran,,,Base year 1400,سال پایه ۱۴۰۰
inf_irs_c-f_12,Monthly inflation rate food (12 month) - Statistical Center of Iran,Statistical Center of Iran,persian,1395-06,6.50,%,IR,Iran,,,Base year 1400,سال پایه ۱۴۰۰
inf_irs_c-f_12,Monthly inflation rate food (12 month) - Statistical Center of Iran,Statistical Center of Iran,persian,1395-07,6.50,%,IR,Iran,,,Base year 1400,سال پایه ۱۴۰۰
inf_irs_c-f_12,Monthly inflation rate food (12 month) - Statistical Center of Iran,Statistical Center of Iran,persian,1395-08,6.50,%,IR,Iran,,,Base year 1400,سال پایه ۱۴۰۰
inf_irs_c-f_12,Monthly inflation rate food (12 month) - Statistical Center of Iran,Statistical Center of Iran,persian,1395-09,6.60,%,IR,Iran,,,Base year 1400,سال پایه ۱۴۰۰
inf_irs_c-f_12,Monthly inflation rate food (12 month) - Statistical Center of Iran,Statistical Center of Iran,persian,1395-10,6.60,%,IR,Iran,,,Base year 1400,سال پایه ۱۴۰۰
inf_irs_c-f_12,Monthly inflation rate food (12 month) - Statistical Center of Iran,Statistical Center of Iran,persian,1395-11,6.80,%,IR,Iran,,,Base year 1400,سال پایه ۱۴۰۰
inf_irs_c-f_12,Monthly inflation rate food (12 month) - Statistical Center of Iran,Statistical Center of Iran,persian,1395-12,7.50,%,IR,Iran,,,Base year 1400,سال پایه ۱۴۰۰
inf_irs_c-f_12,Monthly inflation rate food (12 month) - Statistical Center of Iran,Statistical Center of Iran,persian,1396-01,8.50,%,IR,Iran,,,Base year 1400,سال پایه ۱۴۰۰
inf_irs_c-f_12,Monthly inflation rate food (12 month) - Statistical Center of Iran,Statistical Center of Iran,persian,1396-02,9.50,%,IR,Iran,,,Base year 1400,سال پایه ۱۴۰۰
inf_irs_c-f_12,Monthly inflation rate food (12 month) - Statistical Center of Iran,Statistical Center of Iran,persian,1396-03,10.30,%,IR,Iran,,,Base year 1400,سال پایه ۱۴۰۰
inf_irs_c-f_12,Monthly inflation rate food (12 month) - Statistical Center of Iran,Statistical Center of Iran,persian,1396-04,11.00,%,IR,Iran,,,Base year 1400,سال پایه ۱۴۰۰
inf_irs_c-f_12,Monthly inflation rate food (12 month) - Statistical Center of Iran,Statistical Center of Iran,persian,1396-05,11.30,%,IR,Iran,,,Base year 1400,سال پایه ۱۴۰۰
inf_irs_c-f_12,Monthly inflation rate food (12 month) - Statistical Center of Iran,Statistical Center of Iran,persian,1396-06,11.40,%,IR,Iran,,,Base year 1400,سال پایه ۱۴۰۰
inf_irs_c-f_12,Monthly inflation rate food (12 month) - Statistical Center of Iran,Statistical Center of Iran,persian,1396-07,11.60,%,IR,Iran,,,Base year 1400,سال پایه ۱۴۰۰
inf_irs_c-f_12,Monthly inflation rate food (12 month) - Statistical Center of Iran,Statistical Center of Iran,persian,1396-08,11.90,%,IR,Iran,,,Base year 1400,سال پایه ۱۴۰۰
inf_irs_c-f_12,Monthly inflation rate food (12 month) - Statistical Center of Iran,Statistical Center of Iran,persian,1396-09,12.40,%,IR,Iran,,,Base year 1400,سال پایه ۱۴۰۰
inf_irs_c-f_12,Monthly inflation rate food (12 month) - Statistical Center of Iran,Statistical Center of Iran,persian,1396-10,12.80,%,IR,Iran,,,Base year 1400,سال پایه ۱۴۰۰
inf_irs_c-f_12,Monthly inflation rate food (12 month) - Statistical Center of Iran,Statistical Center of Iran,persian,1396-11,12.80,%,IR,Iran,,,Base year 1400,سال پایه ۱۴۰۰
inf_irs_c-f_12,Monthly inflation rate food (12 month) - Statistical Center of Iran,Statistical Center of Iran,persian,1396-12,12.20,%,IR,Iran,,,Base year 1400,سال پایه ۱۴۰۰
inf_irs_c-f_12,Monthly inflation rate food (12 month) - Statistical Center of Iran,Statistical Center of Iran,persian,1397-01,11.20,%,IR,Iran,,,Base year 1400,سال پایه ۱۴۰۰
inf_irs_c-f_12,Monthly inflation rate food (12 month) - Statistical Center of Iran,Statistical Center of Iran,persian,1397-02,10.60,%,IR,Iran,,,Base year 1400,سال پایه ۱۴۰۰
inf_irs_c-f_12,Monthly inflation rate food (12 month) - Statistical Center of Iran,Statistical Center of Iran,persian,1397-03,10.50,%,IR,Iran,,,Base year 1400,سال پایه ۱۴۰۰
inf_irs_c-f_12,Monthly inflation rate food (12 month) - Statistical Center of Iran,Statistical Center of Iran,persian,1397-04,10.80,%,IR,Iran,,,Base year 1400,سال پایه ۱۴۰۰
inf_irs_c-f_12,Monthly inflation rate food (12 month) - Statistical Center of Iran,Statistical Center of Iran,persian,1397-05,12.10,%,IR,Iran,,,Base year 1400,سال پایه ۱۴۰۰
inf_irs_c-f_12,Monthly inflation rate food (12 month) - Statistical Center of Iran,Statistical Center of Iran,persian,1397-06,14.30,%,IR,Iran,,,Base year 1400,سال پایه ۱۴۰۰
inf_irs_c-f_12,Monthly inflation rate food (12 month) - Statistical Center of Iran,Statistical Center of Iran,persian,1397-07,17.40,%,IR,Iran,,,Base year 1400,سال پایه ۱۴۰۰
inf_irs_c-f_12,Monthly inflation rate food (12 month) - Statistical Center of Iran,Statistical Center of Iran,persian,1397-08,20.60,%,IR,Iran,,,Base year 1400,سال پایه ۱۴۰۰
inf_irs_c-f_12,Monthly inflation rate food (12 month) - Statistical Center of Iran,Statistical Center of Iran,persian,1397-09,24.10,%,IR,Iran,,,Base year 1400,سال پایه ۱۴۰۰
inf_irs_c-f_12,Monthly inflation rate food (12 month) - Statistical Center of Iran,Statistical Center of Iran,persian,1397-10,28.00,%,IR,Iran,,,Base year 1400,سال پایه ۱۴۰۰
inf_irs_c-f_12,Monthly inflation rate food (12 month) - Statistical Center of Iran,Statistical Center of Iran,persian,1397-11,32.50,%,IR,Iran,,,Base year 1400,سال پایه ۱۴۰۰
inf_irs_c-f_12,Monthly inflation rate food (12 month) - Statistical Center of Iran,Statistical Center of Iran,persian,1397-12,38.20,%,IR,Iran,,,Base year 1400,سال پایه ۱۴۰۰
inf_irs_c-f_12,Monthly inflation rate food (12 month) - Statistical Center of Iran,Statistical Center of Iran,persian,1398-01,44.90,%,IR,Iran,,,Base year 1400,سال پایه ۱۴۰۰
inf_irs_c-f_12,Monthly inflation rate food (12 month) - Statistical Center of Iran,Statistical Center of Iran,persian,1398-02,51.20,%,IR,Iran,,,Base year 1400,سال پایه ۱۴۰۰
inf_irs_c-f_12,Monthly inflation rate food (12 month) - Statistical Center of Iran,Statistical Center of Iran,persian,1398-03,56.40,%,IR,Iran,,,Base year 1400,سال پایه ۱۴۰۰
inf_irs_c-f_12,Monthly inflation rate food (12 month) - Statistical Center of Iran,Statistical Center of Iran,persian,1398-04,61.00,%,IR,Iran,,,Base year 1400,سال پایه ۱۴۰۰
inf_irs_c-f_12,Monthly inflation rate food (12 month) - Statistical Center of Iran,Statistical Center of Iran,persian,1398-05,63.30,%,IR,Iran,,,Base year 1400,سال پایه ۱۴۰۰
inf_irs_c-f_12,Monthly inflation rate food (12 month) - Statistical Center of Iran,Statistical Center of Iran,persian,1398-06,63.50,%,IR,Iran,,,Base year 1400,سال پایه ۱۴۰۰
inf_irs_c-f_12,Monthly inflation rate food (12 month) - Statistical Center of Iran,Statistical Center of Iran,persian,1398-07,61.30,%,IR,Iran,,,Base year 1400,سال پایه ۱۴۰۰
inf_irs_c-f_12,Monthly inflation rate food (12 month) - Statistical Center of Iran,Statistical Center of Iran,persian,1398-08,58.60,%,IR,Iran,,,Base year 1400,سال پایه ۱۴۰۰
inf_irs_c-f_12,Monthly inflation rate food (12 month) - Statistical Center of Iran,Statistical Center of Iran,persian,1398-09,55.70,%,IR,Iran,,,Base year 1400,سال پایه ۱۴۰۰
inf_irs_c-f_12,Monthly inflation rate food (12 month) - Statistical Center of Iran,Statistical Center of Iran,persian,1398-10,52.10,%,IR,Iran,,,Base year 1400,سال پایه ۱۴۰۰
inf_irs_c-f_12,Monthly inflation rate food (12 month) - Statistical Center of Iran,Statistical Center of Iran,persian,1398-11,47.90,%,IR,Iran,,,Base year 1400,سال پایه ۱۴۰۰
inf_irs_c-f_12,Monthly inflation rate food (12 month) - Statistical Center of Iran,Statistical Center of Iran,persian,1398-12,42.60,%,IR,Iran,,,Base year 1400,سال پایه ۱۴۰۰
inf_irs_c-f_12,Monthly inflation rate food (12 month) - Statistical Center of Iran,Statistical Center of Iran,persian,1399-01,36.50,%,IR,Iran,,,Base year 1400,سال پایه ۱۴۰۰
inf_irs_c-f_12,Monthly inflation rate food (12 month) - Statistical Center of Iran,Statistical Center of Iran,persian,1399-02,31.20,%,IR,Iran,,,Base year 1400,سال پایه ۱۴۰۰
inf_irs_c-f_12,Monthly inflation rate food (12 month) - Statistical Center of Iran,Statistical Center of Iran,persian,1399-03,27.00,%,IR,Iran,,,Base year 1400,سال پایه ۱۴۰۰
inf_irs_c-f_12,Monthly inflation rate food (12 month) - Statistical Center of Iran,Statistical Center of Iran,persian,1399-04,23.90,%,IR,Iran,,,Base year 1400,سال پایه ۱۴۰۰
inf_irs_c-f_12,Monthly inflation rate food (12 month) - Statistical Center of Iran,Statistical Center of Iran,persian,1399-05,22.10,%,IR,Iran,,,Base year 1400,سال پایه ۱۴۰۰
inf_irs_c-f_12,Monthly inflation rate food (12 month) - Statistical Center of Iran,Statistical Center of Iran,persian,1399-06,21.50,%,IR,Iran,,,Base year 1400,سال پایه ۱۴۰۰
inf_irs_c-f_12,Monthly inflation rate food (12 month) - Statistical Center of Iran,Statistical Center of Iran,persian,1399-07,22.50,%,IR,Iran,,,Base year 1400,سال پایه ۱۴۰۰
inf_irs_c-f_12,Monthly inflation rate food (12 month) - Statistical Center of Iran,Statistical Center of Iran,persian,1399-08,25.00,%,IR,Iran,,,Base year 1400,سال پایه ۱۴۰۰
inf_irs_c-f_12,Monthly inflation rate food (12 month) - Statistical Center of Iran,Statistical Center of Iran,persian,1399-09,27.70,%,IR,Iran,,,Base year 1400,سال پایه ۱۴۰۰
inf_irs_c-f_12,Monthly inflation rate food (12 month) - Statistical Center of Iran,Statistical Center of Iran,persian,1399-10,30.80,%,IR,Iran,,,Base year 1400,سال پایه ۱۴۰۰
inf_irs_c-f_12,Monthly inflation rate food (12 month) - Statistical Center of Iran,Statistical Center of Iran,persian,1399-11,34.70,%,IR,Iran,,,Base year 1400,سال پایه ۱۴۰۰
inf_irs_c-f_12,Monthly inflation rate food (12 month) - Statistical Center of Iran,Statistical Center of Iran,persian,1399-12,39.00,%,IR,Iran,,,Base year 1400,سال پایه ۱۴۰۰
inf_irs_c-f_12,Monthly inflation rate food (12 month) - Statistical Center of Iran,Statistical Center of Iran,persian,1400-01,43.60,%,IR,Iran,,,Base year 1400,سال پایه ۱۴۰۰
inf_irs_c-f_12,Monthly inflation rate food (12 month) - Statistical Center of Iran,Statistical Center of Iran,persian,1400-02,47.80,%,IR,Iran,,,Base year 1400,سال پایه ۱۴۰۰
inf_irs_c-f_12,Monthly inflation rate food (12 month) - Statistical Center of Iran,Statistical Center of Iran,persian,1400-03,51.80,%,IR,Iran,,,Base year 1400,سال پایه ۱۴۰۰
inf_irs_c-f_12,Monthly inflation rate food (12 month) - Statistical Center of Iran,Statistical Center of Iran,persian,1400-04,54.70,%,IR,Iran,,,Base year 1400,سال پایه ۱۴۰۰
inf_irs_c-f_12,Monthly inflation rate food (12 month) - Statistical Center of Iran,Statistical Center of Iran,persian,1400-05,57.30,%,IR,Iran,,,Base year 1400,سال پایه ۱۴۰۰
inf_irs_c-f_12,Monthly inflation rate food (12 month) - Statistical Center of Iran,Statistical Center of Iran,persian,1400-06,59.70,%,IR,Iran,,,Base year 1400,سال پایه ۱۴۰۰
inf_irs_c-f_12,Monthly inflation rate food (12 month) - Statistical Center of Iran,Statistical Center of Iran,persian,1400-07,61.00,%,IR,Iran,,,Base year 1400,سال پایه ۱۴۰۰
inf_irs_c-f_12,Monthly inflation rate food (12 month) - Statistical Center of Iran,Statistical Center of Iran,persian,1400-08,59.50,%,IR,Iran,,,Base year 1400,سال پایه ۱۴۰۰
inf_irs_c-f_12,Monthly inflation rate food (12 month) - Statistical Center of Iran,Statistical Center of Iran,persian,1400-09,57.50,%,IR,Iran,,,Base year 1400,سال پایه ۱۴۰۰
inf_irs_c-f_12,Monthly inflation rate food (12 month) - Statistical Center of Iran,Statistical Center of Iran,persian,1400-10,55.70,%,IR,Iran,,,Base year 1400,سال پایه ۱۴۰۰
inf_irs_c-f_12,Monthly inflation rate food (12 month) - Statistical Center of Iran,Statistical Center of Iran,persian,1400-11,53.40,%,IR,Iran,,,Base year 1400,سال پایه ۱۴۰۰
inf_irs_c-f_12,Monthly inflation rate food (12 month) - Statistical Center of Iran,Statistical Center of Iran,persian,1400-12,51.50,%,IR,Iran,,,Base year 1400,سال پایه ۱۴۰۰
inf_irs_c-f_12,Monthly inflation rate food (12 month) - Statistical Center of Iran,Statistical Center of Iran,persian,1401-01,49.90,%,IR,Iran,,,Base year 1400,سال پایه ۱۴۰۰
inf_irs_c-f_12,Monthly inflation rate food (12 month) - Statistical Center of Iran,Statistical Center of Iran,persian,1401-02,49.10,%,IR,Iran,,,Base year 1400,سال پایه ۱۴۰۰
inf_irs_c-f_12,Monthly inflation rate food (12 month) - Statistical Center of Iran,Statistical Center of Iran,persian,1401-03,51.50,%,IR,Iran,,,Base year 1400,سال پایه ۱۴۰۰
inf_irs_c-f_12,Monthly inflation rate food (12 month) - Statistical Center of Iran,Statistical Center of Iran,persian,1401-04,54.60,%,IR,Iran,,,Base year 1400,سال پایه ۱۴۰۰
inf_irs_c-f_12,Monthly inflation rate food (12 month) - Statistical Center of Iran,Statistical Center of Iran,persian,1401-05,56.90,%,IR,Iran,,,Base year 1400,سال پایه ۱۴۰۰
inf_irs_c-f_12,Monthly inflation rate food (12 month) - Statistical Center of Iran,Statistical Center of Iran,persian,1401-06,58.40,%,IR,Iran,,,Base year 1400,سال پایه ۱۴۰۰
inf_irs_c-f_12,Monthly inflation rate food (12 month) - Statistical Center of Iran,Statistical Center of Iran,persian,1401-07,59.80,%,IR,Iran,,,Base year 1400,سال پایه ۱۴۰۰
inf_irs_c-f_12,Monthly inflation rate food (12 month) - Statistical Center of Iran,Statistical Center of Iran,persian,1401-08,61.70,%,IR,Iran,,,Base year 1400,سال پایه ۱۴۰۰
inf_irs_c-f_12,Monthly inflation rate food (12 month) - Statistical Center of Iran,Statistical Center of Iran,persian,1401-09,63.70,%,IR,Iran,,,Base year 1400,سال پایه ۱۴۰۰
inf_irs_c-f_12,Monthly inflation rate food (12 month) - Statistical Center of Iran,Statistical Center of Iran,persian,1401-10,65.70,%,IR,Iran,,,Base year 1400,سال پایه ۱۴۰۰
inf_irs_c-f_12,Monthly inflation rate food (12 month) - Statistical Center of Iran,Statistical Center of Iran,persian,1401-11,67.90,%,IR,Iran,,,Base year 1400,سال پایه ۱۴۰۰
inf_irs_c-f_12,Monthly inflation rate food (12 month) - Statistical Center of Iran,Statistical Center of Iran,persian,1401-12,70.50,%,IR,Iran,,,Base year 1400,سال پایه ۱۴۰۰
inf_irs_c-f_12,Monthly inflation rate food (12 month) - Statistical Center of Iran,Statistical Center of Iran,persian,1402-01,73.10,%,IR,Iran,,,Base year 1400,سال پایه ۱۴۰۰
inf_irs_c-f_12,Monthly inflation rate food (12 month) - Statistical Center of Iran,Statistical Center of Iran,persian,1402-02,74.90,%,IR,Iran,,,Base year 1400,سال پایه ۱۴۰۰
inf_irs_c-f_12,Monthly inflation rate food (12 month) - Statistical Center of Iran,Statistical Center of Iran,persian,1402-03,70.60,%,IR,Iran,,,Base year 1400,سال پایه ۱۴۰۰
inf_irs_c-f_12,Monthly inflation rate food (12 month) - Statistical Center of Iran,Statistical Center of Iran,persian,1402-04,65.70,%,IR,Iran,,,Base year 1400,سال پایه ۱۴۰۰
inf_irs_c-f_12,Monthly inflation rate food (12 month) - Statistical Center of Iran,Statistical Center of Iran,persian,1402-05,61.70,%,IR,Iran,,,Base year 1400,سال پایه ۱۴۰۰
inf_irs_c-f_12,Monthly inflation rate food (12 month) - Statistical Center of Iran,Statistical Center of Iran,persian,1402-06,58.20,%,IR,Iran,,,Base year 1400,سال پایه ۱۴۰۰
inf_irs_c-f_12,Monthly inflation rate food (12 month) - Statistical Center of Iran,Statistical Center of Iran,persian,1402-07,55.00,%,IR,Iran,,,Base year 1400,سال پایه ۱۴۰۰
inf_irs_c-f_12,Monthly inflation rate food (12 month) - Statistical Center of Iran,Statistical Center of Iran,persian,1402-08,52.20,%,IR,Iran,,,Base year 1400,سال پایه ۱۴۰۰
inf_irs_c-f_12,Monthly inflation rate food (12 month) - Statistical Center of Iran,Statistical Center of Iran,persian,1402-09,50.30,%,IR,Iran,,,Base year 1400,سال پایه ۱۴۰۰
inf_irs_c-f_12,Monthly inflation rate food (12 month) - Statistical Center of Iran,Statistical Center of Iran,persian,1402-10,48.00,%,IR,Iran,,,Base year 1400,سال پایه ۱۴۰۰
inf_irs_c-f_12,Monthly inflation rate food (12 month) - Statistical Center of Iran,Statistical Center of Iran,persian,1402-11,45.10,%,IR,Iran,,,Base year 1400,سال پایه ۱۴۰۰
inf_irs_c-f_12,Monthly inflation rate food (12 month) - Statistical Center of Iran,Statistical Center of Iran,persian,1402-12,41.20,%,IR,Iran,,,Base year 1400,سال پایه ۱۴۰۰
inf_irs_c-f_12,Monthly inflation rate food (12 month) - Statistical Center of Iran,Statistical Center of Iran,persian,1403-01,37.30,%,IR,Iran,,,Base year 1400,سال پایه ۱۴۰۰
inf_irs_c-f_12,Monthly inflation rate food (12 month) - Statistical Center of Iran,Statistical Center of Iran,persian,1403-02,33.70,%,IR,Iran,,,Base year 1400,سال پایه ۱۴۰۰
inf_irs_c-f_12,Monthly inflation rate food (12 month) - Statistical Center of Iran,Statistical Center of Iran,persian,1403-03,32.30,%,IR,Iran,,,Base year 1400,سال پایه ۱۴۰۰
inf_irs_c-f_12,Monthly inflation rate food (12 month) - Statistical Center of Iran,Statistical Center of Iran,persian,1403-04,31.40,%,IR,Iran,,,Base year 1400,سال پایه ۱۴۰۰
inf_irs_c-f_12,Monthly inflation rate food (12 month) - Statistical Center of Iran,Statistical Center of Iran,persian,1403-05,30.20,%,IR,Iran,,,Base year 1400,سال پایه ۱۴۰۰
inf_irs_c-f_12,Monthly inflation rate food (12 month) - Statistical Center of Iran,Statistical Center of Iran,persian,1403-06,29.10,%,IR,Iran,,,Base year 1400,سال پایه ۱۴۰۰
inf_irs_c-f_12,Monthly inflation rate food (12 month) - Statistical Center of Iran,Statistical Center of Iran,persian,1403-07,28.30,%,IR,Iran,,,Base year 1400,سال پایه ۱۴۰۰
inf_irs_c-f_12,Monthly inflation rate food (12 month) - Statistical Center of Iran,Statistical Center of Iran,persian,1403-08,27.90,%,IR,Iran,,,Base year 1400,سال پایه ۱۴۰۰
inf_irs_c-f_12,Monthly inflation rate food (12 month) - Statistical Center of Iran,Statistical Center of Iran,persian,1403-09,26.80,%,IR,Iran,,,Base year 1400,سال پایه ۱۴۰۰
inf_irs_c-f_12,Monthly inflation rate food (12 month) - Statistical Center of Iran,Statistical Center of Iran,persian,1403-10,26.00,%,IR,Iran,,,Base year 1400,سال پایه ۱۴۰۰
inf_irs_c-f_12,Monthly inflation rate food (12 month) - Statistical Center of Iran,Statistical Center of Iran,persian,1403-11,26.60,%,IR,Iran,,,Base year 1400,سال پایه ۱۴۰۰
inf_irs_c-f_12,Monthly inflation rate food (12 month) - Statistical Center of Iran,Statistical Center of Iran,persian,1403-12,28.00,%,IR,Iran,,,Base year 1400,سال پایه ۱۴۰۰
inf_irs_c-f_12,Monthly inflation rate food (12 month) - Statistical Center of Iran,Statistical Center of Iran,persian,1404-01,29.60,%,IR,Iran,,,Base year 1400,سال پایه ۱۴۰۰
inf_irs_c-f_12,Monthly inflation rate food (12 month) - Statistical Center of Iran,Statistical Center of Iran,persian,1404-02,31.20,%,IR,Iran,,,Base year 1400,سال پایه ۱۴۰۰
inf_irs_c-f_12,Monthly inflation rate food (12 month) - Statistical Center of Iran,Statistical Center of Iran,persian,1404-03,32.70,%,IR,Iran,,,Base year 1400,سال پایه ۱۴۰۰
inf_irs_c-f_12,Monthly inflation rate food (12 month) - Statistical Center of Iran,Statistical Center of Iran,persian,1404-04,34.50,%,IR,Iran,,,Base year 1400,سال پایه ۱۴۰۰
inf_irs_c-f_12,Monthly inflation rate food (12 month) - Statistical Center of Iran,Statistical Center of Iran,persian,1404-05,36.80,%,IR,Iran,,,Base year 1400,سال پایه ۱۴۰۰
inf_irs_c-f_12,Monthly inflation rate food (12 month) - Statistical Center of Iran,Statistical Center of Iran,persian,1404-06,39.70,%,IR,Iran,,,Base year 1400,سال پایه ۱۴۰۰
inf_irs_c-f_12,Monthly inflation rate food (12 month) - Statistical Center of Iran,Statistical Center of Iran,persian,1404-07,43.00,%,IR,Iran,,,Base year 1400,سال پایه ۱۴۰۰
inf_irs_c-f_12,Monthly inflation rate food (12 month) - Statistical Center of Iran,Statistical Center of Iran,persian,1404-08,46.10,%,IR,Iran,,,Base year 1400,سال پایه ۱۴۰۰
inf_irs_c-f_12,Monthly inflation rate food (12 month) - Statistical Center of Iran,Statistical Center of Iran,persian,1404-09,50.00,%,IR,Iran,,,Base year 1400,سال پایه ۱۴۰۰
inf_irs_c-f_12,Monthly inflation rate food (12 month) - Statistical Center of Iran,Statistical Center of Iran,persian,1404-10,55.40,%,IR,Iran,,,Base year 1400,سال پایه ۱۴۰۰
inf_irs_c-f_12,Monthly inflation rate food (12 month) - Statistical Center of Iran,Statistical Center of Iran,persian,1404-11,61.70,%,IR,Iran,,,Base year 1400,سال پایه ۱۴۰۰
inf_irs_c-f_12,Monthly inflation rate food (12 month) - Statistical Center of Iran,Statistical Center of Iran,persian,1404-12,68.20,%,IR,Iran,,,Base year 1400,سال پایه ۱۴۰۰
inf_irs_c-f_12,Monthly inflation rate food (12 month) - Statistical Center of Iran,Statistical Center of Iran,persian,1405-01,74.80,%,IR,Iran,,,Base year 1400,سال پایه ۱۴۰۰
inf_irs_c-nf_12,Monthly inflation rate non-food (12 month) - Statistical Center of Iran,Statistical Center of Iran,persian,1392-01,24.00,%,IR,Iran,,,Base year 1400,سال پایه ۱۴۰۰
inf_irs_c-nf_12,Monthly inflation rate non-food (12 month) - Statistical Center of Iran,Statistical Center of Iran,persian,1392-02,25.10,%,IR,Iran,,,Base year 1400,سال پایه ۱۴۰۰
inf_irs_c-nf_12,Monthly inflation rate non-food (12 month) - Statistical Center of Iran,Statistical Center of Iran,persian,1392-03,26.50,%,IR,Iran,,,Base year 1400,سال پایه ۱۴۰۰
inf_irs_c-nf_12,Monthly inflation rate non-food (12 month) - Statistical Center of Iran,Statistical Center of Iran,persian,1392-04,27.80,%,IR,Iran,,,Base year 1400,سال پایه ۱۴۰۰
inf_irs_c-nf_12,Monthly inflation rate non-food (12 month) - Statistical Center of Iran,Statistical Center of Iran,persian,1392-05,29.10,%,IR,Iran,,,Base year 1400,سال پایه ۱۴۰۰
inf_irs_c-nf_12,Monthly inflation rate non-food (12 month) - Statistical Center of Iran,Statistical Center of Iran,persian,1392-06,30.10,%,IR,Iran,,,Base year 1400,سال پایه ۱۴۰۰
inf_irs_c-nf_12,Monthly inflation rate non-food (12 month) - Statistical Center of Iran,Statistical Center of Iran,persian,1392-07,30.40,%,IR,Iran,,,Base year 1400,سال پایه ۱۴۰۰
inf_irs_c-nf_12,Monthly inflation rate non-food (12 month) - Statistical Center of Iran,Statistical Center of Iran,persian,1392-08,30.30,%,IR,Iran,,,Base year 1400,سال پایه ۱۴۰۰
inf_irs_c-nf_12,Monthly inflation rate non-food (12 month) - Statistical Center of Iran,Statistical Center of Iran,persian,1392-09,30.20,%,IR,Iran,,,Base year 1400,سال پایه ۱۴۰۰
inf_irs_c-nf_12,Monthly inflation rate non-food (12 month) - Statistical Center of Iran,Statistical Center of Iran,persian,1392-10,29.70,%,IR,Iran,,,Base year 1400,سال پایه ۱۴۰۰
inf_irs_c-nf_12,Monthly inflation rate non-food (12 month) - Statistical Center of Iran,Statistical Center of Iran,persian,1392-11,28.70,%,IR,Iran,,,Base year 1400,سال پایه ۱۴۰۰
inf_irs_c-nf_12,Monthly inflation rate non-food (12 month) - Statistical Center of Iran,Statistical Center of Iran,persian,1392-12,27.60,%,IR,Iran,,,Base year 1400,سال پایه ۱۴۰۰
inf_irs_c-nf_12,Monthly inflation rate non-food (12 month) - Statistical Center of Iran,Statistical Center of Iran,persian,1393-01,26.40,%,IR,Iran,,,Base year 1400,سال پایه ۱۴۰۰
inf_irs_c-nf_12,Monthly inflation rate non-food (12 month) - Statistical Center of Iran,Statistical Center of Iran,persian,1393-02,25.50,%,IR,Iran,,,Base year 1400,سال پایه ۱۴۰۰
inf_irs_c-nf_12,Monthly inflation rate non-food (12 month) - Statistical Center of Iran,Statistical Center of Iran,persian,1393-03,24.20,%,IR,Iran,,,Base year 1400,سال پایه ۱۴۰۰
inf_irs_c-nf_12,Monthly inflation rate non-food (12 month) - Statistical Center of Iran,Statistical Center of Iran,persian,1393-04,22.90,%,IR,Iran,,,Base year 1400,سال پایه ۱۴۰۰
inf_irs_c-nf_12,Monthly inflation rate non-food (12 month) - Statistical Center of Iran,Statistical Center of Iran,persian,1393-05,21.70,%,IR,Iran,,,Base year 1400,سال پایه ۱۴۰۰
inf_irs_c-nf_12,Monthly inflation rate non-food (12 month) - Statistical Center of Iran,Statistical Center of Iran,persian,1393-06,20.50,%,IR,Iran,,,Base year 1400,سال پایه ۱۴۰۰
inf_irs_c-nf_12,Monthly inflation rate non-food (12 month) - Statistical Center of Iran,Statistical Center of Iran,persian,1393-07,19.70,%,IR,Iran,,,Base year 1400,سال پایه ۱۴۰۰
inf_irs_c-nf_12,Monthly inflation rate non-food (12 month) - Statistical Center of Iran,Statistical Center of Iran,persian,1393-08,18.90,%,IR,Iran,,,Base year 1400,سال پایه ۱۴۰۰
inf_irs_c-nf_12,Monthly inflation rate non-food (12 month) - Statistical Center of Iran,Statistical Center of Iran,persian,1393-09,18.20,%,IR,Iran,,,Base year 1400,سال پایه ۱۴۰۰
inf_irs_c-nf_12,Monthly inflation rate non-food (12 month) - Statistical Center of Iran,Statistical Center of Iran,persian,1393-10,17.70,%,IR,Iran,,,Base year 1400,سال پایه ۱۴۰۰
inf_irs_c-nf_12,Monthly inflation rate non-food (12 month) - Statistical Center of Iran,Statistical Center of Iran,persian,1393-11,17.50,%,IR,Iran,,,Base year 1400,سال پایه ۱۴۰۰
inf_irs_c-nf_12,Monthly inflation rate non-food (12 month) - Statistical Center of Iran,Statistical Center of Iran,persian,1393-12,17.30,%,IR,Iran,,,Base year 1400,سال پایه ۱۴۰۰
inf_irs_c-nf_12,Monthly inflation rate non-food (12 month) - Statistical Center of Iran,Statistical Center of Iran,persian,1394-01,17.10,%,IR,Iran,,,Base year 1400,سال پایه ۱۴۰۰
inf_irs_c-nf_12,Monthly inflation rate non-food (12 month) - Statistical Center of Iran,Statistical Center of Iran,persian,1394-02,16.50,%,IR,Iran,,,Base year 1400,سال پایه ۱۴۰۰
inf_irs_c-nf_12,Monthly inflation rate non-food (12 month) - Statistical Center of Iran,Statistical Center of Iran,persian,1394-03,16.10,%,IR,Iran,,,Base year 1400,سال پایه ۱۴۰۰
inf_irs_c-nf_12,Monthly inflation rate non-food (12 month) - Statistical Center of Iran,Statistical Center of Iran,persian,1394-04,15.60,%,IR,Iran,,,Base year 1400,سال پایه ۱۴۰۰
inf_irs_c-nf_12,Monthly inflation rate non-food (12 month) - Statistical Center of Iran,Statistical Center of Iran,persian,1394-05,15.10,%,IR,Iran,,,Base year 1400,سال پایه ۱۴۰۰
inf_irs_c-nf_12,Monthly inflation rate non-food (12 month) - Statistical Center of Iran,Statistical Center of Iran,persian,1394-06,14.70,%,IR,Iran,,,Base year 1400,سال پایه ۱۴۰۰
inf_irs_c-nf_12,Monthly inflation rate non-food (12 month) - Statistical Center of Iran,Statistical Center of Iran,persian,1394-07,14.30,%,IR,Iran,,,Base year 1400,سال پایه ۱۴۰۰
inf_irs_c-nf_12,Monthly inflation rate non-food (12 month) - Statistical Center of Iran,Statistical Center of Iran,persian,1394-08,13.90,%,IR,Iran,,,Base year 1400,سال پایه ۱۴۰۰
inf_irs_c-nf_12,Monthly inflation rate non-food (12 month) - Statistical Center of Iran,Statistical Center of Iran,persian,1394-09,13.60,%,IR,Iran,,,Base year 1400,سال پایه ۱۴۰۰
inf_irs_c-nf_12,Monthly inflation rate non-food (12 month) - Statistical Center of Iran,Statistical Center of Iran,persian,1394-10,13.00,%,IR,Iran,,,Base year 1400,سال پایه ۱۴۰۰
inf_irs_c-nf_12,Monthly inflation rate non-food (12 month) - Statistical Center of Iran,Statistical Center of Iran,persian,1394-11,12.40,%,IR,Iran,,,Base year 1400,سال پایه ۱۴۰۰
inf_irs_c-nf_12,Monthly inflation rate non-food (12 month) - Statistical Center of Iran,Statistical Center of Iran,persian,1394-12,11.80,%,IR,Iran,,,Base year 1400,سال پایه ۱۴۰۰
inf_irs_c-nf_12,Monthly inflation rate non-food (12 month) - Statistical Center of Iran,Statistical Center of Iran,persian,1395-01,11.30,%,IR,Iran,,,Base year 1400,سال پایه ۱۴۰۰
inf_irs_c-nf_12,Monthly inflation rate non-food (12 month) - Statistical Center of Iran,Statistical Center of Iran,persian,1395-02,10.90,%,IR,Iran,,,Base year 1400,سال پایه ۱۴۰۰
inf_irs_c-nf_12,Monthly inflation rate non-food (12 month) - Statistical Center of Iran,Statistical Center of Iran,persian,1395-03,10.40,%,IR,Iran,,,Base year 1400,سال پایه ۱۴۰۰
inf_irs_c-nf_12,Monthly inflation rate non-food (12 month) - Statistical Center of Iran,Statistical Center of Iran,persian,1395-04,10.00,%,IR,Iran,,,Base year 1400,سال پایه ۱۴۰۰
inf_irs_c-nf_12,Monthly inflation rate non-food (12 month) - Statistical Center of Iran,Statistical Center of Iran,persian,1395-05,9.60,%,IR,Iran,,,Base year 1400,سال پایه ۱۴۰۰
inf_irs_c-nf_12,Monthly inflation rate non-food (12 month) - Statistical Center of Iran,Statistical Center of Iran,persian,1395-06,9.10,%,IR,Iran,,,Base year 1400,سال پایه ۱۴۰۰
inf_irs_c-nf_12,Monthly inflation rate non-food (12 month) - Statistical Center of Iran,Statistical Center of Iran,persian,1395-07,8.60,%,IR,Iran,,,Base year 1400,سال پایه ۱۴۰۰
inf_irs_c-nf_12,Monthly inflation rate non-food (12 month) - Statistical Center of Iran,Statistical Center of Iran,persian,1395-08,8.00,%,IR,Iran,,,Base year 1400,سال پایه ۱۴۰۰
inf_irs_c-nf_12,Monthly inflation rate non-food (12 month) - Statistical Center of Iran,Statistical Center of Iran,persian,1395-09,7.50,%,IR,Iran,,,Base year 1400,سال پایه ۱۴۰۰
inf_irs_c-nf_12,Monthly inflation rate non-food (12 month) - Statistical Center of Iran,Statistical Center of Iran,persian,1395-10,7.10,%,IR,Iran,,,Base year 1400,سال پایه ۱۴۰۰
inf_irs_c-nf_12,Monthly inflation rate non-food (12 month) - Statistical Center of Iran,Statistical Center of Iran,persian,1395-11,6.80,%,IR,Iran,,,Base year 1400,سال پایه ۱۴۰۰
inf_irs_c-nf_12,Monthly inflation rate non-food (12 month) - Statistical Center of Iran,Statistical Center of Iran,persian,1395-12,6.60,%,IR,Iran,,,Base year 1400,سال پایه ۱۴۰۰
inf_irs_c-nf_12,Monthly inflation rate non-food (12 month) - Statistical Center of Iran,Statistical Center of Iran,persian,1396-01,6.30,%,IR,Iran,,,Base year 1400,سال پایه ۱۴۰۰
inf_irs_c-nf_12,Monthly inflation rate non-food (12 month) - Statistical Center of Iran,Statistical Center of Iran,persian,1396-02,6.10,%,IR,Iran,,,Base year 1400,سال پایه ۱۴۰۰
inf_irs_c-nf_12,Monthly inflation rate non-food (12 month) - Statistical Center of Iran,Statistical Center of Iran,persian,1396-03,6.00,%,IR,Iran,,,Base year 1400,سال پایه ۱۴۰۰
inf_irs_c-nf_12,Monthly inflation rate non-food (12 month) - Statistical Center of Iran,Statistical Center of Iran,persian,1396-04,5.90,%,IR,Iran,,,Base year 1400,سال پایه ۱۴۰۰
inf_irs_c-nf_12,Monthly inflation rate non-food (12 month) - Statistical Center of Iran,Statistical Center of Iran,persian,1396-05,5.90,%,IR,Iran,,,Base year 1400,سال پایه ۱۴۰۰
inf_irs_c-nf_12,Monthly inflation rate non-food (12 month) - Statistical Center of Iran,Statistical Center of Iran,persian,1396-06,5.90,%,IR,Iran,,,Base year 1400,سال پایه ۱۴۰۰
inf_irs_c-nf_12,Monthly inflation rate non-food (12 month) - Statistical Center of Iran,Statistical Center of Iran,persian,1396-07,6.00,%,IR,Iran,,,Base year 1400,سال پایه ۱۴۰۰
inf_irs_c-nf_12,Monthly inflation rate non-food (12 month) - Statistical Center of Iran,Statistical Center of Iran,persian,1396-08,6.20,%,IR,Iran,,,Base year 1400,سال پایه ۱۴۰۰
inf_irs_c-nf_12,Monthly inflation rate non-food (12 month) - Statistical Center of Iran,Statistical Center of Iran,persian,1396-09,6.40,%,IR,Iran,,,Base year 1400,سال پایه ۱۴۰۰
inf_irs_c-nf_12,Monthly inflation rate non-food (12 month) - Statistical Center of Iran,Statistical Center of Iran,persian,1396-10,6.50,%,IR,Iran,,,Base year 1400,سال پایه ۱۴۰۰
inf_irs_c-nf_12,Monthly inflation rate non-food (12 month) - Statistical Center of Iran,Statistical Center of Iran,persian,1396-11,6.60,%,IR,Iran,,,Base year 1400,سال پایه ۱۴۰۰
inf_irs_c-nf_12,Monthly inflation rate non-food (12 month) - Statistical Center of Iran,Statistical Center of Iran,persian,1396-12,6.80,%,IR,Iran,,,Base year 1400,سال پایه ۱۴۰۰
inf_irs_c-nf_12,Monthly inflation rate non-food (12 month) - Statistical Center of Iran,Statistical Center of Iran,persian,1397-01,6.90,%,IR,Iran,,,Base year 1400,سال پایه ۱۴۰۰
inf_irs_c-nf_12,Monthly inflation rate non-food (12 month) - Statistical Center of Iran,Statistical Center of Iran,persian,1397-02,7.10,%,IR,Iran,,,Base year 1400,سال پایه ۱۴۰۰
inf_irs_c-nf_12,Monthly inflation rate non-food (12 month) - Statistical Center of Iran,Statistical Center of Iran,persian,1397-03,7.30,%,IR,Iran,,,Base year 1400,سال پایه ۱۴۰۰
inf_irs_c-nf_12,Monthly inflation rate non-food (12 month) - Statistical Center of Iran,Statistical Center of Iran,persian,1397-04,7.90,%,IR,Iran,,,Base year 1400,سال پایه ۱۴۰۰
inf_irs_c-nf_12,Monthly inflation rate non-food (12 month) - Statistical Center of Iran,Statistical Center of Iran,persian,1397-05,8.80,%,IR,Iran,,,Base year 1400,سال پایه ۱۴۰۰
inf_irs_c-nf_12,Monthly inflation rate non-food (12 month) - Statistical Center of Iran,Statistical Center of Iran,persian,1397-06,10.10,%,IR,Iran,,,Base year 1400,سال پایه ۱۴۰۰
inf_irs_c-nf_12,Monthly inflation rate non-food (12 month) - Statistical Center of Iran,Statistical Center of Iran,persian,1397-07,11.80,%,IR,Iran,,,Base year 1400,سال پایه ۱۴۰۰
inf_irs_c-nf_12,Monthly inflation rate non-food (12 month) - Statistical Center of Iran,Statistical Center of Iran,persian,1397-08,13.60,%,IR,Iran,,,Base year 1400,سال پایه ۱۴۰۰
inf_irs_c-nf_12,Monthly inflation rate non-food (12 month) - Statistical Center of Iran,Statistical Center of Iran,persian,1397-09,15.60,%,IR,Iran,,,Base year 1400,سال پایه ۱۴۰۰
inf_irs_c-nf_12,Monthly inflation rate non-food (12 month) - Statistical Center of Iran,Statistical Center of Iran,persian,1397-10,17.80,%,IR,Iran,,,Base year 1400,سال پایه ۱۴۰۰
inf_irs_c-nf_12,Monthly inflation rate non-food (12 month) - Statistical Center of Iran,Statistical Center of Iran,persian,1397-11,19.90,%,IR,Iran,,,Base year 1400,سال پایه ۱۴۰۰
inf_irs_c-nf_12,Monthly inflation rate non-food (12 month) - Statistical Center of Iran,Statistical Center of Iran,persian,1397-12,22.40,%,IR,Iran,,,Base year 1400,سال پایه ۱۴۰۰
inf_irs_c-nf_12,Monthly inflation rate non-food (12 month) - Statistical Center of Iran,Statistical Center of Iran,persian,1398-01,24.90,%,IR,Iran,,,Base year 1400,سال پایه ۱۴۰۰
inf_irs_c-nf_12,Monthly inflation rate non-food (12 month) - Statistical Center of Iran,Statistical Center of Iran,persian,1398-02,27.50,%,IR,Iran,,,Base year 1400,سال پایه ۱۴۰۰
inf_irs_c-nf_12,Monthly inflation rate non-food (12 month) - Statistical Center of Iran,Statistical Center of Iran,persian,1398-03,30.10,%,IR,Iran,,,Base year 1400,سال پایه ۱۴۰۰
inf_irs_c-nf_12,Monthly inflation rate non-food (12 month) - Statistical Center of Iran,Statistical Center of Iran,persian,1398-04,32.20,%,IR,Iran,,,Base year 1400,سال پایه ۱۴۰۰
inf_irs_c-nf_12,Monthly inflation rate non-food (12 month) - Statistical Center of Iran,Statistical Center of Iran,persian,1398-05,33.70,%,IR,Iran,,,Base year 1400,سال پایه ۱۴۰۰
inf_irs_c-nf_12,Monthly inflation rate non-food (12 month) - Statistical Center of Iran,Statistical Center of Iran,persian,1398-06,34.40,%,IR,Iran,,,Base year 1400,سال پایه ۱۴۰۰
inf_irs_c-nf_12,Monthly inflation rate non-food (12 month) - Statistical Center of Iran,Statistical Center of Iran,persian,1398-07,34.20,%,IR,Iran,,,Base year 1400,سال پایه ۱۴۰۰
inf_irs_c-nf_12,Monthly inflation rate non-food (12 month) - Statistical Center of Iran,Statistical Center of Iran,persian,1398-08,33.80,%,IR,Iran,,,Base year 1400,سال پایه ۱۴۰۰
inf_irs_c-nf_12,Monthly inflation rate non-food (12 month) - Statistical Center of Iran,Statistical Center of Iran,persian,1398-09,33.40,%,IR,Iran,,,Base year 1400,سال پایه ۱۴۰۰
inf_irs_c-nf_12,Monthly inflation rate non-food (12 month) - Statistical Center of Iran,Statistical Center of Iran,persian,1398-10,32.90,%,IR,Iran,,,Base year 1400,سال پایه ۱۴۰۰
inf_irs_c-nf_12,Monthly inflation rate non-food (12 month) - Statistical Center of Iran,Statistical Center of Iran,persian,1398-11,32.30,%,IR,Iran,,,Base year 1400,سال پایه ۱۴۰۰
inf_irs_c-nf_12,Monthly inflation rate non-food (12 month) - Statistical Center of Iran,Statistical Center of Iran,persian,1398-12,31.40,%,IR,Iran,,,Base year 1400,سال پایه ۱۴۰۰
inf_irs_c-nf_12,Monthly inflation rate non-food (12 month) - Statistical Center of Iran,Statistical Center of Iran,persian,1399-01,30.30,%,IR,Iran,,,Base year 1400,سال پایه ۱۴۰۰
inf_irs_c-nf_12,Monthly inflation rate non-food (12 month) - Statistical Center of Iran,Statistical Center of Iran,persian,1399-02,29.20,%,IR,Iran,,,Base year 1400,سال پایه ۱۴۰۰
inf_irs_c-nf_12,Monthly inflation rate non-food (12 month) - Statistical Center of Iran,Statistical Center of Iran,persian,1399-03,28.20,%,IR,Iran,,,Base year 1400,سال پایه ۱۴۰۰
inf_irs_c-nf_12,Monthly inflation rate non-food (12 month) - Statistical Center of Iran,Statistical Center of Iran,persian,1399-04,27.70,%,IR,Iran,,,Base year 1400,سال پایه ۱۴۰۰
inf_irs_c-nf_12,Monthly inflation rate non-food (12 month) - Statistical Center of Iran,Statistical Center of Iran,persian,1399-05,27.60,%,IR,Iran,,,Base year 1400,سال پایه ۱۴۰۰
inf_irs_c-nf_12,Monthly inflation rate non-food (12 month) - Statistical Center of Iran,Statistical Center of Iran,persian,1399-06,28.20,%,IR,Iran,,,Base year 1400,سال پایه ۱۴۰۰
inf_irs_c-nf_12,Monthly inflation rate non-food (12 month) - Statistical Center of Iran,Statistical Center of Iran,persian,1399-07,29.50,%,IR,Iran,,,Base year 1400,سال پایه ۱۴۰۰
inf_irs_c-nf_12,Monthly inflation rate non-food (12 month) - Statistical Center of Iran,Statistical Center of Iran,persian,1399-08,30.90,%,IR,Iran,,,Base year 1400,سال پایه ۱۴۰۰
inf_irs_c-nf_12,Monthly inflation rate non-food (12 month) - Statistical Center of Iran,Statistical Center of Iran,persian,1399-09,31.90,%,IR,Iran,,,Base year 1400,سال پایه ۱۴۰۰
inf_irs_c-nf_12,Monthly inflation rate non-food (12 month) - Statistical Center of Iran,Statistical Center of Iran,persian,1399-10,33.00,%,IR,Iran,,,Base year 1400,سال پایه ۱۴۰۰
inf_irs_c-nf_12,Monthly inflation rate non-food (12 month) - Statistical Center of Iran,Statistical Center of Iran,persian,1399-11,34.00,%,IR,Iran,,,Base year 1400,سال پایه ۱۴۰۰
inf_irs_c-nf_12,Monthly inflation rate non-food (12 month) - Statistical Center of Iran,Statistical Center of Iran,persian,1399-12,35.20,%,IR,Iran,,,Base year 1400,سال پایه ۱۴۰۰
inf_irs_c-nf_12,Monthly inflation rate non-food (12 month) - Statistical Center of Iran,Statistical Center of Iran,persian,1400-01,36.80,%,IR,Iran,,,Base year 1400,سال پایه ۱۴۰۰
inf_irs_c-nf_12,Monthly inflation rate non-food (12 month) - Statistical Center of Iran,Statistical Center of Iran,persian,1400-02,38.10,%,IR,Iran,,,Base year 1400,سال پایه ۱۴۰۰
inf_irs_c-nf_12,Monthly inflation rate non-food (12 month) - Statistical Center of Iran,Statistical Center of Iran,persian,1400-03,39.30,%,IR,Iran,,,Base year 1400,سال پایه ۱۴۰۰
inf_irs_c-nf_12,Monthly inflation rate non-food (12 month) - Statistical Center of Iran,Statistical Center of Iran,persian,1400-04,39.80,%,IR,Iran,,,Base year 1400,سال پایه ۱۴۰۰
inf_irs_c-nf_12,Monthly inflation rate non-food (12 month) - Statistical Center of Iran,Statistical Center of Iran,persian,1400-05,40.00,%,IR,Iran,,,Base year 1400,سال پایه ۱۴۰۰
inf_irs_c-nf_12,Monthly inflation rate non-food (12 month) - Statistical Center of Iran,Statistical Center of Iran,persian,1400-06,39.80,%,IR,Iran,,,Base year 1400,سال پایه ۱۴۰۰
inf_irs_c-nf_12,Monthly inflation rate non-food (12 month) - Statistical Center of Iran,Statistical Center of Iran,persian,1400-07,38.60,%,IR,Iran,,,Base year 1400,سال پایه ۱۴۰۰
inf_irs_c-nf_12,Monthly inflation rate non-food (12 month) - Statistical Center of Iran,Statistical Center of Iran,persian,1400-08,37.50,%,IR,Iran,,,Base year 1400,سال پایه ۱۴۰۰
inf_irs_c-nf_12,Monthly inflation rate non-food (12 month) - Statistical Center of Iran,Statistical Center of Iran,persian,1400-09,36.80,%,IR,Iran,,,Base year 1400,سال پایه ۱۴۰۰
inf_irs_c-nf_12,Monthly inflation rate non-food (12 month) - Statistical Center of Iran,Statistical Center of Iran,persian,1400-10,36.10,%,IR,Iran,,,Base year 1400,سال پایه ۱۴۰۰
inf_irs_c-nf_12,Monthly inflation rate non-food (12 month) - Statistical Center of Iran,Statistical Center of Iran,persian,1400-11,35.40,%,IR,Iran,,,Base year 1400,سال پایه ۱۴۰۰
inf_irs_c-nf_12,Monthly inflation rate non-food (12 month) - Statistical Center of Iran,Statistical Center of Iran,persian,1400-12,34.60,%,IR,Iran,,,Base year 1400,سال پایه ۱۴۰۰
inf_irs_c-nf_12,Monthly inflation rate non-food (12 month) - Statistical Center of Iran,Statistical Center of Iran,persian,1401-01,33.40,%,IR,Iran,,,Base year 1400,سال پایه ۱۴۰۰
inf_irs_c-nf_12,Monthly inflation rate non-food (12 month) - Statistical Center of Iran,Statistical Center of Iran,persian,1401-02,32.60,%,IR,Iran,,,Base year 1400,سال پایه ۱۴۰۰
inf_irs_c-nf_12,Monthly inflation rate non-food (12 month) - Statistical Center of Iran,Statistical Center of Iran,persian,1401-03,32.10,%,IR,Iran,,,Base year 1400,سال پایه ۱۴۰۰
inf_irs_c-nf_12,Monthly inflation rate non-food (12 month) - Statistical Center of Iran,Statistical Center of Iran,persian,1401-04,31.90,%,IR,Iran,,,Base year 1400,سال پایه ۱۴۰۰
inf_irs_c-nf_12,Monthly inflation rate non-food (12 month) - Statistical Center of Iran,Statistical Center of Iran,persian,1401-05,31.80,%,IR,Iran,,,Base year 1400,سال پایه ۱۴۰۰
inf_irs_c-nf_12,Monthly inflation rate non-food (12 month) - Statistical Center of Iran,Statistical Center of Iran,persian,1401-06,31.70,%,IR,Iran,,,Base year 1400,سال پایه ۱۴۰۰
inf_irs_c-nf_12,Monthly inflation rate non-food (12 month) - Statistical Center of Iran,Statistical Center of Iran,persian,1401-07,32.00,%,IR,Iran,,,Base year 1400,سال پایه ۱۴۰۰
inf_irs_c-nf_12,Monthly inflation rate non-food (12 month) - Statistical Center of Iran,Statistical Center of Iran,persian,1401-08,32.40,%,IR,Iran,,,Base year 1400,سال پایه ۱۴۰۰
inf_irs_c-nf_12,Monthly inflation rate non-food (12 month) - Statistical Center of Iran,Statistical Center of Iran,persian,1401-09,32.90,%,IR,Iran,,,Base year 1400,سال پایه ۱۴۰۰
inf_irs_c-nf_12,Monthly inflation rate non-food (12 month) - Statistical Center of Iran,Statistical Center of Iran,persian,1401-10,33.50,%,IR,Iran,,,Base year 1400,سال پایه ۱۴۰۰
inf_irs_c-nf_12,Monthly inflation rate non-food (12 month) - Statistical Center of Iran,Statistical Center of Iran,persian,1401-11,34.30,%,IR,Iran,,,Base year 1400,سال پایه ۱۴۰۰
inf_irs_c-nf_12,Monthly inflation rate non-food (12 month) - Statistical Center of Iran,Statistical Center of Iran,persian,1401-12,35.40,%,IR,Iran,,,Base year 1400,سال پایه ۱۴۰۰
inf_irs_c-nf_12,Monthly inflation rate non-food (12 month) - Statistical Center of Iran,Statistical Center of Iran,persian,1402-01,36.80,%,IR,Iran,,,Base year 1400,سال پایه ۱۴۰۰
inf_irs_c-nf_12,Monthly inflation rate non-food (12 month) - Statistical Center of Iran,Statistical Center of Iran,persian,1402-02,38.00,%,IR,Iran,,,Base year 1400,سال پایه ۱۴۰۰
inf_irs_c-nf_12,Monthly inflation rate non-food (12 month) - Statistical Center of Iran,Statistical Center of Iran,persian,1402-03,38.80,%,IR,Iran,,,Base year 1400,سال پایه ۱۴۰۰
inf_irs_c-nf_12,Monthly inflation rate non-food (12 month) - Statistical Center of Iran,Statistical Center of Iran,persian,1402-04,39.30,%,IR,Iran,,,Base year 1400,سال پایه ۱۴۰۰
inf_irs_c-nf_12,Monthly inflation rate non-food (12 month) - Statistical Center of Iran,Statistical Center of Iran,persian,1402-05,39.80,%,IR,Iran,,,Base year 1400,سال پایه ۱۴۰۰
inf_irs_c-nf_12,Monthly inflation rate non-food (12 month) - Statistical Center of Iran,Statistical Center of Iran,persian,1402-06,40.30,%,IR,Iran,,,Base year 1400,سال پایه ۱۴۰۰
inf_irs_c-nf_12,Monthly inflation rate non-food (12 month) - Statistical Center of Iran,Statistical Center of Iran,persian,1402-07,40.90,%,IR,Iran,,,Base year 1400,سال پایه ۱۴۰۰
inf_irs_c-nf_12,Monthly inflation rate non-food (12 month) - Statistical Center of Iran,Statistical Center of Iran,persian,1402-08,41.30,%,IR,Iran,,,Base year 1400,سال پایه ۱۴۰۰
inf_irs_c-nf_12,Monthly inflation rate non-food (12 month) - Statistical Center of Iran,Statistical Center of Iran,persian,1402-09,41.40,%,IR,Iran,,,Base year 1400,سال پایه ۱۴۰۰
inf_irs_c-nf_12,Monthly inflation rate non-food (12 month) - Statistical Center of Iran,Statistical Center of Iran,persian,1402-10,41.40,%,IR,Iran,,,Base year 1400,سال پایه ۱۴۰۰
inf_irs_c-nf_12,Monthly inflation rate non-food (12 month) - Statistical Center of Iran,Statistical Center of Iran,persian,1402-11,41.10,%,IR,Iran,,,Base year 1400,سال پایه ۱۴۰۰
inf_irs_c-nf_12,Monthly inflation rate non-food (12 month) - Statistical Center of Iran,Statistical Center of Iran,persian,1402-12,40.40,%,IR,Iran,,,Base year 1400,سال پایه ۱۴۰۰
inf_irs_c-nf_12,Monthly inflation rate non-food (12 month) - Statistical Center of Iran,Statistical Center of Iran,persian,1403-01,39.50,%,IR,Iran,,,Base year 1400,سال پایه ۱۴۰۰
inf_irs_c-nf_12,Monthly inflation rate non-food (12 month) - Statistical Center of Iran,Statistical Center of Iran,persian,1403-02,38.80,%,IR,Iran,,,Base year 1400,سال پایه ۱۴۰۰
inf_irs_c-nf_12,Monthly inflation rate non-food (12 month) - Statistical Center of Iran,Statistical Center of Iran,persian,1403-03,38.20,%,IR,Iran,,,Base year 1400,سال پایه ۱۴۰۰
inf_irs_c-nf_12,Monthly inflation rate non-food (12 month) - Statistical Center of Iran,Statistical Center of Iran,persian,1403-04,37.70,%,IR,Iran,,,Base year 1400,سال پایه ۱۴۰۰
inf_irs_c-nf_12,Monthly inflation rate non-food (12 month) - Statistical Center of Iran,Statistical Center of Iran,persian,1403-05,37.30,%,IR,Iran,,,Base year 1400,سال پایه ۱۴۰۰
inf_irs_c-nf_12,Monthly inflation rate non-food (12 month) - Statistical Center of Iran,Statistical Center of Iran,persian,1403-06,36.90,%,IR,Iran,,,Base year 1400,سال پایه ۱۴۰۰
inf_irs_c-nf_12,Monthly inflation rate non-food (12 month) - Statistical Center of Iran,Statistical Center of Iran,persian,1403-07,36.40,%,IR,Iran,,,Base year 1400,سال پایه ۱۴۰۰
inf_irs_c-nf_12,Monthly inflation rate non-food (12 month) - Statistical Center of Iran,Statistical Center of Iran,persian,1403-08,35.90,%,IR,Iran,,,Base year 1400,سال پایه ۱۴۰۰
inf_irs_c-nf_12,Monthly inflation rate non-food (12 month) - Statistical Center of Iran,Statistical Center of Iran,persian,1403-09,35.50,%,IR,Iran,,,Base year 1400,سال پایه ۱۴۰۰
inf_irs_c-nf_12,Monthly inflation rate non-food (12 month) - Statistical Center of Iran,Statistical Center of Iran,persian,1403-10,35.10,%,IR,Iran,,,Base year 1400,سال پایه ۱۴۰۰
inf_irs_c-nf_12,Monthly inflation rate non-food (12 month) - Statistical Center of Iran,Statistical Center of Iran,persian,1403-11,34.90,%,IR,Iran,,,Base year 1400,سال پایه ۱۴۰۰
inf_irs_c-nf_12,Monthly inflation rate non-food (12 month) - Statistical Center of Iran,Statistical Center of Iran,persian,1403-12,34.90,%,IR,Iran,,,Base year 1400,سال پایه ۱۴۰۰
inf_irs_c-nf_12,Monthly inflation rate non-food (12 month) - Statistical Center of Iran,Statistical Center of Iran,persian,1404-01,35.10,%,IR,Iran,,,Base year 1400,سال پایه ۱۴۰۰
inf_irs_c-nf_12,Monthly inflation rate non-food (12 month) - Statistical Center of Iran,Statistical Center of Iran,persian,1404-02,35.30,%,IR,Iran,,,Base year 1400,سال پایه ۱۴۰۰
inf_irs_c-nf_12,Monthly inflation rate non-food (12 month) - Statistical Center of Iran,Statistical Center of Iran,persian,1404-03,35.50,%,IR,Iran,,,Base year 1400,سال پایه ۱۴۰۰
inf_irs_c-nf_12,Monthly inflation rate non-food (12 month) - Statistical Center of Iran,Statistical Center of Iran,persian,1404-04,35.80,%,IR,Iran,,,Base year 1400,سال پایه ۱۴۰۰
inf_irs_c-nf_12,Monthly inflation rate non-food (12 month) - Statistical Center of Iran,Statistical Center of Iran,persian,1404-05,36.00,%,IR,Iran,,,Base year 1400,سال پایه ۱۴۰۰
inf_irs_c-nf_12,Monthly inflation rate non-food (12 month) - Statistical Center of Iran,Statistical Center of Iran,persian,1404-06,36.30,%,IR,Iran,,,Base year 1400,سال پایه ۱۴۰۰
inf_irs_c-nf_12,Monthly inflation rate non-food (12 month) - Statistical Center of Iran,Statistical Center of Iran,persian,1404-07,36.90,%,IR,Iran,,,Base year 1400,سال پایه ۱۴۰۰
inf_irs_c-nf_12,Monthly inflation rate non-food (12 month) - Statistical Center of Iran,Statistical Center of Iran,persian,1404-08,37.50,%,IR,Iran,,,Base year 1400,سال پایه ۱۴۰۰
inf_irs_c-nf_12,Monthly inflation rate non-food (12 month) - Statistical Center of Iran,Statistical Center of Iran,persian,1404-09,38.30,%,IR,Iran,,,Base year 1400,سال پایه ۱۴۰۰
inf_irs_c-nf_12,Monthly inflation rate non-food (12 month) - Statistical Center of Iran,Statistical Center of Iran,persian,1404-10,39.20,%,IR,Iran,,,Base year 1400,سال پایه ۱۴۰۰
inf_irs_c-nf_12,Monthly inflation rate non-food (12 month) - Statistical Center of Iran,Statistical Center of Iran,persian,1404-11,40.50,%,IR,Iran,,,Base year 1400,سال پایه ۱۴۰۰
inf_irs_c-nf_12,Monthly inflation rate non-food (12 month) - Statistical Center of Iran,Statistical Center of Iran,persian,1404-12,41.80,%,IR,Iran,,,Base year 1400,سال پایه ۱۴۰۰
inf_irs_c-nf_12,Monthly inflation rate non-food (12 month) - Statistical Center of Iran,Statistical Center of Iran,persian,1404-13,43.00,%,IR,Iran,,,Base year 1400,سال پایه ۱۴۰۰
inf_irs_c-h_12,Monthly inflation rate housing (12 month) - Statistical Center of Iran,Statistical Center of Iran,persian,1392-01,17.30,%,IR,Iran,,,Base year 1400,سال پایه ۱۴۰۰
inf_irs_c-h_12,Monthly inflation rate housing (12 month) - Statistical Center of Iran,Statistical Center of Iran,persian,1392-02,17.30,%,IR,Iran,,,Base year 1400,سال پایه ۱۴۰۰
inf_irs_c-h_12,Monthly inflation rate housing (12 month) - Statistical Center of Iran,Statistical Center of Iran,persian,1392-03,17.50,%,IR,Iran,,,Base year 1400,سال پایه ۱۴۰۰
inf_irs_c-h_12,Monthly inflation rate housing (12 month) - Statistical Center of Iran,Statistical Center of Iran,persian,1392-04,17.90,%,IR,Iran,,,Base year 1400,سال پایه ۱۴۰۰
inf_irs_c-h_12,Monthly inflation rate housing (12 month) - Statistical Center of Iran,Statistical Center of Iran,persian,1392-05,18.40,%,IR,Iran,,,Base year 1400,سال پایه ۱۴۰۰
inf_irs_c-h_12,Monthly inflation rate housing (12 month) - Statistical Center of Iran,Statistical Center of Iran,persian,1392-06,18.70,%,IR,Iran,,,Base year 1400,سال پایه ۱۴۰۰
inf_irs_c-h_12,Monthly inflation rate housing (12 month) - Statistical Center of Iran,Statistical Center of Iran,persian,1392-07,18.80,%,IR,Iran,,,Base year 1400,سال پایه ۱۴۰۰
inf_irs_c-h_12,Monthly inflation rate housing (12 month) - Statistical Center of Iran,Statistical Center of Iran,persian,1392-08,18.90,%,IR,Iran,,,Base year 1400,سال پایه ۱۴۰۰
inf_irs_c-h_12,Monthly inflation rate housing (12 month) - Statistical Center of Iran,Statistical Center of Iran,persian,1392-09,19.20,%,IR,Iran,,,Base year 1400,سال پایه ۱۴۰۰
inf_irs_c-h_12,Monthly inflation rate housing (12 month) - Statistical Center of Iran,Statistical Center of Iran,persian,1392-10,19.40,%,IR,Iran,,,Base year 1400,سال پایه ۱۴۰۰
inf_irs_c-h_12,Monthly inflation rate housing (12 month) - Statistical Center of Iran,Statistical Center of Iran,persian,1392-11,19.50,%,IR,Iran,,,Base year 1400,سال پایه ۱۴۰۰
inf_irs_c-h_12,Monthly inflation rate housing (12 month) - Statistical Center of Iran,Statistical Center of Iran,persian,1392-12,19.60,%,IR,Iran,,,Base year 1400,سال پایه ۱۴۰۰
inf_irs_c-h_12,Monthly inflation rate housing (12 month) - Statistical Center of Iran,Statistical Center of Iran,persian,1393-01,19.60,%,IR,Iran,,,Base year 1400,سال پایه ۱۴۰۰
inf_irs_c-h_12,Monthly inflation rate housing (12 month) - Statistical Center of Iran,Statistical Center of Iran,persian,1393-02,19.80,%,IR,Iran,,,Base year 1400,سال پایه ۱۴۰۰
inf_irs_c-h_12,Monthly inflation rate housing (12 month) - Statistical Center of Iran,Statistical Center of Iran,persian,1393-03,19.60,%,IR,Iran,,,Base year 1400,سال پایه ۱۴۰۰
inf_irs_c-h_12,Monthly inflation rate housing (12 month) - Statistical Center of Iran,Statistical Center of Iran,persian,1393-04,19.30,%,IR,Iran,,,Base year 1400,سال پایه ۱۴۰۰
inf_irs_c-h_12,Monthly inflation rate housing (12 month) - Statistical Center of Iran,Statistical Center of Iran,persian,1393-05,19.20,%,IR,Iran,,,Base year 1400,سال پایه ۱۴۰۰
inf_irs_c-h_12,Monthly inflation rate housing (12 month) - Statistical Center of Iran,Statistical Center of Iran,persian,1393-06,19.10,%,IR,Iran,,,Base year 1400,سال پایه ۱۴۰۰
inf_irs_c-h_12,Monthly inflation rate housing (12 month) - Statistical Center of Iran,Statistical Center of Iran,persian,1393-07,19.10,%,IR,Iran,,,Base year 1400,سال پایه ۱۴۰۰
inf_irs_c-h_12,Monthly inflation rate housing (12 month) - Statistical Center of Iran,Statistical Center of Iran,persian,1393-08,18.90,%,IR,Iran,,,Base year 1400,سال پایه ۱۴۰۰
inf_irs_c-h_12,Monthly inflation rate housing (12 month) - Statistical Center of Iran,Statistical Center of Iran,persian,1393-09,18.60,%,IR,Iran,,,Base year 1400,سال پایه ۱۴۰۰
inf_irs_c-h_12,Monthly inflation rate housing (12 month) - Statistical Center of Iran,Statistical Center of Iran,persian,1393-10,18.40,%,IR,Iran,,,Base year 1400,سال پایه ۱۴۰۰
inf_irs_c-h_12,Monthly inflation rate housing (12 month) - Statistical Center of Iran,Statistical Center of Iran,persian,1393-11,18.20,%,IR,Iran,,,Base year 1400,سال پایه ۱۴۰۰
inf_irs_c-h_12,Monthly inflation rate housing (12 month) - Statistical Center of Iran,Statistical Center of Iran,persian,1393-12,18.10,%,IR,Iran,,,Base year 1400,سال پایه ۱۴۰۰
inf_irs_c-h_12,Monthly inflation rate housing (12 month) - Statistical Center of Iran,Statistical Center of Iran,persian,1394-01,17.90,%,IR,Iran,,,Base year 1400,سال پایه ۱۴۰۰
inf_irs_c-h_12,Monthly inflation rate housing (12 month) - Statistical Center of Iran,Statistical Center of Iran,persian,1394-02,17.50,%,IR,Iran,,,Base year 1400,سال پایه ۱۴۰۰
inf_irs_c-h_12,Monthly inflation rate housing (12 month) - Statistical Center of Iran,Statistical Center of Iran,persian,1394-03,17.20,%,IR,Iran,,,Base year 1400,سال پایه ۱۴۰۰
inf_irs_c-h_12,Monthly inflation rate housing (12 month) - Statistical Center of Iran,Statistical Center of Iran,persian,1394-04,17.00,%,IR,Iran,,,Base year 1400,سال پایه ۱۴۰۰
inf_irs_c-h_12,Monthly inflation rate housing (12 month) - Statistical Center of Iran,Statistical Center of Iran,persian,1394-05,16.60,%,IR,Iran,,,Base year 1400,سال پایه ۱۴۰۰
inf_irs_c-h_12,Monthly inflation rate housing (12 month) - Statistical Center of Iran,Statistical Center of Iran,persian,1394-06,16.50,%,IR,Iran,,,Base year 1400,سال پایه ۱۴۰۰
inf_irs_c-h_12,Monthly inflation rate housing (12 month) - Statistical Center of Iran,Statistical Center of Iran,persian,1394-07,16.20,%,IR,Iran,,,Base year 1400,سال پایه ۱۴۰۰
inf_irs_c-h_12,Monthly inflation rate housing (12 month) - Statistical Center of Iran,Statistical Center of Iran,persian,1394-08,16.00,%,IR,Iran,,,Base year 1400,سال پایه ۱۴۰۰
inf_irs_c-h_12,Monthly inflation rate housing (12 month) - Statistical Center of Iran,Statistical Center of Iran,persian,1394-09,16.00,%,IR,Iran,,,Base year 1400,سال پایه ۱۴۰۰
inf_irs_c-h_12,Monthly inflation rate housing (12 month) - Statistical Center of Iran,Statistical Center of Iran,persian,1394-10,15.50,%,IR,Iran,,,Base year 1400,سال پایه ۱۴۰۰
inf_irs_c-h_12,Monthly inflation rate housing (12 month) - Statistical Center of Iran,Statistical Center of Iran,persian,1394-11,15.00,%,IR,Iran,,,Base year 1400,سال پایه ۱۴۰۰
inf_irs_c-h_12,Monthly inflation rate housing (12 month) - Statistical Center of Iran,Statistical Center of Iran,persian,1394-12,14.40,%,IR,Iran,,,Base year 1400,سال پایه ۱۴۰۰
inf_irs_c-h_12,Monthly inflation rate housing (12 month) - Statistical Center of Iran,Statistical Center of Iran,persian,1395-01,13.90,%,IR,Iran,,,Base year 1400,سال پایه ۱۴۰۰
inf_irs_c-h_12,Monthly inflation rate housing (12 month) - Statistical Center of Iran,Statistical Center of Iran,persian,1395-02,13.40,%,IR,Iran,,,Base year 1400,سال پایه ۱۴۰۰
inf_irs_c-h_12,Monthly inflation rate housing (12 month) - Statistical Center of Iran,Statistical Center of Iran,persian,1395-03,12.90,%,IR,Iran,,,Base year 1400,سال پایه ۱۴۰۰
inf_irs_c-h_12,Monthly inflation rate housing (12 month) - Statistical Center of Iran,Statistical Center of Iran,persian,1395-04,12.30,%,IR,Iran,,,Base year 1400,سال پایه ۱۴۰۰
inf_irs_c-h_12,Monthly inflation rate housing (12 month) - Statistical Center of Iran,Statistical Center of Iran,persian,1395-05,11.70,%,IR,Iran,,,Base year 1400,سال پایه ۱۴۰۰
inf_irs_c-h_12,Monthly inflation rate housing (12 month) - Statistical Center of Iran,Statistical Center of Iran,persian,1395-06,10.90,%,IR,Iran,,,Base year 1400,سال پایه ۱۴۰۰
inf_irs_c-h_12,Monthly inflation rate housing (12 month) - Statistical Center of Iran,Statistical Center of Iran,persian,1395-07,10.00,%,IR,Iran,,,Base year 1400,سال پایه ۱۴۰۰
inf_irs_c-h_12,Monthly inflation rate housing (12 month) - Statistical Center of Iran,Statistical Center of Iran,persian,1395-08,8.90,%,IR,Iran,,,Base year 1400,سال پایه ۱۴۰۰
inf_irs_c-h_12,Monthly inflation rate housing (12 month) - Statistical Center of Iran,Statistical Center of Iran,persian,1395-09,7.90,%,IR,Iran,,,Base year 1400,سال پایه ۱۴۰۰
inf_irs_c-h_12,Monthly inflation rate housing (12 month) - Statistical Center of Iran,Statistical Center of Iran,persian,1395-10,7.20,%,IR,Iran,,,Base year 1400,سال پایه ۱۴۰۰
inf_irs_c-h_12,Monthly inflation rate housing (12 month) - Statistical Center of Iran,Statistical Center of Iran,persian,1395-11,6.70,%,IR,Iran,,,Base year 1400,سال پایه ۱۴۰۰
inf_irs_c-h_12,Monthly inflation rate housing (12 month) - Statistical Center of Iran,Statistical Center of Iran,persian,1395-12,6.20,%,IR,Iran,,,Base year 1400,سال پایه ۱۴۰۰
inf_irs_c-h_12,Monthly inflation rate housing (12 month) - Statistical Center of Iran,Statistical Center of Iran,persian,1396-01,5.80,%,IR,Iran,,,Base year 1400,سال پایه ۱۴۰۰
inf_irs_c-h_12,Monthly inflation rate housing (12 month) - Statistical Center of Iran,Statistical Center of Iran,persian,1396-02,5.50,%,IR,Iran,,,Base year 1400,سال پایه ۱۴۰۰
inf_irs_c-h_12,Monthly inflation rate housing (12 month) - Statistical Center of Iran,Statistical Center of Iran,persian,1396-03,5.20,%,IR,Iran,,,Base year 1400,سال پایه ۱۴۰۰
inf_irs_c-h_12,Monthly inflation rate housing (12 month) - Statistical Center of Iran,Statistical Center of Iran,persian,1396-04,5.10,%,IR,Iran,,,Base year 1400,سال پایه ۱۴۰۰
inf_irs_c-h_12,Monthly inflation rate housing (12 month) - Statistical Center of Iran,Statistical Center of Iran,persian,1396-05,5.10,%,IR,Iran,,,Base year 1400,سال پایه ۱۴۰۰
inf_irs_c-h_12,Monthly inflation rate housing (12 month) - Statistical Center of Iran,Statistical Center of Iran,persian,1396-06,5.20,%,IR,Iran,,,Base year 1400,سال پایه ۱۴۰۰
inf_irs_c-h_12,Monthly inflation rate housing (12 month) - Statistical Center of Iran,Statistical Center of Iran,persian,1396-07,5.50,%,IR,Iran,,,Base year 1400,سال پایه ۱۴۰۰
inf_irs_c-h_12,Monthly inflation rate housing (12 month) - Statistical Center of Iran,Statistical Center of Iran,persian,1396-08,6.00,%,IR,Iran,,,Base year 1400,سال پایه ۱۴۰۰
inf_irs_c-h_12,Monthly inflation rate housing (12 month) - Statistical Center of Iran,Statistical Center of Iran,persian,1396-09,6.40,%,IR,Iran,,,Base year 1400,سال پایه ۱۴۰۰
inf_irs_c-h_12,Monthly inflation rate housing (12 month) - Statistical Center of Iran,Statistical Center of Iran,persian,1396-10,6.80,%,IR,Iran,,,Base year 1400,سال پایه ۱۴۰۰
inf_irs_c-h_12,Monthly inflation rate housing (12 month) - Statistical Center of Iran,Statistical Center of Iran,persian,1396-11,7.00,%,IR,Iran,,,Base year 1400,سال پایه ۱۴۰۰
inf_irs_c-h_12,Monthly inflation rate housing (12 month) - Statistical Center of Iran,Statistical Center of Iran,persian,1396-12,7.30,%,IR,Iran,,,Base year 1400,سال پایه ۱۴۰۰
inf_irs_c-h_12,Monthly inflation rate housing (12 month) - Statistical Center of Iran,Statistical Center of Iran,persian,1397-01,7.50,%,IR,Iran,,,Base year 1400,سال پایه ۱۴۰۰
inf_irs_c-h_12,Monthly inflation rate housing (12 month) - Statistical Center of Iran,Statistical Center of Iran,persian,1397-02,7.70,%,IR,Iran,,,Base year 1400,سال پایه ۱۴۰۰
inf_irs_c-h_12,Monthly inflation rate housing (12 month) - Statistical Center of Iran,Statistical Center of Iran,persian,1397-03,7.90,%,IR,Iran,,,Base year 1400,سال پایه ۱۴۰۰
inf_irs_c-h_12,Monthly inflation rate housing (12 month) - Statistical Center of Iran,Statistical Center of Iran,persian,1397-04,8.40,%,IR,Iran,,,Base year 1400,سال پایه ۱۴۰۰
inf_irs_c-h_12,Monthly inflation rate housing (12 month) - Statistical Center of Iran,Statistical Center of Iran,persian,1397-05,9.10,%,IR,Iran,,,Base year 1400,سال پایه ۱۴۰۰
inf_irs_c-h_12,Monthly inflation rate housing (12 month) - Statistical Center of Iran,Statistical Center of Iran,persian,1397-06,9.90,%,IR,Iran,,,Base year 1400,سال پایه ۱۴۰۰
inf_irs_c-h_12,Monthly inflation rate housing (12 month) - Statistical Center of Iran,Statistical Center of Iran,persian,1397-07,10.90,%,IR,Iran,,,Base year 1400,سال پایه ۱۴۰۰
inf_irs_c-h_12,Monthly inflation rate housing (12 month) - Statistical Center of Iran,Statistical Center of Iran,persian,1397-08,11.80,%,IR,Iran,,,Base year 1400,سال پایه ۱۴۰۰
inf_irs_c-h_12,Monthly inflation rate housing (12 month) - Statistical Center of Iran,Statistical Center of Iran,persian,1397-09,13.00,%,IR,Iran,,,Base year 1400,سال پایه ۱۴۰۰
inf_irs_c-h_12,Monthly inflation rate housing (12 month) - Statistical Center of Iran,Statistical Center of Iran,persian,1397-10,14.20,%,IR,Iran,,,Base year 1400,سال پایه ۱۴۰۰
inf_irs_c-h_12,Monthly inflation rate housing (12 month) - Statistical Center of Iran,Statistical Center of Iran,persian,1397-11,15.50,%,IR,Iran,,,Base year 1400,سال پایه ۱۴۰۰
inf_irs_c-h_12,Monthly inflation rate housing (12 month) - Statistical Center of Iran,Statistical Center of Iran,persian,1397-12,16.80,%,IR,Iran,,,Base year 1400,سال پایه ۱۴۰۰
inf_irs_c-h_12,Monthly inflation rate housing (12 month) - Statistical Center of Iran,Statistical Center of Iran,persian,1398-01,18.20,%,IR,Iran,,,Base year 1400,سال پایه ۱۴۰۰
inf_irs_c-h_12,Monthly inflation rate housing (12 month) - Statistical Center of Iran,Statistical Center of Iran,persian,1398-02,19.60,%,IR,Iran,,,Base year 1400,سال پایه ۱۴۰۰
inf_irs_c-h_12,Monthly inflation rate housing (12 month) - Statistical Center of Iran,Statistical Center of Iran,persian,1398-03,21.10,%,IR,Iran,,,Base year 1400,سال پایه ۱۴۰۰
inf_irs_c-h_12,Monthly inflation rate housing (12 month) - Statistical Center of Iran,Statistical Center of Iran,persian,1398-04,22.10,%,IR,Iran,,,Base year 1400,سال پایه ۱۴۰۰
inf_irs_c-h_12,Monthly inflation rate housing (12 month) - Statistical Center of Iran,Statistical Center of Iran,persian,1398-05,22.90,%,IR,Iran,,,Base year 1400,سال پایه ۱۴۰۰
inf_irs_c-h_12,Monthly inflation rate housing (12 month) - Statistical Center of Iran,Statistical Center of Iran,persian,1398-06,23.50,%,IR,Iran,,,Base year 1400,سال پایه ۱۴۰۰
inf_irs_c-h_12,Monthly inflation rate housing (12 month) - Statistical Center of Iran,Statistical Center of Iran,persian,1398-07,23.80,%,IR,Iran,,,Base year 1400,سال پایه ۱۴۰۰
inf_irs_c-h_12,Monthly inflation rate housing (12 month) - Statistical Center of Iran,Statistical Center of Iran,persian,1398-08,24.10,%,IR,Iran,,,Base year 1400,سال پایه ۱۴۰۰
inf_irs_c-h_12,Monthly inflation rate housing (12 month) - Statistical Center of Iran,Statistical Center of Iran,persian,1398-09,24.10,%,IR,Iran,,,Base year 1400,سال پایه ۱۴۰۰
inf_irs_c-h_12,Monthly inflation rate housing (12 month) - Statistical Center of Iran,Statistical Center of Iran,persian,1398-10,24.00,%,IR,Iran,,,Base year 1400,سال پایه ۱۴۰۰
inf_irs_c-h_12,Monthly inflation rate housing (12 month) - Statistical Center of Iran,Statistical Center of Iran,persian,1398-11,23.90,%,IR,Iran,,,Base year 1400,سال پایه ۱۴۰۰
inf_irs_c-h_12,Monthly inflation rate housing (12 month) - Statistical Center of Iran,Statistical Center of Iran,persian,1398-12,23.70,%,IR,Iran,,,Base year 1400,سال پایه ۱۴۰۰
inf_irs_c-h_12,Monthly inflation rate housing (12 month) - Statistical Center of Iran,Statistical Center of Iran,persian,1399-01,23.30,%,IR,Iran,,,Base year 1400,سال پایه ۱۴۰۰
inf_irs_c-h_12,Monthly inflation rate housing (12 month) - Statistical Center of Iran,Statistical Center of Iran,persian,1399-02,23.00,%,IR,Iran,,,Base year 1400,سال پایه ۱۴۰۰
inf_irs_c-h_12,Monthly inflation rate housing (12 month) - Statistical Center of Iran,Statistical Center of Iran,persian,1399-03,22.60,%,IR,Iran,,,Base year 1400,سال پایه ۱۴۰۰
inf_irs_c-h_12,Monthly inflation rate housing (12 month) - Statistical Center of Iran,Statistical Center of Iran,persian,1399-04,22.70,%,IR,Iran,,,Base year 1400,سال پایه ۱۴۰۰
inf_irs_c-h_12,Monthly inflation rate housing (12 month) - Statistical Center of Iran,Statistical Center of Iran,persian,1399-05,22.80,%,IR,Iran,,,Base year 1400,سال پایه ۱۴۰۰
inf_irs_c-h_12,Monthly inflation rate housing (12 month) - Statistical Center of Iran,Statistical Center of Iran,persian,1399-06,23.10,%,IR,Iran,,,Base year 1400,سال پایه ۱۴۰۰
inf_irs_c-h_12,Monthly inflation rate housing (12 month) - Statistical Center of Iran,Statistical Center of Iran,persian,1399-07,23.30,%,IR,Iran,,,Base year 1400,سال پایه ۱۴۰۰
inf_irs_c-h_12,Monthly inflation rate housing (12 month) - Statistical Center of Iran,Statistical Center of Iran,persian,1399-08,23.60,%,IR,Iran,,,Base year 1400,سال پایه ۱۴۰۰
inf_irs_c-h_12,Monthly inflation rate housing (12 month) - Statistical Center of Iran,Statistical Center of Iran,persian,1399-09,23.90,%,IR,Iran,,,Base year 1400,سال پایه ۱۴۰۰
inf_irs_c-h_12,Monthly inflation rate housing (12 month) - Statistical Center of Iran,Statistical Center of Iran,persian,1399-10,24.40,%,IR,Iran,,,Base year 1400,سال پایه ۱۴۰۰
inf_irs_c-h_12,Monthly inflation rate housing (12 month) - Statistical Center of Iran,Statistical Center of Iran,persian,1399-11,24.70,%,IR,Iran,,,Base year 1400,سال پایه ۱۴۰۰
inf_irs_c-h_12,Monthly inflation rate housing (12 month) - Statistical Center of Iran,Statistical Center of Iran,persian,1399-12,25.30,%,IR,Iran,,,Base year 1400,سال پایه ۱۴۰۰
inf_irs_c-h_12,Monthly inflation rate housing (12 month) - Statistical Center of Iran,Statistical Center of Iran,persian,1400-01,26.10,%,IR,Iran,,,Base year 1400,سال پایه ۱۴۰۰
inf_irs_c-h_12,Monthly inflation rate housing (12 month) - Statistical Center of Iran,Statistical Center of Iran,persian,1400-02,26.70,%,IR,Iran,,,Base year 1400,سال پایه ۱۴۰۰
inf_irs_c-h_12,Monthly inflation rate housing (12 month) - Statistical Center of Iran,Statistical Center of Iran,persian,1400-03,27.30,%,IR,Iran,,,Base year 1400,سال پایه ۱۴۰۰
inf_irs_c-h_12,Monthly inflation rate housing (12 month) - Statistical Center of Iran,Statistical Center of Iran,persian,1400-04,27.30,%,IR,Iran,,,Base year 1400,سال پایه ۱۴۰۰
inf_irs_c-h_12,Monthly inflation rate housing (12 month) - Statistical Center of Iran,Statistical Center of Iran,persian,1400-05,27.10,%,IR,Iran,,,Base year 1400,سال پایه ۱۴۰۰
inf_irs_c-h_12,Monthly inflation rate housing (12 month) - Statistical Center of Iran,Statistical Center of Iran,persian,1400-06,27.00,%,IR,Iran,,,Base year 1400,سال پایه ۱۴۰۰
inf_irs_c-h_12,Monthly inflation rate housing (12 month) - Statistical Center of Iran,Statistical Center of Iran,persian,1400-07,26.90,%,IR,Iran,,,Base year 1400,سال پایه ۱۴۰۰
inf_irs_c-h_12,Monthly inflation rate housing (12 month) - Statistical Center of Iran,Statistical Center of Iran,persian,1400-08,26.80,%,IR,Iran,,,Base year 1400,سال پایه ۱۴۰۰
inf_irs_c-h_12,Monthly inflation rate housing (12 month) - Statistical Center of Iran,Statistical Center of Iran,persian,1400-09,26.70,%,IR,Iran,,,Base year 1400,سال پایه ۱۴۰۰
inf_irs_c-h_12,Monthly inflation rate housing (12 month) - Statistical Center of Iran,Statistical Center of Iran,persian,1400-10,26.80,%,IR,Iran,,,Base year 1400,سال پایه ۱۴۰۰
inf_irs_c-h_12,Monthly inflation rate housing (12 month) - Statistical Center of Iran,Statistical Center of Iran,persian,1400-11,26.90,%,IR,Iran,,,Base year 1400,سال پایه ۱۴۰۰
inf_irs_c-h_12,Monthly inflation rate housing (12 month) - Statistical Center of Iran,Statistical Center of Iran,persian,1400-12,26.80,%,IR,Iran,,,Base year 1400,سال پایه ۱۴۰۰
inf_irs_c-h_12,Monthly inflation rate housing (12 month) - Statistical Center of Iran,Statistical Center of Iran,persian,1401-01,26.70,%,IR,Iran,,,Base year 1400,سال پایه ۱۴۰۰
inf_irs_c-h_12,Monthly inflation rate housing (12 month) - Statistical Center of Iran,Statistical Center of Iran,persian,1401-02,26.70,%,IR,Iran,,,Base year 1400,سال پایه ۱۴۰۰
inf_irs_c-h_12,Monthly inflation rate housing (12 month) - Statistical Center of Iran,Statistical Center of Iran,persian,1401-03,26.90,%,IR,Iran,,,Base year 1400,سال پایه ۱۴۰۰
inf_irs_c-h_12,Monthly inflation rate housing (12 month) - Statistical Center of Iran,Statistical Center of Iran,persian,1401-04,27.30,%,IR,Iran,,,Base year 1400,سال پایه ۱۴۰۰
inf_irs_c-h_12,Monthly inflation rate housing (12 month) - Statistical Center of Iran,Statistical Center of Iran,persian,1401-05,27.80,%,IR,Iran,,,Base year 1400,سال پایه ۱۴۰۰
inf_irs_c-h_12,Monthly inflation rate housing (12 month) - Statistical Center of Iran,Statistical Center of Iran,persian,1401-06,28.20,%,IR,Iran,,,Base year 1400,سال پایه ۱۴۰۰
inf_irs_c-h_12,Monthly inflation rate housing (12 month) - Statistical Center of Iran,Statistical Center of Iran,persian,1401-07,28.70,%,IR,Iran,,,Base year 1400,سال پایه ۱۴۰۰
inf_irs_c-h_12,Monthly inflation rate housing (12 month) - Statistical Center of Iran,Statistical Center of Iran,persian,1401-08,29.30,%,IR,Iran,,,Base year 1400,سال پایه ۱۴۰۰
inf_irs_c-h_12,Monthly inflation rate housing (12 month) - Statistical Center of Iran,Statistical Center of Iran,persian,1401-09,30.10,%,IR,Iran,,,Base year 1400,سال پایه ۱۴۰۰
inf_irs_c-h_12,Monthly inflation rate housing (12 month) - Statistical Center of Iran,Statistical Center of Iran,persian,1401-10,30.60,%,IR,Iran,,,Base year 1400,سال پایه ۱۴۰۰
inf_irs_c-h_12,Monthly inflation rate housing (12 month) - Statistical Center of Iran,Statistical Center of Iran,persian,1401-11,31.40,%,IR,Iran,,,Base year 1400,سال پایه ۱۴۰۰
inf_irs_c-h_12,Monthly inflation rate housing (12 month) - Statistical Center of Iran,Statistical Center of Iran,persian,1401-12,32.30,%,IR,Iran,,,Base year 1400,سال پایه ۱۴۰۰
inf_irs_c-h_12,Monthly inflation rate housing (12 month) - Statistical Center of Iran,Statistical Center of Iran,persian,1402-01,33.30,%,IR,Iran,,,Base year 1400,سال پایه ۱۴۰۰
inf_irs_c-h_12,Monthly inflation rate housing (12 month) - Statistical Center of Iran,Statistical Center of Iran,persian,1402-02,34.00,%,IR,Iran,,,Base year 1400,سال پایه ۱۴۰۰
inf_irs_c-h_12,Monthly inflation rate housing (12 month) - Statistical Center of Iran,Statistical Center of Iran,persian,1402-03,34.70,%,IR,Iran,,,Base year 1400,سال پایه ۱۴۰۰
inf_irs_c-h_12,Monthly inflation rate housing (12 month) - Statistical Center of Iran,Statistical Center of Iran,persian,1402-04,35.30,%,IR,Iran,,,Base year 1400,سال پایه ۱۴۰۰
inf_irs_c-h_12,Monthly inflation rate housing (12 month) - Statistical Center of Iran,Statistical Center of Iran,persian,1402-05,35.90,%,IR,Iran,,,Base year 1400,سال پایه ۱۴۰۰
inf_irs_c-h_12,Monthly inflation rate housing (12 month) - Statistical Center of Iran,Statistical Center of Iran,persian,1402-06,36.50,%,IR,Iran,,,Base year 1400,سال پایه ۱۴۰۰
inf_irs_c-h_12,Monthly inflation rate housing (12 month) - Statistical Center of Iran,Statistical Center of Iran,persian,1402-07,37.20,%,IR,Iran,,,Base year 1400,سال پایه ۱۴۰۰
inf_irs_c-h_12,Monthly inflation rate housing (12 month) - Statistical Center of Iran,Statistical Center of Iran,persian,1402-08,37.70,%,IR,Iran,,,Base year 1400,سال پایه ۱۴۰۰
inf_irs_c-h_12,Monthly inflation rate housing (12 month) - Statistical Center of Iran,Statistical Center of Iran,persian,1402-09,38.10,%,IR,Iran,,,Base year 1400,سال پایه ۱۴۰۰
inf_irs_c-h_12,Monthly inflation rate housing (12 month) - Statistical Center of Iran,Statistical Center of Iran,persian,1402-10,38.70,%,IR,Iran,,,Base year 1400,سال پایه ۱۴۰۰
inf_irs_c-h_12,Monthly inflation rate housing (12 month) - Statistical Center of Iran,Statistical Center of Iran,persian,1402-11,39.00,%,IR,Iran,,,Base year 1400,سال پایه ۱۴۰۰
inf_irs_c-h_12,Monthly inflation rate housing (12 month) - Statistical Center of Iran,Statistical Center of Iran,persian,1402-12,39.20,%,IR,Iran,,,Base year 1400,سال پایه ۱۴۰۰
inf_irs_c-h_12,Monthly inflation rate housing (12 month) - Statistical Center of Iran,Statistical Center of Iran,persian,1403-01,39.40,%,IR,Iran,,,Base year 1400,سال پایه ۱۴۰۰
inf_irs_c-h_12,Monthly inflation rate housing (12 month) - Statistical Center of Iran,Statistical Center of Iran,persian,1403-02,39.70,%,IR,Iran,,,Base year 1400,سال پایه ۱۴۰۰
inf_irs_c-h_12,Monthly inflation rate housing (12 month) - Statistical Center of Iran,Statistical Center of Iran,persian,1403-03,39.90,%,IR,Iran,,,Base year 1400,سال پایه ۱۴۰۰
inf_irs_c-h_12,Monthly inflation rate housing (12 month) - Statistical Center of Iran,Statistical Center of Iran,persian,1403-04,40.30,%,IR,Iran,,,Base year 1400,سال پایه ۱۴۰۰
inf_irs_c-h_12,Monthly inflation rate housing (12 month) - Statistical Center of Iran,Statistical Center of Iran,persian,1403-05,40.70,%,IR,Iran,,,Base year 1400,سال پایه ۱۴۰۰
inf_irs_c-h_12,Monthly inflation rate housing (12 month) - Statistical Center of Iran,Statistical Center of Iran,persian,1403-06,40.90,%,IR,Iran,,,Base year 1400,سال پایه ۱۴۰۰
inf_irs_c-h_12,Monthly inflation rate housing (12 month) - Statistical Center of Iran,Statistical Center of Iran,persian,1403-07,41.00,%,IR,Iran,,,Base year 1400,سال پایه ۱۴۰۰
inf_irs_c-h_12,Monthly inflation rate housing (12 month) - Statistical Center of Iran,Statistical Center of Iran,persian,1403-08,40.90,%,IR,Iran,,,Base year 1400,سال پایه ۱۴۰۰
inf_irs_c-h_12,Monthly inflation rate housing (12 month) - Statistical Center of Iran,Statistical Center of Iran,persian,1403-09,40.70,%,IR,Iran,,,Base year 1400,سال پایه ۱۴۰۰
inf_irs_c-h_12,Monthly inflation rate housing (12 month) - Statistical Center of Iran,Statistical Center of Iran,persian,1403-10,40.40,%,IR,Iran,,,Base year 1400,سال پایه ۱۴۰۰
inf_irs_c-h_12,Monthly inflation rate housing (12 month) - Statistical Center of Iran,Statistical Center of Iran,persian,1403-11,40.10,%,IR,Iran,,,Base year 1400,سال پایه ۱۴۰۰
inf_irs_c-h_12,Monthly inflation rate housing (12 month) - Statistical Center of Iran,Statistical Center of Iran,persian,1403-12,39.80,%,IR,Iran,,,Base year 1400,سال پایه ۱۴۰۰
inf_irs_c-h_12,Monthly inflation rate housing (12 month) - Statistical Center of Iran,Statistical Center of Iran,persian,1404-01,39.50,%,IR,Iran,,,Base year 1400,سال پایه ۱۴۰۰
inf_irs_c-h_12,Monthly inflation rate housing (12 month) - Statistical Center of Iran,Statistical Center of Iran,persian,1404-02,39.20,%,IR,Iran,,,Base year 1400,سال پایه ۱۴۰۰
inf_irs_c-h_12,Monthly inflation rate housing (12 month) - Statistical Center of Iran,Statistical Center of Iran,persian,1404-03,38.90,%,IR,Iran,,,Base year 1400,سال پایه ۱۴۰۰
inf_irs_c-h_12,Monthly inflation rate housing (12 month) - Statistical Center of Iran,Statistical Center of Iran,persian,1404-04,38.40,%,IR,Iran,,,Base year 1400,سال پایه ۱۴۰۰
inf_irs_c-h_12,Monthly inflation rate housing (12 month) - Statistical Center of Iran,Statistical Center of Iran,persian,1404-05,37.90,%,IR,Iran,,,Base year 1400,سال پایه ۱۴۰۰
inf_irs_c-h_12,Monthly inflation rate housing (12 month) - Statistical Center of Iran,Statistical Center of Iran,persian,1404-06,37.50,%,IR,Iran,,,Base year 1400,سال پایه ۱۴۰۰
inf_irs_c-h_12,Monthly inflation rate housing (12 month) - Statistical Center of Iran,Statistical Center of Iran,persian,1404-07,37.10,%,IR,Iran,,,Base year 1400,سال پایه ۱۴۰۰
inf_irs_c-h_12,Monthly inflation rate housing (12 month) - Statistical Center of Iran,Statistical Center of Iran,persian,1404-08,36.90,%,IR,Iran,,,Base year 1400,سال پایه ۱۴۰۰