topic_id,level,main_category,sub_1,sub_2,sub_3,sub_4,sub_5,sub_6,sub_7,sub_8,sub_9,sub_10,indicator_label,calendar,geo_level,default_source,default_unit,frequency,requires_time_selection,chart_type,id_type,val_type,access
gdp_cur_wb,7,01-اقتصاد کلان,01-تولید ناخالص داخلی,01-ارزش کلی,02-ارزش اسمی,01-قیمت جاری,01-بانک جهانی,01-دلاری,,,,,تولید ناخالص داخلی به قیمت جاری (بانک جهانی),میلادی,کشور,بانک جهانی,میلیارد دلار,سالیانه,FALSE,line,time,num,subscriber
gdp_cur_wb_irr,7,01-اقتصاد کلان,01-تولید ناخالص داخلی,01-ارزش کلی,02-ارزش اسمی,01-قیمت جاری,01-بانک جهانی,02-ریالی,,,,,تولید ناخالص داخلی به قیمت جاری (بانک جهانی - ریالی),میلادی,کشور,بانک جهانی,میلیارد تومان,سالیانه,FALSE,line,time,num,subscriber
gdp_cur_imf,6,01-اقتصاد کلان,01-تولید ناخالص داخلی,01-ارزش کلی,02-ارزش اسمی,01-قیمت جاری,02-صندوق بین المللی پول,,,,,,تولید ناخالص داخلی به قیمت جاری (صندوق بین‌المللی پول),میلادی,کشور,صندوق بین‌المللی پول,میلیارد دلار,سالیانه,FALSE,line,time,num,subscriber
gdp_cur_cbi,7,01-اقتصاد کلان,01-تولید ناخالص داخلی,01-ارزش کلی,02-ارزش اسمی,01-قیمت جاری,03-بانک مرکزی,02-سالیانه,,,,,تولید ناخالص داخلی به قیمت جاری (بانک مرکزی - سالانه),خورشیدی,کشور,بانک مرکزی,میلیارد تومان,سالیانه,FALSE,line,time,num,subscriber
gdp_cur_cbi_se,7,01-اقتصاد کلان,01-تولید ناخالص داخلی,01-ارزش کلی,02-ارزش اسمی,01-قیمت جاری,03-بانک مرکزی,02-فصلی,,,,,تولید ناخالص داخلی به قیمت جاری (بانک مرکزی - فصلی),خورشیدی,کشور,بانک مرکزی,میلیارد تومان,فصلی,FALSE,line,time,num,subscriber
gdp_cur_stt,7,01-اقتصاد کلان,01-تولید ناخالص داخلی,01-ارزش کلی,02-ارزش اسمی,01-قیمت جاری,04-مرکز آمار ایران,02-سالیانه,,,,,تولید ناخالص داخلی به قیمت جاری اسمی (مرکز آمار - سالانه),خورشیدی,کشور,مرکز آمار ایران,میلیارد تومان,سالیانه,FALSE,line,time,num,subscriber
gdp_cur_stt_se,7,01-اقتصاد کلان,01-تولید ناخالص داخلی,01-ارزش کلی,02-ارزش اسمی,01-قیمت جاری,04-مرکز آمار ایران,02-فصلی,,,,,تولید ناخالص داخلی به قیمت جاری (مرکز آمار - فصلی),خورشیدی,کشور,مرکز آمار ایران,میلیارد تومان,فصلی,FALSE,line,time,num,subscriber
gdp_cos_wb,7,01-اقتصاد کلان,01-تولید ناخالص داخلی,01-ارزش کلی,02-ارزش اسمی,02-قیمت ثابت,01-بانک جهانی,01-دلاری,,,,,تولید ناخالص داخلی به قیمت ثابت (بانک جهانی),میلادی,کشور,بانک جهانی,میلیارد دلار در سال ۲۰۱۵,سالیانه,FALSE,line,time,num,subscriber
gdp_cos_wb_irr,7,01-اقتصاد کلان,01-تولید ناخالص داخلی,01-ارزش کلی,02-ارزش اسمی,02-قیمت ثابت,01-بانک جهانی,02-ریالی,,,,,تولید ناخالص داخلی به قیمت ثابت (بانک جهانی - ریالی),میلادی,کشور,بانک جهانی,میلیارد تومان ۲۰۱۵,سالیانه,FALSE,line,time,num,subscriber
gdp_cos_cbi,7,01-اقتصاد کلان,01-تولید ناخالص داخلی,01-ارزش کلی,02-ارزش اسمی,02-قیمت ثابت,03-بانک مرکزی,02-سالیانه,,,,,تولید ناخالص داخلی به قیمت ثابت (بانک مرکزی - سالانه),خورشیدی,کشور,بانک مرکزی,میلیارد تومان ۱۴۰۰,سالیانه,FALSE,line,time,num,subscriber
gdp_cos_cbi_se,7,01-اقتصاد کلان,01-تولید ناخالص داخلی,01-ارزش کلی,02-ارزش اسمی,02-قیمت ثابت,03-بانک مرکزی,02-فصلی,,,,,تولید ناخالص داخلی به قیمت ثابت (بانک مرکزی - فصلی),خورشیدی,کشور,بانک مرکزی,میلیارد تومان ۱۴۰۰,فصلی,FALSE,line,time,num,subscriber
gdp_cos_stt,7,01-اقتصاد کلان,01-تولید ناخالص داخلی,01-ارزش کلی,02-ارزش اسمی,02-قیمت ثابت,04-مرکز آمار ایران,02-سالیانه,,,,,تولید ناخالص داخلی به قیمت ثابت (مرکز آمار - سالانه),خورشیدی,کشور,مرکز آمار ایران,میلیارد تومان ۱۴۰۰,سالیانه,FALSE,line,time,num,subscriber
gdp_cos_stt_se,7,01-اقتصاد کلان,01-تولید ناخالص داخلی,01-ارزش کلی,02-ارزش اسمی,02-قیمت ثابت,04-مرکز آمار ایران,02-فصلی,,,,,تولید ناخالص داخلی به قیمت ثابت (مرکز آمار - فصلی),خورشیدی,کشور,مرکز آمار ایران,میلیارد تومان ۱۴۰۰,فصلی,FALSE,line,time,num,subscriber
gdp_ppp_cur_wb,6,01-اقتصاد کلان,01-تولید ناخالص داخلی,01-ارزش کلی,03-برابری قدرت خرید,01-قیمت جاری,01-بانک جهانی,,,,,,تولید ناخالص داخلی بر اساس برابری قدرت خرید (به قیمت جاری),میلادی,کشور,بانک جهانی,میلیارد دلار بین‌المللی,سالیانه,FALSE,line,time,num,subscriber
gdp_ppp_cur_imf,6,01-اقتصاد کلان,01-تولید ناخالص داخلی,01-ارزش کلی,03-برابری قدرت خرید,01-قیمت جاری,02-صندوق بین المللی پول,,,,,,تولید ناخالص داخلی بر اساس برابری قدرت خرید (صندوق بین‌المللی پول),میلادی,کشور,صندوق بین‌المللی پول,میلیارد دلار بین‌المللی,سالیانه,FALSE,line,time,num,subscriber
gdp_ppp_cos_wb,5,01-اقتصاد کلان,01-تولید ناخالص داخلی,01-ارزش کلی,03-برابری قدرت خرید,02-قیمت ثابت,,,,,,,تولید ناخالص داخلی بر اساس برابری قدرت خرید (به قیمت ثابت),میلادی,کشور,بانک جهانی,میلیارد دلار بین‌المللی ۲۰۲۱,سالیانه,FALSE,line,time,num,subscriber
gdp_gth-wb,6,01-اقتصاد کلان,01-تولید ناخالص داخلی,01-ارزش کلی,01-رشد اقتصادی,01-بانک جهانی,,,,,,,رشد اقتصادی (بانک جهانی),میلادی,کشور,بانک جهانی,درصد,سالیانه,FALSE,line,time,num,subscriber
gdp_gth-imf,6,01-اقتصاد کلان,01-تولید ناخالص داخلی,01-ارزش کلی,01-رشد اقتصادی,02-صندوق بین المللی پول,,,,,,,رشد اقتصادی (صندوق بین‌المللی پول),میلادی,کشور,صندوق بین‌المللی پول,درصد,سالیانه,FALSE,line,time,num,subscriber
gdp_gth-cbi,6,01-اقتصاد کلان,01-تولید ناخالص داخلی,01-ارزش کلی,01-رشد اقتصادی,03-بانک مرکزی,02-سالیانه,,,,,,رشد اقتصادی سالانه (بانک مرکزی),خورشیدی,کشور,بانک مرکزی,درصد,سالیانه,FALSE,line,time,num,subscriber
gdp_gth-cbi_se,6,01-اقتصاد کلان,01-تولید ناخالص داخلی,01-ارزش کلی,01-رشد اقتصادی,03-بانک مرکزی,02-فصلی,,,,,,رشد اقتصادی فصلی (بانک مرکزی),خورشیدی,کشور,بانک مرکزی,درصد,فصلی,FALSE,line,time,num,subscriber
gdp_gth-stt,6,01-اقتصاد کلان,01-تولید ناخالص داخلی,01-ارزش کلی,01-رشد اقتصادی,04-مرکز آمار ایران,02-سالیانه,,,,,,رشد اقتصادی سالانه (مرکز آمار),خورشیدی,کشور,مرکز آمار ایران,درصد,سالیانه,FALSE,line,time,num,subscriber
gdp_gth-stt_se,6,01-اقتصاد کلان,01-تولید ناخالص داخلی,01-ارزش کلی,01-رشد اقتصادی,04-مرکز آمار ایران,02-فصلی,,,,,,رشد تولید ناخالص داخلی (مرکز آمار فصلی),خورشیدی,کشور,مرکز آمار ایران,درصد,فصلی,FALSE,line,time,num,subscriber
gdp_pr_oil,6,01-اقتصاد کلان,01-تولید ناخالص داخلی,01-ارزش کلی,04-استانی,01-ارزش اسمی,01-با نفت,,,,,,تولید ناخالص داخلی استانی,خورشیدی,استان,مرکز آمار ایران,میلیارد تومان,سالیانه,TRUE,bar,time,num,subscriber
gdp_pr_no_oil,6,01-اقتصاد کلان,01-تولید ناخالص داخلی,01-ارزش کلی,04-استانی,01-ارزش اسمی,02-بدون نفت,,,,,,تولید ناخالص داخلی استانی (بدون نفت),خورشیدی,استان,مرکز آمار ایران,میلیارد تومان,سالیانه,TRUE,bar,time,num,subscriber
gdp_pr_oil_share,7,01-اقتصاد کلان,01-تولید ناخالص داخلی,01-ارزش کلی,04-استانی,02-اشتراک گذاری,01-با نفت,,,,,,سهم استان از تولید ناخالص داخلی,خورشیدی,استان,مرکز آمار ایران,درصد,سالیانه,TRUE,bar,time,num,subscriber
gdp_pr_no_oil_share,6,01-اقتصاد کلان,01-تولید ناخالص داخلی,01-ارزش کلی,04-استانی,02-اشتراک گذاری,02-بدون نفت,,,,,,سهم استان تولید ناخالص داخلی (بدون نفت),خورشیدی,استان,مرکز آمار ایران,درصد,سالیانه,TRUE,bar,time,num,subscriber
gdp_cap_cur_wb,7,01-اقتصاد کلان,01-تولید ناخالص داخلی,02-درآمد سرانه,02-ارزش اسمی,01-قیمت جاری,01-بانک جهانی,01-دلاری,,,,,سرانه تولید ناخالص داخلی به قیمت جاری (بانک جهانی),میلادی,کشور,بانک جهانی,دلار,سالیانه,FALSE,line,time,num,subscriber
gdp_cap_cur_wb_irr,7,01-اقتصاد کلان,01-تولید ناخالص داخلی,02-درآمد سرانه,02-ارزش اسمی,01-قیمت جاری,01-بانک جهانی,02-ریالی,,,,,سرانه تولید ناخالص داخلی به قیمت جاری (بانک جهانی - ریالی),میلادی,کشور,بانک جهانی,تومان,سالیانه,FALSE,line,time,num,subscriber
gdp_cap_cur_imf,6,01-اقتصاد کلان,01-تولید ناخالص داخلی,02-درآمد سرانه,02-ارزش اسمی,01-قیمت جاری,02-صندوق بین المللی پول,,,,,,سرانه تولید ناخالص داخلی به قیمت جاری (صندوق بین‌المللی پول),میلادی,کشور,صندوق بین‌المللی پول,دلار,سالیانه,FALSE,line,time,num,subscriber
gdp_cap_cos_wb,7,01-اقتصاد کلان,01-تولید ناخالص داخلی,02-درآمد سرانه,02-ارزش اسمی,02-قیمت ثابت,01-بانک جهانی,01-دلاری,,,,,سرانه تولید ناخالص داخلی به قیمت ثابت (بانک جهانی),میلادی,کشور,بانک جهانی,دلار ۲۰۱۵,سالیانه,FALSE,line,time,num,subscriber
gdp_cap_cos_wb_irr,7,01-اقتصاد کلان,01-تولید ناخالص داخلی,02-درآمد سرانه,02-ارزش اسمی,02-قیمت ثابت,01-بانک جهانی,02-ریالی,,,,,سرانه تولید ناخالص داخلی به قیمت ثابت (بانک جهانی ریالی),میلادی,کشور,بانک جهانی,تومان ۲۰۱۵,سالیانه,FALSE,line,time,num,subscriber
gdp_cap_ppp_wb,6,01-اقتصاد کلان,01-تولید ناخالص داخلی,02-درآمد سرانه,03-برابری قدرت خرید,01-قیمت جاری,01-بانک جهانی,,,,,,سرانه تولید ناخالص داخلی بر اساس برابری قدرت خرید (قیمت جاری),میلادی,کشور,بانک جهانی,دلار بین‌المللی,سالیانه,FALSE,line,time,num,subscriber
gdp_cap_ppp_imf,6,01-اقتصاد کلان,01-تولید ناخالص داخلی,02-درآمد سرانه,03-برابری قدرت خرید,01-قیمت جاری,02-صندوق بین المللی پول,,,,,,سرانه تولید ناخالص داخلی بر اساس برابری قدرت خرید (صندوق بین‌المللی پول),میلادی,کشور,صندوق بین‌المللی پول,دلار بین‌المللی,سالیانه,FALSE,line,time,num,subscriber
gdp_cap_ppp_cos_wb,6,01-اقتصاد کلان,01-تولید ناخالص داخلی,02-درآمد سرانه,03-برابری قدرت خرید,02-قیمت ثابت,01-بانک جهانی,,,,,,سرانه تولید ناخالص داخلی بر اساس برابری قدرت خرید (قیمت ثابت),میلادی,کشور,بانک جهانی,دلار بین‌المللی ۲۰۲۱,سالیانه,FALSE,line,time,num,subscriber
gdp_cap_gth_wb,6,01-اقتصاد کلان,01-تولید ناخالص داخلی,02-درآمد سرانه,01-رشد اقتصادی,,,,,,,,رشد سرانه تولید ناخالص داخلی,میلادی,کشور,بانک جهانی,درصد,سالیانه,FALSE,line,time,num,subscriber
inf_irs_c-t_y,6,01-اقتصاد کلان,02-تورم,01-نرخ تورم,01-کل,01-مرکز آمار ایران,01-سالانه,,,,,,نرخ تورم سالانه - مرکز آمار ایران,خورشیدی,کشور,بانک مرکزی ایران,درصد,سالانه,FALSE,line,time,num,subscriber
inf_irs_c-t_m,7,01-اقتصاد کلان,02-تورم,01-نرخ تورم,01-کل,01-مرکز آمار ایران,02-ماهانه,03-ماه به ماه,,,,,نرخ تورم ماهانه (ماه به ماه) - مرکز آمار ایران,خورشیدی,کشور,مرکز آمار ایران,درصد,ماهانه,FALSE,line,time,num,subscriber
inf_irs_c-t_p,7,01-اقتصاد کلان,02-تورم,01-نرخ تورم,01-کل,01-مرکز آمار ایران,02-ماهانه,02-نقطه به نقطه,,,,,نرخ تورم ماهانه (نقطه به نقطه) - مرکز آمار ایران,خورشیدی,کشور,مرکز آمار ایران,درصد,ماهانه,FALSE,line,time,num,subscriber
inf_irs_c-t_12,7,01-اقتصاد کلان,02-تورم,01-نرخ تورم,01-کل,01-مرکز آمار ایران,02-ماهانه,01-12 ماهه,,,,,نرخ تورم ماهانه (۱۲ ماهه) - مرکز آمار ایران,خورشیدی,کشور,مرکز آمار ایران,درصد,ماهانه,FALSE,line,time,num,subscriber
inf_cbi_y,6,01-اقتصاد کلان,02-تورم,01-نرخ تورم,01-کل,02-بانک مرکزی,01-سالانه,,,,,,نرخ تورم سالانه - بانک مرکزی,خورشیدی,کشور,بانک مرکزی ایران,درصد,سالانه,FALSE,line,time,num,subscriber
inf_cbi_m_t_m,7,01-اقتصاد کلان,02-تورم,01-نرخ تورم,01-کل,02-بانک مرکزی,02-ماهانه,,,,,,نرخ تورم ماهانه (ماه به ماه) - بانک مرکزی,خورشیدی,کشور,بانک مرکزی ایران,درصد,ماهانه,FALSE,line,time,num,subscriber
inf_cbi_m_t_p,7,01-اقتصاد کلان,02-تورم,01-نرخ تورم,01-کل,02-بانک مرکزی,02-ماهانه,03-ماه به ماه,,,,,نرخ تورم ماهانه (نقطه به نقطه) - بانک مرکزی,خورشیدی,کشور,بانک مرکزی ایران,درصد,ماهانه,FALSE,line,time,num,subscriber
inf_cbi_m_t_12,7,01-اقتصاد کلان,02-تورم,01-نرخ تورم,01-کل,02-بانک مرکزی,02-ماهانه,02-نقطه به نقطه,,,,,نرخ تورم ماهانه (۱۲ ماهه) - بانک مرکزی,خورشیدی,کشور,بانک مرکزی ایران,درصد,ماهانه,FALSE,line,time,num,subscriber
inf_wb_y,5,01-اقتصاد کلان,02-تورم,01-نرخ تورم,01-کل,03-بانک جهانی,,,,,,,نرخ تورم سالانه - بانک جهانی,میلادی,کشور,بانک جهانی,درصد,سالانه,FALSE,line,time,num,subscriber
inf_imf_y,6,01-اقتصاد کلان,02-تورم,01-نرخ تورم,01-کل,04-صندوق بین المللی پول,,,,,,,نرخ تورم سالانه - صندوق بین‌المللی پول,میلادی,کشور,صندوق بین‌المللی پول,درصد,سالانه,FALSE,line,time,num,subscriber
inf_irs_c-f_m,5,01-اقتصاد کلان,02-تورم,01-نرخ تورم,02-خوراکی,03-ماه به ماه,,,,,,,نرخ تورم ماهانه مواد غذایی (ماه به ماه) - مرکز آمار ایران,خورشیدی,کشور,مرکز آمار ایران,درصد,ماهانه,FALSE,line,time,num,subscriber
inf_irs_c-f_p,5,01-اقتصاد کلان,02-تورم,01-نرخ تورم,02-خوراکی,02-نقطه به نقطه,,,,,,,نرخ تورم ماهانه مواد غذایی (نقطه به نقطه) - مرکز آمار ایران,خورشیدی,کشور,مرکز آمار ایران,درصد,ماهانه,FALSE,line,time,num,subscriber
inf_irs_c-f_12,5,01-اقتصاد کلان,02-تورم,01-نرخ تورم,02-خوراکی,01-12 ماهه,,,,,,,نرخ تورم ماهانه مواد غذایی (۱۲ ماه) - مرکز آمار ایران,خورشیدی,کشور,مرکز آمار ایران,درصد,ماهانه,FALSE,line,time,num,subscriber
inf_irs_c-nf_m,5,01-اقتصاد کلان,02-تورم,01-نرخ تورم,03-غیرخوراکی,03-ماه به ماه,,,,,,,نرخ تورم ماهانه غیرخوراکی (ماه به ماه) - مرکز آمار ایران,خورشیدی,کشور,مرکز آمار ایران,درصد,ماهانه,FALSE,line,time,num,subscriber
inf_irs_c-nf_p,5,01-اقتصاد کلان,02-تورم,01-نرخ تورم,03-غیرخوراکی,02-نقطه به نقطه,,,,,,,نرخ تورم ماهانه غیرخوراکی (نقطه به نقطه) - مرکز آمار ایران,خورشیدی,کشور,مرکز آمار ایران,درصد,ماهانه,FALSE,line,time,num,subscriber
inf_irs_c-nf_12,5,01-اقتصاد کلان,02-تورم,01-نرخ تورم,03-غیرخوراکی,01-12 ماهه,,,,,,,نرخ تورم ماهانه غیرخوراکی (۱۲ ماهه) - مرکز آمار ایران,خورشیدی,کشور,مرکز آمار ایران,درصد,ماهانه,FALSE,line,time,num,subscriber
inf_irs_c-h_m,5,01-اقتصاد کلان,02-تورم,01-نرخ تورم,04-مسکن,03-ماه به ماه,,,,,,,نرخ تورم ماهانه مسکن (ماه به ماه) - مرکز آمار ایران,خورشیدی,کشور,مرکز آمار ایران,درصد,ماهانه,FALSE,line,time,num,subscriber
inf_irs_c-h_p,5,01-اقتصاد کلان,02-تورم,01-نرخ تورم,04-مسکن,02-نقطه به نقطه,,,,,,,نرخ تورم ماهانه مسکن (نقطه به نقطه) - مرکز آمار ایران,خورشیدی,کشور,مرکز آمار ایران,درصد,ماهانه,FALSE,line,time,num,subscriber
inf_irs_c-h_12,5,01-اقتصاد کلان,02-تورم,01-نرخ تورم,04-مسکن,01-12 ماهه,,,,,,,نرخ تورم ماهانه مسکن (۱۲ ماهه) - مرکز آمار ایران,خورشیدی,کشور,مرکز آمار ایران,درصد,ماهانه,FALSE,line,time,num,subscriber
cpi_cbi_m_t_y-95,7,01-اقتصاد کلان,02-تورم,02-شاخص قیمت,01-کل,02-بانک مرکزی,1395 = 100,01-سالانه,,,,,کل شاخص قیمت مصرف‌کننده - بانک مرکزی (۱۳۹۵ = ۱۰۰),خورشیدی,کشور,بانک مرکزی ایران,,ماهانه,FALSE,line,time,num,subscriber
cpi_cbi_m_t_95,7,01-اقتصاد کلان,02-تورم,02-شاخص قیمت,01-کل,02-بانک مرکزی,1395 = 100,02-ماهانه,,,,,کل شاخص قیمت مصرف‌کننده - بانک مرکزی (۱۳۹۵ = ۱۰۰),خورشیدی,کشور,بانک مرکزی ایران,,ماهانه,FALSE,line,time,num,subscriber
cpi_cbi_m_t_y_00,7,01-اقتصاد کلان,02-تورم,02-شاخص قیمت,01-کل,02-بانک مرکزی,1400 = 100,01-سالانه,,,,,کل شاخص قیمت مصرف‌کننده - بانک مرکزی (۱۴۰۰ = ۱۰۰),خورشیدی,کشور,بانک مرکزی ایران,,سالانه,FALSE,line,time,num,subscriber
cpi_cbi_m_t_00,7,01-اقتصاد کلان,02-تورم,02-شاخص قیمت,01-کل,02-بانک مرکزی,1400 = 100,02-ماهانه,,,,,کل شاخص قیمت مصرف‌کننده - بانک مرکزی (۱۴۰۰ = ۱۰۰),خورشیدی,کشور,بانک مرکزی ایران,,ماهانه,FALSE,line,time,num,subscriber
cpi_irs_c-y_t,6,01-اقتصاد کلان,02-تورم,02-شاخص قیمت,01-کل,01-مرکز آمار ایران,01-سالانه,,,,,,کل شاخص قیمت مصرف‌کننده - مرکز آمار ایران (۱۴۰۰ = ۱۰۰),خورشیدی,کشور,مرکز آمار ایران,,سالانه,FALSE,line,time,num,subscriber
cpi_irs_c-t,6,01-اقتصاد کلان,02-تورم,02-شاخص قیمت,01-کل,01-مرکز آمار ایران,02-ماهانه,,,,,,کل شاخص قیمت مصرف‌کننده - مرکز آمار ایران (۱۴۰۰ = ۱۰۰),خورشیدی,کشور,مرکز آمار ایران,,ماهانه,FALSE,line,time,num,subscriber
cpi_wb_y,6,01-اقتصاد کلان,02-تورم,02-شاخص قیمت,01-کل,03-بانک جهانی,,,,,,,شاخص قیمت مصرف‌کننده - بانک جهانی (۲۰۱۰ = ۱۰۰),میلادی,کشور,بانک جهانی,,سالانه,FALSE,line,time,num,subscriber
cpi_irs_c-y_f,6,01-اقتصاد کلان,02-تورم,02-شاخص قیمت,02-خوراکی,01-مرکز آمار ایران,01-سالانه,,,,,,شاخص قیمت مصرف‌کننده مواد غذایی - مرکز آمار ایران (۱۴۰۰ = ۱۰۰),خورشیدی,کشور,مرکز آمار ایران,,سالانه,FALSE,line,time,num,subscriber
cpi_irs_c-f,6,01-اقتصاد کلان,02-تورم,02-شاخص قیمت,02-خوراکی,01-مرکز آمار ایران,02-ماهانه,,,,,,شاخص قیمت مصرف‌کننده مواد غذایی - مرکز آمار ایران (۱۴۰۰ = ۱۰۰),خورشیدی,کشور,مرکز آمار ایران,,ماهانه,FALSE,line,time,num,subscriber
cpi_irs_c-h,5,01-اقتصاد کلان,02-تورم,02-شاخص قیمت,04-مسکن,01-مرکز آمار ایران,,,,,,,شاخص قیمت مصرف‌کننده مسکن - مرکز آمار ایران (۱۴۰۰ = ۱۰۰),خورشیدی,کشور,مرکز آمار ایران,,ماهانه,FALSE,line,time,num,subscriber
cpi_irs_c-nf,5,01-اقتصاد کلان,02-تورم,02-شاخص قیمت,03-غیرخوراکی,03-غیرخوراکی,,,,,,,شاخص قیمت مصرف‌کننده غیرخوراکی - مرکز آمار ایران (۱۴۰۰ = ۱۰۰),خورشیدی,کشور,مرکز آمار ایران,,ماهانه,FALSE,line,time,num,subscriber
mr_$_azad_y_p,6,06-بازار,01-نرخ ارز,01-USD,01-بازار آزاد,01-متوسط سالانه,01-تقویم خورشیدی,,,,,,میانگین قیمت سالانه یک دلار آمریکا (بازار آزاد) - تقویم خورشیدی,persian,کشور,بانک مرکزی,تومان,سالانه,FALSE,line,time,num,subscriber
mr_$_azad_y_g,6,06-بازار,01-نرخ ارز,01-USD,01-بازار آزاد,01-متوسط سالانه,02-تقویم میلادی,,,,,,میانگین قیمت سالانه یک دلار آمریکا (بازار آزاد) - تقویم میلادی,gregorian,کشور,شبکه اطلاع‌رسانی طلا و ارز,تومان,سالانه,FALSE,line,time,num,subscriber
$_azad_m_p,6,06-بازار,01-نرخ ارز,01-USD,01-بازار آزاد,02-متوسط ماهانه,01-تقویم خورشیدی,,,,,,میانگین قیمت ماهانه یک دلار آمریکا (بازار آزاد) - تقویم خورشیدی,persian,کشور,بانک مرکزی,تومان,ماهانه,FALSE,line,time,num,subscriber
mr_$_azad_m_g,6,06-بازار,01-نرخ ارز,01-USD,01-بازار آزاد,02-متوسط ماهانه,02-تقویم میلادی,,,,,,میانگین قیمت ماهانه یک دلار آمریکا (بازار آزاد) - تقویم میلادی,gregorian,کشور,شبکه اطلاع‌رسانی طلا و ارز,تومان,ماهانه,FALSE,line,time,num,subscriber
$_nima_y_p,6,06-بازار,01-نرخ ارز,01-USD,02-نیمایی,01-متوسط سالانه,01-تقویم خورشیدی,,,,,,میانگین قیمت سالانه یک دلار آمریکا (نیما) - تقویم خورشیدی,persian,کشور,بانک مرکزی,تومان,سالانه,FALSE,line,time,num,subscriber
$_nima_y_g,6,06-بازار,01-نرخ ارز,01-USD,02-نیمایی,01-متوسط سالانه,02-تقویم میلادی,,,,,,میانگین قیمت سالانه یک دلار آمریکا (NIMA) - تقویم میلادی,gregorian,کشور,شبکه اطلاع‌رسانی طلا و ارز,تومان,سالانه,FALSE,line,time,num,subscriber
$_nima_m_p,6,06-بازار,01-نرخ ارز,01-USD,02-نیمایی,02-متوسط ماهانه,01-تقویم خورشیدی,,,,,,میانگین قیمت ماهانه یک دلار آمریکا (نیما) - تقویم خورشیدی,persian,کشور,بانک مرکزی,تومان,ماهانه,FALSE,line,time,num,subscriber
$_nima_m_g,6,06-بازار,01-نرخ ارز,01-USD,02-نیمایی,02-متوسط ماهانه,02-تقویم میلادی,,,,,,میانگین قیمت ماهانه یک دلار آمریکا (نیما) - تقویم میلادی,gregorian,کشور,شبکه اطلاع‌رسانی طلا و ارز,تومان,ماهانه,FALSE,line,time,num,subscriber
$_mob_y_p,6,06-بازار,01-نرخ ارز,01-USD,03-مرکز مبادله,01-متوسط سالانه,01-تقویم خورشیدی,,,,,,میانگین قیمت سالانه یک دلار آمریکا (مبادله) - تقویم خورشیدی,persian,کشور,بانک مرکزی,تومان,سالانه,FALSE,line,time,num,subscriber
$_mob_y_g,6,06-بازار,01-نرخ ارز,01-USD,03-مرکز مبادله,01-متوسط سالانه,02-تقویم میلادی,,,,,,میانگین قیمت سالانه یک دلار آمریکا (مبادله) - تقویم میلادی,gregorian,کشور,شبکه اطلاع‌رسانی طلا و ارز,تومان,سالانه,FALSE,line,time,num,subscriber
$_mob_m_p,6,06-بازار,01-نرخ ارز,01-USD,03-مرکز مبادله,02-متوسط ماهانه,01-تقویم خورشیدی,,,,,,میانگین قیمت ماهانه یک دلار آمریکا (مبادله) - تقویم خورشیدی,persian,کشور,بانک مرکزی,تومان,ماهانه,FALSE,line,time,num,subscriber
$_mob_m_g,6,06-بازار,01-نرخ ارز,01-USD,03-مرکز مبادله,02-متوسط ماهانه,02-تقویم میلادی,,,,,,میانگین قیمت ماهانه یک دلار آمریکا (مبادله) - تقویم میلادی,gregorian,کشور,شبکه اطلاع‌رسانی طلا و ارز,تومان,ماهانه,FALSE,line,time,num,subscriber
g_mesg_y_p,6,06-بازار,02-طلا,02-وزنی,01-مثقال,01-متوسط سالانه,01-تقویم خورشیدی,,,,,,میانگین قیمت سالانه یک مثقال طلا - تقویم خورشیدی,persian,کشور,شبکه اطلاع‌رسانی طلا و ارز,تومان,سالانه,FALSE,line,time,num,subscriber
g_mesg_y_g,6,06-بازار,02-طلا,02-وزنی,01-مثقال,01-متوسط سالانه,02-تقویم میلادی,,,,,,میانگین قیمت سالانه یک مثقال طلا - تقویم میلادی,gregorian,کشور,شبکه اطلاع‌رسانی طلا و ارز,تومان,سالانه,FALSE,line,time,num,subscriber
g_mesg_m_p,6,06-بازار,02-طلا,02-وزنی,01-مثقال,02-متوسط ماهانه,01-تقویم خورشیدی,,,,,,میانگین قیمت ماهانه یک مثقال طلا - تقویم خورشیدی,persian,کشور,شبکه اطلاع‌رسانی طلا و ارز,تومان,ماهانه,FALSE,line,time,num,subscriber
g_mesg_m_g,6,06-بازار,02-طلا,02-وزنی,01-مثقال,02-متوسط ماهانه,02-تقویم میلادی,,,,,,میانگین قیمت ماهانه یک مثقال طلا - تقویم میلادی,gregorian,کشور,شبکه اطلاع‌رسانی طلا و ارز,تومان,ماهانه,FALSE,line,time,num,subscriber
g_cb_y_p,6,06-بازار,02-طلا,01-سکه,01-بهار آزادی,01-متوسط سالانه,01-تقویم خورشیدی,,,,,,میانگین قیمت سالانه یک سکه طلا (بهار) - تقویم خورشیدی,persian,کشور,بانک مرکزی,تومان,سالانه,FALSE,line,time,num,subscriber
g_cb_y_g,6,06-بازار,02-طلا,01-سکه,01-بهار آزادی,01-متوسط سالانه,02-تقویم میلادی,,,,,,میانگین قیمت سالانه یک سکه طلا (بهار) - تقویم میلادی,gregorian,کشور,شبکه اطلاع‌رسانی طلا و ارز,تومان,سالانه,FALSE,line,time,num,subscriber
g_cb_m_p,6,06-بازار,02-طلا,01-سکه,01-بهار آزادی,02-متوسط ماهانه,01-تقویم خورشیدی,,,,,,میانگین قیمت ماهانه یک سکه طلا (بهار) - تقویم خورشیدی,persian,کشور,بانک مرکزی,تومان,ماهانه,FALSE,line,time,num,subscriber
g_cb_m_g,6,06-بازار,02-طلا,01-سکه,01-بهار آزادی,02-متوسط ماهانه,02-تقویم میلادی,,,,,,میانگین قیمت ماهانه یک سکه طلا (بهار) - تقویم میلادی,gregorian,کشور,شبکه اطلاع‌رسانی طلا و ارز,تومان,ماهانه,FALSE,line,time,num,subscriber
g_cem_y_p,6,06-بازار,02-طلا,01-سکه,02-طرح امامی,01-متوسط سالانه,01-تقویم خورشیدی,,,,,,میانگین قیمت سالانه یک سکه طلا (امامی) - تقویم خورشیدی,persian,کشور,بانک مرکزی,تومان,سالانه,FALSE,line,time,num,subscriber
g_cem_y_g,6,06-بازار,02-طلا,01-سکه,02-طرح امامی,01-متوسط سالانه,02-تقویم میلادی,,,,,,میانگین قیمت سالانه یک سکه طلا (امامی) - تقویم میلادی,gregorian,کشور,شبکه اطلاع‌رسانی طلا و ارز,تومان,سالانه,FALSE,line,time,num,subscriber
g_cem_m_p,6,06-بازار,02-طلا,01-سکه,02-طرح امامی,02-متوسط ماهانه,01-تقویم خورشیدی,,,,,,میانگین قیمت ماهانه یک سکه طلا (امامی) - تقویم خورشیدی,persian,کشور,بانک مرکزی,تومان,ماهانه,FALSE,line,time,num,subscriber
g_cem_m_g,6,06-بازار,02-طلا,01-سکه,02-طرح امامی,02-متوسط ماهانه,02-تقویم میلادی,,,,,,میانگین قیمت ماهانه یک سکه طلا (امامی) - تقویم میلادی,gregorian,کشور,شبکه اطلاع‌رسانی طلا و ارز,تومان,ماهانه,FALSE,line,time,num,subscriber
g_nim_y_p,6,06-بازار,02-طلا,01-سکه,03-نیم‌سکه,01-متوسط سالانه,01-تقویم خورشیدی,,,,,,میانگین قیمت سالانه نیم‌سکه طلا - تقویم خورشیدی,persian,کشور,بانک مرکزی,تومان,سالانه,FALSE,line,time,num,subscriber
g_nim_y_g,6,06-بازار,02-طلا,01-سکه,03-نیم‌سکه,01-متوسط سالانه,02-تقویم میلادی,,,,,,میانگین قیمت سالانه نیم‌سکه طلا - تقویم میلادی,gregorian,کشور,شبکه اطلاع‌رسانی طلا و ارز,تومان,سالانه,FALSE,line,time,num,subscriber
g_nim_m_p,6,06-بازار,02-طلا,01-سکه,03-نیم‌سکه,02-متوسط ماهانه,01-تقویم خورشیدی,,,,,,میانگین قیمت ماهانه نیم‌سکه طلا - تقویم خورشیدی,persian,کشور,بانک مرکزی,تومان,ماهانه,FALSE,line,time,num,subscriber
g_nim_m_g,6,06-بازار,02-طلا,01-سکه,03-نیم‌سکه,02-متوسط ماهانه,02-تقویم میلادی,,,,,,میانگین قیمت ماهانه نیم‌سکه طلا - تقویم میلادی,gregorian,کشور,شبکه اطلاع‌رسانی طلا و ارز,تومان,ماهانه,FALSE,line,time,num,subscriber
g_rob_y_p,6,06-بازار,02-طلا,01-سکه,04-ربع‌سکه,01-متوسط سالانه,01-تقویم خورشیدی,,,,,,میانگین قیمت سالانه ربع‌سکه طلا - تقویم خورشیدی,persian,کشور,بانک مرکزی,تومان,سالانه,FALSE,line,time,num,subscriber
g_rob_y_g,6,06-بازار,02-طلا,01-سکه,04-ربع‌سکه,01-متوسط سالانه,02-تقویم میلادی,,,,,,میانگین قیمت سالانه ربع‌سکه طلا - تقویم میلادی,gregorian,کشور,شبکه اطلاع‌رسانی طلا و ارز,تومان,سالانه,FALSE,line,time,num,subscriber
g_rob_m_p,6,06-بازار,02-طلا,01-سکه,04-ربع‌سکه,02-متوسط ماهانه,01-تقویم خورشیدی,,,,,,میانگین قیمت ماهانه ربع‌سکه طلا - تقویم خورشیدی,persian,کشور,بانک مرکزی,تومان,ماهانه,FALSE,line,time,num,subscriber
g_rob_m_g,6,06-بازار,02-طلا,01-سکه,04-ربع‌سکه,02-متوسط ماهانه,02-تقویم میلادی,,,,,,میانگین قیمت ماهانه ربع‌سکه طلا - تقویم میلادی,gregorian,کشور,شبکه اطلاع‌رسانی طلا و ارز,تومان,ماهانه,FALSE,line,time,num,subscriber
st_y_p,5,06-بازار,03-بورس,01-بورس تهران,01-متوسط سالانه,01-تقویم خورشیدی,,,,,,,شاخص بازار سهام تهران - تقویم خورشیدی,persian,کشور,بورس تهران,,سالانه,FALSE,line,time,num,subscriber
st_y_g,5,06-بازار,03-بورس,01-بورس تهران,01-متوسط سالانه,02-تقویم میلادی,,,,,,,شاخص بورس تهران - تقویم میلادی,gregorian,کشور,بورس تهران,,سالانه,FALSE,line,time,num,subscriber
st_m_p,5,06-بازار,03-بورس,01-بورس تهران,02-متوسط ماهانه,01-تقویم خورشیدی,,,,,,,شاخص بازار سهام تهران - تقویم خورشیدی,persian,کشور,بورس تهران,,ماهانه,FALSE,line,time,num,subscriber
st_m_g,5,06-بازار,03-بورس,01-بورس تهران,02-متوسط ماهانه,02-تقویم میلادی,,,,,,,شاخص بورس تهران - تقویم میلادی,gregorian,کشور,بورس تهران,,ماهانه,FALSE,line,time,num,subscriber
liq,5,01-اقتصاد کلان,05_نقدینگی و پایه پولی,01-نقدینگی,01-نقدینگی,01-تقویم خورشیدی,,,,,,,نقدینگی,خورشیدی,کشور,بانک مرکزی,میلیارد تومان,فصلی,FALSE,line,time,num,subscriber
liq_1_1,5,01-اقتصاد کلان,05_نقدینگی و پایه پولی,01-نقدینگی,04-دارایی‌های خارجی,01-تقویم خورشیدی,,,,,,,نقدینگی: خالص دارایی‌های خارجی سیستم بانکی,خورشیدی,کشور,بانک مرکزی,میلیارد تومان,فصلی,FALSE,line,time,num,subscriber
liq_1_2,5,01-اقتصاد کلان,05_نقدینگی و پایه پولی,01-نقدینگی,03-بدهی دولت,01-تقویم خورشیدی,,,,,,,نقدینگی: خالص بدهی بخش دولتی به سیستم بانکی,خورشیدی,کشور,بانک مرکزی,میلیارد تومان,فصلی,FALSE,line,time,num,subscriber
liq_1_3,5,01-اقتصاد کلان,05_نقدینگی و پایه پولی,01-نقدینگی,05-بدهی بخش خصوصی,01-تقویم خورشیدی,,,,,,,نقدینگی:‌ بدهی بخش غیردولتی به سیستم بانکی,خورشیدی,کشور,بانک مرکزی,میلیارد تومان,فصلی,FALSE,line,time,num,subscriber
liq_1_4,5,01-اقتصاد کلان,05_نقدینگی و پایه پولی,01-نقدینگی,06-سایر منابع,01-تقویم خورشیدی,,,,,,,نقدینگی: سایر اقلام,خورشیدی,کشور,بانک مرکزی,میلیارد تومان,فصلی,FALSE,line,time,num,subscriber
liq_2-1,6,01-اقتصاد کلان,05_نقدینگی و پایه پولی,01-نقدینگی,02-پول در گردش,01-پول,01-تقویم خورشیدی,,,,,,نقدینگی: پول,خورشیدی,کشور,بانک مرکزی,میلیارد تومان,فصلی,FALSE,line,time,num,subscriber
liq_2-2,6,01-اقتصاد کلان,05_نقدینگی و پایه پولی,01-نقدینگی,02-پول در گردش,02-شبه پول,01-تقویم خورشیدی,,,,,,نقدینگی: شبه‌پول,خورشیدی,کشور,بانک مرکزی,میلیارد تومان,فصلی,FALSE,line,time,num,subscriber
mon_b,5,01-اقتصاد کلان,05_نقدینگی و پایه پولی,02-پایه پولی,01-پایه پولی,01-تقویم خورشیدی,,,,,,,پایه پولی,خورشیدی,کشور,بانک مرکزی,میلیارد تومان,فصلی,FALSE,line,time,num,subscriber
mon_b_1_1,5,01-اقتصاد کلان,05_نقدینگی و پایه پولی,02-پایه پولی,02-دارایی‌های خارجی,01-تقویم خورشیدی,,,,,,,پایه پولی: خالص دارایی‌های خارجی بانک مرکزی,خورشیدی,کشور,بانک مرکزی,میلیارد تومان,فصلی,FALSE,line,time,num,subscriber
mon_b_1_2,5,01-اقتصاد کلان,05_نقدینگی و پایه پولی,02-پایه پولی,03-بدهی دولت,01-تقویم خورشیدی,,,,,,,پایه پولی: خالص بدهی بخش دولتی به بانک مرکزی,خورشیدی,کشور,بانک مرکزی,میلیارد تومان,فصلی,FALSE,line,time,num,subscriber
mon_b_1_3,5,01-اقتصاد کلان,05_نقدینگی و پایه پولی,02-پایه پولی,04-بدهی بانک‌ها,01-تقویم خورشیدی,,,,,,,بدهی بانک‌ها به بانک مرکزی,خورشیدی,کشور,بانک مرکزی,میلیارد تومان,فصلی,FALSE,line,time,num,subscriber
mon_b_1_4,5,01-اقتصاد کلان,05_نقدینگی و پایه پولی,02-پایه پولی,05-سایر منابع,01-تقویم خورشیدی,,,,,,,پایه پولی: سایر اقلام,خورشیدی,کشور,بانک مرکزی,میلیارد تومان,فصلی,FALSE,line,time,num,subscriber
mon_b_2_1,5,01-اقتصاد کلان,05_نقدینگی و پایه پولی,02-پایه پولی,06-سپرده‌های قانونی,01-تقویم خورشیدی,,,,,,,پایه پولی: سپرده‌های قانونی بانک‌ها نزد بانک مرکزی,خورشیدی,کشور,بانک مرکزی,میلیارد تومان,فصلی,FALSE,line,time,num,subscriber
mon_b_2_2,5,01-اقتصاد کلان,05_نقدینگی و پایه پولی,02-پایه پولی,07-سپرده‌های دیداری,01-تقویم خورشیدی,,,,,,,پایه پولی: سپرده‌های دیداری بانک‌ها نزد بانک مرکزی,خورشیدی,کشور,بانک مرکزی,میلیارد تومان,فصلی,FALSE,line,time,num,subscriber
mon_b_2_3,5,01-اقتصاد کلان,05_نقدینگی و پایه پولی,02-پایه پولی,08-پول در گردش,01-تقویم خورشیدی,,,,,,,پایه پولی: اسکناس و مسکوک در جریان,خورشیدی,کشور,بانک مرکزی,میلیارد تومان,فصلی,FALSE,line,time,num,subscriber
ho_bg_in_ur_cur,6,01-اقتصاد کلان,04-اقتصاد خانوار,01-درآمد خانوار,01-خانوار شهری,01-قیمت جاری,01-تقویم خورشیدی,,,,,,متوسط درآمد خانوار شهری (قیمت جاری),خورشیدی,کشور,مرکز آمار ایران,تومان,سالانه,FALSE,line,time,num,subscriber
ho_bg_in_ur_con,6,01-اقتصاد کلان,04-اقتصاد خانوار,01-درآمد خانوار,01-خانوار شهری,02-قیمت ثابت,01-تقویم خورشیدی,,,,,,متوسط درآمد خانوار شهری (قیمت ثابت ۱۴۰۰),خورشیدی,کشور,مرکز آمار ایران,تومان ۱۴۰۰,سالانه,FALSE,line,time,num,subscriber
ho_bg_in_rr_cur,6,01-اقتصاد کلان,04-اقتصاد خانوار,01-درآمد خانوار,02-خانوار روستایی,01-قیمت جاری,01-تقویم خورشیدی,,,,,,متوسط درآمد خانوار روستایی (قیمت جاری),خورشیدی,کشور,مرکز آمار ایران,تومان,سالانه,FALSE,line,time,num,subscriber
ho_bg_in_rr_con,6,01-اقتصاد کلان,04-اقتصاد خانوار,01-درآمد خانوار,02-خانوار روستایی,02-قیمت ثابت,01-تقویم خورشیدی,,,,,,متوسط درآمد خانوار روستایی (قیمت ثابت ۱۴۰۰),خورشیدی,کشور,مرکز آمار ایران,تومان ۱۴۰۰,سالانه,FALSE,line,time,num,subscriber
ho_bg_ex_ur_cur,7,01-اقتصاد کلان,04-اقتصاد خانوار,02-هزینه خانوار,01-کل هزینه‌های خالص,01-خانوار شهری,01-قیمت جاری,01-تقویم خورشیدی,,,,,هزینه خالص خانوار شهری (قیمت جاری),خورشیدی,کشور,مرکز آمار ایران,تومان,سالانه,FALSE,line,time,num,subscriber
ho_bg_ex_ur_con,7,01-اقتصاد کلان,04-اقتصاد خانوار,02-هزینه خانوار,01-کل هزینه‌های خالص,01-خانوار شهری,02-قیمت ثابت,01-تقویم خورشیدی,,,,,هزینه خالص خانوار شهری (قیمت ثابت ۱۴۰۰),خورشیدی,کشور,مرکز آمار ایران,تومان ۱۴۰۰,سالانه,FALSE,line,time,num,subscriber
ho_bg_ex_rr_cur,7,01-اقتصاد کلان,04-اقتصاد خانوار,02-هزینه خانوار,01-کل هزینه‌های خالص,02-خانوار روستایی,01-قیمت جاری,01-تقویم خورشیدی,,,,,هزینه خالص خانوار روستایی (قیمت جاری),خورشیدی,کشور,مرکز آمار ایران,تومان,سالانه,FALSE,line,time,num,subscriber
ho_bg_ex_rr_con,7,01-اقتصاد کلان,04-اقتصاد خانوار,02-هزینه خانوار,01-کل هزینه‌های خالص,02-خانوار روستایی,02-قیمت ثابت,01-تقویم خورشیدی,,,,,هزینه خالص خانوار روستایی (قیمت ثابت ۱۴۰۰),خورشیدی,کشور,مرکز آمار ایران,تومان ۱۴۰۰,سالانه,FALSE,line,time,num,subscriber
ho_bg_fo_ex_ur_cur,7,01-اقتصاد کلان,04-اقتصاد خانوار,02-هزینه خانوار,02-هزینه‌های خوراکی,01-خانوار شهری,01-قیمت جاری,01-تقویم خورشیدی,,,,,هزینه خوراکی خانوار شهری (قیمت‌ جاری),خورشیدی,کشور,مرکز آمار ایران,تومان,سالانه,FALSE,line,time,num,subscriber
ho_bg_fo_ex_ur_con,7,01-اقتصاد کلان,04-اقتصاد خانوار,02-هزینه خانوار,02-هزینه‌های خوراکی,01-خانوار شهری,02-قیمت ثابت,01-تقویم خورشیدی,,,,,هزینه خوراکی خانوار شهری (قیمت ثابت ۱۴۰۰),خورشیدی,کشور,مرکز آمار ایران,تومان ۱۴۰۰,سالانه,FALSE,line,time,num,subscriber
ho_bg_fo_ex_rr_cur,7,01-اقتصاد کلان,04-اقتصاد خانوار,02-هزینه خانوار,02-هزینه‌های خوراکی,02-خانوار روستایی,01-قیمت جاری,01-تقویم خورشیدی,,,,,هزینه خوراکی خانوار روستایی (قیمت‌ جاری),خورشیدی,کشور,مرکز آمار ایران,تومان,سالانه,FALSE,line,time,num,subscriber
ho_bg_fo_ex_rr_con,7,01-اقتصاد کلان,04-اقتصاد خانوار,02-هزینه خانوار,02-هزینه‌های خوراکی,02-خانوار روستایی,02-قیمت ثابت,01-تقویم خورشیدی,,,,,هزینه خوراکی خانوار روستایی (قیمت ثابت ۱۴۰۰),خورشیدی,کشور,مرکز آمار ایران,تومان ۱۴۰۰,سالانه,FALSE,line,time,num,subscriber
ho_bg_gini,4,01-اقتصاد کلان,04-اقتصاد خانوار,03-ضریب جینی,01-تقویم خورشیدی,,,,,,,,ضریب جینی,خورشیدی,کشور,مرکز آمار ایران,,سالانه,FALSE,line,time,num,subscriber
liq_g,5,01-اقتصاد کلان,05_نقدینگی و پایه پولی,01-نقدینگی,01-نقدینگی,02-تقویم میلادی,,,,,,,نقدینگی,میلادی,کشور,بانک مرکزی,میلیارد تومان,فصلی,FALSE,line,time,num,subscriber
liq_1_1_g,5,01-اقتصاد کلان,05_نقدینگی و پایه پولی,01-نقدینگی,04-دارایی‌های خارجی,02-تقویم میلادی,,,,,,,نقدینگی: خالص دارایی‌های خارجی سیستم بانکی,میلادی,کشور,بانک مرکزی,میلیارد تومان,فصلی,FALSE,line,time,num,subscriber
liq_1_2_g,5,01-اقتصاد کلان,05_نقدینگی و پایه پولی,01-نقدینگی,03-بدهی دولت,02-تقویم میلادی,,,,,,,نقدینگی: خالص بدهی بخش دولتی به سیستم بانکی,میلادی,کشور,بانک مرکزی,میلیارد تومان,فصلی,FALSE,line,time,num,subscriber
liq_1_3_g,5,01-اقتصاد کلان,05_نقدینگی و پایه پولی,01-نقدینگی,05-بدهی بخش خصوصی,02-تقویم میلادی,,,,,,,نقدینگی:‌ بدهی بخش غیردولتی به سیستم بانکی,میلادی,کشور,بانک مرکزی,میلیارد تومان,فصلی,FALSE,line,time,num,subscriber
liq_1_4_g,5,01-اقتصاد کلان,05_نقدینگی و پایه پولی,01-نقدینگی,06-سایر منابع,02-تقویم میلادی,,,,,,,نقدینگی: سایر اقلام,میلادی,کشور,بانک مرکزی,میلیارد تومان,فصلی,FALSE,line,time,num,subscriber
liq_2-1_g,6,01-اقتصاد کلان,05_نقدینگی و پایه پولی,01-نقدینگی,02-پول در گردش,01-پول,02-تقویم میلادی,,,,,,نقدینگی: پول,میلادی,کشور,بانک مرکزی,میلیارد تومان,فصلی,FALSE,line,time,num,subscriber
liq_2-2_g,6,01-اقتصاد کلان,05_نقدینگی و پایه پولی,01-نقدینگی,02-پول در گردش,02-شبه پول,02-تقویم میلادی,,,,,,نقدینگی: شبه‌پول,میلادی,کشور,بانک مرکزی,میلیارد تومان,فصلی,FALSE,line,time,num,subscriber
mon_b_g,5,01-اقتصاد کلان,05_نقدینگی و پایه پولی,02-پایه پولی,01-پایه پولی,02-تقویم میلادی,,,,,,,پایه پولی,میلادی,کشور,بانک مرکزی,میلیارد تومان,فصلی,FALSE,line,time,num,subscriber
mon_b_1_1_g,5,01-اقتصاد کلان,05_نقدینگی و پایه پولی,02-پایه پولی,02-دارایی‌های خارجی,02-تقویم میلادی,,,,,,,پایه پولی: خالص دارایی‌های خارجی بانک مرکزی,میلادی,کشور,بانک مرکزی,میلیارد تومان,فصلی,FALSE,line,time,num,subscriber
mon_b_1_2_g,5,01-اقتصاد کلان,05_نقدینگی و پایه پولی,02-پایه پولی,03-بدهی دولت,02-تقویم میلادی,,,,,,,پایه پولی: خالص بدهی بخش دولتی به بانک مرکزی,میلادی,کشور,بانک مرکزی,میلیارد تومان,فصلی,FALSE,line,time,num,subscriber
mon_b_1_3_g,5,01-اقتصاد کلان,05_نقدینگی و پایه پولی,02-پایه پولی,04-بدهی بانک‌ها,02-تقویم میلادی,,,,,,,بدهی بانک‌ها به بانک مرکزی,میلادی,کشور,بانک مرکزی,میلیارد تومان,فصلی,FALSE,line,time,num,subscriber
mon_b_1_4_g,5,01-اقتصاد کلان,05_نقدینگی و پایه پولی,02-پایه پولی,05-سایر منابع,02-تقویم میلادی,,,,,,,پایه پولی: سایر اقلام,میلادی,کشور,بانک مرکزی,میلیارد تومان,فصلی,FALSE,line,time,num,subscriber
mon_b_2_1_g,5,01-اقتصاد کلان,05_نقدینگی و پایه پولی,02-پایه پولی,06-سپرده‌های قانونی,02-تقویم میلادی,,,,,,,پایه پولی: سپرده‌های قانونی بانک‌ها نزد بانک مرکزی,میلادی,کشور,بانک مرکزی,میلیارد تومان,فصلی,FALSE,line,time,num,subscriber
mon_b_2_2_g,5,01-اقتصاد کلان,05_نقدینگی و پایه پولی,02-پایه پولی,07-سپرده‌های دیداری,02-تقویم میلادی,,,,,,,پایه پولی: سپرده‌های دیداری بانک‌ها نزد بانک مرکزی,میلادی,کشور,بانک مرکزی,میلیارد تومان,فصلی,FALSE,line,time,num,subscriber
mon_b_2_3_g,5,01-اقتصاد کلان,05_نقدینگی و پایه پولی,02-پایه پولی,08-پول در گردش,02-تقویم میلادی,,,,,,,پایه پولی: اسکناس و مسکوک در جریان,میلادی,کشور,بانک مرکزی,میلیارد تومان,فصلی,FALSE,line,time,num,subscriber
ho_bg_in_ur_cur_g,6,01-اقتصاد کلان,04-اقتصاد خانوار,01-درآمد خانوار,01-خانوار شهری,01-قیمت جاری,02-تقویم میلادی,,,,,,متوسط درآمد خانوار شهری (قیمت جاری),میلادی,کشور,مرکز آمار ایران,تومان,سالانه,FALSE,line,time,num,subscriber
ho_bg_in_ur_con_g,6,01-اقتصاد کلان,04-اقتصاد خانوار,01-درآمد خانوار,01-خانوار شهری,02-قیمت ثابت,02-تقویم میلادی,,,,,,متوسط درآمد خانوار شهری (قیمت ثابت ۱۴۰۰),میلادی,کشور,مرکز آمار ایران,تومان ۱۴۰۰,سالانه,FALSE,line,time,num,subscriber
ho_bg_in_rr_cur_g,6,01-اقتصاد کلان,04-اقتصاد خانوار,01-درآمد خانوار,02-خانوار روستایی,01-قیمت جاری,02-تقویم میلادی,,,,,,متوسط درآمد خانوار روستایی (قیمت جاری),میلادی,کشور,مرکز آمار ایران,تومان,سالانه,FALSE,line,time,num,subscriber
ho_bg_in_rr_con_g,6,01-اقتصاد کلان,04-اقتصاد خانوار,01-درآمد خانوار,02-خانوار روستایی,02-قیمت ثابت,02-تقویم میلادی,,,,,,متوسط درآمد خانوار روستایی (قیمت ثابت ۱۴۰۰),میلادی,کشور,مرکز آمار ایران,تومان ۱۴۰۰,سالانه,FALSE,line,time,num,subscriber
ho_bg_ex_ur_cur_g,7,01-اقتصاد کلان,04-اقتصاد خانوار,02-هزینه خانوار,01-کل هزینه‌های خالص,01-خانوار شهری,01-قیمت جاری,02-تقویم میلادی,,,,,هزینه خالص خانوار شهری (قیمت جاری),میلادی,کشور,مرکز آمار ایران,تومان,سالانه,FALSE,line,time,num,subscriber
ho_bg_ex_ur_con_g,7,01-اقتصاد کلان,04-اقتصاد خانوار,02-هزینه خانوار,01-کل هزینه‌های خالص,01-خانوار شهری,02-قیمت ثابت,02-تقویم میلادی,,,,,هزینه خالص خانوار شهری (قیمت ثابت ۱۴۰۰),میلادی,کشور,مرکز آمار ایران,تومان ۱۴۰۰,سالانه,FALSE,line,time,num,subscriber
ho_bg_ex_rr_cur_g,7,01-اقتصاد کلان,04-اقتصاد خانوار,02-هزینه خانوار,01-کل هزینه‌های خالص,02-خانوار روستایی,01-قیمت جاری,02-تقویم میلادی,,,,,هزینه خالص خانوار روستایی (قیمت جاری),میلادی,کشور,مرکز آمار ایران,تومان,سالانه,FALSE,line,time,num,subscriber
ho_bg_ex_rr_con_g,7,01-اقتصاد کلان,04-اقتصاد خانوار,02-هزینه خانوار,01-کل هزینه‌های خالص,02-خانوار روستایی,02-قیمت ثابت,02-تقویم میلادی,,,,,هزینه خالص خانوار روستایی (قیمت ثابت ۱۴۰۰),میلادی,کشور,مرکز آمار ایران,تومان ۱۴۰۰,سالانه,FALSE,line,time,num,subscriber
ho_bg_fo_ex_ur_cur_g,7,01-اقتصاد کلان,04-اقتصاد خانوار,02-هزینه خانوار,02-هزینه‌های خوراکی,01-خانوار شهری,01-قیمت جاری,02-تقویم میلادی,,,,,هزینه خوراکی خانوار شهری (قیمت‌ جاری),میلادی,کشور,مرکز آمار ایران,تومان,سالانه,FALSE,line,time,num,subscriber
ho_bg_fo_ex_ur_con_g,7,01-اقتصاد کلان,04-اقتصاد خانوار,02-هزینه خانوار,02-هزینه‌های خوراکی,01-خانوار شهری,02-قیمت ثابت,02-تقویم میلادی,,,,,هزینه خوراکی خانوار شهری (قیمت ثابت ۱۴۰۰),میلادی,کشور,مرکز آمار ایران,تومان ۱۴۰۰,سالانه,FALSE,line,time,num,subscriber
ho_bg_fo_ex_rr_cur_g,7,01-اقتصاد کلان,04-اقتصاد خانوار,02-هزینه خانوار,02-هزینه‌های خوراکی,02-خانوار روستایی,01-قیمت جاری,02-تقویم میلادی,,,,,هزینه خوراکی خانوار روستایی (قیمت‌ جاری),میلادی,کشور,مرکز آمار ایران,تومان,سالانه,FALSE,line,time,num,subscriber
ho_bg_fo_ex_rr_con_g,7,01-اقتصاد کلان,04-اقتصاد خانوار,02-هزینه خانوار,02-هزینه‌های خوراکی,02-خانوار روستایی,02-قیمت ثابت,02-تقویم میلادی,,,,,هزینه خوراکی خانوار روستایی (قیمت ثابت ۱۴۰۰),میلادی,کشور,مرکز آمار ایران,تومان ۱۴۰۰,سالانه,FALSE,line,time,num,subscriber
ho_bg_gini_g,4,01-اقتصاد کلان,04-اقتصاد خانوار,03-ضریب جینی,02-تقویم میلادی,,,,,,,,ضریب جینی,میلادی,کشور,مرکز آمار ایران,,سالانه,FALSE,line,time,num,subscriber
lf_lf_wb_t,4,01-اقتصاد کلان,03-نیروی کار,01-کشور,03-نیروی کار,,,,,,,,جمعیت نیروی کار - مردان و زنان بالای ۱۵ سال (برآورد سازمان بین‌المللی کار) ,میلادی,کشور,بانک جهانی (برآورد سازمان بین‌المللی کار),نفر,سالانه,FALSE,line,time,num,subscriber
lf_pr_wb_t,7,01-اقتصاد کلان,03-نیروی کار,01-کشور,02-نرخ مشارکت اقتصادی,01-بالای ۱۵ سال,01-مردان و زنان,01-برآورد ILO,,,,,نرخ مشارکت اقتصادی - مردان و زنان بالای ۱۵ سال (برآورد سازمان بین‌المللی کار),میلادی,کشور,بانک جهانی (برآورد سازمان بین‌المللی کار),درصد,سالانه,FALSE,line,time,num,subscriber
if_pr_wb_n_t,7,01-اقتصاد کلان,03-نیروی کار,01-کشور,02-نرخ مشارکت اقتصادی,01-بالای ۱۵ سال,01-مردان و زنان,02-برآورد داخلی,,,,,نرخ مشارکت -مردان و زنان بالای ۱۵ سال,میلادی,کشور,بانک جهانی (برآورد ملی),درصد,سالانه,FALSE,line,time,num,subscriber
lf_pr_wb_f,7,01-اقتصاد کلان,03-نیروی کار,01-کشور,02-نرخ مشارکت اقتصادی,01-بالای ۱۵ سال,02-زن,01-برآورد ILO,,,,,نرخ مشارکت اقتصادی - زنان بالای ۱۵ سال (برآورد سازمان بین‌المللی کار),میلادی,کشور,بانک جهانی (برآورد سازمان بین‌المللی کار),درصد,سالانه,FALSE,line,time,num,subscriber
if_pr_wb_n_f,7,01-اقتصاد کلان,03-نیروی کار,01-کشور,02-نرخ مشارکت اقتصادی,01-بالای ۱۵ سال,02-زن,02-برآورد داخلی,,,,,نرخ مشارکت اقتصادی - زنان بالای ۱۵ سال,میلادی,کشور,بانک جهانی (برآورد ملی),درصد,سالانه,FALSE,line,time,num,subscriber
lf_pr_wb_m,7,01-اقتصاد کلان,03-نیروی کار,01-کشور,02-نرخ مشارکت اقتصادی,01-بالای ۱۵ سال,03-مرد,01-برآورد ILO,,,,,نرخ مشارکت اقتصادی - مردان بالای ۱۵ سال (برآورد سازمان بین‌المللی کار),میلادی,کشور,بانک جهانی (برآورد سازمان بین‌المللی کار),درصد,سالانه,FALSE,line,time,num,subscriber
if_pr_wb_n_m,7,01-اقتصاد کلان,03-نیروی کار,01-کشور,02-نرخ مشارکت اقتصادی,01-بالای ۱۵ سال,03-مرد,02-برآورد داخلی,,,,,نرخ مشارکت اقتصادی - مردان بالای ۱۵ سال,میلادی,کشور,بانک جهانی (برآورد ملی),درصد,سالانه,FALSE,line,time,num,subscriber
lf_pr_wb_t_15_64,6,01-اقتصاد کلان,03-نیروی کار,01-کشور,02-نرخ مشارکت اقتصادی,02-۱۵ تا ۶۴ سال,01-مردان و زنان,,,,,,نرخ مشارکت اقتصادی - مردان و زنان ۱۵ تا ۶۴ سال (برآورد سازمان بین‌المللی کار),میلادی,کشور,بانک جهانی (برآورد سازمان بین‌المللی کار),درصد,سالانه,FALSE,line,time,num,subscriber
lf_pr_wb_m_15_64,6,01-اقتصاد کلان,03-نیروی کار,01-کشور,02-نرخ مشارکت اقتصادی,02-۱۵ تا ۶۴ سال,03-مرد,,,,,,نرخ مشارکت اقتصادی - مردان ۱۵ تا ۶۴ سال (برآورد سازمان بین‌المللی کار),میلادی,کشور,بانک جهانی (برآورد سازمان بین‌المللی کار),درصد,سالانه,FALSE,line,time,num,subscriber
lf_pr_wb_f_15_64,6,01-اقتصاد کلان,03-نیروی کار,01-کشور,02-نرخ مشارکت اقتصادی,02-۱۵ تا ۶۴ سال,02-زن,,,,,,نرخ مشارکت اقتصادی - زنان ۱۵ تا ۶۴ سال (برآورد سازمان بین‌المللی کار),میلادی,کشور,بانک جهانی (برآورد سازمان بین‌المللی کار),درصد,سالانه,FALSE,line,time,num,subscriber
lf_pr_wb_t_y,6,01-اقتصاد کلان,03-نیروی کار,01-کشور,02-نرخ مشارکت اقتصادی,03-۱۵ تا ۲۴ سال,01-مردان و زنان,,,,,,نرخ مشارکت اقتصادی - مردان و زنان ۱۵ تا ۲۴ سال (برآورد سازمان بین‌المللی کار),میلادی,کشور,بانک جهانی (برآورد سازمان بین‌المللی کار),درصد,سالانه,FALSE,line,time,num,subscriber
lf_pr_wb_m_y,6,01-اقتصاد کلان,03-نیروی کار,01-کشور,02-نرخ مشارکت اقتصادی,03-۱۵ تا ۲۴ سال,03-مرد,,,,,,نرخ مشارکت اقتصادی - مردان ۱۵ تا ۲۴ سال (برآورد سازمان بین‌المللی کار),میلادی,کشور,بانک جهانی (برآورد سازمان بین‌المللی کار),درصد,سالانه,FALSE,line,time,num,subscriber
lf_pr_wb_f_y,6,01-اقتصاد کلان,03-نیروی کار,01-کشور,02-نرخ مشارکت اقتصادی,03-۱۵ تا ۲۴ سال,02-زن,,,,,,نرخ مشارکت اقتصادی - زنان ۱۵ تا ۲۴ سال (برآورد سازمان بین‌المللی کار),میلادی,کشور,بانک جهانی (برآورد سازمان بین‌المللی کار),درصد,سالانه,FALSE,line,time,num,subscriber
if_une_wb_t,7,01-اقتصاد کلان,03-نیروی کار,01-کشور,01-نرخ بیکاری,01-بالای ۱۵ سال,01-مردان و زنان,01-برآورد ILO,,,,,نرخ بیکاری - مردان و زنان بالای ۱۵ سال,میلادی,کشور,بانک جهانی (برآورد سازمان بین‌المللی کار),درصد,سالانه,FALSE,line,time,num,subscriber
if_une_wb_n_t,7,01-اقتصاد کلان,03-نیروی کار,01-کشور,01-نرخ بیکاری,01-بالای ۱۵ سال,01-مردان و زنان,02-برآورد داخلی,,,,,نرخ بیکاری - مردان و زنان بالای ۱۵ سال,میلادی,کشور,بانک جهانی (برآورد ملی),درصد,سالانه,FALSE,line,time,num,subscriber
if_une_wb_f,7,01-اقتصاد کلان,03-نیروی کار,01-کشور,01-نرخ بیکاری,01-بالای ۱۵ سال,02-زن,01-برآورد ILO,,,,,نرخ بیکاری - زنان بالای ۱۵ سال,میلادی,کشور,بانک جهانی (برآورد سازمان بین‌المللی کار),درصد,سالانه,FALSE,line,time,num,subscriber
if_une_wb_n_f,7,01-اقتصاد کلان,03-نیروی کار,01-کشور,01-نرخ بیکاری,01-بالای ۱۵ سال,02-زن,02-برآورد داخلی,,,,,نرخ بیکاری - زنان بالای ۱۵ سال,میلادی,کشور,بانک جهانی (برآورد ملی),درصد,سالانه,FALSE,line,time,num,subscriber
if_une_wb_m,7,01-اقتصاد کلان,03-نیروی کار,01-کشور,01-نرخ بیکاری,01-بالای ۱۵ سال,03-مرد,01-برآورد ILO,,,,,نرخ بیکاری - مردان بالای ۱۵ سال,میلادی,کشور,بانک جهانی (برآورد سازمان بین‌المللی کار),درصد,سالانه,FALSE,line,time,num,subscriber
if_une_wb_n_m,7,01-اقتصاد کلان,03-نیروی کار,01-کشور,01-نرخ بیکاری,01-بالای ۱۵ سال,03-مرد,02-برآورد داخلی,,,,,نرخ بیکاری - مردان بالای ۱۵ سال,میلادی,کشور,بانک جهانی (برآورد ملی),درصد,سالانه,FALSE,line,time,num,subscriber
if_une_wb_ed_t,6,01-اقتصاد کلان,03-نیروی کار,01-کشور,01-نرخ بیکاری,04-تحصیل‌کرده,01-مردان و زنان,,,,,,نرخ بیکاری - مردان و زنان با تحصیلات عالی,میلادی,کشور,بانک جهانی (برآورد سازمان بین‌المللی کار),درصد,سالانه,FALSE,line,time,num,subscriber
if_une_wb_ed_m,6,01-اقتصاد کلان,03-نیروی کار,01-کشور,01-نرخ بیکاری,04-تحصیل‌کرده,03-مرد,,,,,,نرخ بیکاری - مردان با تحصیلات عالی,میلادی,کشور,بانک جهانی (برآورد سازمان بین‌المللی کار),درصد,سالانه,FALSE,line,time,num,subscriber
if_une_wb_ed_f,6,01-اقتصاد کلان,03-نیروی کار,01-کشور,01-نرخ بیکاری,04-تحصیل‌کرده,02-زن,,,,,,نرخ بیکاری - زنان با تحصیلات عالی,میلادی,کشور,بانک جهانی (برآورد سازمان بین‌المللی کار),درصد,سالانه,FALSE,line,time,num,subscriber
lf_pr_ir_p_t,4,01-اقتصاد کلان,03-نیروی کار,02-استانی,02-نرخ مشارکت اقتصادی,,,,,,,,نرخ مشارکت اقتصادی در استان‌ها - مردان و زنان بالای ۱۵ سال,خورشیدی,استان,مرکز آمار ایران,درصد,سالانه,TRUE,bar,time,num,subscriber
lf_pr_ir_une_t,4,01-اقتصاد کلان,03-نیروی کار,02-استانی,01-نرخ بیکاری,,,,,,,,نرخ بیکاری در استان‌ها - مردان و زنان بالای ۱۵ سال,خورشیدی,استان,مرکز آمار ایران,درصد,سالانه,TRUE,bar,time,num,subscriber
enrg_sup_t_g,4,05-انرژی,01-شاخص‌های کلیدی,01-عرضه و تقاضا,01-عرضه,01-کل,01-تقویم میلادی,,,,,,عرضه و تقاضای انرژی - کل عرضه,میلادی,کشور,وزارت نیرو,معادل میلیون بشکه نفت ,سالانه,FALSE,line,time,num,subscriber
enrg_sup_t,5,05-انرژی,01-شاخص‌های کلیدی,01-عرضه و تقاضا,01-عرضه,01-کل,02-تقویم خورشیدی,,,,,,عرضه و تقاضای انرژی - کل عرضه,خورشیدی,کشور,وزارت نیرو,معادل میلیون بشکه نفت ,سالانه,FALSE,line,time,num,subscriber
enrg_sup_o_g,4,05-انرژی,01-شاخص‌های کلیدی,01-عرضه و تقاضا,01-عرضه,02-نفت,01-تقویم میلادی,,,,,,عرضه و تقاضای انرژی - عرضه نفت,میلادی,کشور,وزارت نیرو,معادل میلیون بشکه نفت ,سالانه,FALSE,line,time,num,subscriber
enrg_sup_o,5,05-انرژی,01-شاخص‌های کلیدی,01-عرضه و تقاضا,01-عرضه,02-نفت,02-تقویم خورشیدی,,,,,,عرضه و تقاضای انرژی - عرضه نفت,خورشیدی,کشور,وزارت نیرو,معادل میلیون بشکه نفت ,سالانه,FALSE,line,time,num,subscriber
enrg_sup_g_g,4,05-انرژی,01-شاخص‌های کلیدی,01-عرضه و تقاضا,01-عرضه,03-گاز,01-تقویم میلادی,,,,,,عرضه و تقاضای انرژی - عرضه گاز,میلادی,کشور,وزارت نیرو,معادل میلیون بشکه نفت ,سالانه,FALSE,line,time,num,subscriber
enrg_sup_g,5,05-انرژی,01-شاخص‌های کلیدی,01-عرضه و تقاضا,01-عرضه,03-گاز,02-تقویم خورشیدی,,,,,,عرضه و تقاضای انرژی - عرضه گاز,خورشیدی,کشور,وزارت نیرو,معادل میلیون بشکه نفت ,سالانه,FALSE,line,time,num,subscriber
enrg_sup_h_g,4,05-انرژی,01-شاخص‌های کلیدی,01-عرضه و تقاضا,01-عرضه,04-برق آبی,01-تقویم میلادی,,,,,,عرضه و تقاضای انرژی - عرضه برق‌آبی,میلادی,کشور,وزارت نیرو,معادل میلیون بشکه نفت ,سالانه,FALSE,line,time,num,subscriber
enrg_sup_h,5,05-انرژی,01-شاخص‌های کلیدی,01-عرضه و تقاضا,01-عرضه,04-برق آبی,02-تقویم خورشیدی,,,,,,عرضه و تقاضای انرژی - عرضه برق‌آبی,خورشیدی,کشور,وزارت نیرو,معادل میلیون بشکه نفت ,سالانه,FALSE,line,time,num,subscriber
enrg_sup_ot_g,4,05-انرژی,01-شاخص‌های کلیدی,01-عرضه و تقاضا,01-عرضه,05-سایر,01-تقویم میلادی,,,,,,عرضه و تقاضای انرژی - سایر منابع,میلادی,کشور,وزارت نیرو,معادل میلیون بشکه نفت ,سالانه,FALSE,line,time,num,subscriber
enrg_sup_ot,5,05-انرژی,01-شاخص‌های کلیدی,01-عرضه و تقاضا,01-عرضه,05-سایر,02-تقویم خورشیدی,,,,,,عرضه و تقاضای انرژی - سایر منابع,خورشیدی,کشور,وزارت نیرو,معادل میلیون بشکه نفت ,سالانه,FALSE,line,time,num,subscriber
enrg_dem_t_g,3,05-انرژی,01-شاخص‌های کلیدی,01-عرضه و تقاضا,02-تقاضا,01-تقویم میلادی,,,,,,,عرضه و تقاضای انرژی - تقاضای کل,میلادی,کشور,وزارت نیرو,معادل میلیون بشکه نفت ,سالانه,FALSE,line,time,num,subscriber
enrg_dem_t,4,05-انرژی,01-شاخص‌های کلیدی,01-عرضه و تقاضا,02-تقاضا,02-تقویم خورشیدی,,,,,,,عرضه و تقاضای انرژی - تقاضای کل,خورشیدی,کشور,وزارت نیرو,معادل میلیون بشکه نفت ,سالانه,FALSE,line,time,num,subscriber
enrg_ind_tse,4,05-انرژی,01-شاخص‌های کلیدی,02-شدت انرژی,01-GDP اسمی,,,,,,,,کل عرضه انرژی بر اساس تولید ناخالص داخلی,میلادی,کشور,آژانس بین‌المللی انرژی,مگاژول به ازای هر دلار به قیمت ثابت ۲۰۱۵,سالانه,FALSE,line,time,num,subscriber
enrg_ind_tse_ppp,4,05-انرژی,01-شاخص‌های کلیدی,02-شدت انرژی,02-برابری قدرت خرید,,,,,,,,کل عرضه انرژی بر اساس تولید ناخالص داخلی (برابری قدرت خرید),میلادی,کشور,آژانس بین‌المللی انرژی,مگاژول به ازای هر دلار با احتساب برابری قدرت خرید,سالانه,FALSE,line,time,num,subscriber
oil_ex_y_$_opec,6,05-انرژی,02-نفت و گاز,01-صادرات نفتی,02-نفت و گاز,03-صادرات,01-ارزش,01-اوپک,,,,,ارزش صادرات نفت - سالانه (اوپک),میلادی,کشور,اوپک,میلیارد دلار,سالانه,FALSE,line,time,num,enterprise
oil_ex_y_$_cbi_g,6,05-انرژی,02-نفت و گاز,01-صادرات نفتی,02-نفت و گاز,03-صادرات,01-ارزش,02-بانک مرکزی ایران,01-تقویم میلادی,,,,ارزش صادرات نفت و گاز (بانک مرکزی),میلادی,کشور,بانک مرکزی ایران,میلیارد دلار,سالانه,FALSE,line,time,num,enterprise
oil_ex_y_$_cbi,7,05-انرژی,02-نفت و گاز,01-صادرات نفتی,02-نفت و گاز,03-صادرات,01-ارزش,02-بانک مرکزی ایران,02-تقویم خورشیدی,,,,ارزش صادرات نفت و گاز (بانک مرکزی),خورشیدی,کشور,بانک مرکزی ایران,میلیارد دلار,سالانه,FALSE,line,time,num,enterprise
oil_ex_y_val_opec,5,05-انرژی,02-نفت و گاز,01-صادرات نفتی,02-نفت و گاز,03-صادرات,02-حجم,01-اوپک,,,,,حجم صادرات نفت - سالانه (اوپک),میلادی,کشور,اوپک,میلیون بشکه در روز,سالانه,FALSE,line,time,num,enterprise
oil_im_y_$_cbi_g,5,05-انرژی,02-نفت و گاز,01-صادرات نفتی,02-نفت و گاز,04-واردات,01-ارزش,01-تقویم میلادی,,,,,ارزش واردات نفت و گاز (بانک مرکزی),میلادی,کشور,بانک مرکزی ایران,میلیارد دلار,سالانه,FALSE,line,time,num,enterprise
oil_im_y_$_cbi,6,05-انرژی,02-نفت و گاز,01-صادرات نفتی,02-نفت و گاز,04-واردات,01-ارزش,02-تقویم خورشیدی,,,,,ارزش واردات نفت و گاز (بانک مرکزی),خورشیدی,کشور,بانک مرکزی ایران,میلیارد دلار,سالانه,FALSE,line,time,num,enterprise
enrg_co_ex,4,05-انرژی,02-نفت و گاز,01-صادرات نفتی,02-نفت خام,03-صادرات,,,,,,,صادرات نفت خام,میلادی,کشور,اوپک,هزار بشکه,سالانه,FALSE,line,time,num,enterprise
enrg_ng_ex,4,05-انرژی,02-نفت و گاز,01-صادرات نفتی,02-گاز طبیعی,03-صادرات,,,,,,,صادرات گاز (آژانس بین‌المللی انرژی),میلادی,کشور,آژانس بین‌المللی انرژی,میلیارد متر مکعب,سالانه,FALSE,line,time,num,enterprise
enrg_ng_imp,4,05-انرژی,02-نفت و گاز,01-صادرات نفتی,02-گاز طبیعی,04-واردات,,,,,,,واردات گاز (آژانس بین‌المللی انرژی),میلادی,کشور,آژانس بین‌المللی انرژی,میلیارد متر مکعب,سالانه,FALSE,line,time,num,enterprise
oil_pro_exp_gs_g,5,05-انرژی,02-نفت و گاز,01-صادرات نفتی,03-فراورده‌های نفتی,01-بنزین,03-صادرات,01-تقویم میلادی,,,,,صادرات بنزین,میلادی,کشور,منابع گوناگون,هزار تن در روز,سالانه,FALSE,line,time,num,enterprise
oil_pro_exp_gs,6,05-انرژی,02-نفت و گاز,01-صادرات نفتی,03-فراورده‌های نفتی,01-بنزین,03-صادرات,02-تقویم خورشیدی,,,,,صادرات بنزین,خورشیدی,کشور,منابع گوناگون,هزار تن در روز,سالانه,FALSE,line,time,num,enterprise
gs_imp_g,5,05-انرژی,02-نفت و گاز,01-صادرات نفتی,03-فراورده‌های نفتی,01-بنزین,04-واردات,01-تقویم میلادی,,,,,واردات بنزین,میلادی,کشور,منابع گوناگون,هزار تن در روز,سالانه,FALSE,line,time,num,enterprise
gs_imp,6,05-انرژی,02-نفت و گاز,01-صادرات نفتی,03-فراورده‌های نفتی,01-بنزین,04-واردات,02-تقویم خورشیدی,,,,,واردات بنزین,خورشیدی,کشور,منابع گوناگون,هزار تن در روز,سالانه,FALSE,line,time,num,enterprise
oil_pro_exp_d_g,5,05-انرژی,02-نفت و گاز,01-صادرات نفتی,03-فراورده‌های نفتی,02-دیزل,03-صادرات,01-تقویم میلادی,,,,,صادرات گازوئیل,میلادی,کشور,منابع گوناگون,هزار تن در روز,سالانه,FALSE,line,time,num,enterprise
oil_pro_exp_d,6,05-انرژی,02-نفت و گاز,01-صادرات نفتی,03-فراورده‌های نفتی,02-دیزل,03-صادرات,02-تقویم خورشیدی,,,,,صادرات گازوئیل,خورشیدی,کشور,منابع گوناگون,هزار تن در روز,سالانه,FALSE,line,time,num,enterprise
oil_pro_exp_o_g,5,05-انرژی,02-نفت و گاز,01-صادرات نفتی,03-فراورده‌های نفتی,03-نفت کوره,03-صادرات,01-تقویم میلادی,,,,,صادرات نفت کوره,میلادی,کشور,منابع گوناگون,هزار تن در روز,سالانه,FALSE,line,time,num,enterprise
oil_pro_exp_o,6,05-انرژی,02-نفت و گاز,01-صادرات نفتی,03-فراورده‌های نفتی,03-نفت کوره,03-صادرات,02-تقویم خورشیدی,,,,,صادرات نفت کوره,خورشیدی,کشور,منابع گوناگون,هزار تن در روز,سالانه,FALSE,line,time,num,enterprise
oil_pro_exp_kr_g,5,05-انرژی,02-نفت و گاز,01-صادرات نفتی,03-فراورده‌های نفتی,04-نفت سفید,03-صادرات,01-تقویم میلادی,,,,,صادرات نفت سفید,میلادی,کشور,منابع گوناگون,هزار تن در روز,سالانه,FALSE,line,time,num,enterprise
oil_pro_exp_kr,6,05-انرژی,02-نفت و گاز,01-صادرات نفتی,03-فراورده‌های نفتی,04-نفت سفید,03-صادرات,02-تقویم خورشیدی,,,,,صادرات نفت سفید,خورشیدی,کشور,منابع گوناگون,هزار تن در روز,سالانه,FALSE,line,time,num,enterprise
oil_pro_imp_g,5,05-انرژی,02-نفت و گاز,01-صادرات نفتی,03-فراورده‌های نفتی,02-فرآورده‌های نفتی,04-واردات,01-تقویم میلادی,,,,,واردات فرآورده‌های نفتی,میلادی,کشور,منابع گوناگون,معادل میلیون بشکه نفت ,سالانه,FALSE,line,time,num,enterprise
oil_pro_imp,6,05-انرژی,02-نفت و گاز,01-صادرات نفتی,03-فراورده‌های نفتی,02-فرآورده‌های نفتی,04-واردات,02-تقویم خورشیدی,,,,,واردات فرآورده‌های نفتی,خورشیدی,کشور,منابع گوناگون,معادل میلیون بشکه نفت ,سالانه,FALSE,line,time,num,enterprise
enrg_co_opc_res,5,05-انرژی,02-نفت و گاز,02-نفت خام,01-ذخایر,,,,,,,,ذخایر نفت خام,میلادی,کشور,اوپک,میلیون بشکه,سالانه,FALSE,line,time,num,enterprise
enrg_co_opc_pro,5,05-انرژی,02-نفت و گاز,02-نفت خام,02-تولید,,,,,,,,امار ماهانه تولید نفت خام ایران,میلادی,کشور,اوپک,هزار بشکه,ماهانه,FALSE,line,time,num,enterprise
enrg_co_opc_pri,5,05-انرژی,02-نفت و گاز,02-نفت خام,03-قیمت,,,,,,,,آمار ماهانه قیمت نفت سنگین ایران,میلادی,کشور,اوپک,دلار به ازای هر بشکه,ماهانه,FALSE,line,time,num,enterprise
enrg_co_st,5,05-انرژی,02-نفت و گاز,02-نفت خام,04-ذخیره‌سازی,,,,,,,,تاسیسات ذخیره‌سازی نفت در خشکی,میلادی,کشور,وزارت نفت,میلیون بشکه,سالانه,TRUE,bar,time,num,enterprise
enrg_ng_res_t_g,5,05-انرژی,02-نفت و گاز,02-گاز طبیعی,03-میادین گازی,01-ذخایر,01-کل,01-تقویم میلادی,,,,,کل ذخایر میادین گازی,میلادی,کشور,وزارت نفت,تریلیون متر مکعب,سالانه,FALSE,line,time,num,enterprise
 enrg_ng_res_t,5,05-انرژی,02-نفت و گاز,02-گاز طبیعی,03-میادین گازی,01-ذخایر,01-کل,02-تقویم خورشیدی,,,,,کل ذخایر میادین گازی,خورشیدی,کشور,وزارت نفت,تریلیون متر مکعب,سالانه,FALSE,line,time,num,enterprise
enrg_ng_res_off_g,5,05-انرژی,02-نفت و گاز,02-گاز طبیعی,03-میادین گازی,01-ذخایر,02-Offshore,01-تقویم میلادی,,,,,ذخایر میادین گازی دریایی (offshore),میلادی,کشور,وزارت نفت,تریلیون متر مکعب,سالانه,FALSE,line,time,num,enterprise
 enrg_ng_res_off,5,05-انرژی,02-نفت و گاز,02-گاز طبیعی,03-میادین گازی,01-ذخایر,02-Offshore,02-تقویم خورشیدی,,,,,ذخایر میادین گازی دریایی (offshore),خورشیدی,کشور,وزارت نفت,تریلیون متر مکعب,سالانه,FALSE,line,time,num,enterprise
 enrg_ng_res_on_g,5,05-انرژی,02-نفت و گاز,02-گاز طبیعی,03-میادین گازی,01-ذخایر,03-Onshore,01-تقویم میلادی,,,,,ذخایر میادین گازی خشکی (onshore),میلادی,کشور,وزارت نفت,تریلیون متر مکعب,سالانه,FALSE,line,time,num,enterprise
 enrg_ng_res_on,5,05-انرژی,02-نفت و گاز,02-گاز طبیعی,03-میادین گازی,01-ذخایر,03-Onshore,02-تقویم خورشیدی,,,,,ذخایر میادین گازی خشکی (onshore),خورشیدی,کشور,وزارت نفت,تریلیون متر مکعب,سالانه,FALSE,line,time,num,enterprise
enrg_ng_gf_pr_t_g,5,05-انرژی,02-نفت و گاز,02-گاز طبیعی,03-میادین گازی,01-تولید,01-کل,01-تقویم میلادی,,,,,تولید تجمیعی گاز از کل میادین,میلادی,کشور,وزارت نفت,تریلیون متر مکعب,سالانه,FALSE,line,time,num,enterprise
 enrg_ng_gf_pr_t,5,05-انرژی,02-نفت و گاز,02-گاز طبیعی,03-میادین گازی,01-تولید,01-کل,02-تقویم خورشیدی,,,,,تولید تجمیعی گاز از کل میادین,خورشیدی,کشور,وزارت نفت,تریلیون متر مکعب,سالانه,FALSE,line,time,num,enterprise
enrg_ng_gf_pr_off_g,5,05-انرژی,02-نفت و گاز,02-گاز طبیعی,03-میادین گازی,01-تولید,02-Offshore,01-تقویم میلادی,,,,,تولید تجمیعی میادین دریایی (offshore),میلادی,کشور,وزارت نفت,تریلیون متر مکعب,سالانه,FALSE,line,time,num,enterprise
 enrg_ng_gf_pr_off,5,05-انرژی,02-نفت و گاز,02-گاز طبیعی,03-میادین گازی,01-تولید,02-Offshore,02-تقویم خورشیدی,,,,,تولید تجمیعی میادین دریایی (offshore),خورشیدی,کشور,وزارت نفت,تریلیون متر مکعب,سالانه,FALSE,line,time,num,enterprise
 enrg_ng_gf_pr_on_g,5,05-انرژی,02-نفت و گاز,02-گاز طبیعی,03-میادین گازی,01-تولید,03-Onshore,01-تقویم میلادی,,,,,تولید تجمیعی میادین خشکی (offshore),میلادی,کشور,وزارت نفت,تریلیون متر مکعب,سالانه,FALSE,line,time,num,enterprise
 enrg_ng_gf_pr_on,5,05-انرژی,02-نفت و گاز,02-گاز طبیعی,03-میادین گازی,01-تولید,03-Onshore,02-تقویم خورشیدی,,,,,تولید تجمیعی میادین خشکی (offshore),خورشیدی,کشور,وزارت نفت,تریلیون متر مکعب,سالانه,FALSE,line,time,num,enterprise
enrg_ng_pr,5,05-انرژی,02-نفت و گاز,02-گاز طبیعی,01-تولید,01-آژانس بین‌المللی انرژی,,,,,,,تولید گاز طبیعی (آژانس بین‌المللی انرژی),میلادی,کشور,آژانس بین‌المللی انرژی,میلیارد متر مکعب,سالانه,FALSE,line,time,num,enterprise
enrg_ng_pr_raw_g,6,05-انرژی,02-نفت و گاز,02-گاز طبیعی,01-تولید,02-وزارت نفت,01-گاز خام,01-تقویم میلادی,,,,,تولید گاز خام (منبع وزارت نفت),میلادی,کشور,وزارت نفت,میلیون متر مکعب در روز,سالانه,FALSE,line,time,num,enterprise
enrg_ng_pr_raw,7,05-انرژی,02-نفت و گاز,02-گاز طبیعی,01-تولید,02-وزارت نفت,01-گاز خام,02-تقویم خورشیدی,,,,,تولید گاز خام (منبع وزارت نفت),خورشیدی,کشور,وزارت نفت,میلیون متر مکعب در روز,سالانه,FALSE,line,time,num,enterprise
enrg_ng_pr_lt_g,6,05-انرژی,02-نفت و گاز,02-گاز طبیعی,01-تولید,02-وزارت نفت,02-گاز سبک,01-تقویم میلادی,,,,,تولید گاز سبک (منبع وزارت نفت),میلادی,کشور,وزارت نفت,میلیون متر مکعب در روز,سالانه,FALSE,line,time,num,enterprise
enrg_ng_pr_lt,7,05-انرژی,02-نفت و گاز,02-گاز طبیعی,01-تولید,02-وزارت نفت,02-گاز سبک,02-تقویم خورشیدی,,,,,تولید گاز سبک (منبع وزارت نفت),خورشیدی,کشور,وزارت نفت,میلیون متر مکعب در روز,سالانه,FALSE,line,time,num,enterprise
enrg_ng_pr_re_g,6,05-انرژی,02-نفت و گاز,02-گاز طبیعی,01-تولید,02-وزارت نفت,03-تزریق گاز,01-تقویم میلادی,,,,,تزریق مجدد گاز به میادین نفتی,میلادی,کشور,وزارت نفت,میلیون متر مکعب در روز,سالانه,FALSE,line,time,num,enterprise
enrg_ng_pr_re,7,05-انرژی,02-نفت و گاز,02-گاز طبیعی,01-تولید,02-وزارت نفت,03-تزریق گاز,02-تقویم خورشیدی,,,,,تزریق مجدد گاز به میادین نفتی,خورشیدی,کشور,وزارت نفت,میلیون متر مکعب در روز,سالانه,FALSE,line,time,num,enterprise
enrg_ng_con,6,05-انرژی,02-نفت و گاز,02-گاز طبیعی,02-مصرف,01-کل,01-آژانس بین‌المللی انرژی,,,,,,مصرف گاز (آژانس بین‌المللی انرژی),میلادی,کشور,آژانس بین‌المللی انرژی,میلیارد متر مکعب,سالانه,FALSE,line,time,num,enterprise
enrg_ng_con_t_g,6,05-انرژی,02-نفت و گاز,02-گاز طبیعی,02-مصرف,01-کل,02-وزارت نفت,01-تقویم میلادی,,,,,مصرف گاز (وزارت نفت),میلادی,کشور,وزارت نفت,میلیون متر مکعب,سالانه,FALSE,line,time,num,enterprise
enrg_ng_con_t,7,05-انرژی,02-نفت و گاز,02-گاز طبیعی,02-مصرف,01-کل,02-وزارت نفت,02-تقویم خورشیدی,,,,,مصرف گاز (وزارت نفت),خورشیدی,کشور,وزارت نفت,میلیون متر مکعب,سالانه,FALSE,line,time,num,enterprise
enrg_ng_con_re_g,5,05-انرژی,02-نفت و گاز,02-گاز طبیعی,02-مصرف,02-مسکونی,01-تقویم میلادی,,,,,,مصرف گاز - بخش مسکونی، تجاری، عمومی,میلادی,کشور,وزارت نفت,میلیون متر مکعب,سالانه,FALSE,line,time,num,enterprise
enrg_ng_con_re,6,05-انرژی,02-نفت و گاز,02-گاز طبیعی,02-مصرف,02-مسکونی,02-تقویم خورشیدی,,,,,,مصرف گاز - بخش مسکونی، تجاری، عمومی,خورشیدی,کشور,وزارت نفت,میلیون متر مکعب,سالانه,FALSE,line,time,num,enterprise
enrg_ng_con_tr_g,5,05-انرژی,02-نفت و گاز,02-گاز طبیعی,02-مصرف,03-حمل و نقل,01-تقویم میلادی,,,,,,مصرف گاز - بخش حمل و نقل,میلادی,کشور,وزارت نفت,میلیون متر مکعب,سالانه,FALSE,line,time,num,enterprise
enrg_ng_con_tr,6,05-انرژی,02-نفت و گاز,02-گاز طبیعی,02-مصرف,03-حمل و نقل,02-تقویم خورشیدی,,,,,,مصرف گاز - بخش حمل و نقل,خورشیدی,کشور,وزارت نفت,میلیون متر مکعب,سالانه,FALSE,line,time,num,enterprise
enrg_ng_con_ag_g,5,05-انرژی,02-نفت و گاز,02-گاز طبیعی,02-مصرف,04-کشاورزی,01-تقویم میلادی,,,,,,مصرف گاز - بخش کشاورزی,میلادی,کشور,وزارت نفت,میلیون متر مکعب,سالانه,FALSE,line,time,num,enterprise
enrg_ng_con_ag,6,05-انرژی,02-نفت و گاز,02-گاز طبیعی,02-مصرف,04-کشاورزی,02-تقویم خورشیدی,,,,,,مصرف گاز - بخش کشاورزی,خورشیدی,کشور,وزارت نفت,میلیون متر مکعب,سالانه,FALSE,line,time,num,enterprise
enrg_ng_con_in_g,5,05-انرژی,02-نفت و گاز,02-گاز طبیعی,02-مصرف,05-صنعت,01-تقویم میلادی,,,,,,مصرف گاز - بخش صنعتی,میلادی,کشور,وزارت نفت,میلیون متر مکعب,سالانه,FALSE,line,time,num,enterprise
enrg_ng_con_in,6,05-انرژی,02-نفت و گاز,02-گاز طبیعی,02-مصرف,05-صنعت,02-تقویم خورشیدی,,,,,,مصرف گاز - بخش صنعتی,خورشیدی,کشور,وزارت نفت,میلیون متر مکعب,سالانه,FALSE,line,time,num,enterprise
enrg_ng_con_fu_g,5,05-انرژی,02-نفت و گاز,02-گاز طبیعی,02-مصرف,06-پتروشیمی‌ها,01-تقویم میلادی,,,,,,مصرف گاز - پتروشیمی‌ها,میلادی,کشور,وزارت نفت,میلیون متر مکعب,سالانه,FALSE,line,time,num,enterprise
enrg_ng_con_fu,6,05-انرژی,02-نفت و گاز,02-گاز طبیعی,02-مصرف,06-پتروشیمی‌ها,02-تقویم خورشیدی,,,,,,مصرف گاز - پتروشیمی‌ها,خورشیدی,کشور,وزارت نفت,میلیون متر مکعب,سالانه,FALSE,line,time,num,enterprise
enrg_ng_con_pp_g,5,05-انرژی,02-نفت و گاز,02-گاز طبیعی,02-مصرف,07-نیروگاه‌ها,01-تقویم میلادی,,,,,,مصرف گاز - نیروگاه‌ها,میلادی,کشور,وزارت نفت,میلیون متر مکعب,سالانه,FALSE,line,time,num,enterprise
enrg_ng_con_pp,6,05-انرژی,02-نفت و گاز,02-گاز طبیعی,02-مصرف,07-نیروگاه‌ها,02-تقویم خورشیدی,,,,,,مصرف گاز - نیروگاه‌ها,خورشیدی,کشور,وزارت نفت,میلیون متر مکعب,سالانه,FALSE,line,time,num,enterprise
enrg_ng_con_ne_g,5,05-انرژی,02-نفت و گاز,02-گاز طبیعی,02-مصرف,08-غیره,01-تقویم میلادی,,,,,,مصرف گاز - غیره,میلادی,کشور,وزارت نفت,میلیون متر مکعب,سالانه,FALSE,line,time,num,enterprise
enrg_ng_con_ne,6,05-انرژی,02-نفت و گاز,02-گاز طبیعی,02-مصرف,08-غیره,02-تقویم خورشیدی,,,,,,مصرف گاز - غیره,خورشیدی,کشور,وزارت نفت,میلیون متر مکعب,سالانه,FALSE,line,time,num,enterprise
enrg_ng_flr,4,05-انرژی,02-نفت و گاز,02-گاز طبیعی,05-مشعل‌سوزی,,,,,,,,مشعل‌سوزی,میلادی,کشور,بانک جهانی,میلیارد متر مکعب,ماهانه,FALSE,line,time,num,enterprise
enrg_ng_net_g,4,05-انرژی,02-نفت و گاز,02-گاز طبیعی,06-طول شبکه,01-تقویم میلادی,,,,,,,طل شبکه گاز,میلادی,کشور,وزارت نفت,کیلومتر,سالانه,FALSE,line,time,num,enterprise
enrg_ng_net,5,05-انرژی,02-نفت و گاز,02-گاز طبیعی,06-طول شبکه,02-تقویم خورشیدی,,,,,,,طل شبکه گاز,خورشیدی,کشور,وزارت نفت,کیلومتر,سالانه,FALSE,line,time,num,enterprise
oil_pro_con_t_g,6,05-انرژی,02-نفت و گاز,03-فراورده‌های نفتی,02-مصرف,01-کشور,01-کل,01-تقویم میلادی,,,,,مصرف فراورده‌های نفتی - مصرف کل,میلادی,کشور,وزارت نیرو,میلیارد لیتر,سالانه,FALSE,line,time,num,enterprise
oil_pro_con_t,7,05-انرژی,02-نفت و گاز,03-فراورده‌های نفتی,02-مصرف,01-کشور,01-کل,02-تقویم خورشیدی,,,,,مصرف فراورده‌های نفتی - مصرف کل,خورشیدی,کشور,وزارت نیرو,میلیارد لیتر,سالانه,FALSE,line,time,num,enterprise
oil_pro_con_lpg_g,6,05-انرژی,02-نفت و گاز,03-فراورده‌های نفتی,02-مصرف,01-کشور,02-گاز مایع,01-تقویم میلادی,,,,,مصرف فراورده‌های نفتی - گاز مایع,میلادی,کشور,وزارت نیرو,میلیارد لیتر,سالانه,FALSE,line,time,num,enterprise
oil_pro_con_lpg,7,05-انرژی,02-نفت و گاز,03-فراورده‌های نفتی,02-مصرف,01-کشور,02-گاز مایع,02-تقویم خورشیدی,,,,,مصرف فراورده‌های نفتی - گاز مایع,خورشیدی,کشور,وزارت نیرو,میلیارد لیتر,سالانه,FALSE,line,time,num,enterprise
oil_pro_con_gs_g,6,05-انرژی,02-نفت و گاز,03-فراورده‌های نفتی,02-مصرف,01-کشور,03-بنزین,01-تقویم میلادی,,,,,مصرف فراورده‌های نفتی - بنزین,میلادی,کشور,وزارت نیرو,میلیارد لیتر,سالانه,FALSE,line,time,num,enterprise
oil_pro_con_gs,7,05-انرژی,02-نفت و گاز,03-فراورده‌های نفتی,02-مصرف,01-کشور,03-بنزین,02-تقویم خورشیدی,,,,,مصرف فراورده‌های نفتی - بنزین,خورشیدی,کشور,وزارت نیرو,میلیارد لیتر,سالانه,FALSE,line,time,num,enterprise
oil_pro_con_d_g,6,05-انرژی,02-نفت و گاز,03-فراورده‌های نفتی,02-مصرف,01-کشور,04-دیزل,01-تقویم میلادی,,,,,مصرف فراورده‌های نفتی - دیزل,میلادی,کشور,وزارت نیرو,میلیارد لیتر,سالانه,FALSE,line,time,num,enterprise
oil_pro_con_d,7,05-انرژی,02-نفت و گاز,03-فراورده‌های نفتی,02-مصرف,01-کشور,04-دیزل,02-تقویم خورشیدی,,,,,مصرف فراورده‌های نفتی - دیزل,خورشیدی,کشور,وزارت نیرو,میلیارد لیتر,سالانه,FALSE,line,time,num,enterprise
oil_pro_con_fo_g,6,05-انرژی,02-نفت و گاز,03-فراورده‌های نفتی,02-مصرف,01-کشور,05-نفت کوره,01-تقویم میلادی,,,,,مصرف فراورده‌های نفتی - نفت کوره,میلادی,کشور,وزارت نیرو,میلیارد لیتر,سالانه,FALSE,line,time,num,enterprise
oil_pro_con_fo,7,05-انرژی,02-نفت و گاز,03-فراورده‌های نفتی,02-مصرف,01-کشور,05-نفت کوره,02-تقویم خورشیدی,,,,,مصرف فراورده‌های نفتی - نفت کوره,خورشیدی,کشور,وزارت نیرو,میلیارد لیتر,سالانه,FALSE,line,time,num,enterprise
oil_pro_con_kr_g,6,05-انرژی,02-نفت و گاز,03-فراورده‌های نفتی,02-مصرف,01-کشور,06-نفت سفید,01-تقویم میلادی,,,,,مصرف فراورده‌های نفتی - نفت سفید,میلادی,کشور,وزارت نیرو,میلیارد لیتر,سالانه,FALSE,line,time,num,enterprise
oil_pro_con_kr,7,05-انرژی,02-نفت و گاز,03-فراورده‌های نفتی,02-مصرف,01-کشور,06-نفت سفید,02-تقویم خورشیدی,,,,,مصرف فراورده‌های نفتی - نفت سفید,خورشیدی,کشور,وزارت نیرو,میلیارد لیتر,سالانه,FALSE,line,time,num,enterprise
oil_pro_con_pr_gs_t_g,7,05-انرژی,02-نفت و گاز,03-فراورده‌های نفتی,02-مصرف,02-استانی,01-بنزین,01-کل,01-تقویم میلادی,,,,کل مصرف بنزین (به تفکیک استان),میلادی,استان,وزارت نفت,متر مکعب در روز,سالانه,TRUE,bar,time,num,enterprise
oil_pro_con_pr_gs_t,7,05-انرژی,02-نفت و گاز,03-فراورده‌های نفتی,02-مصرف,02-استانی,01-بنزین,01-کل,02-تقویم خورشیدی,,,,کل مصرف بنزین (به تفکیک استان),خورشیدی,استان,وزارت نفت,متر مکعب در روز,سالانه,TRUE,bar,time,num,enterprise
oil_pro_con_pr_gs_s_g,7,05-انرژی,02-نفت و گاز,03-فراورده‌های نفتی,02-مصرف,02-استانی,01-بنزین,02-سوپر,01-تقویم میلادی,,,,مصرف بنزین سوپر (به تفکیک استان),میلادی,استان,وزارت نفت,متر مکعب در روز,سالانه,TRUE,bar,time,num,enterprise
oil_pro_con_pr_gs_s,7,05-انرژی,02-نفت و گاز,03-فراورده‌های نفتی,02-مصرف,02-استانی,01-بنزین,02-سوپر,02-تقویم خورشیدی,,,,مصرف بنزین سوپر (به تفکیک استان),خورشیدی,استان,وزارت نفت,متر مکعب در روز,سالانه,TRUE,bar,time,num,enterprise
oil_pro_con_pr_gs_eu_g,7,05-انرژی,02-نفت و گاز,03-فراورده‌های نفتی,02-مصرف,02-استانی,01-بنزین,03-یورو ۴ و ۵,01-تقویم میلادی,,,,مصرف بنزین یورو ۴ و ۵ (به تفکیک استان),میلادی,استان,وزارت نفت,متر مکعب در روز,سالانه,TRUE,bar,time,num,enterprise
oil_pro_con_pr_gs_eu,7,05-انرژی,02-نفت و گاز,03-فراورده‌های نفتی,02-مصرف,02-استانی,01-بنزین,03-یورو ۴ و ۵,02-تقویم خورشیدی,,,,مصرف بنزین یورو ۴ و ۵ (به تفکیک استان),خورشیدی,استان,وزارت نفت,متر مکعب در روز,سالانه,TRUE,bar,time,num,enterprise
oil_pro_con_pr_gs_ns_g,7,05-انرژی,02-نفت و گاز,03-فراورده‌های نفتی,02-مصرف,02-استانی,01-بنزین,04-غیراستاندارد,01-تقویم میلادی,,,,مصرف بنزین غیر استاندارد (به تفکیک استان),میلادی,استان,وزارت نفت,متر مکعب در روز,سالانه,TRUE,bar,time,num,enterprise
oil_pro_con_pr_gs_ns,7,05-انرژی,02-نفت و گاز,03-فراورده‌های نفتی,02-مصرف,02-استانی,01-بنزین,04-غیراستاندارد,02-تقویم خورشیدی,,,,مصرف بنزین غیر استاندارد (به تفکیک استان),خورشیدی,استان,وزارت نفت,متر مکعب در روز,سالانه,TRUE,bar,time,num,enterprise
oil_pro_con_pr_ds_t_g,7,05-انرژی,02-نفت و گاز,03-فراورده‌های نفتی,02-مصرف,02-استانی,02-دیزل,01-کل,01-تقویم میلادی,,,,کل مصرف گازوئیل (بر اساس استان),میلادی,استان,وزارت نفت,متر مکعب در روز,سالانه,TRUE,bar,time,num,enterprise
oil_pro_con_pr_ds_t,7,05-انرژی,02-نفت و گاز,03-فراورده‌های نفتی,02-مصرف,02-استانی,02-دیزل,01-کل,02-تقویم خورشیدی,,,,کل مصرف گازوئیل (بر اساس استان),خورشیدی,استان,وزارت نفت,متر مکعب در روز,سالانه,TRUE,bar,time,num,enterprise
oil_pro_con_pr_ds_eu_g,7,05-انرژی,02-نفت و گاز,03-فراورده‌های نفتی,02-مصرف,02-استانی,02-دیزل,03-یورو ۴ و ۵,01-تقویم میلادی,,,,مصرف گازوئیل یورو ۴ و ۵ (بر اساس استان),میلادی,استان,وزارت نفت,متر مکعب در روز,سالانه,TRUE,bar,time,num,enterprise
oil_pro_con_pr_ds_eu,7,05-انرژی,02-نفت و گاز,03-فراورده‌های نفتی,02-مصرف,02-استانی,02-دیزل,03-یورو ۴ و ۵,02-تقویم خورشیدی,,,,مصرف گازوئیل یورو ۴ و ۵ (بر اساس استان),خورشیدی,استان,وزارت نفت,متر مکعب در روز,سالانه,TRUE,bar,time,num,enterprise
oil_pro_con_pr_ds_ns_g,7,05-انرژی,02-نفت و گاز,03-فراورده‌های نفتی,02-مصرف,02-استانی,02-دیزل,04-غیراستاندارد,01-تقویم میلادی,,,,مصرف گازوئیل غیر استاندارد (بر اساس استان),میلادی,استان,وزارت نفت,متر مکعب در روز,سالانه,TRUE,bar,time,num,enterprise
oil_pro_con_pr_ds_ns,7,05-انرژی,02-نفت و گاز,03-فراورده‌های نفتی,02-مصرف,02-استانی,02-دیزل,04-غیراستاندارد,02-تقویم خورشیدی,,,,مصرف گازوئیل غیر استاندارد (بر اساس استان),خورشیدی,استان,وزارت نفت,متر مکعب در روز,سالانه,TRUE,bar,time,num,enterprise
oil_pro_con_pr_mz_g,6,05-انرژی,02-نفت و گاز,03-فراورده‌های نفتی,02-مصرف,02-استانی,03-مازوت,01-تقویم میلادی,,,,,مصرف مازوت به تفکیک استان,میلادی,استان,وزارت نفت,متر مکعب در روز,سالانه,TRUE,bar,time,num,enterprise
oil_pro_con_pr_mz,7,05-انرژی,02-نفت و گاز,03-فراورده‌های نفتی,02-مصرف,02-استانی,03-مازوت,02-تقویم خورشیدی,,,,,مصرف مازوت به تفکیک استان,خورشیدی,استان,وزارت نفت,متر مکعب در روز,سالانه,TRUE,bar,time,num,enterprise
oil_pro_pr_ref_%_g,6,05-انرژی,02-نفت و گاز,03-فراورده‌های نفتی,01-تولید,03-پالایشگاه‌ها,02-راندمان پالایشگاه‌ها,01-تقویم میلادی,,,,,سهم باقیمانده‌ها از کل فرآورده‌های نفتی,میلادی,کشور,وزارت نفت,درصد,سالانه,TRUE,bar,time,num,enterprise
oil_pro_pr_ref_%,7,05-انرژی,02-نفت و گاز,03-فراورده‌های نفتی,01-تولید,03-پالایشگاه‌ها,02-راندمان پالایشگاه‌ها,02-تقویم خورشیدی,,,,,سهم باقیمانده‌ها از کل فرآورده‌های نفتی,خورشیدی,کشور,وزارت نفت,درصد,سالانه,TRUE,bar,time,num,enterprise
oil_pro_pr_ref_ef_g,7,05-انرژی,02-نفت و گاز,03-فراورده‌های نفتی,01-تولید,03-پالایشگاه‌ها,03-نرخ بهره‌برداری,01-تقویم میلادی,,,,,نرخ بهره‌برداری پالایشگاه,میلادی,کشور,وزارت نفت,درصد,سالانه,TRUE,bar,time,num,enterprise
oil_pro_pr_ref_ef,7,05-انرژی,02-نفت و گاز,03-فراورده‌های نفتی,01-تولید,03-پالایشگاه‌ها,03-نرخ بهره‌برداری,02-تقویم خورشیدی,,,,,نرخ بهره‌برداری پالایشگاه,خورشیدی,کشور,وزارت نفت,درصد,سالانه,TRUE,bar,time,num,enterprise
oil_pro_pr_ref_PG_g,7,05-انرژی,02-نفت و گاز,03-فراورده‌های نفتی,01-تولید,03-پالایشگاه‌ها,01-آمار پالایشگاه‌ها,01-ستاره خلیج فارس,01-تقویم میلادی,,,,آمار پالایشگاه ستاره خلیج فارس,میلادی,کشور,وزارت نفت,متر مکعب در روز,سالانه,TRUE,bar,time,num,enterprise
oil_pro_pr_ref_PG,7,05-انرژی,02-نفت و گاز,03-فراورده‌های نفتی,01-تولید,03-پالایشگاه‌ها,01-آمار پالایشگاه‌ها,01-ستاره خلیج فارس,02-تقویم خورشیدی,,,,آمار پالایشگاه ستاره خلیج فارس,خورشیدی,کشور,وزارت نفت,متر مکعب در روز,سالانه,TRUE,bar,time,num,enterprise
oil_pro_pr_ref_TH_g,7,05-انرژی,02-نفت و گاز,03-فراورده‌های نفتی,01-تولید,03-پالایشگاه‌ها,01-آمار پالایشگاه‌ها,02-تهران,01-تقویم میلادی,,,,آمار پالایشگاه تهران,میلادی,کشور,وزارت نفت,متر مکعب در روز,سالانه,TRUE,bar,time,num,enterprise
oil_pro_pr_ref_TH,7,05-انرژی,02-نفت و گاز,03-فراورده‌های نفتی,01-تولید,03-پالایشگاه‌ها,01-آمار پالایشگاه‌ها,02-تهران,02-تقویم خورشیدی,,,,آمار پالایشگاه تهران,خورشیدی,کشور,وزارت نفت,متر مکعب در روز,سالانه,TRUE,bar,time,num,enterprise
oil_pro_pr_ref_BA_g,7,05-انرژی,02-نفت و گاز,03-فراورده‌های نفتی,01-تولید,03-پالایشگاه‌ها,01-آمار پالایشگاه‌ها,03-بندرعباس,01-تقویم میلادی,,,,آمار پالایشگاه بندرعباس,میلادی,کشور,وزارت نفت,متر مکعب در روز,سالانه,TRUE,bar,time,num,enterprise
oil_pro_pr_ref_BA,7,05-انرژی,02-نفت و گاز,03-فراورده‌های نفتی,01-تولید,03-پالایشگاه‌ها,01-آمار پالایشگاه‌ها,03-بندرعباس,02-تقویم خورشیدی,,,,آمار پالایشگاه بندرعباس,خورشیدی,کشور,وزارت نفت,متر مکعب در روز,سالانه,TRUE,bar,time,num,enterprise
oil_pro_pr_ref_IS_g,7,05-انرژی,02-نفت و گاز,03-فراورده‌های نفتی,01-تولید,03-پالایشگاه‌ها,01-آمار پالایشگاه‌ها,04-اصفهان,01-تقویم میلادی,,,,آمار پالایشگاه اصفهان,میلادی,کشور,وزارت نفت,متر مکعب در روز,سالانه,TRUE,bar,time,num,enterprise
oil_pro_pr_ref_IS,7,05-انرژی,02-نفت و گاز,03-فراورده‌های نفتی,01-تولید,03-پالایشگاه‌ها,01-آمار پالایشگاه‌ها,04-اصفهان,02-تقویم خورشیدی,,,,آمار پالایشگاه اصفهان,خورشیدی,کشور,وزارت نفت,متر مکعب در روز,سالانه,TRUE,bar,time,num,enterprise
oil_pro_pr_ref_SH_g,7,05-انرژی,02-نفت و گاز,03-فراورده‌های نفتی,01-تولید,03-پالایشگاه‌ها,01-آمار پالایشگاه‌ها,05-شیراز,01-تقویم میلادی,,,,آمار پالایشگاه شیراز,میلادی,کشور,وزارت نفت,متر مکعب در روز,سالانه,TRUE,bar,time,num,enterprise
oil_pro_pr_ref_SH,7,05-انرژی,02-نفت و گاز,03-فراورده‌های نفتی,01-تولید,03-پالایشگاه‌ها,01-آمار پالایشگاه‌ها,05-شیراز,02-تقویم خورشیدی,,,,آمار پالایشگاه شیراز,خورشیدی,کشور,وزارت نفت,متر مکعب در روز,سالانه,TRUE,bar,time,num,enterprise
oil_pro_pr_ref_LV_g,7,05-انرژی,02-نفت و گاز,03-فراورده‌های نفتی,01-تولید,03-پالایشگاه‌ها,01-آمار پالایشگاه‌ها,06-لاوان,01-تقویم میلادی,,,,آمار پالایشگاه لاوان,میلادی,کشور,وزارت نفت,متر مکعب در روز,سالانه,TRUE,bar,time,num,enterprise
oil_pro_pr_ref_LV,7,05-انرژی,02-نفت و گاز,03-فراورده‌های نفتی,01-تولید,03-پالایشگاه‌ها,01-آمار پالایشگاه‌ها,06-لاوان,02-تقویم خورشیدی,,,,آمار پالایشگاه لاوان,خورشیدی,کشور,وزارت نفت,متر مکعب در روز,سالانه,TRUE,bar,time,num,enterprise
oil_pro_pr_ref_SHZ_g,7,05-انرژی,02-نفت و گاز,03-فراورده‌های نفتی,01-تولید,03-پالایشگاه‌ها,01-آمار پالایشگاه‌ها,07-شازند (اراک),01-تقویم میلادی,,,,آمار پالایشگاه شازند (اراک),میلادی,کشور,وزارت نفت,متر مکعب در روز,سالانه,TRUE,bar,time,num,enterprise
oil_pro_pr_ref_SHZ,7,05-انرژی,02-نفت و گاز,03-فراورده‌های نفتی,01-تولید,03-پالایشگاه‌ها,01-آمار پالایشگاه‌ها,07-شازند (اراک),02-تقویم خورشیدی,,,,آمار پالایشگاه شازند (اراک),خورشیدی,کشور,وزارت نفت,متر مکعب در روز,سالانه,TRUE,bar,time,num,enterprise
oil_pro_pr_ref_TZ_g,7,05-انرژی,02-نفت و گاز,03-فراورده‌های نفتی,01-تولید,03-پالایشگاه‌ها,01-آمار پالایشگاه‌ها,08-تبریز,01-تقویم میلادی,,,,آمار پالایشگاه تبریز,میلادی,کشور,وزارت نفت,متر مکعب در روز,سالانه,TRUE,bar,time,num,enterprise
oil_pro_pr_ref_TZ,7,05-انرژی,02-نفت و گاز,03-فراورده‌های نفتی,01-تولید,03-پالایشگاه‌ها,01-آمار پالایشگاه‌ها,08-تبریز,02-تقویم خورشیدی,,,,آمار پالایشگاه تبریز,خورشیدی,کشور,وزارت نفت,متر مکعب در روز,سالانه,TRUE,bar,time,num,enterprise
oil_pro_pr_ref_KH_g,7,05-انرژی,02-نفت و گاز,03-فراورده‌های نفتی,01-تولید,03-پالایشگاه‌ها,01-آمار پالایشگاه‌ها,09-کرمانشاه,01-تقویم میلادی,,,,آمار پالایشگاه کرمانشاه,میلادی,کشور,وزارت نفت,متر مکعب در روز,سالانه,TRUE,bar,time,num,enterprise
oil_pro_pr_ref_KH,7,05-انرژی,02-نفت و گاز,03-فراورده‌های نفتی,01-تولید,03-پالایشگاه‌ها,01-آمار پالایشگاه‌ها,09-کرمانشاه,02-تقویم خورشیدی,,,,آمار پالایشگاه کرمانشاه,خورشیدی,کشور,وزارت نفت,متر مکعب در روز,سالانه,TRUE,bar,time,num,enterprise
eng_el_g_fu_share,4,05-انرژی,03-برق,01-تولید,03-سهم سوخت‌ها,,,,,,,,سهم سوخت‌ها در تولید برق,میلادی,کشور,آژانس بین‌المللی انرژی,درصد,سالانه,TRUE,bar,time,num,subscriber
eng_el_g_fu_t,4,05-انرژی,03-برق,01-تولید,01-به تفکیک سوخت,01-کل,,,,,,,تولید برق — کل,میلادی,کشور,آژانس بین‌المللی انرژی,گیگاوات ساعت,سالانه,FALSE,line,time,num,subscriber
eng_el_g_fu_ng,4,05-انرژی,03-برق,01-تولید,01-به تفکیک سوخت,02-گاز طبیعی,,,,,,,تولید برق — گاز طبیعی,میلادی,کشور,آژانس بین‌المللی انرژی,گیگاوات ساعت,سالانه,FALSE,line,time,num,subscriber
eng_el_g_fu_oi,4,05-انرژی,03-برق,01-تولید,01-به تفکیک سوخت,03-نفت,,,,,,,تولید برق — نفت,میلادی,کشور,آژانس بین‌المللی انرژی,گیگاوات ساعت,سالانه,FALSE,line,time,num,subscriber
eng_el_g_fu_nu,4,05-انرژی,03-برق,01-تولید,01-به تفکیک سوخت,04-هسته‌ای,,,,,,,تولید برق — هسته‌ای,میلادی,کشور,آژانس بین‌المللی انرژی,گیگاوات ساعت,سالانه,FALSE,line,time,num,subscriber
eng_el_g_fu_hy,4,05-انرژی,03-برق,01-تولید,01-به تفکیک سوخت,05-برق‌آبی,,,,,,,تولید برق — برق‌آبی,میلادی,کشور,آژانس بین‌المللی انرژی,گیگاوات ساعت,سالانه,FALSE,line,time,num,subscriber
eng_el_g_fu_so,4,05-انرژی,03-برق,01-تولید,01-به تفکیک سوخت,06-خورشیدی,,,,,,,تولید برق — خورشیدی,میلادی,کشور,آژانس بین‌المللی انرژی,گیگاوات ساعت,سالانه,FALSE,line,time,num,subscriber
eng_el_g_fu_wi,4,05-انرژی,03-برق,01-تولید,01-به تفکیک سوخت,07-بادی,,,,,,,تولید برق — بادی,میلادی,کشور,آژانس بین‌المللی انرژی,گیگاوات ساعت,سالانه,FALSE,line,time,num,subscriber
eng_el_g_fu_bi,4,05-انرژی,03-برق,01-تولید,01-به تفکیک سوخت,08-زیست‌سوخت‌ها,,,,,,,تولید برق — زیست‌سوخت‌ها,میلادی,کشور,آژانس بین‌المللی انرژی,گیگاوات ساعت,سالانه,FALSE,line,time,num,subscriber
eng_el_g_ty_t_g,4,05-انرژی,03-برق,01-تولید,02-به تفکیک نوع,01-کل,01-تقویم میلادی,,,,,,تولید برق — کل,میلادی,کشور,وزارت نیرو,تراوات ساعت,سالانه,FALSE,line,time,num,subscriber
eng_el_g_ty_t,4,05-انرژی,03-برق,01-تولید,02-به تفکیک نوع,01-کل,02-تقویم خورشیدی,,,,,,تولید برق — کل,خورشیدی,کشور,وزارت نیرو,تراوات ساعت,سالانه,FALSE,line,time,num,subscriber
eng_el_g_ty_th_g,4,05-انرژی,03-برق,01-تولید,02-به تفکیک نوع,02-حرارتی,01-تقویم میلادی,,,,,,تولید برق - حرارتی,میلادی,کشور,وزارت نیرو,تراوات ساعت,سالانه,FALSE,line,time,num,subscriber
eng_el_g_ty_th,4,05-انرژی,03-برق,01-تولید,02-به تفکیک نوع,02-حرارتی,02-تقویم خورشیدی,,,,,,تولید برق - حرارتی,خورشیدی,کشور,وزارت نیرو,تراوات ساعت,سالانه,FALSE,line,time,num,subscriber
eng_el_g_ty_hy_g,4,05-انرژی,03-برق,01-تولید,02-به تفکیک نوع,03-برق-آبی,01-تقویم میلادی,,,,,,تولید برق - برق-آبی,میلادی,کشور,وزارت نیرو,تراوات ساعت,سالانه,FALSE,line,time,num,subscriber
eng_el_g_ty_hy,4,05-انرژی,03-برق,01-تولید,02-به تفکیک نوع,03-برق-آبی,02-تقویم خورشیدی,,,,,,تولید برق - برق-آبی,خورشیدی,کشور,وزارت نیرو,تراوات ساعت,سالانه,FALSE,line,time,num,subscriber
eng_el_g_ty_ot_g,4,05-انرژی,03-برق,01-تولید,02-به تفکیک نوع,04-سایر,01-تقویم میلادی,,,,,,تولید برق - سایر منابع,میلادی,کشور,وزارت نیرو,تراوات ساعت,سالانه,FALSE,line,time,num,subscriber
eng_el_g_ty_ot,4,05-انرژی,03-برق,01-تولید,02-به تفکیک نوع,04-سایر,02-تقویم خورشیدی,,,,,,تولید برق - سایر منابع,خورشیدی,کشور,وزارت نیرو,تراوات ساعت,سالانه,FALSE,line,time,num,subscriber
eng_el_con_iea_t,4,05-انرژی,03-برق,02-مصرف,01-کل,,,,,,,,مصرف برق (کل),میلادی,کشور,آژانس بین‌المللی انرژی,تراوات ساعت,سالانه,FALSE,line,time,num,subscriber
eng_el_con_iea_pc,4,05-انرژی,03-برق,02-مصرف,02-سرانه,,,,,,,,مصرف برق سرانه,میلادی,کشور,آژانس بین‌المللی انرژی,MWh / Capita,سالانه,FALSE,line,time,num,subscriber
eng_el_con_iea_re,4,05-انرژی,03-برق,02-مصرف,03-مصرف به تفکیک بخش,01-مسکونی,,,,,,,مصرف برق در بخش مسکونی,میلادی,کشور,آژانس بین‌المللی انرژی,تراژول,سالانه,FALSE,line,time,num,subscriber
eng_el_con_iea_in,4,05-انرژی,03-برق,02-مصرف,03-مصرف به تفکیک بخش,02-صنعت,,,,,,,مصرف برق در بخش صنعت,میلادی,کشور,آژانس بین‌المللی انرژی,تراژول,سالانه,FALSE,line,time,num,subscriber
eng_el_con_iea_co,4,05-انرژی,03-برق,02-مصرف,03-مصرف به تفکیک بخش,03-تجاری و عمومی,,,,,,,مصرف برق در بخش خدمات تجاری و عمومی,میلادی,کشور,آژانس بین‌المللی انرژی,تراژول,سالانه,FALSE,line,time,num,subscriber
eng_el_con_iea_ag,4,05-انرژی,03-برق,02-مصرف,03-مصرف به تفکیک بخش,04-کشاورزی,,,,,,,مصرف برق در بخش کشاورزی و جنگلداری,میلادی,کشور,آژانس بین‌المللی انرژی,تراژول,سالانه,FALSE,line,time,num,subscriber
eng_el_con_iea_tr,4,05-انرژی,03-برق,02-مصرف,03-مصرف به تفکیک بخش,05-حمل و نقل,,,,,,,مصرف برق در بخش حمل و نقل,میلادی,کشور,آژانس بین‌المللی انرژی,تراژول,سالانه,FALSE,line,time,num,subscriber
eng_el_con_iea_ot,4,05-انرژی,03-برق,02-مصرف,03-مصرف به تفکیک بخش,06-سایر موارد,,,,,,,مصرف برق در سایر بخش‌ها,میلادی,کشور,آژانس بین‌المللی انرژی,تراژول,سالانه,FALSE,line,time,num,subscriber
eng_el_iea_exp,4,05-انرژی,03-برق,03-صادرات و واردات برق,03-صادرات,,,,,,,,صادرات برق,میلادی,کشور,آژانس بین‌المللی انرژی,گیگاوات ساعت,سالانه,FALSE,line,time,num,subscriber
eng_el_iea_imp,4,05-انرژی,03-برق,03-صادرات و واردات برق,04-واردات,,,,,,,,واردات برق,میلادی,کشور,آژانس بین‌المللی انرژی,گیگاوات ساعت,سالانه,FALSE,line,time,num,subscriber
eng_rn_w_res_t,4,05-انرژی,03-تجدیدپذیر,01-آب,01-منابع آب تجدیدپذیر,01-کل,,,,,,,منابع آب تجدیدپذیر (کل),میلادی,کشور,بانک جهانی,میلیارد متر مکعب,سالانه,FALSE,line,time,num,subscriber
eng_rn_w_res_pc,4,05-انرژی,03-تجدیدپذیر,01-آب,01-منابع آب تجدیدپذیر,02-سرانه,,,,,,,منابع آب تجدیدپذیر (به ازای هر نفر),میلادی,کشور,بانک جهانی,متر مکعب,سالانه,FALSE,line,time,num,subscriber
eng_rn_w_wit,4,05-انرژی,03-تجدیدپذیر,01-آب,02-برداشت آب,,,,,,,,برداشت سالانه آب,میلادی,کشور,بانک جهانی,میلیارد متر مکعب,سالانه,FALSE,line,time,num,subscriber
eng_rn_w_hyd,4,05-انرژی,03-تجدیدپذیر,01-آب,03-انرژی آبی,,,,,,,,انرژی آبی,میلادی,کشور,آژانس بین‌المللی انرژی‌های تجدیدپذیر,مگاوات,سالانه,FALSE,line,time,num,subscriber
eng_rn_w_dam_g,4,05-انرژی,03-تجدیدپذیر,01-آب,04-سدها,01-تقویم میلادی,,,,,,,بیلان آب سدها,میلادی,کشور,شرکت مدیریت منابع آب ایران,میلیارد متر مکعب,سالانه,TRUE,bar,time,num,subscriber
eng_rn_w_dam,4,05-انرژی,03-تجدیدپذیر,01-آب,04-سدها,02-تقویم خورشیدی,,,,,,,بیلان آب سدها,خورشیدی,کشور,شرکت مدیریت منابع آب ایران,میلیارد متر مکعب,سالانه,TRUE,bar,time,num,subscriber
eng_rn_sol,4,05-انرژی,03-تجدیدپذیر,02-انرژی خورشیدی,,,,,,,,,انرژی خورشیدی,میلادی,کشور,آژانس بین‌المللی انرژی‌های تجدیدپذیر,مگاوات,سالانه,FALSE,line,time,num,subscriber
eng_rn_wind,4,05-انرژی,03-تجدیدپذیر,03-انرژی بادی,,,,,,,,,انرژی بادی,میلادی,کشور,آژانس بین‌المللی انرژی‌های تجدیدپذیر,مگاوات,سالانه,FALSE,line,time,num,subscriber
sc_pop_in_gr,4,02-اجتماعی,01-جمعیت,00-شاخص‌های جمعیتی,01-نرخ رشد جمعیت,,,,,,,,نرخ رشد جمعیت,میلادی,کشور,سازمان ملل متحد,%,سالانه,FALSE,line,time,num,subscriber
sc_pop_in_mag,4,02-اجتماعی,01-جمعیت,00-شاخص‌های جمعیتی,02-میانه سنی,,,,,,,,میانگین سنی جمعیت,میلادی,کشور,سازمان ملل متحد,سال,سالانه,FALSE,line,time,num,subscriber
sc_pop_in_fr,4,02-اجتماعی,01-جمعیت,00-شاخص‌های جمعیتی,03-نرخ باروری,,,,,,,,میزان باروری کل,میلادی,کشور,سازمان ملل متحد,به ازای هر زن,سالانه,FALSE,line,time,num,subscriber
sc_pop_in_br,4,02-اجتماعی,01-جمعیت,00-شاخص‌های جمعیتی,04-نرخ تولد,,,,,,,,نرخ خام تولد,میلادی,کشور,سازمان ملل متحد,به ازای هر ۱۰۰۰ نفر جمعیت,سالانه,FALSE,line,time,num,subscriber
sc_pop_in_dth,4,02-اجتماعی,01-جمعیت,00-شاخص‌های جمعیتی,05-نرخ مرگ‌ومیر,,,,,,,,میزان مرگ و میر خام,میلادی,کشور,سازمان ملل متحد,به ازای هر ۱۰۰۰ نفر جمعیت,سالانه,FALSE,line,time,num,subscriber
sc_pop_in_dp_t,5,02-اجتماعی,01-جمعیت,00-شاخص‌های جمعیتی,06-نسبت وابستگی جمعیت,01-نسبت کل,,,,,,,نسبت وابستگی کل (جمعیت زیر ۱۵ سال و ۶۵ سال و بیشتر به جمعیت ۱۵ تا ۶۴ سال),میلادی,کشور,سازمان ملل متحد,%,سالانه,FALSE,line,time,num,subscriber
sc_pop_in_dp_old,5,02-اجتماعی,01-جمعیت,00-شاخص‌های جمعیتی,06-نسبت وابستگی جمعیت,02-جمعیت سالمند,,,,,,,نسبت وابستگی سالمندی (جمعیت ۶۵ سال و بیشتر به جمعیت ۱۵ تا ۶۴ سال),میلادی,کشور,سازمان ملل متحد,%,سالانه,FALSE,line,time,num,subscriber
sc_pop_in_dp_chd,5,02-اجتماعی,01-جمعیت,00-شاخص‌های جمعیتی,06-نسبت وابستگی جمعیت,03-جمعیت کودک,,,,,,,نسبت وابستگی کودکان (جمعیت ۰ تا ۱۴ سال به جمعیت ۱۵ تا ۶۴ سال),میلادی,کشور,سازمان ملل متحد,%,سالانه,FALSE,line,time,num,subscriber
sc_pop_t_t,7,02-اجتماعی,01-جمعیت,01-جمعیت,01-کشور,01-کل جمعیت,01-شهری و روستایی,01-مرد و زن,01-تقویم خورشیدی,,,,کل جمعیت - مرد و زن,خورشیدی,کشور,مرکز آمار ایران,نفر,سالانه,FALSE,line,time,num,subscriber
sc_pop_t_t_g,7,02-اجتماعی,01-جمعیت,01-جمعیت,01-کشور,01-کل جمعیت,01-شهری و روستایی,01-مرد و زن,02-تقویم میلادی,,,,کل جمعیت - مرد و زن,میلادی,کشور,مرکز آمار ایران,نفر,سالانه,FALSE,line,time,num,subscriber
sc_pop_t_ma,7,02-اجتماعی,01-جمعیت,01-جمعیت,01-کشور,01-کل جمعیت,01-شهری و روستایی,02-مرد,01-تقویم خورشیدی,,,,کل جمعیت - مرد,خورشیدی,کشور,مرکز آمار ایران,نفر,سالانه,FALSE,line,time,num,subscriber
sc_pop_t_ma_g,7,02-اجتماعی,01-جمعیت,01-جمعیت,01-کشور,01-کل جمعیت,01-شهری و روستایی,02-مرد,02-تقویم میلادی,,,,کل جمعیت - مرد,میلادی,کشور,مرکز آمار ایران,نفر,سالانه,FALSE,line,time,num,subscriber
sc_pop_t_fe,7,02-اجتماعی,01-جمعیت,01-جمعیت,01-کشور,01-کل جمعیت,01-شهری و روستایی,03-زن,01-تقویم خورشیدی,,,,کل جمعیت - زن,خورشیدی,کشور,مرکز آمار ایران,نفر,سالانه,FALSE,line,time,num,subscriber
sc_pop_t_fe_g,7,02-اجتماعی,01-جمعیت,01-جمعیت,01-کشور,01-کل جمعیت,01-شهری و روستایی,03-زن,02-تقویم میلادی,,,,کل جمعیت - زن,میلادی,کشور,مرکز آمار ایران,نفر,سالانه,FALSE,line,time,num,subscriber
sc_pop_u_t,7,02-اجتماعی,01-جمعیت,01-جمعیت,01-کشور,01-کل جمعیت,02-شهری,01-مرد و زن,01-تقویم خورشیدی,,,,جمعیت شهری - مرد و زن,خورشیدی,کشور,مرکز آمار ایران,نفر,سالانه,FALSE,line,time,num,subscriber
sc_pop_u_t_g,7,02-اجتماعی,01-جمعیت,01-جمعیت,01-کشور,01-کل جمعیت,02-شهری,01-مرد و زن,02-تقویم میلادی,,,,جمعیت شهری - مرد و زن,میلادی,کشور,مرکز آمار ایران,نفر,سالانه,FALSE,line,time,num,subscriber
sc_pop_u_ma,7,02-اجتماعی,01-جمعیت,01-جمعیت,01-کشور,01-کل جمعیت,02-شهری,02-مرد,01-تقویم خورشیدی,,,,جمعیت شهری - مرد,خورشیدی,کشور,مرکز آمار ایران,نفر,سالانه,FALSE,line,time,num,subscriber
sc_pop_u_ma_g,7,02-اجتماعی,01-جمعیت,01-جمعیت,01-کشور,01-کل جمعیت,02-شهری,02-مرد,02-تقویم میلادی,,,,جمعیت شهری - مرد,میلادی,کشور,مرکز آمار ایران,نفر,سالانه,FALSE,line,time,num,subscriber
sc_pop_u_fe,7,02-اجتماعی,01-جمعیت,01-جمعیت,01-کشور,01-کل جمعیت,02-شهری,03-زن,01-تقویم خورشیدی,,,,جمعیت شهری - زن,خورشیدی,کشور,مرکز آمار ایران,نفر,سالانه,FALSE,line,time,num,subscriber
sc_pop_u_fe_g,7,02-اجتماعی,01-جمعیت,01-جمعیت,01-کشور,01-کل جمعیت,02-شهری,03-زن,02-تقویم میلادی,,,,جمعیت شهری - زن,میلادی,کشور,مرکز آمار ایران,نفر,سالانه,FALSE,line,time,num,subscriber
sc_pop_r_t,7,02-اجتماعی,01-جمعیت,01-جمعیت,01-کشور,01-کل جمعیت,03-روستایی,01-مرد و زن,01-تقویم خورشیدی,,,,جمعیت روستایی - مرد و زن,خورشیدی,کشور,مرکز آمار ایران,نفر,سالانه,FALSE,line,time,num,subscriber
sc_pop_r_t_g,7,02-اجتماعی,01-جمعیت,01-جمعیت,01-کشور,01-کل جمعیت,03-روستایی,01-مرد و زن,02-تقویم میلادی,,,,جمعیت روستایی - مرد و زن,میلادی,کشور,مرکز آمار ایران,نفر,سالانه,FALSE,line,time,num,subscriber
sc_pop_r_ma,7,02-اجتماعی,01-جمعیت,01-جمعیت,01-کشور,01-کل جمعیت,03-روستایی,02-مرد,01-تقویم خورشیدی,,,,جمعیت روستایی - مرد,خورشیدی,کشور,مرکز آمار ایران,نفر,سالانه,FALSE,line,time,num,subscriber
sc_pop_r_ma_g,7,02-اجتماعی,01-جمعیت,01-جمعیت,01-کشور,01-کل جمعیت,03-روستایی,02-مرد,02-تقویم میلادی,,,,جمعیت روستایی - مرد,میلادی,کشور,مرکز آمار ایران,نفر,سالانه,FALSE,line,time,num,subscriber
sc_pop_r_fe,7,02-اجتماعی,01-جمعیت,01-جمعیت,01-کشور,01-کل جمعیت,03-روستایی,03-زن,01-تقویم خورشیدی,,,,جمعیت روستایی - زن,خورشیدی,کشور,مرکز آمار ایران,نفر,سالانه,FALSE,line,time,num,subscriber
sc_pop_r_fe_g,7,02-اجتماعی,01-جمعیت,01-جمعیت,01-کشور,01-کل جمعیت,03-روستایی,03-زن,02-تقویم میلادی,,,,جمعیت روستایی - زن,میلادی,کشور,مرکز آمار ایران,نفر,سالانه,FALSE,line,time,num,subscriber
sc_pop_ag_t_t,7,02-اجتماعی,01-جمعیت,01-جمعیت,01-کشور,02-گروه‌های سنی,01-شهری و روستایی,01-مرد و زن,01-تقویم خورشیدی,,,,جمعیت - مرد و زن (به تفکیک گروه‌های سنی),خورشیدی,کشور,مرکز آمار ایران,نفر,سالانه,TRUE,bar,time,num,subscriber
sc_pop_ag_t_t_g,7,02-اجتماعی,01-جمعیت,01-جمعیت,01-کشور,02-گروه‌های سنی,01-شهری و روستایی,01-مرد و زن,02-تقویم میلادی,,,,جمعیت - مرد و زن (به تفکیک گروه‌های سنی),میلادی,کشور,مرکز آمار ایران,نفر,سالانه,TRUE,bar,time,num,subscriber
sc_pop_ag_t_ma,7,02-اجتماعی,01-جمعیت,01-جمعیت,01-کشور,02-گروه‌های سنی,01-شهری و روستایی,02-مرد,01-تقویم خورشیدی,,,,جمعیت - مرد (به تفکیک گروه‌های سنی),خورشیدی,کشور,مرکز آمار ایران,نفر,سالانه,TRUE,bar,time,num,subscriber
sc_pop_ag_t_ma_g,7,02-اجتماعی,01-جمعیت,01-جمعیت,01-کشور,02-گروه‌های سنی,01-شهری و روستایی,02-مرد,02-تقویم میلادی,,,,جمعیت - مرد (به تفکیک گروه‌های سنی),میلادی,کشور,مرکز آمار ایران,نفر,سالانه,TRUE,bar,time,num,subscriber
sc_pop_ag_t_fe,7,02-اجتماعی,01-جمعیت,01-جمعیت,01-کشور,02-گروه‌های سنی,01-شهری و روستایی,03-زن,01-تقویم خورشیدی,,,,جمعیت - زن (به تفکیک گروه‌های سنی),خورشیدی,کشور,مرکز آمار ایران,نفر,سالانه,TRUE,bar,time,num,subscriber
sc_pop_ag_t_fe_g,7,02-اجتماعی,01-جمعیت,01-جمعیت,01-کشور,02-گروه‌های سنی,01-شهری و روستایی,03-زن,02-تقویم میلادی,,,,جمعیت - زن (به تفکیک گروه‌های سنی),میلادی,کشور,مرکز آمار ایران,نفر,سالانه,TRUE,bar,time,num,subscriber
sc_pop_ag_u_t,7,02-اجتماعی,01-جمعیت,01-جمعیت,01-کشور,02-گروه‌های سنی,02-شهری,01-مرد و زن,01-تقویم خورشیدی,,,,جمعیت شهری - مرد و زن (به تفکیک گروه‌های سنی),خورشیدی,کشور,مرکز آمار ایران,نفر,سالانه,TRUE,bar,time,num,subscriber
sc_pop_ag_u_t_g,7,02-اجتماعی,01-جمعیت,01-جمعیت,01-کشور,02-گروه‌های سنی,02-شهری,01-مرد و زن,02-تقویم میلادی,,,,جمعیت شهری - مرد و زن (به تفکیک گروه‌های سنی),میلادی,کشور,مرکز آمار ایران,نفر,سالانه,TRUE,bar,time,num,subscriber
sc_pop_ag_u_ma,7,02-اجتماعی,01-جمعیت,01-جمعیت,01-کشور,02-گروه‌های سنی,02-شهری,02-مرد,01-تقویم خورشیدی,,,,جمعیت شهری - مرد (به تفکیک گروه‌های سنی),خورشیدی,کشور,مرکز آمار ایران,نفر,سالانه,TRUE,bar,time,num,subscriber
sc_pop_ag_u_ma_g,7,02-اجتماعی,01-جمعیت,01-جمعیت,01-کشور,02-گروه‌های سنی,02-شهری,02-مرد,02-تقویم میلادی,,,,جمعیت شهری - مرد (به تفکیک گروه‌های سنی),میلادی,کشور,مرکز آمار ایران,نفر,سالانه,TRUE,bar,time,num,subscriber
sc_pop_ag_u_fe,7,02-اجتماعی,01-جمعیت,01-جمعیت,01-کشور,02-گروه‌های سنی,02-شهری,03-زن,01-تقویم خورشیدی,,,,جمعیت شهری - زن (به تفکیک گروه‌های سنی),خورشیدی,کشور,مرکز آمار ایران,نفر,سالانه,TRUE,bar,time,num,subscriber
sc_pop_ag_u_fe_g,7,02-اجتماعی,01-جمعیت,01-جمعیت,01-کشور,02-گروه‌های سنی,02-شهری,03-زن,02-تقویم میلادی,,,,جمعیت شهری - زن (به تفکیک گروه‌های سنی),میلادی,کشور,مرکز آمار ایران,نفر,سالانه,TRUE,bar,time,num,subscriber
sc_pop_ag_r_t,7,02-اجتماعی,01-جمعیت,01-جمعیت,01-کشور,02-گروه‌های سنی,03-روستایی,01-مرد و زن,01-تقویم خورشیدی,,,,جمعیت روستایی - مرد و زن (به تفکیک گروه‌های سنی),خورشیدی,کشور,مرکز آمار ایران,نفر,سالانه,TRUE,bar,time,num,subscriber
sc_pop_ag_r_t_g,7,02-اجتماعی,01-جمعیت,01-جمعیت,01-کشور,02-گروه‌های سنی,03-روستایی,01-مرد و زن,02-تقویم میلادی,,,,جمعیت روستایی - مرد و زن (به تفکیک گروه‌های سنی),میلادی,کشور,مرکز آمار ایران,نفر,سالانه,TRUE,bar,time,num,subscriber
sc_pop_ag_r_ma,7,02-اجتماعی,01-جمعیت,01-جمعیت,01-کشور,02-گروه‌های سنی,03-روستایی,02-مرد,01-تقویم خورشیدی,,,,جمعیت روستایی - مرد (به تفکیک گروه‌های سنی),خورشیدی,کشور,مرکز آمار ایران,نفر,سالانه,TRUE,bar,time,num,subscriber
sc_pop_ag_r_ma_g,7,02-اجتماعی,01-جمعیت,01-جمعیت,01-کشور,02-گروه‌های سنی,03-روستایی,02-مرد,02-تقویم میلادی,,,,جمعیت روستایی - مرد (به تفکیک گروه‌های سنی),میلادی,کشور,مرکز آمار ایران,نفر,سالانه,TRUE,bar,time,num,subscriber
sc_pop_ag_r_fe,7,02-اجتماعی,01-جمعیت,01-جمعیت,01-کشور,02-گروه‌های سنی,03-روستایی,03-زن,01-تقویم خورشیدی,,,,جمعیت روستایی - زن (به تفکیک گروه‌های سنی),خورشیدی,کشور,مرکز آمار ایران,نفر,سالانه,TRUE,bar,time,num,subscriber
sc_pop_ag_r_fe_g,7,02-اجتماعی,01-جمعیت,01-جمعیت,01-کشور,02-گروه‌های سنی,03-روستایی,03-زن,02-تقویم میلادی,,,,جمعیت روستایی - زن (به تفکیک گروه‌های سنی),میلادی,کشور,مرکز آمار ایران,نفر,سالانه,TRUE,bar,time,num,subscriber
sc_pop_t_t_p,7,02-اجتماعی,01-جمعیت,01-جمعیت,02-استان,01-شهری و روستایی,01-مرد و زن,01-تقویم خورشیدی,,,,,کل جمعیت - مرد و زن (به تفکیک استان),خورشیدی,استان,مرکز آمار ایران,نفر,سالانه,TRUE,bar,time,num,subscriber
sc_pop_t_t_p_g,7,02-اجتماعی,01-جمعیت,01-جمعیت,02-استان,01-شهری و روستایی,01-مرد و زن,02-تقویم میلادی,,,,,کل جمعیت - مرد و زن (به تفکیک استان),میلادی,استان,مرکز آمار ایران,نفر,سالانه,TRUE,bar,time,num,subscriber
sc_pop_t_ma_p,7,02-اجتماعی,01-جمعیت,01-جمعیت,02-استان,01-شهری و روستایی,02-مرد,01-تقویم خورشیدی,,,,,کل جمعیت - مرد (به تفکیک استان),خورشیدی,استان,مرکز آمار ایران,نفر,سالانه,TRUE,bar,time,num,subscriber
sc_pop_t_ma_p_g,7,02-اجتماعی,01-جمعیت,01-جمعیت,02-استان,01-شهری و روستایی,02-مرد,02-تقویم میلادی,,,,,کل جمعیت - مرد (به تفکیک استان),میلادی,استان,مرکز آمار ایران,نفر,سالانه,TRUE,bar,time,num,subscriber
sc_pop_t_fe_p,7,02-اجتماعی,01-جمعیت,01-جمعیت,02-استان,01-شهری و روستایی,03-زن,01-تقویم خورشیدی,,,,,کل جمعیت - زنان (به تفکیک استان),خورشیدی,استان,مرکز آمار ایران,نفر,سالانه,TRUE,bar,time,num,subscriber
sc_pop_t_fe_p_g,7,02-اجتماعی,01-جمعیت,01-جمعیت,02-استان,01-شهری و روستایی,03-زن,02-تقویم میلادی,,,,,کل جمعیت - زنان (به تفکیک استان),میلادی,استان,مرکز آمار ایران,نفر,سالانه,TRUE,bar,time,num,subscriber
sc_pop_u_t_p,7,02-اجتماعی,01-جمعیت,01-جمعیت,02-استان,02-شهری,01-مرد و زن,01-تقویم خورشیدی,,,,,جمعیت شهری - مرد و زن (به تفکیک استان),خورشیدی,استان,مرکز آمار ایران,نفر,سالانه,TRUE,bar,time,num,subscriber
sc_pop_u_t_p_g,7,02-اجتماعی,01-جمعیت,01-جمعیت,02-استان,02-شهری,01-مرد و زن,02-تقویم میلادی,,,,,جمعیت شهری - مرد و زن (به تفکیک استان),میلادی,استان,مرکز آمار ایران,نفر,سالانه,TRUE,bar,time,num,subscriber
sc_pop_u_ma_p,7,02-اجتماعی,01-جمعیت,01-جمعیت,02-استان,02-شهری,02-مرد,01-تقویم خورشیدی,,,,,جمعیت شهری - مرد (به تفکیک استان),خورشیدی,استان,مرکز آمار ایران,نفر,سالانه,TRUE,bar,time,num,subscriber
sc_pop_u_ma_p_g,7,02-اجتماعی,01-جمعیت,01-جمعیت,02-استان,02-شهری,02-مرد,02-تقویم میلادی,,,,,جمعیت شهری - مرد (به تفکیک استان),میلادی,استان,مرکز آمار ایران,نفر,سالانه,TRUE,bar,time,num,subscriber
sc_pop_u_fe_p,7,02-اجتماعی,01-جمعیت,01-جمعیت,02-استان,02-شهری,03-زن,01-تقویم خورشیدی,,,,,جمعیت شهری - زن (به تفکیک استان),خورشیدی,استان,مرکز آمار ایران,نفر,سالانه,TRUE,bar,time,num,subscriber
sc_pop_u_fe_p_g,7,02-اجتماعی,01-جمعیت,01-جمعیت,02-استان,02-شهری,03-زن,02-تقویم میلادی,,,,,جمعیت شهری - زن (به تفکیک استان),میلادی,استان,مرکز آمار ایران,نفر,سالانه,TRUE,bar,time,num,subscriber
sc_pop_r_t_p,7,02-اجتماعی,01-جمعیت,01-جمعیت,02-استان,03-روستایی,01-مرد و زن,01-تقویم خورشیدی,,,,,جمعیت روستایی - مرد و زن (به تفکیک استان),خورشیدی,استان,مرکز آمار ایران,نفر,سالانه,TRUE,bar,time,num,subscriber
sc_pop_r_t_p_g,7,02-اجتماعی,01-جمعیت,01-جمعیت,02-استان,03-روستایی,01-مرد و زن,02-تقویم میلادی,,,,,جمعیت روستایی - مرد و زن (به تفکیک استان),میلادی,استان,مرکز آمار ایران,نفر,سالانه,TRUE,bar,time,num,subscriber
sc_pop_r_ma_p,7,02-اجتماعی,01-جمعیت,01-جمعیت,02-استان,03-روستایی,02-مرد,01-تقویم خورشیدی,,,,,جمعیت روستایی - مرد (به تفکیک استان),خورشیدی,استان,مرکز آمار ایران,نفر,سالانه,TRUE,bar,time,num,subscriber
sc_pop_r_ma_p_g,7,02-اجتماعی,01-جمعیت,01-جمعیت,02-استان,03-روستایی,02-مرد,02-تقویم میلادی,,,,,جمعیت روستایی - مرد (به تفکیک استان),میلادی,استان,مرکز آمار ایران,نفر,سالانه,TRUE,bar,time,num,subscriber
sc_pop_r_fe_p,7,02-اجتماعی,01-جمعیت,01-جمعیت,02-استان,03-روستایی,03-زن,01-تقویم خورشیدی,,,,,جمعیت روستایی - زن (به تفکیک استان),خورشیدی,استان,مرکز آمار ایران,نفر,سالانه,TRUE,bar,time,num,subscriber
sc_pop_r_fe_p_g,7,02-اجتماعی,01-جمعیت,01-جمعیت,02-استان,03-روستایی,03-زن,02-تقویم میلادی,,,,,جمعیت روستایی - زن (به تفکیک استان),میلادی,استان,مرکز آمار ایران,نفر,سالانه,TRUE,bar,time,num,subscriber
sc_pop_ho_t,6,02-اجتماعی,01-جمعیت,02-خانوار,01-کشور,01-شهری و روستایی,01-تقویم خورشیدی,,,,,,تعداد خانوار در کل کشور,خورشیدی,کشور,مرکز آمار ایران,نفر,سالانه,FALSE,line,time,num,subscriber
sc_pop_ho_t_g,6,02-اجتماعی,01-جمعیت,02-خانوار,01-کشور,01-شهری و روستایی,02-تقویم میلادی,,,,,,تعداد خانوار در کل کشور,میلادی,کشور,مرکز آمار ایران,نفر,سالانه,FALSE,line,time,num,subscriber
sc_pop_ho_u,6,02-اجتماعی,01-جمعیت,02-خانوار,01-کشور,02-شهری,01-تقویم خورشیدی,,,,,,تعداد خانوار در مناطق شهری,خورشیدی,کشور,مرکز آمار ایران,نفر,سالانه,FALSE,line,time,num,subscriber
sc_pop_ho_u_g,6,02-اجتماعی,01-جمعیت,02-خانوار,01-کشور,02-شهری,02-تقویم میلادی,,,,,,تعداد خانوار در مناطق شهری,میلادی,کشور,مرکز آمار ایران,نفر,سالانه,FALSE,line,time,num,subscriber
sc_pop_ho_r,6,02-اجتماعی,01-جمعیت,02-خانوار,01-کشور,03-روستایی,01-تقویم خورشیدی,,,,,,تعداد خانوار در مناطق روستایی,خورشیدی,کشور,مرکز آمار ایران,نفر,سالانه,FALSE,line,time,num,subscriber
sc_pop_ho_r_g,6,02-اجتماعی,01-جمعیت,02-خانوار,01-کشور,03-روستایی,02-تقویم میلادی,,,,,,تعداد خانوار در مناطق روستایی,میلادی,کشور,مرکز آمار ایران,نفر,سالانه,FALSE,line,time,num,subscriber
sc_pop_ho_t_p,6,02-اجتماعی,01-جمعیت,02-خانوار,02-استان,01-شهری و روستایی,01-تقویم خورشیدی,,,,,,تعداد خانوار کل کشور (به تفکیک استان),خورشیدی,استان,مرکز آمار ایران,نفر,سالانه,TRUE,bar,time,num,subscriber
sc_pop_ho_t_p_g,6,02-اجتماعی,01-جمعیت,02-خانوار,02-استان,01-شهری و روستایی,02-تقویم میلادی,,,,,,تعداد خانوار کل کشور (به تفکیک استان),میلادی,استان,مرکز آمار ایران,نفر,سالانه,TRUE,bar,time,num,subscriber
sc_pop_ho_u_p,6,02-اجتماعی,01-جمعیت,02-خانوار,02-استان,02-شهری,01-تقویم خورشیدی,,,,,,تعداد خانوار در مناطق شهری (به تفکیک استان),خورشیدی,استان,مرکز آمار ایران,نفر,سالانه,TRUE,bar,time,num,subscriber
sc_pop_ho_u_p_g,6,02-اجتماعی,01-جمعیت,02-خانوار,02-استان,02-شهری,02-تقویم میلادی,,,,,,تعداد خانوار در مناطق شهری (به تفکیک استان),میلادی,استان,مرکز آمار ایران,نفر,سالانه,TRUE,bar,time,num,subscriber
sc_pop_ho_r_p,6,02-اجتماعی,01-جمعیت,02-خانوار,02-استان,03-روستایی,01-تقویم خورشیدی,,,,,,تعداد خانوار در مناطق روستایی (به تفکیک استان),خورشیدی,استان,مرکز آمار ایران,نفر,سالانه,TRUE,bar,time,num,subscriber
sc_pop_ho_r_p_g,6,02-اجتماعی,01-جمعیت,02-خانوار,02-استان,03-روستایی,02-تقویم میلادی,,,,,,تعداد خانوار در مناطق روستایی (به تفکیک استان),میلادی,استان,مرکز آمار ایران,نفر,سالانه,TRUE,bar,time,num,subscriber
sc_vit_br_c,5,02-اجتماعی,02-رویدادهای حیاتی,01-زادوولد,01-کشور,01-تقویم خورشیدی,,,,,,,زادوولد,خورشیدی,کشور,ثبت احوال,تعداد,سالانه,FALSE,line,time,num,subscriber
sc_vit_br_c_g,5,02-اجتماعی,02-رویدادهای حیاتی,01-زادوولد,01-کشور,02-تقویم میلادی,,,,,,,زادوولد,میلادی,کشور,ثبت احوال,تعداد,سالانه,FALSE,line,time,num,subscriber
sc_vit_br_p,6,02-اجتماعی,02-رویدادهای حیاتی,01-زادوولد,02-استان,01-سالانه,01-تقویم خورشیدی,,,,,,زادوولد به تفکیک استان (سالانه),خورشیدی,استان,ثبت احوال,تعداد,سالانه,TRUE,bar,time,num,subscriber
sc_vit_br_p_g,6,02-اجتماعی,02-رویدادهای حیاتی,01-زادوولد,02-استان,01-سالانه,02-تقویم میلادی,,,,,,زادوولد به تفکیک استان (سالانه),میلادی,استان,ثبت احوال,تعداد,سالانه,TRUE,bar,time,num,subscriber
sc_vit_de_c,5,02-اجتماعی,02-رویدادهای حیاتی,02-مرگ‌‌ومیر,01-کشور,01-تقویم خورشیدی,,,,,,,مرگ‌‌ومیر,خورشیدی,کشور,ثبت احوال,تعداد,سالانه,FALSE,line,time,num,subscriber
sc_vit_de_c_g,5,02-اجتماعی,02-رویدادهای حیاتی,02-مرگ‌‌ومیر,01-کشور,02-تقویم میلادی,,,,,,,مرگ‌‌ومیر,میلادی,کشور,ثبت احوال,تعداد,سالانه,FALSE,line,time,num,subscriber
sc_vit_de_p,6,02-اجتماعی,02-رویدادهای حیاتی,02-مرگ‌‌ومیر,02-استان,01-سالانه,01-تقویم خورشیدی,,,,,,مرگ‌ومیر به تفکیک استان (سالانه),خورشیدی,استان,ثبت احوال,تعداد,سالانه,TRUE,bar,time,num,subscriber
sc_vit_de_p_g,6,02-اجتماعی,02-رویدادهای حیاتی,02-مرگ‌‌ومیر,02-استان,01-سالانه,02-تقویم میلادی,,,,,,مرگ‌ومیر به تفکیک استان (سالانه),میلادی,استان,ثبت احوال,تعداد,سالانه,TRUE,bar,time,num,subscriber
sc_vit_mr_c,5,02-اجتماعی,02-رویدادهای حیاتی,03-ازدواج,01-کشور,01-تقویم خورشیدی,,,,,,,ازدواج,خورشیدی,کشور,ثبت احوال,تعداد,سالانه,FALSE,line,time,num,subscriber
sc_vit_mr_c_g,5,02-اجتماعی,02-رویدادهای حیاتی,03-ازدواج,01-کشور,02-تقویم میلادی,,,,,,,ازدواج,میلادی,کشور,ثبت احوال,تعداد,سالانه,FALSE,line,time,num,subscriber
sc_vit_mr_p,6,02-اجتماعی,02-رویدادهای حیاتی,03-ازدواج,02-استان,01-سالانه,01-تقویم خورشیدی,,,,,,ازدواج به تفکیک استان (سالانه),خورشیدی,استان,ثبت احوال,تعداد,سالانه,TRUE,bar,time,num,subscriber
sc_vit_mr_p_g,6,02-اجتماعی,02-رویدادهای حیاتی,03-ازدواج,02-استان,01-سالانه,02-تقویم میلادی,,,,,,ازدواج به تفکیک استان (سالانه),میلادی,استان,ثبت احوال,تعداد,سالانه,TRUE,bar,time,num,subscriber
sc_vit_dv_c,5,02-اجتماعی,02-رویدادهای حیاتی,04-طلاق,01-کشور,01-تقویم خورشیدی,,,,,,,طلاق,خورشیدی,کشور,ثبت احوال,تعداد,سالانه,FALSE,line,time,num,subscriber
sc_vit_dv_c_g,5,02-اجتماعی,02-رویدادهای حیاتی,04-طلاق,01-کشور,02-تقویم میلادی,,,,,,,طلاق,میلادی,کشور,ثبت احوال,تعداد,سالانه,FALSE,line,time,num,subscriber
sc_vit_dv_p,6,02-اجتماعی,02-رویدادهای حیاتی,04-طلاق,02-استان,01-سالانه,01-تقویم خورشیدی,,,,,,طلاق به تفکیک استان (سالانه),خورشیدی,استان,ثبت احوال,تعداد,سالانه,TRUE,bar,time,num,subscriber
sc_vit_dv_p_g,6,02-اجتماعی,02-رویدادهای حیاتی,04-طلاق,02-استان,01-سالانه,02-تقویم میلادی,,,,,,طلاق به تفکیک استان (سالانه),میلادی,استان,ثبت احوال,تعداد,سالانه,TRUE,bar,time,num,subscriber
sc_hr_rub_pr,6,02-اجتماعی,03-آسیب‌های اجتماعی,01-سرقت,01-کشور,01-سرقت اماکن خصوصی,01-تقویم خورشیدی,,,,,,سرقت اماکن خصوصی,خورشیدی,کشور,مرکز آمار ایران,تعداد,سالانه,FALSE,line,time,num,subscriber
sc_hr_rub_pr_g,6,02-اجتماعی,03-آسیب‌های اجتماعی,01-سرقت,01-کشور,01-سرقت اماکن خصوصی,02-تقویم میلادی,,,,,,سرقت اماکن خصوصی,میلادی,کشور,مرکز آمار ایران,تعداد,سالانه,FALSE,line,time,num,subscriber
sc_hr_rub_pub,6,02-اجتماعی,03-آسیب‌های اجتماعی,01-سرقت,01-کشور,02-سرقت اماکن دولتی,01-تقویم خورشیدی,,,,,,سرقت اماکن دولتی,خورشیدی,کشور,مرکز آمار ایران,تعداد,سالانه,FALSE,line,time,num,subscriber
sc_hr_rub_pub_g,6,02-اجتماعی,03-آسیب‌های اجتماعی,01-سرقت,01-کشور,02-سرقت اماکن دولتی,02-تقویم میلادی,,,,,,سرقت اماکن دولتی,میلادی,کشور,مرکز آمار ایران,تعداد,سالانه,FALSE,line,time,num,subscriber
sc_hr_rub_ho,6,02-اجتماعی,03-آسیب‌های اجتماعی,01-سرقت,01-کشور,03-سرقت منزل,01-تقویم خورشیدی,,,,,,سرقت منزل,خورشیدی,کشور,مرکز آمار ایران,تعداد,سالانه,FALSE,line,time,num,subscriber
sc_hr_rub_ho_g,6,02-اجتماعی,03-آسیب‌های اجتماعی,01-سرقت,01-کشور,03-سرقت منزل,02-تقویم میلادی,,,,,,سرقت منزل,میلادی,کشور,مرکز آمار ایران,تعداد,سالانه,FALSE,line,time,num,subscriber
sc_hr_rub_st,6,02-اجتماعی,03-آسیب‌های اجتماعی,01-سرقت,01-کشور,04-سرقت مغازه,01-تقویم خورشیدی,,,,,,سرقت مغازه,خورشیدی,کشور,مرکز آمار ایران,تعداد,سالانه,FALSE,line,time,num,subscriber
sc_hr_rub_st_g,6,02-اجتماعی,03-آسیب‌های اجتماعی,01-سرقت,01-کشور,04-سرقت مغازه,02-تقویم میلادی,,,,,,سرقت مغازه,میلادی,کشور,مرکز آمار ایران,تعداد,سالانه,FALSE,line,time,num,subscriber
sc_hr_rub_vh,6,02-اجتماعی,03-آسیب‌های اجتماعی,01-سرقت,01-کشور,05-سرقت اتومبیل,01-تقویم خورشیدی,,,,,,سرقت اتومبیل,خورشیدی,کشور,مرکز آمار ایران,تعداد,سالانه,FALSE,line,time,num,subscriber
sc_hr_rub_vh_g,6,02-اجتماعی,03-آسیب‌های اجتماعی,01-سرقت,01-کشور,05-سرقت اتومبیل,02-تقویم میلادی,,,,,,سرقت اتومبیل,میلادی,کشور,مرکز آمار ایران,تعداد,سالانه,FALSE,line,time,num,subscriber
sc_hr_rub_mt,6,02-اجتماعی,03-آسیب‌های اجتماعی,01-سرقت,01-کشور,06-سرقت موتورسیکلت,01-تقویم خورشیدی,,,,,,سرقت موتورسیکلت,خورشیدی,کشور,مرکز آمار ایران,تعداد,سالانه,FALSE,line,time,num,subscriber
sc_hr_rub_mt_g,6,02-اجتماعی,03-آسیب‌های اجتماعی,01-سرقت,01-کشور,06-سرقت موتورسیکلت,02-تقویم میلادی,,,,,,سرقت موتورسیکلت,میلادی,کشور,مرکز آمار ایران,تعداد,سالانه,FALSE,line,time,num,subscriber
sc_hr_rub_it,1,02-اجتماعی,03-آسیب‌های اجتماعی,01-سرقت,01-کشور,07-سرقت لوازم خودرو,01-تقویم خورشیدی,,,,,,سرقت لوازم خودرو و وسایل داخل آن,خورشیدی,کشور,مرکز آمار ایران,تعداد,سالانه,FALSE,line,time,num,subscriber
sc_hr_rub_it_g,4,02-اجتماعی,03-آسیب‌های اجتماعی,01-سرقت,01-کشور,07-سرقت لوازم خودرو,02-تقویم میلادی,,,,,,سرقت لوازم خودرو و وسایل داخل آن,میلادی,کشور,مرکز آمار ایران,تعداد,سالانه,FALSE,line,time,num,subscriber
sc_hr_rub_ct,6,02-اجتماعی,03-آسیب‌های اجتماعی,01-سرقت,01-کشور,08-سرقت احشام,01-تقویم خورشیدی,,,,,,سرقت احشام,خورشیدی,کشور,مرکز آمار ایران,تعداد,سالانه,FALSE,line,time,num,subscriber
sc_hr_rub_ct_g,6,02-اجتماعی,03-آسیب‌های اجتماعی,01-سرقت,01-کشور,08-سرقت احشام,02-تقویم میلادی,,,,,,سرقت احشام,میلادی,کشور,مرکز آمار ایران,تعداد,سالانه,FALSE,line,time,num,subscriber
sc_hr_rub_ar,6,02-اجتماعی,03-آسیب‌های اجتماعی,01-سرقت,01-کشور,09-دستگیرشدگان,01-تقویم خورشیدی,,,,,,دستگیرشدگان انواع سرقت,خورشیدی,کشور,مرکز آمار ایران,نفر,سالانه,FALSE,line,time,num,subscriber
sc_hr_rub_ar_g,6,02-اجتماعی,03-آسیب‌های اجتماعی,01-سرقت,01-کشور,09-دستگیرشدگان,02-تقویم میلادی,,,,,,دستگیرشدگان انواع سرقت,میلادی,کشور,مرکز آمار ایران,نفر,سالانه,FALSE,line,time,num,subscriber
sc_hr_rub_pr_p,6,02-اجتماعی,03-آسیب‌های اجتماعی,01-سرقت,02-استان,01-سرقت اماکن خصوصی,01-تقویم خورشیدی,,,,,,سرقت اماکن خصوصی به تفکیک استان,خورشیدی,استان,مرکز آمار ایران,تعداد,سالانه,TRUE,bar,time,num,subscriber
sc_hr_rub_pr_p_g,6,02-اجتماعی,03-آسیب‌های اجتماعی,01-سرقت,02-استان,01-سرقت اماکن خصوصی,02-تقویم میلادی,,,,,,سرقت اماکن خصوصی به تفکیک استان,میلادی,استان,مرکز آمار ایران,تعداد,سالانه,TRUE,bar,time,num,subscriber
sc_hr_rub_pub_p,6,02-اجتماعی,03-آسیب‌های اجتماعی,01-سرقت,02-استان,02-سرقت اماکن دولتی,01-تقویم خورشیدی,,,,,,سرقت اماکن دولتی به تفکیک استان,خورشیدی,استان,مرکز آمار ایران,تعداد,سالانه,TRUE,bar,time,num,subscriber
sc_hr_rub_pub_p_g,6,02-اجتماعی,03-آسیب‌های اجتماعی,01-سرقت,02-استان,02-سرقت اماکن دولتی,02-تقویم میلادی,,,,,,سرقت اماکن دولتی به تفکیک استان,میلادی,استان,مرکز آمار ایران,تعداد,سالانه,TRUE,bar,time,num,subscriber
sc_hr_rub_ho_p,6,02-اجتماعی,03-آسیب‌های اجتماعی,01-سرقت,02-استان,03-سرقت منزل,01-تقویم خورشیدی,,,,,,سرقت منزل به تفکیک استان,خورشیدی,استان,مرکز آمار ایران,تعداد,سالانه,TRUE,bar,time,num,subscriber
sc_hr_rub_ho_p_g,6,02-اجتماعی,03-آسیب‌های اجتماعی,01-سرقت,02-استان,03-سرقت منزل,02-تقویم میلادی,,,,,,سرقت منزل به تفکیک استان,میلادی,استان,مرکز آمار ایران,تعداد,سالانه,TRUE,bar,time,num,subscriber
sc_hr_rub_st_p,6,02-اجتماعی,03-آسیب‌های اجتماعی,01-سرقت,02-استان,04-سرقت مغازه,01-تقویم خورشیدی,,,,,,سرقت مغازه به تفکیک استان,خورشیدی,استان,مرکز آمار ایران,تعداد,سالانه,TRUE,bar,time,num,subscriber
sc_hr_rub_st_p_g,6,02-اجتماعی,03-آسیب‌های اجتماعی,01-سرقت,02-استان,04-سرقت مغازه,02-تقویم میلادی,,,,,,سرقت مغازه به تفکیک استان,میلادی,استان,مرکز آمار ایران,تعداد,سالانه,TRUE,bar,time,num,subscriber
sc_hr_rub_vh_p,6,02-اجتماعی,03-آسیب‌های اجتماعی,01-سرقت,02-استان,05-سرقت اتومبیل,01-تقویم خورشیدی,,,,,,سرقت اتومبیل به تفکیک استان,خورشیدی,استان,مرکز آمار ایران,تعداد,سالانه,TRUE,bar,time,num,subscriber
sc_hr_rub_vh_p_g,6,02-اجتماعی,03-آسیب‌های اجتماعی,01-سرقت,02-استان,05-سرقت اتومبیل,02-تقویم میلادی,,,,,,سرقت اتومبیل به تفکیک استان,میلادی,استان,مرکز آمار ایران,تعداد,سالانه,TRUE,bar,time,num,subscriber
sc_hr_rub_mt_p,6,02-اجتماعی,03-آسیب‌های اجتماعی,01-سرقت,02-استان,06-سرقت موتورسیکلت,01-تقویم خورشیدی,,,,,,سرقت موتورسیکلت به تفکیک استان,خورشیدی,استان,مرکز آمار ایران,تعداد,سالانه,TRUE,bar,time,num,subscriber
sc_hr_rub_mt_p_g,6,02-اجتماعی,03-آسیب‌های اجتماعی,01-سرقت,02-استان,06-سرقت موتورسیکلت,02-تقویم میلادی,,,,,,سرقت موتورسیکلت به تفکیک استان,میلادی,استان,مرکز آمار ایران,تعداد,سالانه,TRUE,bar,time,num,subscriber
sc_hr_rub_it_p,6,02-اجتماعی,03-آسیب‌های اجتماعی,01-سرقت,02-استان,07-سرقت لوازم خودرو,01-تقویم خورشیدی,,,,,,سرقت لوازم خودرو و وسایل داخل آن به تفکیک استان,خورشیدی,استان,مرکز آمار ایران,تعداد,سالانه,TRUE,bar,time,num,subscriber
sc_hr_rub_it_p_g,6,02-اجتماعی,03-آسیب‌های اجتماعی,01-سرقت,02-استان,07-سرقت لوازم خودرو,02-تقویم میلادی,,,,,,سرقت لوازم خودرو و وسایل داخل آن به تفکیک استان,میلادی,استان,مرکز آمار ایران,تعداد,سالانه,TRUE,bar,time,num,subscriber
sc_hr_rub_ct_p,6,02-اجتماعی,03-آسیب‌های اجتماعی,01-سرقت,02-استان,08-سرقت احشام,01-تقویم خورشیدی,,,,,,سرقت احشام به تفکیک استان,خورشیدی,استان,مرکز آمار ایران,تعداد,سالانه,TRUE,bar,time,num,subscriber
sc_hr_rub_ct_p_g,6,02-اجتماعی,03-آسیب‌های اجتماعی,01-سرقت,02-استان,08-سرقت احشام,02-تقویم میلادی,,,,,,سرقت احشام به تفکیک استان,میلادی,استان,مرکز آمار ایران,تعداد,سالانه,TRUE,bar,time,num,subscriber
sc_hr_rub_ar_p,6,02-اجتماعی,03-آسیب‌های اجتماعی,01-سرقت,02-استان,09-دستگیرشدگان,01-تقویم خورشیدی,,,,,,دستگیرشدگان انواع سرقت به تفکیک استان,خورشیدی,استان,مرکز آمار ایران,نفر,سالانه,TRUE,bar,time,num,subscriber
sc_hr_rub_ar_p_g,6,02-اجتماعی,03-آسیب‌های اجتماعی,01-سرقت,02-استان,09-دستگیرشدگان,02-تقویم میلادی,,,,,,دستگیرشدگان انواع سرقت به تفکیک استان,میلادی,استان,مرکز آمار ایران,نفر,سالانه,TRUE,bar,time,num,subscriber
sc_hr_sd_h,6,02-اجتماعی,03-آسیب‌های اجتماعی,02-مرگ‌های مشکوک,01-قتل,01-کشور,01-تقویم خورشیدی,,,,,,قتل,خورشیدی,کشور,مرکز آمار ایران,تعداد,سالانه,FALSE,line,time,num,subscriber
sc_hr_sd_h_g,6,02-اجتماعی,03-آسیب‌های اجتماعی,02-مرگ‌های مشکوک,01-قتل,01-کشور,02-تقویم میلادی,,,,,,قتل,میلادی,کشور,مرکز آمار ایران,تعداد,سالانه,FALSE,line,time,num,subscriber
sc_hr_sd_h_p,6,02-اجتماعی,03-آسیب‌های اجتماعی,02-مرگ‌های مشکوک,01-قتل,02-استان,01-تقویم خورشیدی,,,,,,قتل به تفکیک استان,خورشیدی,استان,مرکز آمار ایران,نفر,سالانه,TRUE,bar,time,num,subscriber
sc_hr_sd_h_p_g,6,02-اجتماعی,03-آسیب‌های اجتماعی,02-مرگ‌های مشکوک,01-قتل,02-استان,02-تقویم میلادی,,,,,,قتل به تفکیک استان,میلادی,استان,مرکز آمار ایران,نفر,سالانه,TRUE,bar,time,num,subscriber
sc_hr_sd_s,6,02-اجتماعی,03-آسیب‌های اجتماعی,02-مرگ‌های مشکوک,02-خودکشی,01-کشور,01-تقویم خورشیدی,,,,,,خودکشی,خورشیدی,کشور,مرکز آمار ایران,تعداد,سالانه,FALSE,line,time,num,subscriber
sc_hr_sd_s_g,6,02-اجتماعی,03-آسیب‌های اجتماعی,02-مرگ‌های مشکوک,02-خودکشی,01-کشور,02-تقویم میلادی,,,,,,خودکشی,میلادی,کشور,مرکز آمار ایران,تعداد,سالانه,FALSE,line,time,num,subscriber
sc_hr_sd_s_p,6,02-اجتماعی,03-آسیب‌های اجتماعی,02-مرگ‌های مشکوک,02-خودکشی,02-استان,01-تقویم خورشیدی,,,,,,خودکشی به تفکیک استان,خورشیدی,استان,مرکز آمار ایران,نفر,سالانه,TRUE,bar,time,num,subscriber
sc_hr_sd_s_p_g,6,02-اجتماعی,03-آسیب‌های اجتماعی,02-مرگ‌های مشکوک,02-خودکشی,02-استان,02-تقویم میلادی,,,,,,خودکشی به تفکیک استان,میلادی,استان,مرکز آمار ایران,نفر,سالانه,TRUE,bar,time,num,subscriber
sc_hr_sd_ot,6,02-اجتماعی,03-آسیب‌های اجتماعی,02-مرگ‌های مشکوک,03-سایر موارد,01-کشور,01-تقویم خورشیدی,,,,,,سایر موارد مرگ‌های مشکوک,خورشیدی,کشور,مرکز آمار ایران,تعداد,سالانه,FALSE,line,time,num,subscriber
sc_hr_sd_ot_g,6,02-اجتماعی,03-آسیب‌های اجتماعی,02-مرگ‌های مشکوک,03-سایر موارد,01-کشور,02-تقویم میلادی,,,,,,سایر موارد مرگ‌های مشکوک,میلادی,کشور,مرکز آمار ایران,تعداد,سالانه,FALSE,line,time,num,subscriber
sc_hr_sd_ot_p,6,02-اجتماعی,03-آسیب‌های اجتماعی,02-مرگ‌های مشکوک,03-سایر موارد,02-استان,01-تقویم خورشیدی,,,,,,سایر موارد مرگ‌های مشکوک به تفکیک استان,خورشیدی,استان,مرکز آمار ایران,نفر,سالانه,TRUE,bar,time,num,subscriber
sc_hr_sd_ot_p_g,6,02-اجتماعی,03-آسیب‌های اجتماعی,02-مرگ‌های مشکوک,03-سایر موارد,02-استان,02-تقویم میلادی,,,,,,سایر موارد مرگ‌های مشکوک به تفکیک استان,میلادی,استان,مرکز آمار ایران,نفر,سالانه,TRUE,bar,time,num,subscriber
sc_hr_chm_13_p,5,02-اجتماعی,03-آسیب‌های اجتماعی,03-کودک‌همسری,01-زیر ۱۳ سال,01-تقویم خورشیدی,,,,,,,کودک‌همسری (تعداد ازدواج دختران زیر ۱۳ سال),خورشیدی,استان,ثبت احوال,نفر,سالانه,TRUE,bar,time,num,subscriber
sc_hr_chm_13_p_g,5,02-اجتماعی,03-آسیب‌های اجتماعی,03-کودک‌همسری,01-زیر ۱۳ سال,02-تقویم میلادی,,,,,,,کودک‌همسری (تعداد ازدواج دختران زیر ۱۳ سال),میلادی,استان,ثبت احوال,نفر,سالانه,TRUE,bar,time,num,subscriber
sc_hr_chm_15_p,5,02-اجتماعی,03-آسیب‌های اجتماعی,03-کودک‌همسری,02-زیر ۱۵ سال,01-تقویم خورشیدی,,,,,,,کودک‌همسری (تعداد ازدواج دختران زیر ۱۵ سال),خورشیدی,استان,ثبت احوال,نفر,سالانه,TRUE,bar,time,num,subscriber
sc_hr_chm_15_p_g,5,02-اجتماعی,03-آسیب‌های اجتماعی,03-کودک‌همسری,02-زیر ۱۵ سال,02-تقویم میلادی,,,,,,,کودک‌همسری (تعداد ازدواج دختران زیر ۱۵ سال),میلادی,استان,ثبت احوال,نفر,سالانه,TRUE,bar,time,num,subscriber
sc_hr_chm_18_p,5,02-اجتماعی,03-آسیب‌های اجتماعی,03-کودک‌همسری,03-زیر ۱۸ سال,01-تقویم خورشیدی,,,,,,,کودک‌همسری (تعداد ازدواج دختران زیر ۱۸ سال),خورشیدی,استان,ثبت احوال,نفر,سالانه,TRUE,bar,time,num,subscriber
sc_hr_chm_18_p_g,5,02-اجتماعی,03-آسیب‌های اجتماعی,03-کودک‌همسری,03-زیر ۱۸ سال,02-تقویم میلادی,,,,,,,کودک‌همسری (تعداد ازدواج دختران زیر ۱۸ سال),میلادی,استان,ثبت احوال,نفر,سالانه,TRUE,bar,time,num,subscriber
tr_ex_v_coun,6,07-تجارت گمرکی,02-آمار تفکیکی,01-به تفکیک کشور,02-صادرات,01-ارزش دلاری,02-تقویم خورشیدی,,,,,,ارزش صادرات به تفکیک کشور (میلیون دلار آمریکا),خورشیدی,جهان,گمرک ایران,میلیون دلار,سالانه,TRUE,bar,time,num,subscriber
tr_ex_w_coun,6,07-تجارت گمرکی,02-آمار تفکیکی,01-به تفکیک کشور,02-صادرات,02-وزن,02-تقویم خورشیدی,,,,,,وزن صادرات به تفکیک کشور (هزار تن),خورشیدی,جهان,گمرک ایران,هزار تن,سالانه,TRUE,bar,time,num,subscriber
tr_im_v_coun,6,07-تجارت گمرکی,02-آمار تفکیکی,01-به تفکیک کشور,03-واردات,01-ارزش دلاری,02-تقویم خورشیدی,,,,,,ارزش واردات به تفکیک کشور (میلیون دلار آمریکا),خورشیدی,جهان,گمرک ایران,میلیون دلار,سالانه,TRUE,bar,time,num,subscriber
tr_im_w_coun,6,07-تجارت گمرکی,02-آمار تفکیکی,01-به تفکیک کشور,03-واردات,02-وزن,02-تقویم خورشیدی,,,,,,وزن واردات به تفکیک کشور (هزار تن),خورشیدی,جهان,گمرک ایران,هزار تن,سالانه,TRUE,bar,time,num,subscriber
tr_tot_v_coun,5,07-تجارت گمرکی,02-آمار تفکیکی,01-به تفکیک کشور,01-ارزش کل تجارت خارجی,02-تقویم خورشیدی,,,,,,,ارزش تجارت خارجی (جمع صادرات و واردات) به تفکیک کشور (میلیون دلار),خورشیدی,جهان,گمرک ایران,میلیون دلار,سالانه,TRUE,bar,time,num,subscriber
tr_ex_v_cus,6,07-تجارت گمرکی,02-آمار تفکیکی,02-به تفکیک گمرک,02-صادرات,01-ارزش دلاری,02-تقویم خورشیدی,,,,,,ارزش صادرات به تفکیک گمرک (میلیون دلار),خورشیدی,کشور,گمرک ایران,میلیون دلار,سالانه,TRUE,bar,time,num,subscriber
tr_ex_w_cus,6,07-تجارت گمرکی,02-آمار تفکیکی,02-به تفکیک گمرک,02-صادرات,02-وزن,02-تقویم خورشیدی,,,,,,وزن صادرات به تفکیک گمرک (هزار تن),خورشیدی,کشور,گمرک ایران,هزار تن,سالانه,TRUE,bar,time,num,subscriber
tr_im_v_cus,6,07-تجارت گمرکی,02-آمار تفکیکی,02-به تفکیک گمرک,03-واردات,01-ارزش دلاری,02-تقویم خورشیدی,,,,,,ارزش واردات به تفکیک گمرک (میلیون دلار),خورشیدی,کشور,گمرک ایران,میلیون دلار,سالانه,TRUE,bar,time,num,subscriber
tr_im_w_cus,6,07-تجارت گمرکی,02-آمار تفکیکی,02-به تفکیک گمرک,03-واردات,02-وزن,02-تقویم خورشیدی,,,,,,وزن واردات به تفکیک گمرک (هزار تن),خورشیدی,کشور,گمرک ایران,هزار تن,سالانه,TRUE,bar,time,num,subscriber
tr_tot_v_cus,5,07-تجارت گمرکی,02-آمار تفکیکی,02-به تفکیک گمرک,01-ارزش کل تجارت خارجی,02-تقویم خورشیدی,,,,,,,ارزش تجارت خارجی (جمع صادرات و واردات) به تفکیک گمرک (میلیون دلار),خورشیدی,کشور,گمرک ایران,میلیون دلار,سالانه,TRUE,bar,time,num,subscriber
tr_ts_t_t_v,5,07-تجارت گمرکی,01-سری زمانی,01-همه کشورها,01-ارزش کل تجارت خارجی,02-تقویم خورشیدی,,,,,,,ارزش کل تجارت خارجی (میلیون دلار),خورشیدی,کشور,گمرک ایران,میلیون دلار,سالانه,FALSE,line,time,num,subscriber
tr_ts_t_ex_v,6,07-تجارت گمرکی,01-سری زمانی,01-همه کشورها,02-صادرات,01-ارزش دلاری,02-تقویم خورشیدی,,,,,,ارزش کل صادرات (میلیون دلار),خورشیدی,کشور,گمرک ایران,میلیون دلار,سالانه,FALSE,line,time,num,subscriber
tr_ts_t_ex_w,6,07-تجارت گمرکی,01-سری زمانی,01-همه کشورها,02-صادرات,02-وزن,02-تقویم خورشیدی,,,,,,وزن کل صادرات (هزار تن),خورشیدی,کشور,گمرک ایران,هزار تن,سالانه,FALSE,line,time,num,subscriber
tr_ts_t_im_v,6,07-تجارت گمرکی,01-سری زمانی,01-همه کشورها,03-واردات,01-ارزش دلاری,02-تقویم خورشیدی,,,,,,ارزش کل واردات (میلیون دلار),خورشیدی,کشور,گمرک ایران,میلیون دلار,سالانه,FALSE,line,time,num,subscriber
tr_ts_t_im_w,6,07-تجارت گمرکی,01-سری زمانی,01-همه کشورها,03-واردات,02-وزن,02-تقویم خورشیدی,,,,,,وزن کل واردات (هزار تن),خورشیدی,کشور,گمرک ایران,هزار تن,سالانه,FALSE,line,time,num,subscriber
tr_ts_ch_t_v,5,07-تجارت گمرکی,01-سری زمانی,02-چین,01-ارزش کل تجارت خارجی,02-تقویم خورشیدی,,,,,,,ارزش کل تجارت گمرکی ایران و چین (میلیون دلار),خورشیدی,کشور,گمرک ایران,میلیون دلار,سالانه,FALSE,line,time,num,subscriber
tr_ts_ch_ex_v,6,07-تجارت گمرکی,01-سری زمانی,02-چین,02-صادرات,01-ارزش دلاری,02-تقویم خورشیدی,,,,,,صادرات ایران به چین - ارزش (میلیون دلار),خورشیدی,کشور,گمرک ایران,میلیون دلار,سالانه,FALSE,line,time,num,subscriber
tr_ts_ch_ex_w,6,07-تجارت گمرکی,01-سری زمانی,02-چین,02-صادرات,02-وزن,02-تقویم خورشیدی,,,,,,صادرات ایران به چین - وزن (هزار تن),خورشیدی,کشور,گمرک ایران,هزار تن,سالانه,FALSE,line,time,num,subscriber
tr_ts_ch_im_v,6,07-تجارت گمرکی,01-سری زمانی,02-چین,03-واردات,01-ارزش دلاری,02-تقویم خورشیدی,,,,,,واردات ایران از چین - (میلیون دلار),خورشیدی,کشور,گمرک ایران,میلیون دلار,سالانه,FALSE,line,time,num,subscriber
tr_ts_ch_im_w,6,07-تجارت گمرکی,01-سری زمانی,02-چین,03-واردات,02-وزن,02-تقویم خورشیدی,,,,,,واردات ایران از چین - وزن (هزار تن),خورشیدی,کشور,گمرک ایران,هزار تن,سالانه,FALSE,line,time,num,subscriber
tr_ts_ua_t_v,5,07-تجارت گمرکی,01-سری زمانی,02-امارات متحده عربی,01-ارزش کل تجارت خارجی,02-تقویم خورشیدی,,,,,,,ارزش کل تجارت ایران و امارات متحده عربی (میلیون دلار),خورشیدی,کشور,گمرک ایران,میلیون دلار,سالانه,FALSE,line,time,num,subscriber
tr_ts_ua_ex_v,6,07-تجارت گمرکی,01-سری زمانی,02-امارات متحده عربی,02-صادرات,01-ارزش دلاری,02-تقویم خورشیدی,,,,,,صادرات ایران به امارات متحده عربی - ارزش (میلیون دلار),خورشیدی,کشور,گمرک ایران,میلیون دلار,سالانه,FALSE,line,time,num,subscriber
tr_ts_ua_ex_w,6,07-تجارت گمرکی,01-سری زمانی,02-امارات متحده عربی,02-صادرات,02-وزن,02-تقویم خورشیدی,,,,,,صادرات ایران به امارات متحده عربی - وزن (هزار تن),خورشیدی,کشور,گمرک ایران,هزار تن,سالانه,FALSE,line,time,num,subscriber
tr_ts_ua_im_v,6,07-تجارت گمرکی,01-سری زمانی,02-امارات متحده عربی,03-واردات,01-ارزش دلاری,02-تقویم خورشیدی,,,,,,واردات ایران از امارات متحده عربی - (میلیون دلار),خورشیدی,کشور,گمرک ایران,میلیون دلار,سالانه,FALSE,line,time,num,subscriber
tr_ts_ua_im_w,6,07-تجارت گمرکی,01-سری زمانی,02-امارات متحده عربی,03-واردات,02-وزن,02-تقویم خورشیدی,,,,,,واردات ایران از امارات متحده عربی - وزن (هزار تن),خورشیدی,کشور,گمرک ایران,هزار تن,سالانه,FALSE,line,time,num,subscriber
tr_ts_tr_t_v,5,07-تجارت گمرکی,01-سری زمانی,03-ترکیه,01-ارزش کل تجارت خارجی,02-تقویم خورشیدی,,,,,,,ارزش کل تجارت ایران و ترکیه (میلیون دلار),خورشیدی,کشور,گمرک ایران,میلیون دلار,سالانه,FALSE,line,time,num,subscriber
tr_ts_tr_ex_v,5,07-تجارت گمرکی,01-سری زمانی,03-ترکیه,02-صادرات,01-ارزش دلاری,02-تقویم خورشیدی,,,,,,صادرات ایران به ترکیه - ارزش (میلیون دلار),خورشیدی,کشور,گمرک ایران,میلیون دلار,سالانه,FALSE,line,time,num,subscriber
tr_ts_tr_ex_w,5,07-تجارت گمرکی,01-سری زمانی,03-ترکیه,02-صادرات,02-وزن,02-تقویم خورشیدی,,,,,,صادرات ایران به ترکیه - وزن (هزار تن),خورشیدی,کشور,گمرک ایران,هزار تن,سالانه,FALSE,line,time,num,subscriber
tr_ts_tr_im_v,5,07-تجارت گمرکی,01-سری زمانی,03-ترکیه,03-واردات,01-ارزش دلاری,02-تقویم خورشیدی,,,,,,واردات ایران از ترکیه - (میلیون تومان),خورشیدی,کشور,گمرک ایران,میلیون دلار,سالانه,FALSE,line,time,num,subscriber
tr_ts_tr_im_w,5,07-تجارت گمرکی,01-سری زمانی,03-ترکیه,03-واردات,02-وزن,02-تقویم خورشیدی,,,,,,واردات ایران از ترکیه - وزن (هزار تن),خورشیدی,کشور,گمرک ایران,هزار تن,سالانه,FALSE,line,time,num,subscriber
tr_ts_iq_t_v,5,07-تجارت گمرکی,01-سری زمانی,04-عراق,01-ارزش کل تجارت خارجی,02-تقویم خورشیدی,,,,,,,ارزش کل تجارت ایران و عراق (میلیون دلار),خورشیدی,کشور,گمرک ایران,میلیون دلار,سالانه,FALSE,line,time,num,subscriber
tr_ts_iq_ex_v,5,07-تجارت گمرکی,01-سری زمانی,04-عراق,02-صادرات,01-ارزش دلاری,02-تقویم خورشیدی,,,,,,صادرات ایران به عراق - ارزش (میلیون دلار),خورشیدی,کشور,گمرک ایران,میلیون دلار,سالانه,FALSE,line,time,num,subscriber
tr_ts_iq_ex_w,5,07-تجارت گمرکی,01-سری زمانی,04-عراق,02-صادرات,02-وزن,02-تقویم خورشیدی,,,,,,صادرات ایران به عراق - وزن (هزار تن),خورشیدی,کشور,گمرک ایران,هزار تن,سالانه,FALSE,line,time,num,subscriber
tr_ts_iq_im_v,5,07-تجارت گمرکی,01-سری زمانی,04-عراق,03-واردات,01-ارزش دلاری,02-تقویم خورشیدی,,,,,,واردات ایران از عراق - (میلیون دلار),خورشیدی,کشور,گمرک ایران,میلیون دلار,سالانه,FALSE,line,time,num,subscriber
tr_ts_iq_im_w,5,07-تجارت گمرکی,01-سری زمانی,04-عراق,03-واردات,02-وزن,02-تقویم خورشیدی,,,,,,واردات ایران از عراق - وزن (هزار تن),خورشیدی,کشور,گمرک ایران,هزار تن,سالانه,FALSE,line,time,num,subscriber
tr_ts_ru_t_v,5,07-تجارت گمرکی,01-سری زمانی,05-روسیه,01-ارزش کل تجارت خارجی,02-تقویم خورشیدی,,,,,,,ارزش کل تجارت ایران و روسیه (میلیون دلار),خورشیدی,کشور,گمرک ایران,میلیون دلار,سالانه,FALSE,line,time,num,subscriber
tr_ts_ru_ex_v,5,07-تجارت گمرکی,01-سری زمانی,05-روسیه,02-صادرات,01-ارزش دلاری,02-تقویم خورشیدی,,,,,,صادرات ایران به روسیه - ارزش (میلیون دلار),خورشیدی,کشور,گمرک ایران,میلیون دلار,سالانه,FALSE,line,time,num,subscriber
tr_ts_ru_ex_w,5,07-تجارت گمرکی,01-سری زمانی,05-روسیه,02-صادرات,02-وزن,02-تقویم خورشیدی,,,,,,صادرات ایران به روسیه - وزن (هزار تن),خورشیدی,کشور,گمرک ایران,هزار تن,سالانه,FALSE,line,time,num,subscriber
tr_ts_ru_im_v,5,07-تجارت گمرکی,01-سری زمانی,05-روسیه,03-واردات,01-ارزش دلاری,02-تقویم خورشیدی,,,,,,واردات ایران از روسیه - (میلیون دلار),خورشیدی,کشور,گمرک ایران,میلیون دلار,سالانه,FALSE,line,time,num,subscriber
tr_ts_ru_im_w,5,07-تجارت گمرکی,01-سری زمانی,05-روسیه,03-واردات,02-وزن,02-تقویم خورشیدی,,,,,,واردات ایران از روسیه - وزن (هزار تن),خورشیدی,کشور,گمرک ایران,هزار تن,سالانه,FALSE,line,time,num,subscriber
tr_ts_de_t_v,5,07-تجارت گمرکی,01-سری زمانی,06-آلمان,01-ارزش کل تجارت خارجی,02-تقویم خورشیدی,,,,,,,ارزش کل تجارت ایران و آلمان (میلیون دلار آمریکا),خورشیدی,کشور,گمرک ایران,میلیون دلار,سالانه,FALSE,line,time,num,subscriber
tr_ts_de_ex_v,5,07-تجارت گمرکی,01-سری زمانی,06-آلمان,02-صادرات,01-ارزش دلاری,02-تقویم خورشیدی,,,,,,صادرات ایران به آلمان - ارزش (میلیون دلار),خورشیدی,کشور,گمرک ایران,میلیون دلار,سالانه,FALSE,line,time,num,subscriber
tr_ts_de_ex_w,5,07-تجارت گمرکی,01-سری زمانی,06-آلمان,02-صادرات,02-وزن,02-تقویم خورشیدی,,,,,,صادرات ایران به آلمان - وزن (هزار تن),خورشیدی,کشور,گمرک ایران,هزار تن,سالانه,FALSE,line,time,num,subscriber
tr_ts_de_im_v,5,07-تجارت گمرکی,01-سری زمانی,06-آلمان,03-واردات,01-ارزش دلاری,02-تقویم خورشیدی,,,,,,واردات ایران از آلمان - (میلیون دلار),خورشیدی,کشور,گمرک ایران,میلیون دلار,سالانه,FALSE,line,time,num,subscriber
tr_ts_de_im_w,5,07-تجارت گمرکی,01-سری زمانی,06-آلمان,03-واردات,02-وزن,02-تقویم خورشیدی,,,,,,واردات ایران از آلمان - وزن (هزار تن),خورشیدی,کشور,گمرک ایران,هزار تن,سالانه,FALSE,line,time,num,subscriber
tr_ts_in_t_v,5,07-تجارت گمرکی,01-سری زمانی,07-هند,01-ارزش کل تجارت خارجی,02-تقویم خورشیدی,,,,,,,ارزش کل تجارت ایران و هند (میلیون دلار),خورشیدی,کشور,گمرک ایران,میلیون دلار,سالانه,FALSE,line,time,num,subscriber
tr_ex_in_ex_v,5,07-تجارت گمرکی,01-سری زمانی,07-هند,02-صادرات,01-ارزش دلاری,02-تقویم خورشیدی,,,,,,صادرات ایران به هند - ارزش (میلیون دلار),خورشیدی,کشور,گمرک ایران,میلیون دلار,سالانه,FALSE,line,time,num,subscriber
tr_ts_in_ex_w,5,07-تجارت گمرکی,01-سری زمانی,07-هند,02-صادرات,02-وزن,02-تقویم خورشیدی,,,,,,صادرات ایران به هند - وزن (هزار تن),خورشیدی,کشور,گمرک ایران,هزار تن,سالانه,FALSE,line,time,num,subscriber
tr_ts_in_im_v,5,07-تجارت گمرکی,01-سری زمانی,07-هند,03-واردات,01-ارزش دلاری,02-تقویم خورشیدی,,,,,,واردات ایران از هند - (میلیون دلار),خورشیدی,کشور,گمرک ایران,میلیون دلار,سالانه,FALSE,line,time,num,subscriber
tr_ts_in_im_w,5,07-تجارت گمرکی,01-سری زمانی,07-هند,03-واردات,02-وزن,02-تقویم خورشیدی,,,,,,واردات ایران از هند - وزن (هزار تن),خورشیدی,کشور,گمرک ایران,هزار تن,سالانه,FALSE,line,time,num,subscriber
tr_ts_jp_t_v,5,07-تجارت گمرکی,01-سری زمانی,08-ژاپن,01-ارزش کل تجارت خارجی,02-تقویم خورشیدی,,,,,,,ارزش کل تجارت ایران و ژاپن (میلیون دلار),خورشیدی,کشور,گمرک ایران,میلیون دلار,سالانه,FALSE,line,time,num,subscriber
tr_ts_jp_ex_v,5,07-تجارت گمرکی,01-سری زمانی,08-ژاپن,02-صادرات,01-ارزش دلاری,02-تقویم خورشیدی,,,,,,صادرات ایران به ژاپن - ارزش (میلیون دلار),خورشیدی,کشور,گمرک ایران,میلیون دلار,سالانه,FALSE,line,time,num,subscriber
tr_ts_jp_ex_w,5,07-تجارت گمرکی,01-سری زمانی,08-ژاپن,02-صادرات,02-وزن,02-تقویم خورشیدی,,,,,,صادرات ایران به ژاپن - وزن (هزار تن),خورشیدی,کشور,گمرک ایران,هزار تن,سالانه,FALSE,line,time,num,subscriber
tr_ts_jp_im_v,5,07-تجارت گمرکی,01-سری زمانی,08-ژاپن,03-واردات,01-ارزش دلاری,02-تقویم خورشیدی,,,,,,واردات ایران از ژاپن - (میلیون دلار),خورشیدی,کشور,گمرک ایران,میلیون دلار,سالانه,FALSE,line,time,num,subscriber
tr_ts_jp_im_w,5,07-تجارت گمرکی,01-سری زمانی,08-ژاپن,03-واردات,02-وزن,02-تقویم خورشیدی,,,,,,واردات ایران از ژاپن - وزن (هزار تن),خورشیدی,کشور,گمرک ایران,هزار تن,سالانه,FALSE,line,time,num,subscriber
tr_ts_it_t_v,5,07-تجارت گمرکی,01-سری زمانی,09-ایتالیا,01-ارزش کل تجارت خارجی,02-تقویم خورشیدی,,,,,,,ارزش کل تجارت ایران و ایتالیا (میلیون دلار),خورشیدی,کشور,گمرک ایران,میلیون دلار,سالانه,FALSE,line,time,num,subscriber
tr_ts_it_ex_v,5,07-تجارت گمرکی,01-سری زمانی,09-ایتالیا,02-صادرات,01-ارزش دلاری,02-تقویم خورشیدی,,,,,,صادرات ایران به ایتالیا - ارزش (میلیون دلار),خورشیدی,کشور,گمرک ایران,میلیون دلار,سالانه,FALSE,line,time,num,subscriber
tr_ts_it_ex_w,5,07-تجارت گمرکی,01-سری زمانی,09-ایتالیا,02-صادرات,02-وزن,02-تقویم خورشیدی,,,,,,صادرات ایران به ایتالیا - وزن (هزار تن),خورشیدی,کشور,گمرک ایران,هزار تن,سالانه,FALSE,line,time,num,subscriber
tr_ts_it_im_v,5,07-تجارت گمرکی,01-سری زمانی,09-ایتالیا,03-واردات,01-ارزش دلاری,02-تقویم خورشیدی,,,,,,واردات ایران از ایتالیا - (میلیون دلار),خورشیدی,کشور,گمرک ایران,میلیون دلار,سالانه,FALSE,line,time,num,subscriber
tr_ts_it_im_w,5,07-تجارت گمرکی,01-سری زمانی,09-ایتالیا,03-واردات,02-وزن,02-تقویم خورشیدی,,,,,,واردات ایران از ایتالیا - وزن (هزار تن),خورشیدی,کشور,گمرک ایران,هزار تن,سالانه,FALSE,line,time,num,subscriber
tr_ts_fr_t_v,5,07-تجارت گمرکی,01-سری زمانی,10-فرانسه,01-ارزش کل تجارت خارجی,02-تقویم خورشیدی,,,,,,,ارزش کل تجارت ایران و فرانسه (میلیون دلار),خورشیدی,کشور,گمرک ایران,میلیون دلار,سالانه,FALSE,line,time,num,subscriber
tr_ts_fr_ex_v,5,07-تجارت گمرکی,01-سری زمانی,10-فرانسه,02-صادرات,01-ارزش دلاری,02-تقویم خورشیدی,,,,,,صادرات ایران به فرانسه - ارزش (میلیون دلار),خورشیدی,کشور,گمرک ایران,میلیون دلار,سالانه,FALSE,line,time,num,subscriber
tr_ts_fr_ex_w,5,07-تجارت گمرکی,01-سری زمانی,10-فرانسه,02-صادرات,02-وزن,02-تقویم خورشیدی,,,,,,صادرات ایران به فرانسه - وزن (هزار تن),خورشیدی,کشور,گمرک ایران,هزار تن,سالانه,FALSE,line,time,num,subscriber
tr_ts_fr_im_v,5,07-تجارت گمرکی,01-سری زمانی,10-فرانسه,03-واردات,01-ارزش دلاری,02-تقویم خورشیدی,,,,,,واردات ایران از فرانسه - (میلیون دلار),خورشیدی,کشور,گمرک ایران,میلیون دلار,سالانه,FALSE,line,time,num,subscriber
tr_ts_fr_im_w,5,07-تجارت گمرکی,01-سری زمانی,10-فرانسه,03-واردات,02-وزن,02-تقویم خورشیدی,,,,,,واردات ایران از فرانسه - وزن (هزار تن),خورشیدی,کشور,گمرک ایران,هزار تن,سالانه,FALSE,line,time,num,subscriber
tr_ex_v_coun_g,6,07-تجارت گمرکی,02-آمار تفکیکی,01-به تفکیک کشور,02-صادرات,01-ارزش دلاری,01-تقویم میلادی,,,,,,ارزش صادرات به تفکیک کشور (میلیون دلار آمریکا),میلادی,جهان,گمرک ایران,میلیون دلار,سالانه,TRUE,bar,time,num,subscriber
tr_ex_w_coun_g,6,07-تجارت گمرکی,02-آمار تفکیکی,01-به تفکیک کشور,02-صادرات,02-وزن,01-تقویم میلادی,,,,,,وزن صادرات به تفکیک کشور (هزار تن),میلادی,جهان,گمرک ایران,هزار تن,سالانه,TRUE,bar,time,num,subscriber
tr_im_v_coun_g,6,07-تجارت گمرکی,02-آمار تفکیکی,01-به تفکیک کشور,03-واردات,01-ارزش دلاری,01-تقویم میلادی,,,,,,ارزش واردات به تفکیک کشور (میلیون دلار آمریکا),میلادی,جهان,گمرک ایران,میلیون دلار,سالانه,TRUE,bar,time,num,subscriber
tr_im_w_coun_g,6,07-تجارت گمرکی,02-آمار تفکیکی,01-به تفکیک کشور,03-واردات,02-وزن,01-تقویم میلادی,,,,,,وزن واردات به تفکیک کشور (هزار تن),میلادی,جهان,گمرک ایران,هزار تن,سالانه,TRUE,bar,time,num,subscriber
tr_tot_v_coun_g,5,07-تجارت گمرکی,02-آمار تفکیکی,01-به تفکیک کشور,01-ارزش کل تجارت خارجی,01-تقویم میلادی,,,,,,,ارزش تجارت خارجی (جمع صادرات و واردات) به تفکیک کشور (میلیون دلار),میلادی,جهان,گمرک ایران,میلیون دلار,سالانه,TRUE,bar,time,num,subscriber
tr_ex_v_cus_g,6,07-تجارت گمرکی,02-آمار تفکیکی,02-به تفکیک گمرک,02-صادرات,01-ارزش دلاری,01-تقویم میلادی,,,,,,ارزش صادرات به تفکیک گمرک (میلیون دلار),میلادی,کشور,گمرک ایران,میلیون دلار,سالانه,TRUE,bar,time,num,subscriber
tr_ex_w_cus_g,6,07-تجارت گمرکی,02-آمار تفکیکی,02-به تفکیک گمرک,02-صادرات,02-وزن,01-تقویم میلادی,,,,,,وزن صادرات به تفکیک گمرک (هزار تن),میلادی,کشور,گمرک ایران,هزار تن,سالانه,TRUE,bar,time,num,subscriber
tr_im_v_cus_g,6,07-تجارت گمرکی,02-آمار تفکیکی,02-به تفکیک گمرک,03-واردات,01-ارزش دلاری,01-تقویم میلادی,,,,,,ارزش واردات به تفکیک گمرک (میلیون دلار),میلادی,کشور,گمرک ایران,میلیون دلار,سالانه,TRUE,bar,time,num,subscriber
tr_im_w_cus_g,6,07-تجارت گمرکی,02-آمار تفکیکی,02-به تفکیک گمرک,03-واردات,02-وزن,01-تقویم میلادی,,,,,,وزن واردات به تفکیک گمرک (هزار تن),میلادی,کشور,گمرک ایران,هزار تن,سالانه,TRUE,bar,time,num,subscriber
tr_tot_v_cus_g,5,07-تجارت گمرکی,02-آمار تفکیکی,02-به تفکیک گمرک,01-ارزش کل تجارت خارجی,01-تقویم میلادی,,,,,,,ارزش تجارت خارجی (جمع صادرات و واردات) به تفکیک گمرک (میلیون دلار),میلادی,کشور,گمرک ایران,میلیون دلار,سالانه,TRUE,bar,time,num,subscriber
tr_ts_t_t_v_g,5,07-تجارت گمرکی,01-سری زمانی,01-همه کشورها,01-ارزش کل تجارت خارجی,01-تقویم میلادی,,,,,,,ارزش کل تجارت خارجی (میلیون دلار),میلادی,کشور,گمرک ایران,میلیون دلار,سالانه,FALSE,line,time,num,subscriber
tr_ts_t_ex_v_g,6,07-تجارت گمرکی,01-سری زمانی,01-همه کشورها,02-صادرات,01-ارزش دلاری,01-تقویم میلادی,,,,,,ارزش کل صادرات (میلیون دلار),میلادی,کشور,گمرک ایران,میلیون دلار,سالانه,FALSE,line,time,num,subscriber
tr_ts_t_ex_w_g,6,07-تجارت گمرکی,01-سری زمانی,01-همه کشورها,02-صادرات,02-وزن,01-تقویم میلادی,,,,,,وزن کل صادرات (هزار تن),میلادی,کشور,گمرک ایران,هزار تن,سالانه,FALSE,line,time,num,subscriber
tr_ts_t_im_v_g,6,07-تجارت گمرکی,01-سری زمانی,01-همه کشورها,03-واردات,01-ارزش دلاری,01-تقویم میلادی,,,,,,ارزش کل واردات (میلیون دلار),میلادی,کشور,گمرک ایران,میلیون دلار,سالانه,FALSE,line,time,num,subscriber
tr_ts_t_im_w_g,6,07-تجارت گمرکی,01-سری زمانی,01-همه کشورها,03-واردات,02-وزن,01-تقویم میلادی,,,,,,وزن کل واردات (هزار تن),میلادی,کشور,گمرک ایران,هزار تن,سالانه,FALSE,line,time,num,subscriber
tr_ts_ch_t_v_g,5,07-تجارت گمرکی,01-سری زمانی,02-چین,01-ارزش کل تجارت خارجی,01-تقویم میلادی,,,,,,,ارزش کل تجارت گمرکی ایران و چین (میلیون دلار),میلادی,کشور,گمرک ایران,میلیون دلار,سالانه,FALSE,line,time,num,subscriber
tr_ts_ch_ex_v_g,6,07-تجارت گمرکی,01-سری زمانی,02-چین,02-صادرات,01-ارزش دلاری,01-تقویم میلادی,,,,,,صادرات ایران به چین - ارزش (میلیون دلار),میلادی,کشور,گمرک ایران,میلیون دلار,سالانه,FALSE,line,time,num,subscriber
tr_ts_ch_ex_w_g,6,07-تجارت گمرکی,01-سری زمانی,02-چین,02-صادرات,02-وزن,01-تقویم میلادی,,,,,,صادرات ایران به چین - وزن (هزار تن),میلادی,کشور,گمرک ایران,هزار تن,سالانه,FALSE,line,time,num,subscriber
tr_ts_ch_im_v_g,6,07-تجارت گمرکی,01-سری زمانی,02-چین,03-واردات,01-ارزش دلاری,01-تقویم میلادی,,,,,,واردات ایران از چین - (میلیون دلار),میلادی,کشور,گمرک ایران,میلیون دلار,سالانه,FALSE,line,time,num,subscriber
tr_ts_ch_im_w_g,6,07-تجارت گمرکی,01-سری زمانی,02-چین,03-واردات,02-وزن,01-تقویم میلادی,,,,,,واردات ایران از چین - وزن (هزار تن),میلادی,کشور,گمرک ایران,هزار تن,سالانه,FALSE,line,time,num,subscriber
tr_ts_ua_t_v_g,5,07-تجارت گمرکی,01-سری زمانی,02-امارات متحده عربی,01-ارزش کل تجارت خارجی,01-تقویم میلادی,,,,,,,ارزش کل تجارت ایران و امارات متحده عربی (میلیون دلار),میلادی,کشور,گمرک ایران,میلیون دلار,سالانه,FALSE,line,time,num,subscriber
tr_ts_ua_ex_v_g,6,07-تجارت گمرکی,01-سری زمانی,02-امارات متحده عربی,02-صادرات,01-ارزش دلاری,01-تقویم میلادی,,,,,,صادرات ایران به امارات متحده عربی - ارزش (میلیون دلار),میلادی,کشور,گمرک ایران,میلیون دلار,سالانه,FALSE,line,time,num,subscriber
tr_ts_ua_ex_w_g,6,07-تجارت گمرکی,01-سری زمانی,02-امارات متحده عربی,02-صادرات,02-وزن,01-تقویم میلادی,,,,,,صادرات ایران به امارات متحده عربی - وزن (هزار تن),میلادی,کشور,گمرک ایران,هزار تن,سالانه,FALSE,line,time,num,subscriber
tr_ts_ua_im_v_g,6,07-تجارت گمرکی,01-سری زمانی,02-امارات متحده عربی,03-واردات,01-ارزش دلاری,01-تقویم میلادی,,,,,,واردات ایران از امارات متحده عربی - (میلیون دلار),میلادی,کشور,گمرک ایران,میلیون دلار,سالانه,FALSE,line,time,num,subscriber
tr_ts_ua_im_w_g,6,07-تجارت گمرکی,01-سری زمانی,02-امارات متحده عربی,03-واردات,02-وزن,01-تقویم میلادی,,,,,,واردات ایران از امارات متحده عربی - وزن (هزار تن),میلادی,کشور,گمرک ایران,هزار تن,سالانه,FALSE,line,time,num,subscriber
tr_ts_tr_t_v_g,5,07-تجارت گمرکی,01-سری زمانی,03-ترکیه,01-ارزش کل تجارت خارجی,01-تقویم میلادی,,,,,,,ارزش کل تجارت ایران و ترکیه (میلیون دلار),میلادی,کشور,گمرک ایران,میلیون دلار,سالانه,FALSE,line,time,num,subscriber
tr_ts_tr_ex_v_g,5,07-تجارت گمرکی,01-سری زمانی,03-ترکیه,02-صادرات,01-ارزش دلاری,01-تقویم میلادی,,,,,,صادرات ایران به ترکیه - ارزش (میلیون دلار),میلادی,کشور,گمرک ایران,میلیون دلار,سالانه,FALSE,line,time,num,subscriber
tr_ts_tr_ex_w_g,5,07-تجارت گمرکی,01-سری زمانی,03-ترکیه,02-صادرات,02-وزن,01-تقویم میلادی,,,,,,صادرات ایران به ترکیه - وزن (هزار تن),میلادی,کشور,گمرک ایران,هزار تن,سالانه,FALSE,line,time,num,subscriber
tr_ts_tr_im_v_g,5,07-تجارت گمرکی,01-سری زمانی,03-ترکیه,03-واردات,01-ارزش دلاری,01-تقویم میلادی,,,,,,واردات ایران از ترکیه - (میلیون تومان),میلادی,کشور,گمرک ایران,میلیون دلار,سالانه,FALSE,line,time,num,subscriber
tr_ts_tr_im_w_g,5,07-تجارت گمرکی,01-سری زمانی,03-ترکیه,03-واردات,02-وزن,01-تقویم میلادی,,,,,,واردات ایران از ترکیه - وزن (هزار تن),میلادی,کشور,گمرک ایران,هزار تن,سالانه,FALSE,line,time,num,subscriber
tr_ts_iq_t_v_g,5,07-تجارت گمرکی,01-سری زمانی,04-عراق,01-ارزش کل تجارت خارجی,01-تقویم میلادی,,,,,,,ارزش کل تجارت ایران و عراق (میلیون دلار),میلادی,کشور,گمرک ایران,میلیون دلار,سالانه,FALSE,line,time,num,subscriber
tr_ts_iq_ex_v_g,5,07-تجارت گمرکی,01-سری زمانی,04-عراق,02-صادرات,01-ارزش دلاری,01-تقویم میلادی,,,,,,صادرات ایران به عراق - ارزش (میلیون دلار),میلادی,کشور,گمرک ایران,میلیون دلار,سالانه,FALSE,line,time,num,subscriber
tr_ts_iq_ex_w_g,5,07-تجارت گمرکی,01-سری زمانی,04-عراق,02-صادرات,02-وزن,01-تقویم میلادی,,,,,,صادرات ایران به عراق - وزن (هزار تن),میلادی,کشور,گمرک ایران,هزار تن,سالانه,FALSE,line,time,num,subscriber
tr_ts_iq_im_v_g,5,07-تجارت گمرکی,01-سری زمانی,04-عراق,03-واردات,01-ارزش دلاری,01-تقویم میلادی,,,,,,واردات ایران از عراق - (میلیون دلار),میلادی,کشور,گمرک ایران,میلیون دلار,سالانه,FALSE,line,time,num,subscriber
tr_ts_iq_im_w_g,5,07-تجارت گمرکی,01-سری زمانی,04-عراق,03-واردات,02-وزن,01-تقویم میلادی,,,,,,واردات ایران از عراق - وزن (هزار تن),میلادی,کشور,گمرک ایران,هزار تن,سالانه,FALSE,line,time,num,subscriber
tr_ts_ru_t_v_g,5,07-تجارت گمرکی,01-سری زمانی,05-روسیه,01-ارزش کل تجارت خارجی,01-تقویم میلادی,,,,,,,ارزش کل تجارت ایران و روسیه (میلیون دلار),میلادی,کشور,گمرک ایران,میلیون دلار,سالانه,FALSE,line,time,num,subscriber
tr_ts_ru_ex_v_g,5,07-تجارت گمرکی,01-سری زمانی,05-روسیه,02-صادرات,01-ارزش دلاری,01-تقویم میلادی,,,,,,صادرات ایران به روسیه - ارزش (میلیون دلار),میلادی,کشور,گمرک ایران,میلیون دلار,سالانه,FALSE,line,time,num,subscriber
tr_ts_ru_ex_w_g,5,07-تجارت گمرکی,01-سری زمانی,05-روسیه,02-صادرات,02-وزن,01-تقویم میلادی,,,,,,صادرات ایران به روسیه - وزن (هزار تن),میلادی,کشور,گمرک ایران,هزار تن,سالانه,FALSE,line,time,num,subscriber
tr_ts_ru_im_v_g,5,07-تجارت گمرکی,01-سری زمانی,05-روسیه,03-واردات,01-ارزش دلاری,01-تقویم میلادی,,,,,,واردات ایران از روسیه - (میلیون دلار),میلادی,کشور,گمرک ایران,میلیون دلار,سالانه,FALSE,line,time,num,subscriber
tr_ts_ru_im_w_g,5,07-تجارت گمرکی,01-سری زمانی,05-روسیه,03-واردات,02-وزن,01-تقویم میلادی,,,,,,واردات ایران از روسیه - وزن (هزار تن),میلادی,کشور,گمرک ایران,هزار تن,سالانه,FALSE,line,time,num,subscriber
tr_ts_de_t_v_g,5,07-تجارت گمرکی,01-سری زمانی,06-آلمان,01-ارزش کل تجارت خارجی,01-تقویم میلادی,,,,,,,ارزش کل تجارت ایران و آلمان (میلیون دلار آمریکا),میلادی,کشور,گمرک ایران,میلیون دلار,سالانه,FALSE,line,time,num,subscriber
tr_ts_de_ex_v_g,5,07-تجارت گمرکی,01-سری زمانی,06-آلمان,02-صادرات,01-ارزش دلاری,01-تقویم میلادی,,,,,,صادرات ایران به آلمان - ارزش (میلیون دلار),میلادی,کشور,گمرک ایران,میلیون دلار,سالانه,FALSE,line,time,num,subscriber
tr_ts_de_ex_w_g,5,07-تجارت گمرکی,01-سری زمانی,06-آلمان,02-صادرات,02-وزن,01-تقویم میلادی,,,,,,صادرات ایران به آلمان - وزن (هزار تن),میلادی,کشور,گمرک ایران,هزار تن,سالانه,FALSE,line,time,num,subscriber
tr_ts_de_im_v_g,5,07-تجارت گمرکی,01-سری زمانی,06-آلمان,03-واردات,01-ارزش دلاری,01-تقویم میلادی,,,,,,واردات ایران از آلمان - (میلیون دلار),میلادی,کشور,گمرک ایران,میلیون دلار,سالانه,FALSE,line,time,num,subscriber
tr_ts_de_im_w_g,5,07-تجارت گمرکی,01-سری زمانی,06-آلمان,03-واردات,02-وزن,01-تقویم میلادی,,,,,,واردات ایران از آلمان - وزن (هزار تن),میلادی,کشور,گمرک ایران,هزار تن,سالانه,FALSE,line,time,num,subscriber
tr_ts_in_t_v_g,5,07-تجارت گمرکی,01-سری زمانی,07-هند,01-ارزش کل تجارت خارجی,01-تقویم میلادی,,,,,,,ارزش کل تجارت ایران و هند (میلیون دلار),میلادی,کشور,گمرک ایران,میلیون دلار,سالانه,FALSE,line,time,num,subscriber
tr_ex_in_ex_v_g,5,07-تجارت گمرکی,01-سری زمانی,07-هند,02-صادرات,01-ارزش دلاری,01-تقویم میلادی,,,,,,صادرات ایران به هند - ارزش (میلیون دلار),میلادی,کشور,گمرک ایران,میلیون دلار,سالانه,FALSE,line,time,num,subscriber
tr_ts_in_ex_w_g,5,07-تجارت گمرکی,01-سری زمانی,07-هند,02-صادرات,02-وزن,01-تقویم میلادی,,,,,,صادرات ایران به هند - وزن (هزار تن),میلادی,کشور,گمرک ایران,هزار تن,سالانه,FALSE,line,time,num,subscriber
tr_ts_in_im_v_g,5,07-تجارت گمرکی,01-سری زمانی,07-هند,03-واردات,01-ارزش دلاری,01-تقویم میلادی,,,,,,واردات ایران از هند - (میلیون دلار),میلادی,کشور,گمرک ایران,میلیون دلار,سالانه,FALSE,line,time,num,subscriber
tr_ts_in_im_w_g,5,07-تجارت گمرکی,01-سری زمانی,07-هند,03-واردات,02-وزن,01-تقویم میلادی,,,,,,واردات ایران از هند - وزن (هزار تن),میلادی,کشور,گمرک ایران,هزار تن,سالانه,FALSE,line,time,num,subscriber
tr_ts_jp_t_v_g,5,07-تجارت گمرکی,01-سری زمانی,08-ژاپن,01-ارزش کل تجارت خارجی,01-تقویم میلادی,,,,,,,ارزش کل تجارت ایران و ژاپن (میلیون دلار),میلادی,کشور,گمرک ایران,میلیون دلار,سالانه,FALSE,line,time,num,subscriber
tr_ts_jp_ex_v_g,5,07-تجارت گمرکی,01-سری زمانی,08-ژاپن,02-صادرات,01-ارزش دلاری,01-تقویم میلادی,,,,,,صادرات ایران به ژاپن - ارزش (میلیون دلار),میلادی,کشور,گمرک ایران,میلیون دلار,سالانه,FALSE,line,time,num,subscriber
tr_ts_jp_ex_w_g,5,07-تجارت گمرکی,01-سری زمانی,08-ژاپن,02-صادرات,02-وزن,01-تقویم میلادی,,,,,,صادرات ایران به ژاپن - وزن (هزار تن),میلادی,کشور,گمرک ایران,هزار تن,سالانه,FALSE,line,time,num,subscriber
tr_ts_jp_im_v_g,5,07-تجارت گمرکی,01-سری زمانی,08-ژاپن,03-واردات,01-ارزش دلاری,01-تقویم میلادی,,,,,,واردات ایران از ژاپن - (میلیون دلار),میلادی,کشور,گمرک ایران,میلیون دلار,سالانه,FALSE,line,time,num,subscriber
tr_ts_jp_im_w_g,5,07-تجارت گمرکی,01-سری زمانی,08-ژاپن,03-واردات,02-وزن,01-تقویم میلادی,,,,,,واردات ایران از ژاپن - وزن (هزار تن),میلادی,کشور,گمرک ایران,هزار تن,سالانه,FALSE,line,time,num,subscriber
tr_ts_it_t_v_g,5,07-تجارت گمرکی,01-سری زمانی,09-ایتالیا,01-ارزش کل تجارت خارجی,01-تقویم میلادی,,,,,,,ارزش کل تجارت ایران و ایتالیا (میلیون دلار),میلادی,کشور,گمرک ایران,میلیون دلار,سالانه,FALSE,line,time,num,subscriber
tr_ts_it_ex_v_g,5,07-تجارت گمرکی,01-سری زمانی,09-ایتالیا,02-صادرات,01-ارزش دلاری,01-تقویم میلادی,,,,,,صادرات ایران به ایتالیا - ارزش (میلیون دلار),میلادی,کشور,گمرک ایران,میلیون دلار,سالانه,FALSE,line,time,num,subscriber
tr_ts_it_ex_w_g,5,07-تجارت گمرکی,01-سری زمانی,09-ایتالیا,02-صادرات,02-وزن,01-تقویم میلادی,,,,,,صادرات ایران به ایتالیا - وزن (هزار تن),میلادی,کشور,گمرک ایران,هزار تن,سالانه,FALSE,line,time,num,subscriber
tr_ts_it_im_v_g,5,07-تجارت گمرکی,01-سری زمانی,09-ایتالیا,03-واردات,01-ارزش دلاری,01-تقویم میلادی,,,,,,واردات ایران از ایتالیا - (میلیون دلار),میلادی,کشور,گمرک ایران,میلیون دلار,سالانه,FALSE,line,time,num,subscriber
tr_ts_it_im_w_g,5,07-تجارت گمرکی,01-سری زمانی,09-ایتالیا,03-واردات,02-وزن,01-تقویم میلادی,,,,,,واردات ایران از ایتالیا - وزن (هزار تن),میلادی,کشور,گمرک ایران,هزار تن,سالانه,FALSE,line,time,num,subscriber
tr_ts_fr_t_v_g,5,07-تجارت گمرکی,01-سری زمانی,10-فرانسه,01-ارزش کل تجارت خارجی,01-تقویم میلادی,,,,,,,ارزش کل تجارت ایران و فرانسه (میلیون دلار),میلادی,کشور,گمرک ایران,میلیون دلار,سالانه,FALSE,line,time,num,subscriber
tr_ts_fr_ex_v_g,5,07-تجارت گمرکی,01-سری زمانی,10-فرانسه,02-صادرات,01-ارزش دلاری,01-تقویم میلادی,,,,,,صادرات ایران به فرانسه - ارزش (میلیون دلار),میلادی,کشور,گمرک ایران,میلیون دلار,سالانه,FALSE,line,time,num,subscriber
tr_ts_fr_ex_w_g,5,07-تجارت گمرکی,01-سری زمانی,10-فرانسه,02-صادرات,02-وزن,01-تقویم میلادی,,,,,,صادرات ایران به فرانسه - وزن (هزار تن),میلادی,کشور,گمرک ایران,هزار تن,سالانه,FALSE,line,time,num,subscriber
tr_ts_fr_im_v_g,5,07-تجارت گمرکی,01-سری زمانی,10-فرانسه,03-واردات,01-ارزش دلاری,01-تقویم میلادی,,,,,,واردات ایران از فرانسه - (میلیون دلار),میلادی,کشور,گمرک ایران,میلیون دلار,سالانه,FALSE,line,time,num,subscriber
tr_ts_fr_im_w_g,5,07-تجارت گمرکی,01-سری زمانی,10-فرانسه,03-واردات,02-وزن,01-تقویم میلادی,,,,,,واردات ایران از فرانسه - وزن (هزار تن),میلادی,کشور,گمرک ایران,هزار تن,سالانه,FALSE,line,time,num,subscriber
he_le_t-wb,4,03-سلامت,01-امید به زندگی,01-امید به زندگی,01-مرد و زن,,,,,,,,امید به زندگی در بدو تولد-مرد و زن,میلادی,کشور,سازمان بهداشت جهانی,سال,سالانه,FALSE,line,time,num,subscriber
he_le_ma-wb,4,03-سلامت,01-امید به زندگی,01-امید به زندگی,02-مرد,,,,,,,,امید به زندگی در بدو تولد-مرد,میلادی,کشور,سازمان بهداشت جهانی,سال,سالانه,FALSE,line,time,num,subscriber
he_le_fe-wb,4,03-سلامت,01-امید به زندگی,01-امید به زندگی,03-زن,,,,,,,,امید به زندگی در بدو تولد-زن,میلادی,کشور,سازمان بهداشت جهانی,سال,سالانه,FALSE,line,time,num,subscriber
he_he_le_t-wb,4,03-سلامت,01-امید به زندگی,02-امید به زندگی سالم,01-مرد و زن,,,,,,,,امید به زندگی سالم در بدو تولد-مرد و زن,میلادی,کشور,سازمان بهداشت جهانی,سال,سالانه,FALSE,line,time,num,subscriber
he_he_le_ma-wb,4,03-سلامت,01-امید به زندگی,02-امید به زندگی سالم,02-مرد,,,,,,,,امید به زندگی سالم در بدو تولد-مرد,میلادی,کشور,سازمان بهداشت جهانی,سال,سالانه,FALSE,line,time,num,subscriber
he_he_le_fe-wb,4,03-سلامت,01-امید به زندگی,02-امید به زندگی سالم,03-زن,,,,,,,,امید به زندگی سالم در بدو تولد-زن,میلادی,کشور,سازمان بهداشت جهانی,سال,سالانه,FALSE,line,time,num,subscriber
he_mor_mat,3,03-سلامت,02-مرگ‌ومیر,01-مرگ‌ومیر مادران,,,,,,,,,نرخ مرگ‌‌ومیر کودکان زیر پنج سال,میلادی,کشور,سازمان بهداشت جهانی,به ازای هر ۱۰۰ هزار تولد,سالانه,FALSE,line,time,num,subscriber
he_mor_under5,4,03-سلامت,02-مرگ‌ومیر,02-مرگ‌ومیر کودکان,01-نرخ,,,,,,,,نرخ مرگ‌ومیر مادران هنگام زایمان,میلادی,کشور,سازمان بهداشت جهانی,به ازای هر ۱۰۰ هزار تولد,سالانه,FALSE,line,time,num,subscriber
he_mor_ch_5-9,5,03-سلامت,02-مرگ‌ومیر,02-مرگ‌ومیر کودکان,02-احتمال,01-کودکان ۵ تا ۹ سال,,,,,,,احتمال مرگ کودکان ۱۰ تا ۱۴ سال,میلادی,کشور,سازمان بهداشت جهانی,به ازای هر هزار,سالانه,FALSE,line,time,num,subscriber
he_mor_ch_10-14,5,03-سلامت,02-مرگ‌ومیر,02-مرگ‌ومیر کودکان,02-احتمال,02-کودکان ۱۰ تا ۱۴ سال,,,,,,,احتمال مرگ کودکان ۵ تا ۹ سال,میلادی,کشور,سازمان بهداشت جهانی,به ازای هر هزار,سالانه,FALSE,line,time,num,subscriber
he_des-t,4,03-سلامت,03-بیماری‌ها,01-عوامل مرگ‌‌ومیر,01-مرد و زن,,,,,,,,عوامل مرگ و میر (مرد و زن),میلادی,کشور,سازمان بهداشت جهانی,به ازای هر ۱۰۰ هزار نفر جمعیت,سالانه,TRUE,bar,time,num,subscriber
he_des-ma,4,03-سلامت,03-بیماری‌ها,01-عوامل مرگ‌‌ومیر,02-مرد,,,,,,,,عوامل مرگ و میر (مرد),میلادی,کشور,سازمان بهداشت جهانی,به ازای هر ۱۰۰ هزار نفر جمعیت,سالانه,TRUE,bar,time,num,subscriber
he_des-fe,4,03-سلامت,03-بیماری‌ها,01-عوامل مرگ‌‌ومیر,03-زن,,,,,,,,عوامل مرگ و میر (زن),میلادی,کشور,سازمان بهداشت جهانی,به ازای هر ۱۰۰ هزار نفر جمعیت,سالانه,TRUE,bar,time,num,subscriber
he_ac_dc_rate_py,6,03-سلامت,04-امکانات,01-کادر درمان,01-آمارهای داخلی,01-نرخ دسترسی,01-پزشک,,,,,,دسترسی به پزشک (به ازای هر ۱۰هزار نفر),خورشیدی,کشور,مرکز آمار ایران,به ازای هر ۱۰هزار,سالانه,FALSE,line,time,num,subscriber
he_ac_dc_rate_sp,6,03-سلامت,04-امکانات,01-کادر درمان,01-آمارهای داخلی,01-نرخ دسترسی,02-متخصص,,,,,,دسترسی به پزشک متخصص (به ازای هر ۱۰هزار نفر),خورشیدی,کشور,مرکز آمار ایران,به ازای هر ۱۰هزار,سالانه,FALSE,line,time,num,subscriber
he_ac_dc_rate_su,6,03-سلامت,04-امکانات,01-کادر درمان,01-آمارهای داخلی,01-نرخ دسترسی,03-فوق‌تخصص,,,,,,دسترسی به پزشک فوق‌تخصص (به ازای هر ۱۰هزار نفر),خورشیدی,کشور,مرکز آمار ایران,به ازای هر ۱۰هزار,سالانه,FALSE,line,time,num,subscriber
he_ac_dc_rate_ns,6,03-سلامت,04-امکانات,01-کادر درمان,01-آمارهای داخلی,01-نرخ دسترسی,04-پرستار,,,,,,دسترسی به پرستار (به ازای هر ۱۰هزار نفر),خورشیدی,کشور,مرکز آمار ایران,به ازای هر ۱۰هزار,سالانه,FALSE,line,time,num,subscriber
he_ac_dc_np_dr-t,6,03-سلامت,04-امکانات,01-کادر درمان,01-آمارهای داخلی,02-نظام پزشکی,01-کل اعضا,,,,,,کل اعضای سازمان نظام پزشکی ایران (کلیه گروه‌ها),خورشیدی,کشور,سازمان نظام پزشکی ایران,نفر,سالانه,FALSE,line,time,num,subscriber
he_ac_dc_np_dr-ph,6,03-سلامت,04-امکانات,01-کادر درمان,01-آمارهای داخلی,02-نظام پزشکی,02-پزشک,,,,,,تعداد اعضای گروه پزشکی سازمان نظام پزشکی ایران,خورشیدی,کشور,سازمان نظام پزشکی ایران,نفر,سالانه,FALSE,line,time,num,subscriber
he_ac_dc_np_dr-dn,6,03-سلامت,04-امکانات,01-کادر درمان,01-آمارهای داخلی,02-نظام پزشکی,03-دندان‌پزشک,,,,,,تعداد اعضای گروه دندان‌پزشکی سازمان نظام پزشکی ایران,خورشیدی,کشور,سازمان نظام پزشکی ایران,نفر,سالانه,FALSE,line,time,num,subscriber
he_ac_dc_np_dr-pha,6,03-سلامت,04-امکانات,01-کادر درمان,01-آمارهای داخلی,02-نظام پزشکی,03-داروساز,,,,,,تعداد اعضای گروه داروسازی سازمان نظام پزشکی ایران,خورشیدی,کشور,سازمان نظام پزشکی ایران,نفر,سالانه,FALSE,line,time,num,subscriber
he_ac_dc_np_dr-mw,6,03-سلامت,04-امکانات,01-کادر درمان,01-آمارهای داخلی,02-نظام پزشکی,03-ماما,,,,,,تعداد اعضای گروه مامایی سازمان نظام پزشکی ایران,خورشیدی,کشور,سازمان نظام پزشکی ایران,نفر,سالانه,FALSE,line,time,num,subscriber
he_ac_dc_pu_t,6,03-سلامت,04-امکانات,01-کادر درمان,01-آمارهای داخلی,03-دانشگاه‌های علوم پزشکی,01-کل اعضا,,,,,,تعداد کل کارکنان شاغل در دانشگاه‌های علوم پزشکی,خورشیدی,کشور,مرکز آمار ایران,نفر,سالانه,FALSE,line,time,num,subscriber
he_ac_dc_pu_cl,7,03-سلامت,04-امکانات,01-کادر درمان,01-آمارهای داخلی,03-دانشگاه‌های علوم پزشکی,02-پزشک و متخصص,01-تعداد کل,,,,,تعداد کل پزشکان و متخصصان شاغل در دانشگاه‌های علوم پزشکی,خورشیدی,کشور,مرکز آمار ایران,نفر,سالانه,FALSE,line,time,num,subscriber
he_ac_dc_pu_cl_g,7,03-سلامت,04-امکانات,01-کادر درمان,01-آمارهای داخلی,03-دانشگاه‌های علوم پزشکی,02-پزشک و متخصص,02-پزشک,,,,,تعداد پزشکان عمومی شاغل در دانشگاه‌های علوم پزشکی,خورشیدی,کشور,مرکز آمار ایران,نفر,سالانه,FALSE,line,time,num,subscriber
he_ac_dc_pu_cl_sp,7,03-سلامت,04-امکانات,01-کادر درمان,01-آمارهای داخلی,03-دانشگاه‌های علوم پزشکی,02-پزشک و متخصص,03-متخصص,,,,,تعداد پزشکان متخصص شاغل در دانشگاه‌های علوم پزشکی,خورشیدی,کشور,مرکز آمار ایران,نفر,سالانه,FALSE,line,time,num,subscriber
he_ac_dc_pu_cl_sub,7,03-سلامت,04-امکانات,01-کادر درمان,01-آمارهای داخلی,03-دانشگاه‌های علوم پزشکی,02-پزشک و متخصص,04-فوق‌تخصص,,,,,تعداد پزشکان فوق‌تخصص شاغل در دانشگاه‌های علوم پزشکی,خورشیدی,کشور,مرکز آمار ایران,نفر,سالانه,FALSE,line,time,num,subscriber
he_ac_dc_pu_cl_fl,7,03-سلامت,04-امکانات,01-کادر درمان,01-آمارهای داخلی,03-دانشگاه‌های علوم پزشکی,02-پزشک و متخصص,05-دکترای تخصصی,,,,,Fellowship-trained Specialists (Medical Universities),خورشیدی,کشور,مرکز آمار ایران,نفر,سالانه,FALSE,line,time,num,subscriber
he_ac_dc_pu_cl_dn,7,03-سلامت,04-امکانات,01-کادر درمان,01-آمارهای داخلی,03-دانشگاه‌های علوم پزشکی,02-پزشک و متخصص,06-دندان‌پزشک,,,,,تعداد دندان‌پزشکان شاغل در دانشگاه‌های علوم پزشکی,خورشیدی,کشور,مرکز آمار ایران,نفر,سالانه,FALSE,line,time,num,subscriber
he_ac_dc_pu_cl_ph,7,03-سلامت,04-امکانات,01-کادر درمان,01-آمارهای داخلی,03-دانشگاه‌های علوم پزشکی,02-پزشک و متخصص,07-داروساز,,,,,تعداد داروسازان شاغل در دانشگاه‌های علوم پزشکی,خورشیدی,کشور,مرکز آمار ایران,نفر,سالانه,FALSE,line,time,num,subscriber
he_ac_dc_pu_cl_lab,7,03-سلامت,04-امکانات,01-کادر درمان,01-آمارهای داخلی,03-دانشگاه‌های علوم پزشکی,02-پزشک و متخصص,08-علوم آزمایشگاهی,,,,,تعداد دکترای علوم آزمایشگاهی شاغل در دانشگاه‌های علوم پزشکی,خورشیدی,کشور,مرکز آمار ایران,نفر,سالانه,FALSE,line,time,num,subscriber
he_ac_dc_pu_hp,7,03-سلامت,04-امکانات,01-کادر درمان,01-آمارهای داخلی,03-دانشگاه‌های علوم پزشکی,03-پیراپزشک,01-تعداد کل,,,,,تعداد کل پیراپزشکان شاغل در دانشگاه‌های علوم پزشکی,خورشیدی,کشور,مرکز آمار ایران,نفر,سالانه,FALSE,line,time,num,subscriber
he_ac_dc_pu_hp_nr,7,03-سلامت,04-امکانات,01-کادر درمان,01-آمارهای داخلی,03-دانشگاه‌های علوم پزشکی,03-پیراپزشک,02-پرستار,,,,,تعداد پرستاران (در همه سطوح) شاغل در دانشگاه‌های علوم پزشکی,خورشیدی,کشور,مرکز آمار ایران,نفر,سالانه,FALSE,line,time,num,subscriber
he_ac_dc_pu_hp_ot,7,03-سلامت,04-امکانات,01-کادر درمان,01-آمارهای داخلی,03-دانشگاه‌های علوم پزشکی,03-پیراپزشک,03-تکنسین اتاق عمل,,,,,تعداد تکنسین‌های اتاق عمل شاغل در دانشگاه‌های علوم پزشکی,خورشیدی,کشور,مرکز آمار ایران,نفر,سالانه,FALSE,line,time,num,subscriber
he_ac_dc_pu_hp_at,7,03-سلامت,04-امکانات,01-کادر درمان,01-آمارهای داخلی,03-دانشگاه‌های علوم پزشکی,03-پیراپزشک,04-تکنسین بیهوشی,,,,,تعداد تکنسین‌های بیهوشی شاغل در دانشگاه‌های علوم پزشکی,خورشیدی,کشور,مرکز آمار ایران,نفر,سالانه,FALSE,line,time,num,subscriber
he_ac_dc_pu_hp_mw,7,03-سلامت,04-امکانات,01-کادر درمان,01-آمارهای داخلی,03-دانشگاه‌های علوم پزشکی,03-پیراپزشک,05-ماما,,,,,تعداد ماماهای شاغل در دانشگاه‌های علوم پزشکی,خورشیدی,کشور,مرکز آمار ایران,نفر,سالانه,FALSE,line,time,num,subscriber
he_ac_dc_pu_hp_ha,7,03-سلامت,04-امکانات,01-کادر درمان,01-آمارهای داخلی,03-دانشگاه‌های علوم پزشکی,03-پیراپزشک,06-بهیار و بهورز,,,,,تعداد بهیارها و بهورزهای شاغل در دانشگاه‌های علوم پزشکی,خورشیدی,کشور,مرکز آمار ایران,نفر,سالانه,FALSE,line,time,num,subscriber
he_ac_dc_pu_ot,6,03-سلامت,04-امکانات,01-کادر درمان,01-آمارهای داخلی,03-دانشگاه‌های علوم پزشکی,04-سایر کارکنان,,,,,,سایر کارکنان دانشگاه‌های علوم پزشکی,خورشیدی,کشور,مرکز آمار ایران,نفر,سالانه,FALSE,line,time,num,subscriber
he_ac_dc_np_dr,5,03-سلامت,04-امکانات,01-کادر درمان,01-آمار WHO,01-پزشک,,,,,,,دسترسی به پزشک (به ازای هر هزار نفر),میلادی,کشور,سازمان بهداشت جهانی,به ازای هر هزار,سالانه,FALSE,line,time,num,subscriber
he_ac_dc_np_ns,5,03-سلامت,04-امکانات,01-کادر درمان,01-آمار WHO,02-پرستار,,,,,,,دسترسی به ماما و پرستار (به ازای هر هزار نفر),میلادی,کشور,سازمان بهداشت جهانی,به ازای هر هزار,سالانه,FALSE,line,time,num,subscriber
he_ac_hos_b_t_t,7,03-سلامت,04-امکانات,02=مراکز درمانی,01-بیمارستان,01-تخت بیمارستانی,01-آمارهای داخلی,01-تخت‌های مصوب,01-تعداد کل,,,,تعداد کل تخت‌های بیمارستانی (مصوب),خورشیدی,کشور,مرکز آمار ایران,تعداد,سالانه,FALSE,line,time,num,subscriber
he_ac_hos_b_t_pb,7,03-سلامت,04-امکانات,02=مراکز درمانی,01-بیمارستان,01-تخت بیمارستانی,01-آمارهای داخلی,01-تخت‌های مصوب,02-عمومی,,,,تعداد تخت‌های بیمارستان‌های دولتی و عمومی (مصوب),خورشیدی,کشور,مرکز آمار ایران,تعداد,سالانه,FALSE,line,time,num,subscriber
he_ac_hos_b_t_pr,7,03-سلامت,04-امکانات,02=مراکز درمانی,01-بیمارستان,01-تخت بیمارستانی,01-آمارهای داخلی,01-تخت‌های مصوب,03-خصوصی,,,,تعداد تخت‌های بیمارستان‌های خصوصی (مصوب),خورشیدی,کشور,مرکز آمار ایران,تعداد,سالانه,FALSE,line,time,num,subscriber
he_ac_hos_b_t_cr,7,03-سلامت,04-امکانات,02=مراکز درمانی,01-بیمارستان,01-تخت بیمارستانی,01-آمارهای داخلی,01-تخت‌های مصوب,04-خیریه,,,,تعداد تخت‌های بیمارستان‌های خیریه (مصوب),خورشیدی,کشور,مرکز آمار ایران,تعداد,سالانه,FALSE,line,time,num,subscriber
he_ac_hos_b_ac_t,7,03-سلامت,04-امکانات,02=مراکز درمانی,01-بیمارستان,01-تخت بیمارستانی,01-آمارهای داخلی,02-تخت‌های فعال,01-تعداد کل,,,,تخت‌های فعال بیمارستان (تعداد کل),خورشیدی,کشور,مرکز آمار ایران,تعداد,سالانه,FALSE,line,time,num,subscriber
he_ac_hos_b_ac_icu,7,03-سلامت,04-امکانات,02=مراکز درمانی,01-بیمارستان,01-تخت بیمارستانی,01-آمارهای داخلی,02-تخت‌های فعال,01-ICU,,,,تخت‌های فعال بیمارستانی بخش ICU,خورشیدی,کشور,مرکز آمار ایران,تعداد,سالانه,FALSE,line,time,num,subscriber
he_ac_hos_b_ac_ccu,7,03-سلامت,04-امکانات,02=مراکز درمانی,01-بیمارستان,01-تخت بیمارستانی,01-آمارهای داخلی,02-تخت‌های فعال,02-CCU,,,,تخت‌های فعال بیمارستانی بخش CCU,خورشیدی,کشور,مرکز آمار ایران,تعداد,سالانه,FALSE,line,time,num,subscriber
he_ac_hos_b_ac_nicu,7,03-سلامت,04-امکانات,02=مراکز درمانی,01-بیمارستان,01-تخت بیمارستانی,01-آمارهای داخلی,02-تخت‌های فعال,03-NICU,,,,تخت‌های فعال بیمارستانی NICU,خورشیدی,کشور,مرکز آمار ایران,تعداد,سالانه,FALSE,line,time,num,subscriber
he_ac_hos_b_ac_ps,7,03-سلامت,04-امکانات,02=مراکز درمانی,01-بیمارستان,01-تخت بیمارستانی,01-آمارهای داخلی,02-تخت‌های فعال,04-روانی,,,,تخت‌های فعال بیمارستانی بخش روانی,خورشیدی,کشور,مرکز آمار ایران,تعداد,سالانه,FALSE,line,time,num,subscriber
he_ac_hos_b_ac_br,7,03-سلامت,04-امکانات,02=مراکز درمانی,01-بیمارستان,01-تخت بیمارستانی,01-آمارهای داخلی,02-تخت‌های فعال,05-سوختگی,,,,تخت‌های فعال بیمارستانی بخش سوختگی,خورشیدی,کشور,مرکز آمار ایران,تعداد,سالانه,FALSE,line,time,num,subscriber
he_ac_hos_b_who,6,03-سلامت,04-امکانات,02=مراکز درمانی,01-بیمارستان,01-تخت بیمارستانی,02-آمار WHO,,,,,,تخت‌های بیمارستانی (به ازای هر ۱۰۰۰ نفر),میلادی,کشور,سازمان بهداشت جهانی,به ازای هر هزار,سالانه,FALSE,line,time,num,subscriber
he_ac_hos_n_t,6,03-سلامت,04-امکانات,02=مراکز درمانی,01-بیمارستان,02-تعداد,01-تعداد کل,,,,,,تعداد بیمارستان‌ها,خورشیدی,کشور,مرکز آمار ایران,تعداد,سالانه,FALSE,line,time,num,subscriber
he_ac_hos_n_pb,6,03-سلامت,04-امکانات,02=مراکز درمانی,01-بیمارستان,02-تعداد,02-عمومی,,,,,,تعداد بیمارستان‌های دولتی و عمومی,خورشیدی,کشور,مرکز آمار ایران,تعداد,سالانه,FALSE,line,time,num,subscriber
he_ac_hos_n_pr,6,03-سلامت,04-امکانات,02=مراکز درمانی,01-بیمارستان,02-تعداد,03-خصوصی,,,,,,تعداد بیمارستان‌های خصوصی,خورشیدی,کشور,مرکز آمار ایران,تعداد,سالانه,FALSE,line,time,num,subscriber
he_ac_hos_n_cr,6,03-سلامت,04-امکانات,02=مراکز درمانی,01-بیمارستان,02-تعداد,04-خیریه,,,,,,تعداد بیمارستان‌های خیریه,خورشیدی,کشور,مرکز آمار ایران,تعداد,سالانه,FALSE,line,time,num,subscriber
he_ac_cl_t,5,03-سلامت,04-امکانات,02=مراکز درمانی,02-درمانگاه,01-تعداد کل,,,,,,,تعداد کلینیک‌ها,خورشیدی,کشور,مرکز آمار ایران,تعداد,سالانه,FALSE,line,time,num,subscriber
he_ac_cl_pb,5,03-سلامت,04-امکانات,02=مراکز درمانی,02-درمانگاه,02-عمومی,,,,,,,تعداد کلینیک‌های دولتی و عمومی,خورشیدی,کشور,مرکز آمار ایران,تعداد,سالانه,FALSE,line,time,num,subscriber
he_ac_cl_pr,5,03-سلامت,04-امکانات,02=مراکز درمانی,02-درمانگاه,03-خصوصی,,,,,,,تعداد کلینیک‌های خصوصی,خورشیدی,کشور,مرکز آمار ایران,تعداد,سالانه,FALSE,line,time,num,subscriber
he_ac_cl_cr,5,03-سلامت,04-امکانات,02=مراکز درمانی,02-درمانگاه,04-خیریه,,,,,,,تعداد کلینیک‌های خیریه,خورشیدی,کشور,مرکز آمار ایران,تعداد,سالانه,FALSE,line,time,num,subscriber
he_ac_ph_t,5,03-سلامت,04-امکانات,02=مراکز درمانی,02-داروخانه,01-تعداد کل,,,,,,,تعداد داروخانه‌ها,خورشیدی,کشور,مرکز آمار ایران,تعداد,سالانه,FALSE,line,time,num,subscriber
he_ac_ph_pb,5,03-سلامت,04-امکانات,02=مراکز درمانی,02-داروخانه,02-عمومی,,,,,,,تعداد داروخانه‌های عمومی,خورشیدی,کشور,مرکز آمار ایران,تعداد,سالانه,FALSE,line,time,num,subscriber
he_ac_ph_pr,5,03-سلامت,04-امکانات,02=مراکز درمانی,02-داروخانه,03-خصوصی,,,,,,,تعداد داروخانه‌های خصوصی,خورشیدی,کشور,مرکز آمار ایران,تعداد,سالانه,FALSE,line,time,num,subscriber
edu_in_lit_6_t,6,04-آموزش,01-شاخص‌های آموزشی,01-نرخ باسوادی,01-بالای ۶ سال,01-مرد و زن,01-تقویم خورشیدی,,,,,,نرخ باسوادی (بالای ۶ سال) - مرد و زن,خورشیدی,کشور,مرکز آمار ایران,%,سالانه,FALSE,line,time,num,subscriber
edu_in_lit_6_ma,6,04-آموزش,01-شاخص‌های آموزشی,01-نرخ باسوادی,01-بالای ۶ سال,02-مرد,01-تقویم خورشیدی,,,,,,نرخ باسوادی (بالای ۶ سال) - مرد,خورشیدی,کشور,مرکز آمار ایران,%,سالانه,FALSE,line,time,num,subscriber
edu_in_lit_6_fe,6,04-آموزش,01-شاخص‌های آموزشی,01-نرخ باسوادی,01-بالای ۶ سال,03-زن,01-تقویم خورشیدی,,,,,,نرخ باسوادی (بالای ۶ سال) - زنان,خورشیدی,کشور,مرکز آمار ایران,%,سالانه,FALSE,line,time,num,subscriber
edu_in_lit_15_t,6,04-آموزش,01-شاخص‌های آموزشی,01-نرخ باسوادی,02-بالای ۱۵ سال,01-مرد و زن,01-تقویم خورشیدی,,,,,,نرخ باسوادی بزرگسالان (بالای ۱۵ سال) - مرد و زن,خورشیدی,کشور,مرکز آمار ایران,%,سالانه,FALSE,line,time,num,subscriber
edu_in_lit_15_ma,6,04-آموزش,01-شاخص‌های آموزشی,01-نرخ باسوادی,02-بالای ۱۵ سال,02-مرد,01-تقویم خورشیدی,,,,,,نرخ باسوادی بزرگسالان (بالای ۱۵ سال) - مرد,خورشیدی,کشور,مرکز آمار ایران,%,سالانه,FALSE,line,time,num,subscriber
edu_in_lit_15_fe,6,04-آموزش,01-شاخص‌های آموزشی,01-نرخ باسوادی,02-بالای ۱۵ سال,03-زن,01-تقویم خورشیدی,,,,,,نرخ باسوادی بزرگسالان (بالای ۱۵ سال) - زنان,خورشیدی,کشور,مرکز آمار ایران,%,سالانه,FALSE,line,time,num,subscriber
edu_in_en_pr,4,04-آموزش,01-شاخص‌های آموزشی,03-نرخ ثبت نام در مدارس,01-ابتدایی,,,,,,,,نرخ ثبت‌نام ناخالص (ابتدایی),میلادی,کشور,بانک جهانی,%,سالانه,FALSE,line,time,num,subscriber
edu_in_en_se,4,04-آموزش,01-شاخص‌های آموزشی,03-نرخ ثبت نام در مدارس,02-متوسطه,,,,,,,,نرخ ثبت‌نام ناخالص (متوسط),میلادی,کشور,بانک جهانی,%,سالانه,FALSE,line,time,num,subscriber
edu_in_en_tr,4,04-آموزش,01-شاخص‌های آموزشی,03-نرخ ثبت نام در مدارس,03-آموزش عالی,,,,,,,,نرخ ثبت‌نام ناخالص (آموزش عالی),میلادی,کشور,بانک جهانی,%,سالانه,FALSE,line,time,num,subscriber
edu_in_os_p_t,4,04-آموزش,01-شاخص‌های آموزشی,04-نرخ بازماندگی از تحصیل,01-مرد و زن,,,,,,,,کودکان بازمانده از تحصیل، مقطع ابتدایی - پسر و دختر,میلادی,کشور,بانک جهانی,تعداد,سالانه,FALSE,line,time,num,subscriber
edu_in_os_p_ma,4,04-آموزش,01-شاخص‌های آموزشی,04-نرخ بازماندگی از تحصیل,02-مرد,,,,,,,,کودکان بازمانده از تحصیل، مقطع ابتدایی - پسران,میلادی,کشور,بانک جهانی,تعداد,سالانه,FALSE,line,time,num,subscriber
edu_in_os_p_fe,4,04-آموزش,01-شاخص‌های آموزشی,04-نرخ بازماندگی از تحصیل,03-زن,,,,,,,,کودکان بازمانده از تحصیل، ابتدایی - دختر,میلادی,کشور,بانک جهانی,تعداد,سالانه,FALSE,line,time,num,subscriber
edu_in_ys_ex,4,04-آموزش,01-شاخص‌های آموزشی,04-طول دوران تحصیل,01-سال‌های مورد انتظار,,,,,,,,امید به تحصیل (سال‌های مورد انتظار),میلادی,کشور,بانک جهانی,سال,سالانه,FALSE,line,time,num,subscriber
edu_in_ys_me,4,04-آموزش,01-شاخص‌های آموزشی,04-طول دوران تحصیل,02-میانگین سال‌های تحصیل,,,,,,,,میانگین سال‌های تحصیل (سال),میلادی,کشور,توسعه انسانی سازمان ملل متحد,سال,سالانه,FALSE,line,time,num,subscriber
edu_ge_st_t,6,04-آموزش,02-آموزش و پرورش,01-دانش‌آموزان,01-همه مقاطع تحصیلی,01-مرد و زن,01-تقویم خورشیدی,,,,,,تعداد دانش‌آموزان (دختر و پسر),خورشیدی,کشور,مرکز آمار ایران,نفر,monthly,FALSE,line,time,num,subscriber
edu_ge_st_ma,6,04-آموزش,02-آموزش و پرورش,01-دانش‌آموزان,01-همه مقاطع تحصیلی,02-مرد,01-تقویم خورشیدی,,,,,,تعداد دانش‌آموزان (پسر),خورشیدی,کشور,مرکز آمار ایران,نفر,monthly,FALSE,line,time,num,subscriber
edu_ge_st_fe,6,04-آموزش,02-آموزش و پرورش,01-دانش‌آموزان,01-همه مقاطع تحصیلی,03-زن,01-تقویم خورشیدی,,,,,,تعداد دانش‌آموزان (دختر),خورشیدی,کشور,مرکز آمار ایران,نفر,monthly,FALSE,line,time,num,subscriber
edu_ge_st_pr_t,6,04-آموزش,02-آموزش و پرورش,01-دانش‌آموزان,02-پیش‌دبستانی,01-مرد و زن,01-تقویم خورشیدی,,,,,,تعداد دانش‌آموزان پیش‌دبستانی (دختر و پسر),خورشیدی,کشور,مرکز آمار ایران,نفر,monthly,FALSE,line,time,num,subscriber
edu_ge_st_pr_ma,6,04-آموزش,02-آموزش و پرورش,01-دانش‌آموزان,02-پیش‌دبستانی,02-مرد,01-تقویم خورشیدی,,,,,,تعداد دانش‌آموزان پیش‌دبستانی (پسر),خورشیدی,کشور,مرکز آمار ایران,نفر,monthly,FALSE,line,time,num,subscriber
edu_ge_st_pr_fe,6,04-آموزش,02-آموزش و پرورش,01-دانش‌آموزان,02-پیش‌دبستانی,03-زن,01-تقویم خورشیدی,,,,,,تعداد دانش‌آموزان پیش‌دبستانی (دختر),خورشیدی,کشور,مرکز آمار ایران,نفر,monthly,FALSE,line,time,num,subscriber
edu_ge_st_el_t,6,04-آموزش,02-آموزش و پرورش,01-دانش‌آموزان,03-ابتدایی,01-مرد و زن,01-تقویم خورشیدی,,,,,,تعداد دانش‌آموزان دبستان (دختر و پسر),خورشیدی,کشور,مرکز آمار ایران,نفر,monthly,FALSE,line,time,num,subscriber
edu_ge_st_el_ma,6,04-آموزش,02-آموزش و پرورش,01-دانش‌آموزان,03-ابتدایی,02-مرد,01-تقویم خورشیدی,,,,,,تعداد دانش‌آموزان دبستان (پسر),خورشیدی,کشور,مرکز آمار ایران,نفر,monthly,FALSE,line,time,num,subscriber
edu_ge_st_el_fe,6,04-آموزش,02-آموزش و پرورش,01-دانش‌آموزان,03-ابتدایی,03-زن,01-تقویم خورشیدی,,,,,,تعداد دانش‌آموزان دبستان (دختر),خورشیدی,کشور,مرکز آمار ایران,نفر,monthly,FALSE,line,time,num,subscriber
edu_ge_st_md_t,6,04-آموزش,02-آموزش و پرورش,01-دانش‌آموزان,04-متوسطه اول,01-مرد و زن,01-تقویم خورشیدی,,,,,,تعداد دانش‌آموزان متوسطه اول (دختر و پسر),خورشیدی,کشور,مرکز آمار ایران,نفر,monthly,FALSE,line,time,num,subscriber
edu_ge_st_md_ma,6,04-آموزش,02-آموزش و پرورش,01-دانش‌آموزان,04-متوسطه اول,02-مرد,01-تقویم خورشیدی,,,,,,تعداد دانش‌آموزان متوسطه اول (پسر),خورشیدی,کشور,مرکز آمار ایران,نفر,monthly,FALSE,line,time,num,subscriber
edu_ge_st_md_fe,6,04-آموزش,02-آموزش و پرورش,01-دانش‌آموزان,04-متوسطه اول,03-زن,01-تقویم خورشیدی,,,,,,تعداد دانش‌آموزان متوسطه اول (دختر),خورشیدی,کشور,مرکز آمار ایران,نفر,monthly,FALSE,line,time,num,subscriber
edu_ge_st_hi_t,6,04-آموزش,02-آموزش و پرورش,01-دانش‌آموزان,05-متوسطه دوم,01-مرد و زن,01-تقویم خورشیدی,,,,,,تعداد دانش‌آموزان متوسطه دوم (دختر و پسر),خورشیدی,کشور,مرکز آمار ایران,نفر,monthly,FALSE,line,time,num,subscriber
edu_ge_st_hi_ma,6,04-آموزش,02-آموزش و پرورش,01-دانش‌آموزان,05-متوسطه دوم,02-مرد,01-تقویم خورشیدی,,,,,,تعداد دانش‌آموزان متوسطه دوم (پسر),خورشیدی,کشور,مرکز آمار ایران,نفر,monthly,FALSE,line,time,num,subscriber
edu_ge_st_hi_fe,6,04-آموزش,02-آموزش و پرورش,01-دانش‌آموزان,05-متوسطه دوم,03-زن,01-تقویم خورشیدی,,,,,,تعداد دانش‌آموزان متوسطه دوم (دختر),خورشیدی,کشور,مرکز آمار ایران,نفر,monthly,FALSE,line,time,num,subscriber
edu_ge_sf_te_all,6,04-آموزش,02-آموزش و پرورش,02-کادر آموزشی,01-معلم,01-همه مقاطع تحصیلی,01-تقویم خورشیدی,,,,,,تعداد کل معلمان,خورشیدی,کشور,مرکز آمار ایران,نفر,monthly,FALSE,line,time,num,subscriber
edu_ge_sf_te_el,6,04-آموزش,02-آموزش و پرورش,02-کادر آموزشی,01-معلم,03-ابتدایی,01-تقویم خورشیدی,,,,,,تعداد معلمان دبستان,خورشیدی,کشور,مرکز آمار ایران,نفر,monthly,FALSE,line,time,num,subscriber
edu_ge_sf_te_md,6,04-آموزش,02-آموزش و پرورش,02-کادر آموزشی,01-معلم,04-متوسطه اول,01-تقویم خورشیدی,,,,,,تعداد معلمان متوسطه اول,خورشیدی,کشور,مرکز آمار ایران,نفر,monthly,FALSE,line,time,num,subscriber
edu_ge_sf_te_hi,6,04-آموزش,02-آموزش و پرورش,02-کادر آموزشی,01-معلم,05-متوسطه دوم,01-تقویم خورشیدی,,,,,,تعداد معلمان متوسطه دوم,خورشیدی,کشور,مرکز آمار ایران,نفر,monthly,FALSE,line,time,num,subscriber
edu_ge_sf_sf_all,6,04-آموزش,02-آموزش و پرورش,02-کادر آموزشی,02-مدیر و کادر مدرسه,01-همه مقاطع تحصیلی,01-تقویم خورشیدی,,,,,,تعداد کل کارکنان آموزشی (مدیریت و کیفیت‌بخشی),خورشیدی,کشور,مرکز آمار ایران,نفر,monthly,FALSE,line,time,num,subscriber
edu_ge_sf_sf_el,6,04-آموزش,02-آموزش و پرورش,02-کادر آموزشی,02-مدیر و کادر مدرسه,03-ابتدایی,01-تقویم خورشیدی,,,,,,تعداد کارکنان آموزشی - مدیریت و کیفیت‌بخشی (مقطع دبستان),خورشیدی,کشور,مرکز آمار ایران,نفر,monthly,FALSE,line,time,num,subscriber
edu_ge_sf_sf_md,6,04-آموزش,02-آموزش و پرورش,02-کادر آموزشی,02-مدیر و کادر مدرسه,04-متوسطه اول,01-تقویم خورشیدی,,,,,,کارکنان آموزشی - مدیریت و کیفیت‌بخشی (مقطع متوسطه اول),خورشیدی,کشور,مرکز آمار ایران,نفر,monthly,FALSE,line,time,num,subscriber
edu_ge_sf_sf_hi,6,04-آموزش,02-آموزش و پرورش,02-کادر آموزشی,02-مدیر و کادر مدرسه,05-متوسطه دوم,01-تقویم خورشیدی,,,,,,کارکنان آموزشی - مدیریت و کیفیت‌بخشی (مقطع متوسطه دوم),خورشیدی,کشور,مرکز آمار ایران,نفر,monthly,FALSE,line,time,num,subscriber
edu_ge_sc_sc_pr,6,04-آموزش,02-آموزش و پرورش,03-مدرسه و کلاس درس,01-مدرسه,02-پیش‌دبستانی,01-تقویم خورشیدی,,,,,,تعداد مراکز پیش‌دبستانی,خورشیدی,کشور,مرکز آمار ایران,تعداد,monthly,FALSE,line,time,num,subscriber
edu_ge_sc_sc_el,6,04-آموزش,02-آموزش و پرورش,03-مدرسه و کلاس درس,01-مدرسه,03-ابتدایی,01-تقویم خورشیدی,,,,,,تعداد دبستان‌ها,خورشیدی,کشور,مرکز آمار ایران,تعداد,monthly,FALSE,line,time,num,subscriber
edu_ge_sc_sc_md,6,04-آموزش,02-آموزش و پرورش,03-مدرسه و کلاس درس,01-مدرسه,04-متوسطه اول,01-تقویم خورشیدی,,,,,,تعداد مدارس متوسطه اول,خورشیدی,کشور,مرکز آمار ایران,تعداد,monthly,FALSE,line,time,num,subscriber
edu_ge_sc_sc_hi,6,04-آموزش,02-آموزش و پرورش,03-مدرسه و کلاس درس,01-مدرسه,05-متوسطه دوم,01-تقویم خورشیدی,,,,,,تعداد مدارس متوسطه دوم,خورشیدی,کشور,مرکز آمار ایران,تعداد,monthly,FALSE,line,time,num,subscriber
edu_ge_sc_cl_pr,6,04-آموزش,02-آموزش و پرورش,03-مدرسه و کلاس درس,02-کلاس درس,02-پیش‌دبستانی,01-تقویم خورشیدی,,,,,,تعداد کلاس‌های پیش‌دبستانی,خورشیدی,کشور,مرکز آمار ایران,تعداد,monthly,FALSE,line,time,num,subscriber
edu_ge_sc_cl_el,6,04-آموزش,02-آموزش و پرورش,03-مدرسه و کلاس درس,02-کلاس درس,03-ابتدایی,01-تقویم خورشیدی,,,,,,تعداد کلاس‌های دبستان,خورشیدی,کشور,مرکز آمار ایران,تعداد,monthly,FALSE,line,time,num,subscriber
edu_ge_sc_cl_md,6,04-آموزش,02-آموزش و پرورش,03-مدرسه و کلاس درس,02-کلاس درس,04-متوسطه اول,01-تقویم خورشیدی,,,,,,تعداد کلاس‌های متوسطه اول,خورشیدی,کشور,مرکز آمار ایران,تعداد,monthly,FALSE,line,time,num,subscriber
edu_ge_sc_cl_hi,6,04-آموزش,02-آموزش و پرورش,03-مدرسه و کلاس درس,02-کلاس درس,05-متوسطه دوم,01-تقویم خورشیدی,,,,,,تعداد کلاس‌های متوسطه دوم,خورشیدی,کشور,مرکز آمار ایران,تعداد,monthly,FALSE,line,time,num,subscriber
edu_hi_st_t_t,2,04-آموزش,03-آموزش عالی,01-دانشجویان,01-کل دانشجویان,01-مرد و زن,01-تقویم خورشیدی,,,,,,تعداد دانشجویان (زن و مرد),خورشیدی,کشور,مرکز آمار ایران,نفر,monthly,FALSE,line,time,num,subscriber
edu_hi_st_t_ma,2,04-آموزش,03-آموزش عالی,01-دانشجویان,01-کل دانشجویان,02-مرد,01-تقویم خورشیدی,,,,,,تعداد دانشجویان (مرد),خورشیدی,کشور,مرکز آمار ایران,نفر,monthly,FALSE,line,time,num,subscriber
edu_hi_st_t_fe,2,04-آموزش,03-آموزش عالی,01-دانشجویان,01-کل دانشجویان,03-زن,01-تقویم خورشیدی,,,,,,تعداد دانشجویان (زن),خورشیدی,کشور,مرکز آمار ایران,نفر,monthly,FALSE,line,time,num,subscriber
edu_hi_st_lev_t,2,04-آموزش,03-آموزش عالی,01-دانشجویان,02-به تفکیک مقطع تحصیلی,01-مرد و زن,01-تقویم خورشیدی,,,,,,دانشجویان به تفکیک مقطع تحصیلی (زن و مرد),خورشیدی,کشور,مرکز آمار ایران,نفر,monthly,TRUE,bar,time,num,subscriber
edu_hi_st_lev_ma,2,04-آموزش,03-آموزش عالی,01-دانشجویان,02-به تفکیک مقطع تحصیلی,02-مرد,01-تقویم خورشیدی,,,,,,دانشجویان به تفکیک مقطع تحصیلی (مرد),خورشیدی,کشور,مرکز آمار ایران,نفر,monthly,TRUE,bar,time,num,subscriber
edu_hi_st_lev_fe,2,04-آموزش,03-آموزش عالی,01-دانشجویان,02-به تفکیک مقطع تحصیلی,03-زن,01-تقویم خورشیدی,,,,,,دانشجویان به تفکیک مقطع تحصیلی (زن),خورشیدی,کشور,مرکز آمار ایران,نفر,monthly,TRUE,bar,time,num,subscriber
edu_hi_st_fld_t,2,04-آموزش,03-آموزش عالی,01-دانشجویان,03-به تفکیک رشته تحصیلی,01-مرد و زن,01-تقویم خورشیدی,,,,,,دانشجویان به تفکیک رشته تحصیلی (زن و مرد),خورشیدی,کشور,مرکز آمار ایران,نفر,monthly,TRUE,bar,time,num,subscriber
edu_hi_st_fld_ma,2,04-آموزش,03-آموزش عالی,01-دانشجویان,03-به تفکیک رشته تحصیلی,02-مرد,01-تقویم خورشیدی,,,,,,دانشجویان به تفکیک رشته تحصیلی (مرد),خورشیدی,کشور,مرکز آمار ایران,نفر,monthly,TRUE,bar,time,num,subscriber
edu_hi_st_fld_fe,2,04-آموزش,03-آموزش عالی,01-دانشجویان,03-به تفکیک رشته تحصیلی,03-زن,01-تقویم خورشیدی,,,,,,دانشجویان به تفکیک رشته تحصیلی (زن),خورشیدی,کشور,مرکز آمار ایران,نفر,monthly,TRUE,bar,time,num,subscriber
edu_hi_fm_t_t,2,04-آموزش,03-آموزش عالی,02-اعضای هیات علمی,01-تعداد کل,01-مرد و زن,01-تقویم خورشیدی,,,,,,تعداد کل اعضای هیات علمی دانشگاه‌ها (مرد و زن),خورشیدی,کشور,مرکز آمار ایران,نفر,monthly,FALSE,line,time,num,subscriber
edu_hi_fm_t_ma,2,04-آموزش,03-آموزش عالی,02-اعضای هیات علمی,01-تعداد کل,02-مرد,01-تقویم خورشیدی,,,,,,تعداد اعضای هیات علمی دانشگاه‌ها (مرد),خورشیدی,کشور,مرکز آمار ایران,نفر,monthly,FALSE,line,time,num,subscriber
edu_hi_fm_t_fe,2,04-آموزش,03-آموزش عالی,02-اعضای هیات علمی,01-تعداد کل,03-زن,01-تقویم خورشیدی,,,,,,تعداد کل اعضای هیات علمی دانشگاه‌ها (زن),خورشیدی,کشور,مرکز آمار ایران,نفر,monthly,FALSE,line,time,num,subscriber
edu_hi_fm_grad,2,04-آموزش,03-آموزش عالی,02-اعضای هیات علمی,01-به تفکیک مرتبه علمی,01-تقویم خورشیدی,,,,,,,اعضای هیات علمی دانشگاه‌ها به تفکیک مرتبه علمی,خورشیدی,کشور,مرکز آمار ایران,نفر,monthly,TRUE,bar,time,num,subscriber
edu_in_lit_6_t_g,6,04-آموزش,01-شاخص‌های آموزشی,01-نرخ باسوادی,01-بالای ۶ سال,01-مرد و زن,02-تقویم میلادی,,,,,,نرخ باسوادی (بالای ۶ سال) - مرد و زن,میلادی,کشور,مرکز آمار ایران,%,سالانه,FALSE,line,time,num,subscriber
edu_in_lit_6_ma_g,6,04-آموزش,01-شاخص‌های آموزشی,01-نرخ باسوادی,01-بالای ۶ سال,02-مرد,02-تقویم میلادی,,,,,,نرخ باسوادی (بالای ۶ سال) - مرد,میلادی,کشور,مرکز آمار ایران,%,سالانه,FALSE,line,time,num,subscriber
edu_in_lit_6_fe_g,6,04-آموزش,01-شاخص‌های آموزشی,01-نرخ باسوادی,01-بالای ۶ سال,03-زن,02-تقویم میلادی,,,,,,نرخ باسوادی (بالای ۶ سال) - زنان,میلادی,کشور,مرکز آمار ایران,%,سالانه,FALSE,line,time,num,subscriber
edu_in_lit_15_t_g,6,04-آموزش,01-شاخص‌های آموزشی,01-نرخ باسوادی,02-بالای ۱۵ سال,01-مرد و زن,02-تقویم میلادی,,,,,,نرخ باسوادی بزرگسالان (بالای ۱۵ سال) - مرد و زن,میلادی,کشور,مرکز آمار ایران,%,سالانه,FALSE,line,time,num,subscriber
edu_in_lit_15_ma_g,6,04-آموزش,01-شاخص‌های آموزشی,01-نرخ باسوادی,02-بالای ۱۵ سال,02-مرد,02-تقویم میلادی,,,,,,نرخ باسوادی بزرگسالان (بالای ۱۵ سال) - مرد,میلادی,کشور,مرکز آمار ایران,%,سالانه,FALSE,line,time,num,subscriber
edu_in_lit_15_fe_g,6,04-آموزش,01-شاخص‌های آموزشی,01-نرخ باسوادی,02-بالای ۱۵ سال,03-زن,02-تقویم میلادی,,,,,,نرخ باسوادی بزرگسالان (بالای ۱۵ سال) - زنان,میلادی,کشور,مرکز آمار ایران,%,سالانه,FALSE,line,time,num,subscriber
edu_ge_st_t_g,6,04-آموزش,02-آموزش و پرورش,01-دانش‌آموزان,01-همه مقاطع تحصیلی,01-مرد و زن,02-تقویم میلادی,,,,,,تعداد دانش‌آموزان (دختر و پسر),میلادی,کشور,مرکز آمار ایران,نفر,monthly,FALSE,line,time,num,subscriber
edu_ge_st_ma_g,6,04-آموزش,02-آموزش و پرورش,01-دانش‌آموزان,01-همه مقاطع تحصیلی,02-مرد,02-تقویم میلادی,,,,,,تعداد دانش‌آموزان (پسر),میلادی,کشور,مرکز آمار ایران,نفر,monthly,FALSE,line,time,num,subscriber
edu_ge_st_fe_g,6,04-آموزش,02-آموزش و پرورش,01-دانش‌آموزان,01-همه مقاطع تحصیلی,03-زن,02-تقویم میلادی,,,,,,تعداد دانش‌آموزان (دختر),میلادی,کشور,مرکز آمار ایران,نفر,monthly,FALSE,line,time,num,subscriber
edu_ge_st_pr_t_g,6,04-آموزش,02-آموزش و پرورش,01-دانش‌آموزان,02-پیش‌دبستانی,01-مرد و زن,02-تقویم میلادی,,,,,,تعداد دانش‌آموزان پیش‌دبستانی (دختر و پسر),میلادی,کشور,مرکز آمار ایران,نفر,monthly,FALSE,line,time,num,subscriber
edu_ge_st_pr_ma_g,6,04-آموزش,02-آموزش و پرورش,01-دانش‌آموزان,02-پیش‌دبستانی,02-مرد,02-تقویم میلادی,,,,,,تعداد دانش‌آموزان پیش‌دبستانی (پسر),میلادی,کشور,مرکز آمار ایران,نفر,monthly,FALSE,line,time,num,subscriber
edu_ge_st_pr_fe_g,6,04-آموزش,02-آموزش و پرورش,01-دانش‌آموزان,02-پیش‌دبستانی,03-زن,02-تقویم میلادی,,,,,,تعداد دانش‌آموزان پیش‌دبستانی (دختر),میلادی,کشور,مرکز آمار ایران,نفر,monthly,FALSE,line,time,num,subscriber
edu_ge_st_el_t_g,6,04-آموزش,02-آموزش و پرورش,01-دانش‌آموزان,03-ابتدایی,01-مرد و زن,02-تقویم میلادی,,,,,,تعداد دانش‌آموزان دبستان (دختر و پسر),میلادی,کشور,مرکز آمار ایران,نفر,monthly,FALSE,line,time,num,subscriber
edu_ge_st_el_ma_g,6,04-آموزش,02-آموزش و پرورش,01-دانش‌آموزان,03-ابتدایی,02-مرد,02-تقویم میلادی,,,,,,تعداد دانش‌آموزان دبستان (پسر),میلادی,کشور,مرکز آمار ایران,نفر,monthly,FALSE,line,time,num,subscriber
edu_ge_st_el_fe_g,6,04-آموزش,02-آموزش و پرورش,01-دانش‌آموزان,03-ابتدایی,03-زن,02-تقویم میلادی,,,,,,تعداد دانش‌آموزان دبستان (دختر),میلادی,کشور,مرکز آمار ایران,نفر,monthly,FALSE,line,time,num,subscriber
edu_ge_st_md_t_g,6,04-آموزش,02-آموزش و پرورش,01-دانش‌آموزان,04-متوسطه اول,01-مرد و زن,02-تقویم میلادی,,,,,,تعداد دانش‌آموزان متوسطه اول (دختر و پسر),میلادی,کشور,مرکز آمار ایران,نفر,monthly,FALSE,line,time,num,subscriber
edu_ge_st_md_ma_g,6,04-آموزش,02-آموزش و پرورش,01-دانش‌آموزان,04-متوسطه اول,02-مرد,02-تقویم میلادی,,,,,,تعداد دانش‌آموزان متوسطه اول (پسر),میلادی,کشور,مرکز آمار ایران,نفر,monthly,FALSE,line,time,num,subscriber
edu_ge_st_md_fe_g,6,04-آموزش,02-آموزش و پرورش,01-دانش‌آموزان,04-متوسطه اول,03-زن,02-تقویم میلادی,,,,,,تعداد دانش‌آموزان متوسطه اول (دختر),میلادی,کشور,مرکز آمار ایران,نفر,monthly,FALSE,line,time,num,subscriber
edu_ge_st_hi_t_g,6,04-آموزش,02-آموزش و پرورش,01-دانش‌آموزان,05-متوسطه دوم,01-مرد و زن,02-تقویم میلادی,,,,,,تعداد دانش‌آموزان متوسطه دوم (دختر و پسر),میلادی,کشور,مرکز آمار ایران,نفر,monthly,FALSE,line,time,num,subscriber
edu_ge_st_hi_ma_g,6,04-آموزش,02-آموزش و پرورش,01-دانش‌آموزان,05-متوسطه دوم,02-مرد,02-تقویم میلادی,,,,,,تعداد دانش‌آموزان متوسطه دوم (پسر),میلادی,کشور,مرکز آمار ایران,نفر,monthly,FALSE,line,time,num,subscriber
edu_ge_st_hi_fe_g,6,04-آموزش,02-آموزش و پرورش,01-دانش‌آموزان,05-متوسطه دوم,03-زن,02-تقویم میلادی,,,,,,تعداد دانش‌آموزان متوسطه دوم (دختر),میلادی,کشور,مرکز آمار ایران,نفر,monthly,FALSE,line,time,num,subscriber
edu_ge_sf_te_all_g,6,04-آموزش,02-آموزش و پرورش,02-کادر آموزشی,01-معلم,01-همه مقاطع تحصیلی,02-تقویم میلادی,,,,,,تعداد کل معلمان,میلادی,کشور,مرکز آمار ایران,نفر,monthly,FALSE,line,time,num,subscriber
edu_ge_sf_te_el_g,6,04-آموزش,02-آموزش و پرورش,02-کادر آموزشی,01-معلم,03-ابتدایی,02-تقویم میلادی,,,,,,تعداد معلمان دبستان,میلادی,کشور,مرکز آمار ایران,نفر,monthly,FALSE,line,time,num,subscriber
edu_ge_sf_te_md_g,6,04-آموزش,02-آموزش و پرورش,02-کادر آموزشی,01-معلم,04-متوسطه اول,02-تقویم میلادی,,,,,,تعداد معلمان متوسطه اول,میلادی,کشور,مرکز آمار ایران,نفر,monthly,FALSE,line,time,num,subscriber
edu_ge_sf_te_hi_g,6,04-آموزش,02-آموزش و پرورش,02-کادر آموزشی,01-معلم,05-متوسطه دوم,02-تقویم میلادی,,,,,,تعداد معلمان متوسطه دوم,میلادی,کشور,مرکز آمار ایران,نفر,monthly,FALSE,line,time,num,subscriber
edu_ge_sf_sf_all_g,6,04-آموزش,02-آموزش و پرورش,02-کادر آموزشی,02-مدیر و کادر مدرسه,01-همه مقاطع تحصیلی,02-تقویم میلادی,,,,,,تعداد کل کارکنان آموزشی (مدیریت و کیفیت‌بخشی),میلادی,کشور,مرکز آمار ایران,نفر,monthly,FALSE,line,time,num,subscriber
edu_ge_sf_sf_el_g,6,04-آموزش,02-آموزش و پرورش,02-کادر آموزشی,02-مدیر و کادر مدرسه,03-ابتدایی,02-تقویم میلادی,,,,,,تعداد کارکنان آموزشی - مدیریت و کیفیت‌بخشی (مقطع دبستان),میلادی,کشور,مرکز آمار ایران,نفر,monthly,FALSE,line,time,num,subscriber
edu_ge_sf_sf_md_g,6,04-آموزش,02-آموزش و پرورش,02-کادر آموزشی,02-مدیر و کادر مدرسه,04-متوسطه اول,02-تقویم میلادی,,,,,,کارکنان آموزشی - مدیریت و کیفیت‌بخشی (مقطع متوسطه اول),میلادی,کشور,مرکز آمار ایران,نفر,monthly,FALSE,line,time,num,subscriber
edu_ge_sf_sf_hi_g,6,04-آموزش,02-آموزش و پرورش,02-کادر آموزشی,02-مدیر و کادر مدرسه,05-متوسطه دوم,02-تقویم میلادی,,,,,,کارکنان آموزشی - مدیریت و کیفیت‌بخشی (مقطع متوسطه دوم),میلادی,کشور,مرکز آمار ایران,نفر,monthly,FALSE,line,time,num,subscriber
edu_ge_sc_sc_pr_g,6,04-آموزش,02-آموزش و پرورش,03-مدرسه و کلاس درس,01-مدرسه,02-پیش‌دبستانی,02-تقویم میلادی,,,,,,تعداد مراکز پیش‌دبستانی,میلادی,کشور,مرکز آمار ایران,تعداد,monthly,FALSE,line,time,num,subscriber
edu_ge_sc_sc_el_g,6,04-آموزش,02-آموزش و پرورش,03-مدرسه و کلاس درس,01-مدرسه,03-ابتدایی,02-تقویم میلادی,,,,,,تعداد دبستان‌ها,میلادی,کشور,مرکز آمار ایران,تعداد,monthly,FALSE,line,time,num,subscriber
edu_ge_sc_sc_md_g,6,04-آموزش,02-آموزش و پرورش,03-مدرسه و کلاس درس,01-مدرسه,04-متوسطه اول,02-تقویم میلادی,,,,,,تعداد مدارس متوسطه اول,میلادی,کشور,مرکز آمار ایران,تعداد,monthly,FALSE,line,time,num,subscriber
edu_ge_sc_sc_hi_g,6,04-آموزش,02-آموزش و پرورش,03-مدرسه و کلاس درس,01-مدرسه,05-متوسطه دوم,02-تقویم میلادی,,,,,,تعداد مدارس متوسطه دوم,میلادی,کشور,مرکز آمار ایران,تعداد,monthly,FALSE,line,time,num,subscriber
edu_ge_sc_cl_pr_g,6,04-آموزش,02-آموزش و پرورش,03-مدرسه و کلاس درس,02-کلاس درس,02-پیش‌دبستانی,02-تقویم میلادی,,,,,,تعداد کلاس‌های پیش‌دبستانی,میلادی,کشور,مرکز آمار ایران,تعداد,monthly,FALSE,line,time,num,subscriber
edu_ge_sc_cl_el_g,6,04-آموزش,02-آموزش و پرورش,03-مدرسه و کلاس درس,02-کلاس درس,03-ابتدایی,02-تقویم میلادی,,,,,,تعداد کلاس‌های دبستان,میلادی,کشور,مرکز آمار ایران,تعداد,monthly,FALSE,line,time,num,subscriber
edu_ge_sc_cl_md_g,6,04-آموزش,02-آموزش و پرورش,03-مدرسه و کلاس درس,02-کلاس درس,04-متوسطه اول,02-تقویم میلادی,,,,,,تعداد کلاس‌های متوسطه اول,میلادی,کشور,مرکز آمار ایران,تعداد,monthly,FALSE,line,time,num,subscriber
edu_ge_sc_cl_hi_g,6,04-آموزش,02-آموزش و پرورش,03-مدرسه و کلاس درس,02-کلاس درس,05-متوسطه دوم,02-تقویم میلادی,,,,,,تعداد کلاس‌های متوسطه دوم,میلادی,کشور,مرکز آمار ایران,تعداد,monthly,FALSE,line,time,num,subscriber
edu_hi_st_t_t_g,2,04-آموزش,03-آموزش عالی,01-دانشجویان,01-کل دانشجویان,01-مرد و زن,02-تقویم میلادی,,,,,,تعداد دانشجویان (زن و مرد),میلادی,کشور,مرکز آمار ایران,نفر,monthly,FALSE,line,time,num,subscriber
edu_hi_st_t_ma_g,2,04-آموزش,03-آموزش عالی,01-دانشجویان,01-کل دانشجویان,02-مرد,02-تقویم میلادی,,,,,,تعداد دانشجویان (مرد),میلادی,کشور,مرکز آمار ایران,نفر,monthly,FALSE,line,time,num,subscriber
edu_hi_st_t_fe_g,2,04-آموزش,03-آموزش عالی,01-دانشجویان,01-کل دانشجویان,03-زن,02-تقویم میلادی,,,,,,تعداد دانشجویان (زن),میلادی,کشور,مرکز آمار ایران,نفر,monthly,FALSE,line,time,num,subscriber
edu_hi_st_lev_t_g,2,04-آموزش,03-آموزش عالی,01-دانشجویان,02-به تفکیک مقطع تحصیلی,01-مرد و زن,02-تقویم میلادی,,,,,,دانشجویان به تفکیک مقطع تحصیلی (زن و مرد),میلادی,کشور,مرکز آمار ایران,نفر,monthly,TRUE,bar,time,num,subscriber
edu_hi_st_lev_ma_g,2,04-آموزش,03-آموزش عالی,01-دانشجویان,02-به تفکیک مقطع تحصیلی,02-مرد,02-تقویم میلادی,,,,,,دانشجویان به تفکیک مقطع تحصیلی (مرد),میلادی,کشور,مرکز آمار ایران,نفر,monthly,TRUE,bar,time,num,subscriber
edu_hi_st_lev_fe_g,2,04-آموزش,03-آموزش عالی,01-دانشجویان,02-به تفکیک مقطع تحصیلی,03-زن,02-تقویم میلادی,,,,,,دانشجویان به تفکیک مقطع تحصیلی (زن),میلادی,کشور,مرکز آمار ایران,نفر,monthly,TRUE,bar,time,num,subscriber
edu_hi_st_fld_t_g,2,04-آموزش,03-آموزش عالی,01-دانشجویان,03-به تفکیک رشته تحصیلی,01-مرد و زن,02-تقویم میلادی,,,,,,دانشجویان به تفکیک رشته تحصیلی (زن و مرد),میلادی,کشور,مرکز آمار ایران,نفر,monthly,TRUE,bar,time,num,subscriber
edu_hi_st_fld_ma_g,2,04-آموزش,03-آموزش عالی,01-دانشجویان,03-به تفکیک رشته تحصیلی,02-مرد,02-تقویم میلادی,,,,,,دانشجویان به تفکیک رشته تحصیلی (مرد),میلادی,کشور,مرکز آمار ایران,نفر,monthly,TRUE,bar,time,num,subscriber
edu_hi_st_fld_fe_g,2,04-آموزش,03-آموزش عالی,01-دانشجویان,03-به تفکیک رشته تحصیلی,03-زن,02-تقویم میلادی,,,,,,دانشجویان به تفکیک رشته تحصیلی (زن),میلادی,کشور,مرکز آمار ایران,نفر,monthly,TRUE,bar,time,num,subscriber
edu_hi_fm_t_t_g,2,04-آموزش,03-آموزش عالی,02-اعضای هیات علمی,01-تعداد کل,01-مرد و زن,02-تقویم میلادی,,,,,,تعداد کل اعضای هیات علمی دانشگاه‌ها (مرد و زن),میلادی,کشور,مرکز آمار ایران,نفر,monthly,FALSE,line,time,num,subscriber
edu_hi_fm_t_ma_g,2,04-آموزش,03-آموزش عالی,02-اعضای هیات علمی,01-تعداد کل,02-مرد,02-تقویم میلادی,,,,,,تعداد اعضای هیات علمی دانشگاه‌ها (مرد),میلادی,کشور,مرکز آمار ایران,نفر,monthly,FALSE,line,time,num,subscriber
edu_hi_fm_t_fe_g,2,04-آموزش,03-آموزش عالی,02-اعضای هیات علمی,01-تعداد کل,03-زن,02-تقویم میلادی,,,,,,تعداد کل اعضای هیات علمی دانشگاه‌ها (زن),میلادی,کشور,مرکز آمار ایران,نفر,monthly,FALSE,line,time,num,subscriber
edu_hi_fm_grad_g,2,04-آموزش,03-آموزش عالی,02-اعضای هیات علمی,01-به تفکیک مرتبه علمی,02-تقویم میلادی,,,,,,,اعضای هیات علمی دانشگاه‌ها به تفکیک مرتبه علمی,میلادی,کشور,مرکز آمار ایران,نفر,monthly,TRUE,bar,time,num,subscriber
bg_s_t_irr,4,09-بودجه,01-منابع,01-کل منابع,01-ریالی,,,,,,,,منابع بودجه عمومی (میلیارد تومان),خورشیدی,کشور,سازمان برنامه و بودجه,میلیارد تومان,سالانه,FALSE,line,time,num,subscriber
bg_s_t_con,4,09-بودجه,01-منابع,01-کل منابع,02-قیمت ثابت,,,,,,,,منابع بودجه عمومی (معادل دلاری),خورشیدی,کشور,سازمان برنامه و بودجه,میلیارد تومان ۱۴۰۰,سالانه,FALSE,line,time,num,subscriber
bg_s_t_usd,4,09-بودجه,01-منابع,01-کل منابع,03-معادل دلار,,,,,,,,منابع بودجه عمومی به قیمت ثابت سال ۱۴۰۰ (میلیارد تومان),خورشیدی,کشور,سازمان برنامه و بودجه,میلیارد دلار,سالانه,FALSE,line,time,num,subscriber
bg_s_inc_irr,5,09-بودجه,01-منابع,02-درآمدها,01-کل درآمدها,01-ریالی,,,,,,,کل درآمدها (میلیارد تومان),خورشیدی,کشور,سازمان برنامه و بودجه,میلیارد تومان,سالانه,FALSE,line,time,num,subscriber
bg_s_inc_con,5,09-بودجه,01-منابع,02-درآمدها,01-کل درآمدها,02-قیمت ثابت,,,,,,,کل درآمدها به قیمت ثابت ۱۴۰۰ (میلیارد تومان),خورشیدی,کشور,سازمان برنامه و بودجه,میلیارد تومان ۱۴۰۰,سالانه,FALSE,line,time,num,subscriber
bg_s_inc_usd,5,09-بودجه,01-منابع,02-درآمدها,01-کل درآمدها,03-معادل دلار,,,,,,,کل درآمدها (معادل دلاری),خورشیدی,کشور,سازمان برنامه و بودجه,میلیارد دلار,سالانه,FALSE,line,time,num,subscriber
bg_s_tx_irr,5,09-بودجه,01-منابع,02-درآمدها,02-مالیات,01-ریالی,,,,,,,درآمدهای مالیاتی (میلیارد تومان),خورشیدی,کشور,سازمان برنامه و بودجه,میلیارد تومان,سالانه,FALSE,line,time,num,subscriber
bg_s_tx_con,5,09-بودجه,01-منابع,02-درآمدها,02-مالیات,02-قیمت ثابت,,,,,,,درآمدهای مالیاتی به قیمت ثابت ۱۴۰۰ (میلیارد تومان),خورشیدی,کشور,سازمان برنامه و بودجه,میلیارد تومان ۱۴۰۰,سالانه,FALSE,line,time,num,subscriber
bg_s_tx_usd,5,09-بودجه,01-منابع,02-درآمدها,02-مالیات,03-معادل دلار,,,,,,,درآمدهای مالیاتی (معادل دلاری),خورشیدی,کشور,سازمان برنامه و بودجه,میلیارد دلار,سالانه,FALSE,line,time,num,subscriber
bg_s_oil_irr,4,09-بودجه,01-منابع,03-منابع نفتی,01-ریالی,,,,,,,,منابع حاصل از نفت و فرآورده هاي نفتی (میلیارد تومان),خورشیدی,کشور,سازمان برنامه و بودجه,میلیارد تومان,سالانه,FALSE,line,time,num,subscriber
bg_s_oil_con,4,09-بودجه,01-منابع,03-منابع نفتی,02-قیمت ثابت,,,,,,,,منابع حاصل از نفت و فرآورده هاي نفتی به قیمت ثابت ۱۴۰۰ (میلیارد تومان),خورشیدی,کشور,سازمان برنامه و بودجه,میلیارد تومان ۱۴۰۰,سالانه,FALSE,line,time,num,subscriber
bg_s_oil_usd,4,09-بودجه,01-منابع,03-منابع نفتی,03-معادل دلار,,,,,,,,منابع حاصل از نفت و فرآورده هاي نفتی (معادل دلاری),خورشیدی,کشور,سازمان برنامه و بودجه,میلیارد دلار,سالانه,FALSE,line,time,num,subscriber
bg_s_fin_irr,4,09-بودجه,01-منابع,04-دارایی‌های مالی,01-ریالی,,,,,,,,دارایی‌‌های مالی (میلیارد تومان),خورشیدی,کشور,سازمان برنامه و بودجه,میلیارد تومان,سالانه,FALSE,line,time,num,subscriber
bg_s_fin_con,4,09-بودجه,01-منابع,04-دارایی‌های مالی,02-قیمت ثابت,,,,,,,,دارایی‌‌های مالی به قیمت ثابت ۱۴۰۰ (میلیارد تومان),خورشیدی,کشور,سازمان برنامه و بودجه,میلیارد تومان ۱۴۰۰,سالانه,FALSE,line,time,num,subscriber
bg_s_fin_usd,4,09-بودجه,01-منابع,04-دارایی‌های مالی,03-معادل دلار,,,,,,,,دارایی‌‌های مالی (معادل دلاری),خورشیدی,کشور,سازمان برنامه و بودجه,میلیارد دلار,سالانه,FALSE,line,time,num,subscriber
bg_exp_nl_t_irr,5,09-بودجه,02-مصارف,01-ملی,01-کل هزینه‌ها,01-ریالی,,,,,,,مصارف بودجه عمومی (میلیارد تومان),خورشیدی,کشور,سازمان برنامه و بودجه,میلیارد تومان,سالانه,FALSE,line,time,num,subscriber
bg_exp_nl_t_con,5,09-بودجه,02-مصارف,01-ملی,01-کل هزینه‌ها,02-قیمت ثابت,,,,,,,مصارف بودجه عمومی (معادل دلاری),خورشیدی,کشور,سازمان برنامه و بودجه,میلیارد تومان ۱۴۰۰,سالانه,FALSE,line,time,num,subscriber
bg_exp_nl_t_usd,5,09-بودجه,02-مصارف,01-ملی,01-کل هزینه‌ها,03-معادل دلار,,,,,,,مصارف بودجه عمومی به قیمت ثابت سال ۱۴۰۰ (میلیارد تومان),خورشیدی,کشور,سازمان برنامه و بودجه,میلیارد دلار,سالانه,FALSE,line,time,num,subscriber
bg_exp_nl_p_irr,5,09-بودجه,02-مصارف,01-ملی,02-ردیف‌های اصلی,01-ریالی,,,,,,,هزینه‌ها - ردیف‌های اصلی (میلیارد تومان),خورشیدی,کشور,سازمان برنامه و بودجه,میلیارد تومان,سالانه,FALSE,line,time,num,subscriber
bg_exp_nl_p_con,5,09-بودجه,02-مصارف,01-ملی,02-ردیف‌های اصلی,02-قیمت ثابت,,,,,,,هزینه‌ها - ردیف‌های اصلی به قیمت ثابت ۱۴۰۰ (میلیارد تومان),خورشیدی,کشور,سازمان برنامه و بودجه,میلیارد تومان ۱۴۰۰,سالانه,FALSE,line,time,num,subscriber
bg_exp_nl_p_usd,5,09-بودجه,02-مصارف,01-ملی,02-ردیف‌های اصلی,03-معادل دلار,,,,,,,هزینه‌ها - ردیف‌های اصلی (معادل دلاری),خورشیدی,کشور,سازمان برنامه و بودجه,میلیارد دلار,سالانه,FALSE,line,time,num,subscriber
bg_exp_nl_tm_irr,5,09-بودجه,02-مصارف,01-ملی,03-ردیف‌های متفرقه,01-ریالی,,,,,,,هزینه‌ها - ردیف‌های متفرقه (میلیارد تومان),خورشیدی,کشور,سازمان برنامه و بودجه,میلیارد تومان,سالانه,FALSE,line,time,num,subscriber
bg_exp_nl_tm_con,5,09-بودجه,02-مصارف,01-ملی,03-ردیف‌های متفرقه,02-قیمت ثابت,,,,,,,هزینه‌ها - ردیف‌های متفرقه به قیمت ثابت ۱۴۰۰ (میلیارد تومان),خورشیدی,کشور,سازمان برنامه و بودجه,میلیارد تومان ۱۴۰۰,سالانه,FALSE,line,time,num,subscriber
bg_exp_nl_tm_usd,5,09-بودجه,02-مصارف,01-ملی,03-ردیف‌های متفرقه,03-معادل دلار,,,,,,,هزینه‌ها - ردیف‌های متفرقه (معادل دلاری),خورشیدی,کشور,سازمان برنامه و بودجه,میلیارد دلار,سالانه,FALSE,line,time,num,subscriber
bg_exp_pr_irr,5,09-بودجه,02-مصارف,02-ردیف‌های استانی,01-کل,01-ریالی,,,,,,,بودجه استانی (میلیارد تومان),خورشیدی,کشور,سازمان برنامه و بودجه,میلیارد تومان,سالانه,FALSE,line,time,num,subscriber
bg_exp_pr_con,5,09-بودجه,02-مصارف,02-ردیف‌های استانی,01-کل,02-قیمت ثابت,,,,,,,بودجه استانی به قیمت ثابت ۱۴۰۰ (میلیارد تومان),خورشیدی,کشور,سازمان برنامه و بودجه,میلیارد تومان ۱۴۰۰,سالانه,FALSE,line,time,num,subscriber
bg_exp_pr_usd,5,09-بودجه,02-مصارف,02-ردیف‌های استانی,01-کل,03-معادل دلار,,,,,,,بودجه استانی (معادل دلاری),خورشیدی,کشور,سازمان برنامه و بودجه,میلیارد دلار,سالانه,FALSE,line,time,num,subscriber
bg_exp-pr_pr,4,09-بودجه,02-مصارف,02-ردیف‌های استانی,02- به تفکیک استان,,,,,,,,بودجه استانی به تفکیک استان (میلیارد تومان),خورشیدی,استان,سازمان برنامه و بودجه,میلیارد تومان,سالانه,TRUE,bar,time,num,subscriber
bg_exp_mil_t_irr,5,09-بودجه,03-بودجه نظامی,01-ارقام بودجه,01-کل,01-ریالی,,,,,,,کل بودجه نیروهای مسلح - مجموع ردیف‌های اصلی و سهمیه نفت خام (میلیارد تومان),خورشیدی,کشور,سازمان برنامه و بودجه,میلیارد تومان,سالانه,FALSE,line,time,num,subscriber
bg_exp_mil_t_usd,5,09-بودجه,03-بودجه نظامی,01-ارقام بودجه,01-کل,03-معادل دلار,,,,,,,کل بودجه نیروهای مسلح - مجموع ردیف‌های اصلی و سهمیه نفت خام (معادل دلاری),خورشیدی,کشور,سازمان برنامه و بودجه,میلیارد دلار,سالانه,FALSE,line,time,num,subscriber
bg_exp_mil_nl_t_irr,6,09-بودجه,03-بودجه نظامی,01-ارقام بودجه,01-ردیف‌های اصلی,01-کل,01-ریالی,,,,,,بودجه نظامی (میلیارد تومان),خورشیدی,کشور,سازمان برنامه و بودجه,میلیارد تومان,سالانه,FALSE,line,time,num,subscriber
bg_exp_mil_nl_t_usd,6,09-بودجه,03-بودجه نظامی,01-ارقام بودجه,01-ردیف‌های اصلی,01-کل,03-معادل دلار,,,,,,بودجه نظامی (معادل دلاری),خورشیدی,کشور,سازمان برنامه و بودجه,میلیارد دلار,سالانه,FALSE,line,time,num,subscriber
bg_exp_mil_nl_irr,5,09-بودجه,03-بودجه نظامی,01-ارقام بودجه,01-ردیف‌های اصلی,02-به تفکیک نهادهای نظامی,01-ریالی,,,,,,ردیف‌های اصلی بودجه نظامی به تفکیک نهاد (میلیارد تومان),خورشیدی,استان,سازمان برنامه و بودجه,میلیارد تومان,سالانه,TRUE,bar,time,num,subscriber
bg_exp_mil_nl_usd,5,09-بودجه,03-بودجه نظامی,01-ارقام بودجه,01-ردیف‌های اصلی,02-به تفکیک نهادهای نظامی,03-معادل دلار,,,,,,ردیف‌های اصلی بودجه نظامی به تفکیک نهاد (معادل دلاری),خورشیدی,استان,سازمان برنامه و بودجه,میلیارد دلار,سالانه,TRUE,bar,time,num,subscriber
bg_exp_mil_oil_irr,5,09-بودجه,03-بودجه نظامی,01-ارقام بودجه,02-سهمیه نفت خام,01-ریالی,,,,,,,سهمیه نفت خام نیروهای مسلح (میلیارد تومان),خورشیدی,کشور,سازمان برنامه و بودجه,میلیارد تومان,سالانه,FALSE,line,time,num,subscriber
bg_exp_mil_oil_usd,5,09-بودجه,03-بودجه نظامی,01-ارقام بودجه,02-سهمیه نفت خام,03-معادل دلار,,,,,,,سهمیه نفت خام نیروهای مسلح (معادل دلاری),خورشیدی,کشور,سازمان برنامه و بودجه,میلیارد دلار,سالانه,FALSE,line,time,num,subscriber
bg_mil_sipri_irr,4,09-بودجه,03-بودجه نظامی,02-برآورد سیپری,01-ریالی,,,,,,,,برودجه نظامی بر اساس برآورد موسسه سیپری (میلیارد تومان),میلادی,کشور,موسسه صلح استکهلم,میلیارد تومان,سالانه,FALSE,line,time,num,subscriber
bg_mil_sipri_usd,4,09-بودجه,03-بودجه نظامی,02-برآورد سیپری,02-دلار به قیمت جاری,,,,,,,,برودجه نظامی بر اساس برآورد موسسه سیپری (میلیارد دلار),میلادی,کشور,موسسه صلح استکهلم,میلیارد دلار,سالانه,FALSE,line,time,num,subscriber
bg_mil_sipri_con,4,09-بودجه,03-بودجه نظامی,02-برآورد سیپری,03-دلار به قیمت ثابت,,,,,,,,برودجه نظامی بر اساس برآورد موسسه سیپری (میلیارد دلار به قیمت ثابت),میلادی,کشور,موسسه صلح استکهلم,میلیارد دلار ۲۰۲۳,سالانه,FALSE,line,time,num,subscriber
ev_in_ghg_sh,5,10-محیط زیست,01-شاخص‌های زیست‌محیطی,01-گازهای گلخانه‌ای,01-انتشار گازهای گلخانه‌ای,01-Sahre,,,,,,,سهم از انتشار گازهای گلخانه‌ای در جهان (درصد),میلادی,کشور,کمیسیون اروپا,درصد,سالانه,FALSE,line,time,num,subscriber
ev_in_ghg_t,5,10-محیط زیست,01-شاخص‌های زیست‌محیطی,01-گازهای گلخانه‌ای,01-انتشار گازهای گلخانه‌ای,02-کل,,,,,,,انتشار گازهای گلخانه‌ای (میلیون تن),میلادی,کشور,کمیسیون اروپا,میلیون تن,سالانه,FALSE,line,time,num,subscriber
ev_in_ghg_pc,5,10-محیط زیست,01-شاخص‌های زیست‌محیطی,01-گازهای گلخانه‌ای,01-انتشار گازهای گلخانه‌ای,03-سرانه,,,,,,,انتشار گازهای گلخانه‌ای سرانه (تن),میلادی,کشور,کمیسیون اروپا,تن به ازای هر نفر,سالانه,FALSE,line,time,num,subscriber
ev_in_ghg_gdp,5,10-محیط زیست,01-شاخص‌های زیست‌محیطی,01-گازهای گلخانه‌ای,01-انتشار گازهای گلخانه‌ای,04-به ازای GDP,,,,,,,انتشار گازهای گلخانه‌ای به ازای GDP ,میلادی,کشور,کمیسیون اروپا,تن به ازای هر ۱۰۰ دلار GDP,سالانه,FALSE,line,time,num,subscriber
ev_in_co2_sh,5,10-محیط زیست,01-شاخص‌های زیست‌محیطی,01-گازهای گلخانه‌ای,02-انتشار دی‌اکسید کربن,01-Sahre,,,,,,,سهم از انتشار دی‌اکسید کربن در جهان (درصد),میلادی,کشور,کمیسیون اروپا,درصد,سالانه,FALSE,line,time,num,subscriber
ev_in_co2_t,5,10-محیط زیست,01-شاخص‌های زیست‌محیطی,01-گازهای گلخانه‌ای,02-انتشار دی‌اکسید کربن,02-کل,,,,,,,انتشار دی‌اکسید کربن (میلیون تن),میلادی,کشور,کمیسیون اروپا,میلیون تن,سالانه,FALSE,line,time,num,subscriber
ev_in_co2_pc,5,10-محیط زیست,01-شاخص‌های زیست‌محیطی,01-گازهای گلخانه‌ای,02-انتشار دی‌اکسید کربن,03-سرانه,,,,,,,سرانه انتشار دی‌اکسید کربن (تن),میلادی,کشور,کمیسیون اروپا,تن به ازای هر نفر,سالانه,FALSE,line,time,num,subscriber
ev_in_co2_gdp,5,10-محیط زیست,01-شاخص‌های زیست‌محیطی,01-گازهای گلخانه‌ای,02-انتشار دی‌اکسید کربن,04-به ازای GDP,,,,,,,انتشار دی‌اکسید کربن به ازای GDP ,میلادی,کشور,کمیسیون اروپا,تن به ازای هر ۱۰۰ دلار GDP,سالانه,FALSE,line,time,num,subscriber
ev_we_tem_teh,4,10-محیط زیست,02-آب‌ و هوا,01-دمای هوا,01-تهران,,,,,,,,میانگین ماهانه دمای هوا در تهران,میلادی,شهر,Meteostat,Celsius,ماهانه,FALSE,line,time,num,subscriber
ev_we_tem_ahv,4,10-محیط زیست,02-آب‌ و هوا,01-دمای هوا,02-اهواز,,,,,,,,میانگین ماهانه دمای هوا در اهواز,میلادی,شهر,Meteostat,Celsius,ماهانه,FALSE,line,time,num,subscriber
ev_we_prc_teh,4,10-محیط زیست,02-آب‌ و هوا,02-بارش,01-تهران,,,,,,,,میانگین ماهانه بارش در تهران,میلادی,شهر,Meteostat,میلی‌متر,ماهانه,FALSE,line,time,num,subscriber
ev_we_prc_ahv,4,10-محیط زیست,02-آب‌ و هوا,02-بارش,02-اهواز,,,,,,,,میانگین ماهانه بارش در اهواز,میلادی,شهر,Meteostat,میلی‌متر,ماهانه,FALSE,line,time,num,subscriber
ev_ap-qu_dys,3,10-محیط زیست,04-آلودگی هوا,01-شاخص AQI,,,,,,,,,تعداد روزهای سال از نظر شاخص کیفیت هوا (AQI),میلادی,شهر,شرکت کنترل کیفیت هوای تهران,روز,سالانه,TRUE,bar,time,num,subscriber
ev_w_res_t,4,10-محیط زیست,03-آب,01-منابع آب,01-کل برداشت,,,,,,,,منابع آب شیرین تجدیدپذیر (کل),میلادی,کشور,بانک جهانی,میلیارد مترمکعب,سالانه,FALSE,line,time,num,subscriber
ev_w_res_pc,4,10-محیط زیست,03-آب,01-منابع آب,02-سرانه,,,,,,,,منابع آب شیرین تجدیدپذیر (به ازای هر نفر),میلادی,کشور,بانک جهانی,متر مکعب,سالانه,FALSE,line,time,num,subscriber
ev_w_wit,4,10-محیط زیست,03-آب,02-برداشت آب,,,,,,,,,برداشت سالانه آب شیرین,میلادی,کشور,بانک جهانی,میلیارد مترمکعب,سالانه,FALSE,line,time,num,subscriber
ev_w_dam_g,4,10-محیط زیست,03-آب,04-سدها,01-تقویم میلادی,,,,,,,,ورودی و خروجی سدها,میلادی,کشور,شرکت مدیریت منابع آب ایران,میلیارد مترمکعب,سالانه,TRUE,bar,time,num,subscriber
ev_w_dam,4,10-محیط زیست,03-آب,04-سدها,02-تقویم خورشیدی,,,,,,,,ورودی و خروجی سدها,persian,کشور,شرکت مدیریت منابع آب ایران,میلیارد مترمکعب,سالانه,TRUE,bar,time,num,subscriber
ag_ld_t,3,11-کشاورزی,01-اراضی کشاورزی,01-کل اراضی,,,,,,,,,اراضی کشاورزی (هزار هکتار),میلادی,کشور,فائو,هزار هکتار,سالانه,FALSE,line,time,num,subscriber
ag_ld_cl_t,4,11-کشاورزی,01-اراضی کشاورزی,02-اراضی زراعی,01-کل اراضی زراعی,,,,,,,,اراضی زراعی (هزار هکتار),میلادی,کشور,فائو,هزار هکتار,سالانه,FALSE,line,time,num,subscriber
ag_ld_cl_ar,4,11-کشاورزی,01-اراضی کشاورزی,02-اراضی زراعی,02-اراضی قابل کشت,,,,,,,,اراضی قابل کشت (هزار هکتار),میلادی,کشور,فائو,هزار هکتار,سالانه,FALSE,line,time,num,subscriber
ag_ld_cl_pc,4,11-کشاورزی,01-اراضی کشاورزی,02-اراضی زراعی,03-اراضی زیر کشت دائم,,,,,,,,اراضی زیر کشت محصولات دائمی (هزار هکتار),میلادی,کشور,فائو,هزار هکتار,سالانه,FALSE,line,time,num,subscriber
ag_ld_cl_md_t,4,11-کشاورزی,01-اراضی کشاورزی,03-مراتع دائم,01-مراتع,,,,,,,,مراتع دائمی (هزار هکتار),میلادی,کشور,فائو,هزار هکتار,سالانه,FALSE,line,time,num,subscriber
ag_ld_cl_md_c,4,11-کشاورزی,01-اراضی کشاورزی,03-مراتع دائم,02-مراتع کشت شده,,,,,,,,مراتع دائمی کشت‌شده (هزار هکتار),میلادی,کشور,فائو,هزار هکتار,سالانه,FALSE,line,time,num,subscriber
ag_ld_cl_md_n,4,11-کشاورزی,01-اراضی کشاورزی,03-مراتع دائم,02-مراتع طبیعی,,,,,,,,مراتع دائمی طبیعی (هزار هکتار),میلادی,کشور,فائو,هزار هکتار,سالانه,FALSE,line,time,num,subscriber
ag_co_cre_wh,4,11-کشاورزی,02-محصولات کشاورزی,01-غلات,01-گندم,,,,,,,,تولید گندم,میلادی,کشور,فائو,تن,سالانه,FALSE,line,time,num,subscriber
ag_co_cre_br,4,11-کشاورزی,02-محصولات کشاورزی,01-غلات,02-جو,,,,,,,,تولید جو,میلادی,کشور,فائو,تن,سالانه,FALSE,line,time,num,subscriber
ag_co_cre_ri,4,11-کشاورزی,02-محصولات کشاورزی,01-غلات,03-برنج,,,,,,,,تولید برنج,میلادی,کشور,فائو,تن,سالانه,FALSE,line,time,num,subscriber
ag_co_cre_co,4,11-کشاورزی,02-محصولات کشاورزی,01-غلات,04-ذرت,,,,,,,,تولید ذرت,میلادی,کشور,فائو,تن,سالانه,FALSE,line,time,num,subscriber
ag_co_vg_on,4,11-کشاورزی,02-محصولات کشاورزی,02-سبزیجات و صیفی‌جات,01-پیاز,,,,,,,,تولید پیاز,میلادی,کشور,فائو,تن,سالانه,FALSE,line,time,num,subscriber
ag_co_vg_po,4,11-کشاورزی,02-محصولات کشاورزی,02-سبزیجات و صیفی‌جات,02-سیب‌زمینی,,,,,,,,تولید سیب زمینی,میلادی,کشور,فائو,تن,سالانه,FALSE,line,time,num,subscriber
ag_co_vg_to,4,11-کشاورزی,02-محصولات کشاورزی,02-سبزیجات و صیفی‌جات,03-گوجه فرنگی,,,,,,,,تولید گوجه فرنگی,میلادی,کشور,فائو,تن,سالانه,FALSE,line,time,num,subscriber
ag_co_vg_eg,4,11-کشاورزی,02-محصولات کشاورزی,02-سبزیجات و صیفی‌جات,04-بادمجان,,,,,,,,تولید بادمجان,میلادی,کشور,فائو,تن,سالانه,FALSE,line,time,num,subscriber
ag_co_vg_cu,4,11-کشاورزی,02-محصولات کشاورزی,02-سبزیجات و صیفی‌جات,05-خیار,,,,,,,,تولید خیار,میلادی,کشور,فائو,تن,سالانه,FALSE,line,time,num,subscriber
ag_co_vg_ca,4,11-کشاورزی,02-محصولات کشاورزی,02-سبزیجات و صیفی‌جات,06-هویج,,,,,,,,تولید هویج و شلغم,میلادی,کشور,فائو,تن,سالانه,FALSE,line,time,num,subscriber
ag_co_vg_mu,4,11-کشاورزی,02-محصولات کشاورزی,02-سبزیجات و صیفی‌جات,07-قارچ,,,,,,,,تولید قارچ‌های خوراکی,میلادی,کشور,فائو,تن,سالانه,FALSE,line,time,num,subscriber
ag_co_fr_ap,4,11-کشاورزی,02-محصولات کشاورزی,03-میوه‌ها,01-سیب‌ها,,,,,,,,تولید سیب,میلادی,کشور,فائو,تن,سالانه,FALSE,line,time,num,subscriber
ag_co_fr_or,4,11-کشاورزی,02-محصولات کشاورزی,03-میوه‌ها,02-پرتقال,,,,,,,,تولید پرتقال,میلادی,کشور,فائو,تن,سالانه,FALSE,line,time,num,subscriber
ag_co_fr_apr,4,11-کشاورزی,02-محصولات کشاورزی,03-میوه‌ها,03-زردآلو,,,,,,,,تولید زردآلو,میلادی,کشور,فائو,تن,سالانه,FALSE,line,time,num,subscriber
ag_co_fr_pe,4,11-کشاورزی,02-محصولات کشاورزی,03-میوه‌ها,04-گلابی,,,,,,,,تولید گلابی,میلادی,کشور,فائو,تن,سالانه,FALSE,line,time,num,subscriber
ag_co_fr_ch,4,11-کشاورزی,02-محصولات کشاورزی,03-میوه‌ها,05-گیلاس,,,,,,,,تولید گیلاس,میلادی,کشور,فائو,تن,سالانه,FALSE,line,time,num,subscriber
ag_co_fr_st,4,11-کشاورزی,02-محصولات کشاورزی,03-میوه‌ها,06-توت فرنگی,,,,,,,,تولید توت فرنگی,میلادی,کشور,فائو,تن,سالانه,FALSE,line,time,num,subscriber
ag_co_fr_wa,4,11-کشاورزی,02-محصولات کشاورزی,03-میوه‌ها,07-هندوانه,,,,,,,,تولید هندوانه,میلادی,کشور,فائو,تن,سالانه,FALSE,line,time,num,subscriber
ag_co_fr_da,4,11-کشاورزی,02-محصولات کشاورزی,03-میوه‌ها,08-خرما,,,,,,,,تولید خرما,میلادی,کشور,فائو,تن,سالانه,FALSE,line,time,num,subscriber
ag_co_fr_ba,4,11-کشاورزی,02-محصولات کشاورزی,03-میوه‌ها,09-موز,,,,,,,,تولید موز,میلادی,کشور,فائو,تن,سالانه,FALSE,line,time,num,subscriber
ag_co_fr_gr,4,11-کشاورزی,02-محصولات کشاورزی,03-میوه‌ها,10-انگور,,,,,,,,تولید انگور,میلادی,کشور,فائو,تن,سالانه,FALSE,line,time,num,subscriber
ag_co_fr_ol,4,11-کشاورزی,02-محصولات کشاورزی,03-میوه‌ها,11-زیتون,,,,,,,,تولید زیتون,میلادی,کشور,فائو,تن,سالانه,FALSE,line,time,num,subscriber
ag_co_nt_ps,4,11-کشاورزی,02-محصولات کشاورزی,04-مغزی‌جات,01-پسته,,,,,,,,تولید پسته (با پوست),میلادی,کشور,فائو,تن,سالانه,FALSE,line,time,num,subscriber
ag_co_nt_wl,4,11-کشاورزی,02-محصولات کشاورزی,04-مغزی‌جات,02-گردو,,,,,,,,تولید گردو (با پوست),میلادی,کشور,فائو,تن,سالانه,FALSE,line,time,num,subscriber
ag_co_nt_al,4,11-کشاورزی,02-محصولات کشاورزی,04-مغزی‌جات,03-بادام,,,,,,,,تولید بادام (با پوست),میلادی,کشور,فائو,تن,سالانه,FALSE,line,time,num,subscriber
ag_co_nt_hz,4,11-کشاورزی,02-محصولات کشاورزی,04-مغزی‌جات,04-فندوق,,,,,,,,تولید فندق (با پوست),میلادی,کشور,فائو,تن,سالانه,FALSE,line,time,num,subscriber
ag_co_os_su,4,11-کشاورزی,02-محصولات کشاورزی,04-دانه‌های روغنی,01-تخمه آفتابگردان,,,,,,,,تولید تخمه آفتابگردان,میلادی,کشور,فائو,تن,سالانه,FALSE,line,time,num,subscriber
ag_co_os_se,4,11-کشاورزی,02-محصولات کشاورزی,04-دانه‌های روغنی,02-دانه کنجد,,,,,,,,تولید دانه کنجد,میلادی,کشور,فائو,تن,سالانه,FALSE,line,time,num,subscriber
ag_co_os_so,4,11-کشاورزی,02-محصولات کشاورزی,04-دانه‌های روغنی,03-دانه سویا,,,,,,,,تولید دانه سویا,میلادی,کشور,فائو,تن,سالانه,FALSE,line,time,num,subscriber
ag_co_os_he,4,11-کشاورزی,02-محصولات کشاورزی,04-دانه‌های روغنی,04-شاهدانه,,,,,,,,تولید شاهدانه,میلادی,کشور,فائو,تن,سالانه,FALSE,line,time,num,subscriber
ag_co_os_me,4,11-کشاورزی,02-محصولات کشاورزی,04-دانه‌های روغنی,05-تخم خربزه,,,,,,,,تولید تخم خربزه,میلادی,کشور,فائو,تن,سالانه,FALSE,line,time,num,subscriber
ag_co_os_co,4,11-کشاورزی,02-محصولات کشاورزی,04-دانه‌های روغنی,06-دانه کلزا,,,,,,,,تولید دانه کلزا,میلادی,کشور,فائو,تن,سالانه,FALSE,line,time,num,subscriber
p_el_pr_pr,6,12-سیاست و حقوق بشر,01-سیاست,01-انتخابات,01-نرخ مشارکت در انتخابات,01-ریاست جمهوری,01-کل کشور,,,,,,نرخ مشارکت در انتخابات ریاست‌جمهوری,خورشیدی,کشور,مرکز آمار ایران,%,,FALSE,line,time,num,subscriber
p_el_pr_pr_p,6,12-سیاست و حقوق بشر,01-سیاست,01-انتخابات,01-نرخ مشارکت در انتخابات,01-ریاست جمهوری,02-استانی,,,,,,نرخ مشارکت در انتخابات ریاست‌جمهوری (به تفکیک استان),خورشیدی,استانی,مرکز آمار ایران,%,,TRUE,bar,time,num,subscriber
p_el_pr_pl,6,12-سیاست و حقوق بشر,01-سیاست,01-انتخابات,01-نرخ مشارکت در انتخابات,02-مجلس,01-کل کشور,,,,,,نرخ مشارکت در انتخابات مجلس,خورشیدی,کشور,مرکز آمار ایران,%,,FALSE,line,time,num,subscriber
p_el_pr_pl_p,6,12-سیاست و حقوق بشر,01-سیاست,01-انتخابات,01-نرخ مشارکت در انتخابات,02-مجلس,02-استانی,,,,,,نرخ مشارکت در انتخابات مجلس (به تفکیک استان),خورشیدی,استانی,مرکز آمار ایران,%,,TRUE,bar,time,num,subscriber
p_ins,3,12-سیاست و حقوق بشر,01-سیاست,02-نهادها,,,,,,,,,,,,,,,,,,,subscriber
p_fig,3,12-سیاست و حقوق بشر,01-سیاست,03-مقام‌های سیاسی,,,,,,,,,,,,,,,,,,,subscriber
p_hr_ex_y,4,12-سیاست و حقوق بشر,02-حقوق بشر,01-اعدام,01-سالانه,,,,,,,,تعداد موارد اجرای حکم اعدام (سالانه),میلادی,کشور,سازمان حقوق بشر ایران,تعداد,سالانه,FALSE,line,time,num,subscriber
p_hr_ex_m,4,12-سیاست و حقوق بشر,02-حقوق بشر,01-اعدام,02-ماهانه,,,,,,,,تعداد موارد اجرای حکم اعدام (ماهانه),میلادی,کشور,سازمان حقوق بشر ایران,تعداد,ماهانه,FALSE,line,time,num,subscriber
p_hr_pr_nu,4,12-سیاست و حقوق بشر,02-حقوق بشر,02-زندان,01-تعداد,,,,,,,,جمعیت زندانیان در ایران,میلادی,کشور,گزارش جهانی زندان‌ها,تعداد,سالانه,FALSE,line,time,num,subscriber
p_hr_pr_rt,4,12-سیاست و حقوق بشر,02-حقوق بشر,02-زندان,02-نرخ,,,,,,,,نرخ جمعیت زندانیان در ایران (به ازای هر ۱۰۰ هزار نفر),میلادی,کشور,گزارش جهانی زندان‌ها,به ازای هر ۱۰۰ هزار نفر,سالانه,FALSE,line,time,num,subscriber
p_ind_de_sc,4,12-سیاست و حقوق بشر,03-شاخص‌ها,01-شاخص دموکراسی,01-امتیاز,,,,,,,,امتیاز ایران در شاخص دموکراسی (اکونومیست),میلادی,کشور,جهان ما در داده‌ها (OWID),امتیاز از صفر تا ۱۰,سالانه,FALSE,line,time,num,subscriber
p_ind_de_rk,4,12-سیاست و حقوق بشر,03-شاخص‌ها,01-شاخص دموکراسی,02-رتبه,,,,,,,,رتبه ایران در شاخص دموکراسی (اکونومیست),میلادی,کشور,جهان ما در داده‌ها (OWID),رتبه,سالانه,FALSE,line,time,num,subscriber
p_ind_fr_sc,4,12-سیاست و حقوق بشر,03-شاخص‌ها,02-شاخص آزادی بیان,01-امتیاز,,,,,,,,امتیاز ایران در شاخص آزادی بیان موسسه V-Dem,میلادی,کشور,جهان ما در داده‌ها (OWID),امتیاز از صفر تا ۱۰۰,سالانه,FALSE,line,time,num,subscriber
p_ind_fr_rk,4,12-سیاست و حقوق بشر,03-شاخص‌ها,02-شاخص آزادی بیان,02-رتبه,,,,,,,,رتبه ایران در شاخص آزادی بیان موسسه V-Dem,میلادی,کشور,جهان ما در داده‌ها (OWID),رتبه,سالانه,FALSE,line,time,num,subscriber
p_ind_hr_sc,4,12-سیاست و حقوق بشر,03-شاخص‌ها,03-شاخص حقوق بشر,01-امتیاز,,,,,,,,امتیاز ایران در شاخص حقوق بشر موسسه V-Dem,میلادی,کشور,جهان ما در داده‌ها (OWID),امتیاز از صفر تا ۱۰۰,سالانه,FALSE,line,time,num,subscriber
p_ind_hr_rk,4,12-سیاست و حقوق بشر,03-شاخص‌ها,03-شاخص حقوق بشر,02-رتبه,,,,,,,,رتبه ایران در شاخص حقوق بشر موسسه V-Dem,میلادی,کشور,جهان ما در داده‌ها (OWID),رتبه,سالانه,FALSE,line,time,num,subscriber
p_ind_co_sc,4,12-سیاست و حقوق بشر,03-شاخص‌ها,04-شاخص ادراک فساد,01-امتیاز,,,,,,,,امتیاز ایران در شاخص ادراک فساد,میلادی,کشور,سازمان شفافیت بین‌الملل,امتیاز از صفر تا ۱۰۰,سالانه,FALSE,line,time,num,subscriber
p_ind_co_rk,4,12-سیاست و حقوق بشر,03-شاخص‌ها,04-شاخص ادراک فساد,02-رتبه,,,,,,,,رتبه ایران در شاخص ادراک فساد,میلادی,کشور,سازمان شفافیت بین‌الملل,رتبه,سالانه,FALSE,line,time,num,subscriber