topic_id,level,main_category,sub_1,sub_2,sub_3,sub_4,sub_5,sub_6,sub_7,sub_8,sub_9,sub_10,indicator_label,calendar,geo_level,default_source,default_unit,frequency,requires_time_selection,chart_type,id_type,val_type,access
gdp_cur_wb,7,01-Economy,01-GDP,01-Total Value,02-Nominal,01-Current Price,01-World Bank,01-USD,,,,,GDP nominal current price (World Bank),gregorian,country,World Bank,Billion US$,yearly,FALSE,line,time,num,subscriber
gdp_cur_wb_irr,7,01-Economy,01-GDP,01-Total Value,02-Nominal,01-Current Price,01-World Bank,02-IRR,,,,,GDP nominal current price (World Bank - IRR),gregorian,country,World Bank,Billion Toman,yearly,FALSE,line,time,num,subscriber
gdp_cur_imf,6,01-Economy,01-GDP,01-Total Value,02-Nominal,01-Current Price,02-IMF,,,,,,GDP nominal current price (IMF),gregorian,country,IMF,Billion US$,yearly,FALSE,line,time,num,subscriber
gdp_cur_cbi,7,01-Economy,01-GDP,01-Total Value,02-Nominal,01-Current Price,03-Central Bank of Iran,01-Yearly,,,,,GDP nominal current price (CBI - yearly),persian,country,Central Bank of Iran,Billion Toman,yearly,FALSE,line,time,num,subscriber
gdp_cur_cbi_se,7,01-Economy,01-GDP,01-Total Value,02-Nominal,01-Current Price,03-Central Bank of Iran,02-Seasonal,,,,,GDP nominal current price (CBI - seasonal),persian,country,Central Bank of Iran,Billion Toman,seasonal,FALSE,line,time,num,subscriber
gdp_cur_stt,7,01-Economy,01-GDP,01-Total Value,02-Nominal,01-Current Price,04-Statistical Center of Iran,01-Yearly,,,,,GDP nominal current price (Statistical Center of Iran - yearly),persian,country,Statistical Center of Iran,Billion Toman,yearly,FALSE,line,time,num,subscriber
gdp_cur_stt_se,7,01-Economy,01-GDP,01-Total Value,02-Nominal,01-Current Price,04-Statistical Center of Iran,02-Seasonal,,,,,GDP nominal current price (Statistical Center of Iran - seasonal),persian,country,Statistical Center of Iran,Billion Toman,seasonal,FALSE,line,time,num,subscriber
gdp_cos_wb,7,01-Economy,01-GDP,01-Total Value,02-Nominal,02-Constant Price,01-World Bank,01-USD,,,,,GDP nominal constant price (World Bank),gregorian,country,World Bank,Billion 2015 US$,yearly,FALSE,line,time,num,subscriber
gdp_cos_wb_irr,7,01-Economy,01-GDP,01-Total Value,02-Nominal,02-Constant Price,01-World Bank,02-IRR,,,,,GDP nominal constant price (World Bank IRR),gregorian,country,World Bank,Billion 2015 Toman,yearly,FALSE,line,time,num,subscriber
gdp_cos_cbi,7,01-Economy,01-GDP,01-Total Value,02-Nominal,02-Constant Price,03-Central Bank of Iran,01-Yearly,,,,,GDP nominal constant price (CBI - yearly),persian,country,Central Bank of Iran,Billion Toman 1400,yearly,FALSE,line,time,num,subscriber
gdp_cos_cbi_se,7,01-Economy,01-GDP,01-Total Value,02-Nominal,02-Constant Price,03-Central Bank of Iran,02-Seasonal,,,,,GDP nominal constant price (CBI - seasonal),persian,country,Central Bank of Iran,Billion Toman 1400,seasonal,FALSE,line,time,num,subscriber
gdp_cos_stt,7,01-Economy,01-GDP,01-Total Value,02-Nominal,02-Constant Price,04-Statistical Center of Iran,01-Yearly,,,,,GDP nominal constant price (Statistical Center of Iran - yearly),persian,country,Statistical Center of Iran,Billion Toman 1400,yearly,FALSE,line,time,num,subscriber
gdp_cos_stt_se,7,01-Economy,01-GDP,01-Total Value,02-Nominal,02-Constant Price,04-Statistical Center of Iran,02-Seasonal,,,,,GDP nominal constant price (Statistical Center of Iran - seasonal),persian,country,Statistical Center of Iran,Billion Toman 1400,seasonal,FALSE,line,time,num,subscriber
gdp_ppp_cur_wb,6,01-Economy,01-GDP,01-Total Value,03-PPP,01-Current Price,01-World Bank,,,,,,GDP PPP current price (World Bank),gregorian,country,World Bank,Billion international $,yearly,FALSE,line,time,num,subscriber
gdp_ppp_cur_imf,6,01-Economy,01-GDP,01-Total Value,03-PPP,01-Current Price,02-IMF,,,,,,GDP PPP current price (IMF),gregorian,country,IMF,Billion international $,yearly,FALSE,line,time,num,subscriber
gdp_ppp_cos_wb,5,01-Economy,01-GDP,01-Total Value,03-PPP,02-Constant Price,,,,,,,GDP PPP constant price (World Bank),gregorian,country,World Bank,Billion international $ 2021,yearly,FALSE,line,time,num,subscriber
gdp_gth-wb,6,01-Economy,01-GDP,01-Total Value,01-Growth,01-World Bank,,,,,,,GDP growth (World Bank),gregorian,country,World Bank,%,yearly,FALSE,line,time,num,subscriber
gdp_gth-imf,6,01-Economy,01-GDP,01-Total Value,01-Growth,02-IMF,,,,,,,GDP growth (IMF),gregorian,country,IMF,%,yearly,FALSE,line,time,num,subscriber
gdp_gth-cbi,6,01-Economy,01-GDP,01-Total Value,01-Growth,03-Central Bank of Iran,01-Yearly,,,,,,GDP growth (CBI yearly),persian,country,Central Bank of Iran,%,yearly,FALSE,line,time,num,subscriber
gdp_gth-cbi_se,6,01-Economy,01-GDP,01-Total Value,01-Growth,03-Central Bank of Iran,02-Seasonal,,,,,,GDP growth (CBI seasonal),persian,country,Central Bank of Iran,%,seasonal,FALSE,line,time,num,subscriber
gdp_gth-stt,6,01-Economy,01-GDP,01-Total Value,01-Growth,04-Statistical Center of Iran,01-Yearly,,,,,,GDP growth (Statistical Center of Iran yearly),persian,country,Statistical Center of Iran,%,yearly,FALSE,line,time,num,subscriber
gdp_gth-stt_se,6,01-Economy,01-GDP,01-Total Value,01-Growth,04-Statistical Center of Iran,02-Seasonal,,,,,,GDP growth (Statistical Center of Iran seasonal),persian,country,Statistical Center of Iran,%,seasonal,FALSE,line,time,num,subscriber
gdp_pr_oil,6,01-Economy,01-GDP,01-Total Value,04-Provincial,01-Nominal,01-With oil,,,,,,GDP provincial current price,persian,province,Statistical Center of Iran,Billion Toman,yearly,TRUE,bar,time,num,subscriber
gdp_pr_no_oil,6,01-Economy,01-GDP,01-Total Value,04-Provincial,01-Nominal,02-Without oil,,,,,,GDP provincial current price (without oil),persian,province,Statistical Center of Iran,Billion Toman,yearly,TRUE,bar,time,num,subscriber
gdp_pr_oil_share,7,01-Economy,01-GDP,01-Total Value,04-Provincial,02-Share,01-With oil,,,,,,GDP provincial share,persian,province,Statistical Center of Iran,%,yearly,TRUE,bar,time,num,subscriber
gdp_pr_no_oil_share,6,01-Economy,01-GDP,01-Total Value,04-Provincial,02-Share,02-Without oil,,,,,,GDP provincial share (without oil),persian,province,Statistical Center of Iran,%,yearly,TRUE,bar,time,num,subscriber
gdp_cap_cur_wb,7,01-Economy,01-GDP,02-Per capita,02-Nominal,01-Current Price,01-World Bank,01-USD,,,,,GDP per capita nominal current price (World Bank),gregorian,country,World Bank,US$,yearly,FALSE,line,time,num,subscriber
gdp_cap_cur_wb_irr,7,01-Economy,01-GDP,02-Per capita,02-Nominal,01-Current Price,01-World Bank,02-IRR,,,,,GDP per capita nominal current price (World Bank IRR),gregorian,country,World Bank,Toman,yearly,FALSE,line,time,num,subscriber
gdp_cap_cur_imf,6,01-Economy,01-GDP,02-Per capita,02-Nominal,01-Current Price,02-IMF,,,,,,GDP per capita nominal current price (IMF),gregorian,country,IMF,US$,yearly,FALSE,line,time,num,subscriber
gdp_cap_cos_wb,7,01-Economy,01-GDP,02-Per capita,02-Nominal,02-Constant Price,01-World Bank,01-USD,,,,,GDP per capita nominal constant price (World Bank),gregorian,country,World Bank,US$ 2015,yearly,FALSE,line,time,num,subscriber
gdp_cap_cos_wb_irr,7,01-Economy,01-GDP,02-Per capita,02-Nominal,02-Constant Price,01-World Bank,02-IRR,,,,,GDP per capita nominal constant price (World Bank IRR),gregorian,country,World Bank,Toman 2015,yearly,FALSE,line,time,num,subscriber
gdp_cap_ppp_wb,6,01-Economy,01-GDP,02-Per capita,03-PPP,01-Current Price,01-World Bank,,,,,,GDP per capita PPP current price (World Bank),gregorian,country,World Bank,International $,yearly,FALSE,line,time,num,subscriber
gdp_cap_ppp_imf,6,01-Economy,01-GDP,02-Per capita,03-PPP,01-Current Price,02-IMF,,,,,,GDP per capita PPP current price (IMF),gregorian,country,IMF,International $,yearly,FALSE,line,time,num,subscriber
gdp_cap_ppp_cos_wb,6,01-Economy,01-GDP,02-Per capita,03-PPP,02-Constant Price,01-World Bank,,,,,,GDP per capita PPP constant price (World Bank),gregorian,country,World Bank,international $ 2021,yearly,FALSE,line,time,num,subscriber
gdp_cap_gth_wb,6,01-Economy,01-GDP,02-Per capita,01-Growth,,,,,,,,GDP per capita growth,gregorian,country,World Bank,%,yearly,FALSE,line,time,num,subscriber
inf_irs_c-t_y,6,01-Economy,02-Inflation,01-Rate,01-Total,01-Statistical Center of Iran,01-Yearly,,,,,,Yearly inflation rate- Statistical Center of Iran,persian,country,Central Bank of Iran,%,yearly,FALSE,line,time,num,subscriber
inf_irs_c-t_m,7,01-Economy,02-Inflation,01-Rate,01-Total,01-Statistical Center of Iran,02-Monthly,03-Month to month,,,,,Monthly inflation rate (month to month) - Statistical Center of Iran,persian,country,Statistical Center of Iran,%,monthly,FALSE,line,time,num,subscriber
inf_irs_c-t_p,7,01-Economy,02-Inflation,01-Rate,01-Total,01-Statistical Center of Iran,02-Monthly,02-Point-to-point,,,,,Monthly inflation rate (point to point) - Statistical Center of Iran,persian,country,Statistical Center of Iran,%,monthly,FALSE,line,time,num,subscriber
inf_irs_c-t_12,7,01-Economy,02-Inflation,01-Rate,01-Total,01-Statistical Center of Iran,02-Monthly,01-12 month,,,,,Monthly inflation rate (12 month) - Statistical Center of Iran,persian,country,Statistical Center of Iran,%,monthly,FALSE,line,time,num,subscriber
inf_cbi_y,6,01-Economy,02-Inflation,01-Rate,01-Total,02-Central Bank of Iran,01-Yearly,,,,,,Yearly inflation rate- Central Bank of Iran,persian,country,Central Bank of Iran,%,yearly,FALSE,line,time,num,subscriber
inf_cbi_m_t_m,7,01-Economy,02-Inflation,01-Rate,01-Total,02-Central Bank of Iran,02-Monthly,,,,,,Monthly inflation rate (month to month) - Central Bank of Iran,persian,country,Central Bank of Iran,%,monthly,FALSE,line,time,num,subscriber
inf_cbi_m_t_p,7,01-Economy,02-Inflation,01-Rate,01-Total,02-Central Bank of Iran,02-Monthly,03-Month to month,,,,,Monthly inflation rate (point to point) - Central Bank of Iran,persian,country,Central Bank of Iran,%,monthly,FALSE,line,time,num,subscriber
inf_cbi_m_t_12,7,01-Economy,02-Inflation,01-Rate,01-Total,02-Central Bank of Iran,02-Monthly,02-Point-to-point,,,,,Monthly inflation rate (12 month) - Central Bank of Iran,persian,country,Central Bank of Iran,%,monthly,FALSE,line,time,num,subscriber
inf_wb_y,5,01-Economy,02-Inflation,01-Rate,01-Total,03-World Bank,,,,,,,Yearly inflation rate- World Bank,gregorian,country,World Bank,%,yearly,FALSE,line,time,num,subscriber
inf_imf_y,6,01-Economy,02-Inflation,01-Rate,01-Total,04-IMF,,,,,,,Yearly inflation rate- IMF,gregorian,country,IMF,%,yearly,FALSE,line,time,num,subscriber
inf_irs_c-f_m,5,01-Economy,02-Inflation,01-Rate,02-Food,03-Month to month,,,,,,,Monthly inflation rate food (month to month) - Statistical Center of Iran,persian,country,Statistical Center of Iran,%,monthly,FALSE,line,time,num,subscriber
inf_irs_c-f_p,5,01-Economy,02-Inflation,01-Rate,02-Food,02-Point-to-point,,,,,,,Monthly inflation rate food (point to point) - Statistical Center of Iran,persian,country,Statistical Center of Iran,%,monthly,FALSE,line,time,num,subscriber
inf_irs_c-f_12,5,01-Economy,02-Inflation,01-Rate,02-Food,01-12 month,,,,,,,Monthly inflation rate food (12 month) - Statistical Center of Iran,persian,country,Statistical Center of Iran,%,monthly,FALSE,line,time,num,subscriber
inf_irs_c-nf_m,5,01-Economy,02-Inflation,01-Rate,03-Non-food,03-Month to month,,,,,,,Monthly inflation rate non-food (month to month) - Statistical Center of Iran,persian,country,Statistical Center of Iran,%,monthly,FALSE,line,time,num,subscriber
inf_irs_c-nf_p,5,01-Economy,02-Inflation,01-Rate,03-Non-food,02-Point-to-point,,,,,,,Monthly inflation rate non-food (point to point) - Statistical Center of Iran,persian,country,Statistical Center of Iran,%,monthly,FALSE,line,time,num,subscriber
inf_irs_c-nf_12,5,01-Economy,02-Inflation,01-Rate,03-Non-food,01-12 month,,,,,,,Monthly inflation rate non-food (12 month) - Statistical Center of Iran,persian,country,Statistical Center of Iran,%,monthly,FALSE,line,time,num,subscriber
inf_irs_c-h_m,5,01-Economy,02-Inflation,01-Rate,04-Housing,03-Month to month,,,,,,,Monthly inflation rate housing (month to month) - Statistical Center of Iran,persian,country,Statistical Center of Iran,%,monthly,FALSE,line,time,num,subscriber
inf_irs_c-h_p,5,01-Economy,02-Inflation,01-Rate,04-Housing,02-Point-to-point,,,,,,,Monthly inflation rate housing (point to point) - Statistical Center of Iran,persian,country,Statistical Center of Iran,%,monthly,FALSE,line,time,num,subscriber
inf_irs_c-h_12,5,01-Economy,02-Inflation,01-Rate,04-Housing,01-12 month,,,,,,,Monthly inflation rate housing (12 month) - Statistical Center of Iran,persian,country,Statistical Center of Iran,%,monthly,FALSE,line,time,num,subscriber
cpi_cbi_m_t_y-95,7,01-Economy,02-Inflation,02-CPI,01-Total,02-Central Bank of Iran,1395=100,01-Yearly,,,,,CPI total - Central Bank of Iran (1395 = 100),persian,country,Central Bank of Iran,,monthly,FALSE,line,time,num,subscriber
cpi_cbi_m_t_95,7,01-Economy,02-Inflation,02-CPI,01-Total,02-Central Bank of Iran,1395=100,02-Monthly,,,,,CPI total - Central Bank of Iran (1395 = 100),persian,country,Central Bank of Iran,,monthly,FALSE,line,time,num,subscriber
cpi_cbi_m_t_y_00,7,01-Economy,02-Inflation,02-CPI,01-Total,02-Central Bank of Iran,1400=100,01-Yearly,,,,,CPI total - Central Bank of Iran (1400 = 100),persian,country,Central Bank of Iran,,yearly,FALSE,line,time,num,subscriber
cpi_cbi_m_t_00,7,01-Economy,02-Inflation,02-CPI,01-Total,02-Central Bank of Iran,1400=100,02-Monthly,,,,,CPI total - Central Bank of Iran (1400 = 100),persian,country,Central Bank of Iran,,monthly,FALSE,line,time,num,subscriber
cpi_irs_c-y_t,6,01-Economy,02-Inflation,02-CPI,01-Total,01-Statistical Center of Iran,01-Yearly,,,,,,CPI total - Statistical Center of Iran (1400 = 100),persian,country,Statistical Center of Iran,,yearly,FALSE,line,time,num,subscriber
cpi_irs_c-t,6,01-Economy,02-Inflation,02-CPI,01-Total,01-Statistical Center of Iran,02-Monthly,,,,,,CPI total - Statistical Center of Iran (1400 = 100),persian,country,Statistical Center of Iran,,monthly,FALSE,line,time,num,subscriber
cpi_wb_y,6,01-Economy,02-Inflation,02-CPI,01-Total,03-World Bank,,,,,,,CPI - World Bank (2010 = 100),gregorian,country,World Bank,,yearly,FALSE,line,time,num,subscriber
cpi_irs_c-y_f,6,01-Economy,02-Inflation,02-CPI,02-Food,01-Statistical Center of Iran,01-Yearly,,,,,,CPI food - Statistical Center of Iran (1400 = 100),persian,country,Statistical Center of Iran,,yearly,FALSE,line,time,num,subscriber
cpi_irs_c-f,6,01-Economy,02-Inflation,02-CPI,02-Food,01-Statistical Center of Iran,02-Monthly,,,,,,CPI food - Statistical Center of Iran (1400 = 100),persian,country,Statistical Center of Iran,,monthly,FALSE,line,time,num,subscriber
cpi_irs_c-h,5,01-Economy,02-Inflation,02-CPI,04-Housing,01-Statistical Center of Iran,,,,,,,CPI housing - Statistical Center of Iran (1400 = 100),persian,country,Statistical Center of Iran,,monthly,FALSE,line,time,num,subscriber
cpi_irs_c-nf,5,01-Economy,02-Inflation,02-CPI,03-Non-food,03-Non-food,,,,,,,CPI non-food - Statistical Center of Iran (1400 = 100),persian,country,Statistical Center of Iran,,monthly,FALSE,line,time,num,subscriber
mr_$_azad_y_p,6,06-Markets,01-Exchange,01-USD,01-Free price,01-Yearly avg,01-Persian cal,,,,,,1 USD yearly average price (free market) - Persian calendar,persian,country,Central Bank of Iran,Toman,yearly,FALSE,line,time,num,subscriber
mr_$_azad_y_g,6,06-Markets,01-Exchange,01-USD,01-Free price,01-Yearly avg,02-Gregorian cal,,,,,,1 USD yearly average price (free market) - Georgian calendar,gregorian,country,TGJU,Toman,yearly,FALSE,line,time,num,subscriber
$_azad_m_p,6,06-Markets,01-Exchange,01-USD,01-Free price,02-Monthly,01-Persian cal,,,,,,1 USD monthly average price (free market) - Persian calendar,persian,country,Central Bank of Iran,Toman,monthly,FALSE,line,time,num,subscriber
mr_$_azad_m_g,6,06-Markets,01-Exchange,01-USD,01-Free price,02-Monthly,02-Gregorian cal,,,,,,1 USD monthly average price (free market) - Georgian calendar,gregorian,country,TGJU,Toman,monthly,FALSE,line,time,num,subscriber
$_nima_y_p,6,06-Markets,01-Exchange,01-USD,02-Nima,01-Yearly avg,01-Persian cal,,,,,,1 USD yearly average price (NIMA) - Persian calendar,persian,country,Central Bank of Iran,Toman,yearly,FALSE,line,time,num,subscriber
$_nima_y_g,6,06-Markets,01-Exchange,01-USD,02-Nima,01-Yearly avg,02-Gregorian cal,,,,,,1 USD yearly average price (NIMA) - Georgian calendar,gregorian,country,TGJU,Toman,yearly,FALSE,line,time,num,subscriber
$_nima_m_p,6,06-Markets,01-Exchange,01-USD,02-Nima,02-Monthly,01-Persian cal,,,,,,1 USD monthly average price (NIMA) - Persian calendar,persian,country,Central Bank of Iran,Toman,monthly,FALSE,line,time,num,subscriber
$_nima_m_g,6,06-Markets,01-Exchange,01-USD,02-Nima,02-Monthly,02-Gregorian cal,,,,,,1 USD monthly average price (NIMA) - Georgian calendar,gregorian,country,TGJU,Toman,monthly,FALSE,line,time,num,subscriber
$_mob_y_p,6,06-Markets,01-Exchange,01-USD,03-Mobadeleh,01-Yearly avg,01-Persian cal,,,,,,1 USD yearly average price (Mobadele) - Persian calendar,persian,country,Central Bank of Iran,Toman,yearly,FALSE,line,time,num,subscriber
$_mob_y_g,6,06-Markets,01-Exchange,01-USD,03-Mobadeleh,01-Yearly avg,02-Gregorian cal,,,,,,1 USD yearly average price (Mobadele) - Georgian calendar,gregorian,country,TGJU,Toman,yearly,FALSE,line,time,num,subscriber
$_mob_m_p,6,06-Markets,01-Exchange,01-USD,03-Mobadeleh,02-Monthly,01-Persian cal,,,,,,1 USD monthly average price (Mobadele) - Persian calendar,persian,country,Central Bank of Iran,Toman,monthly,FALSE,line,time,num,subscriber
$_mob_m_g,6,06-Markets,01-Exchange,01-USD,03-Mobadeleh,02-Monthly,02-Gregorian cal,,,,,,1 USD monthly average price (Mobadele) - Georgian calendar,gregorian,country,TGJU,Toman,monthly,FALSE,line,time,num,subscriber
g_mesg_y_p,6,06-Markets,02-Gold,02-Weighted,01-Mesghal,01-Yearly avg,01-Persian cal,,,,,,1 Mesghal gold yearly average price - Persian calendar,persian,country,TGJU,Toman,yearly,FALSE,line,time,num,subscriber
g_mesg_y_g,6,06-Markets,02-Gold,02-Weighted,01-Mesghal,01-Yearly avg,02-Gregorian cal,,,,,,1 Mesghal gold yearly average price - Georgian calendar,gregorian,country,TGJU,Toman,yearly,FALSE,line,time,num,subscriber
g_mesg_m_p,6,06-Markets,02-Gold,02-Weighted,01-Mesghal,02-Monthly,01-Persian cal,,,,,,1 Mesghal gold monthly average price - Persian calendar,persian,country,TGJU,Toman,monthly,FALSE,line,time,num,subscriber
g_mesg_m_g,6,06-Markets,02-Gold,02-Weighted,01-Mesghal,02-Monthly,02-Gregorian cal,,,,,,1 Mesghal gold monthly average price - Georgian calendar,gregorian,country,TGJU,Toman,monthly,FALSE,line,time,num,subscriber
g_cb_y_p,6,06-Markets,02-Gold,01-Coin,01-Bahar,01-Yearly avg,01-Persian cal,,,,,,1 gold coin (Bahar) yearly average price - Persian calendar,persian,country,Central Bank of Iran,Toman,yearly,FALSE,line,time,num,subscriber
g_cb_y_g,6,06-Markets,02-Gold,01-Coin,01-Bahar,01-Yearly avg,02-Gregorian cal,,,,,,1 gold coin (Bahar) yearly average price - Georgian calendar,gregorian,country,TGJU,Toman,yearly,FALSE,line,time,num,subscriber
g_cb_m_p,6,06-Markets,02-Gold,01-Coin,01-Bahar,02-Monthly,01-Persian cal,,,,,,1 gold coin (Bahar) monthly average price - Persian calendar,persian,country,Central Bank of Iran,Toman,monthly,FALSE,line,time,num,subscriber
g_cb_m_g,6,06-Markets,02-Gold,01-Coin,01-Bahar,02-Monthly,02-Gregorian cal,,,,,,1 gold coin (Bahar) monthly average price - Georgian calendar,gregorian,country,TGJU,Toman,monthly,FALSE,line,time,num,subscriber
g_cem_y_p,6,06-Markets,02-Gold,01-Coin,02-Emami,01-Yearly avg,01-Persian cal,,,,,,1 gold coin (ٍEmami) yearly average price - Persian calendar,persian,country,Central Bank of Iran,Toman,yearly,FALSE,line,time,num,subscriber
g_cem_y_g,6,06-Markets,02-Gold,01-Coin,02-Emami,01-Yearly avg,02-Gregorian cal,,,,,,1 gold coin (ٍEmami) yearly average price - Georgian calendar,gregorian,country,TGJU,Toman,yearly,FALSE,line,time,num,subscriber
g_cem_m_p,6,06-Markets,02-Gold,01-Coin,02-Emami,02-Monthly,01-Persian cal,,,,,,1 gold coin (ٍEmami) monthly average price - Persian calendar,persian,country,Central Bank of Iran,Toman,monthly,FALSE,line,time,num,subscriber
g_cem_m_g,6,06-Markets,02-Gold,01-Coin,02-Emami,02-Monthly,02-Gregorian cal,,,,,,1 gold coin (ٍEmami) monthly average price - Georgian calendar,gregorian,country,TGJU,Toman,monthly,FALSE,line,time,num,subscriber
g_nim_y_p,6,06-Markets,02-Gold,01-Coin,03-0.5 coin,01-Yearly avg,01-Persian cal,,,,,,0.5 gold coin yearly average price - Persian calendar,persian,country,Central Bank of Iran,Toman,yearly,FALSE,line,time,num,subscriber
g_nim_y_g,6,06-Markets,02-Gold,01-Coin,03-0.5 coin,01-Yearly avg,02-Gregorian cal,,,,,,0.5 gold coin yearly average price - Georgian calendar,gregorian,country,TGJU,Toman,yearly,FALSE,line,time,num,subscriber
g_nim_m_p,6,06-Markets,02-Gold,01-Coin,03-0.5 coin,02-Monthly,01-Persian cal,,,,,,0.5 gold coin monthly average price - Persian calendar,persian,country,Central Bank of Iran,Toman,monthly,FALSE,line,time,num,subscriber
g_nim_m_g,6,06-Markets,02-Gold,01-Coin,03-0.5 coin,02-Monthly,02-Gregorian cal,,,,,,0.5 gold coin monthly average price - Georgian calendar,gregorian,country,TGJU,Toman,monthly,FALSE,line,time,num,subscriber
g_rob_y_p,6,06-Markets,02-Gold,01-Coin,04-1/4 coin,01-Yearly avg,01-Persian cal,,,,,,1/4 gold coin yearly average price - Persian calendar,persian,country,Central Bank of Iran,Toman,yearly,FALSE,line,time,num,subscriber
g_rob_y_g,6,06-Markets,02-Gold,01-Coin,04-1/4 coin,01-Yearly avg,02-Gregorian cal,,,,,,1/4 gold coin yearly average price - Georgian calendar,gregorian,country,TGJU,Toman,yearly,FALSE,line,time,num,subscriber
g_rob_m_p,6,06-Markets,02-Gold,01-Coin,04-1/4 coin,02-Monthly,01-Persian cal,,,,,,1/4 gold coin monthly average price - Persian calendar,persian,country,Central Bank of Iran,Toman,monthly,FALSE,line,time,num,subscriber
g_rob_m_g,6,06-Markets,02-Gold,01-Coin,04-1/4 coin,02-Monthly,02-Gregorian cal,,,,,,1/4 gold coin monthly average price - Georgian calendar,gregorian,country,TGJU,Toman,monthly,FALSE,line,time,num,subscriber
st_y_p,5,06-Markets,03-Stock,01-Tehran Stock Market,01-Yearly avg,01-Persian cal,,,,,,,Tehran Stock Market Index - Persian calendar,persian,country,TSE,,yearly,FALSE,line,time,num,subscriber
st_y_g,5,06-Markets,03-Stock,01-Tehran Stock Market,01-Yearly avg,02-Gregorian cal,,,,,,,Tehran Stock Market Index - Georgian calendar,gregorian,country,TSE,,yearly,FALSE,line,time,num,subscriber
st_m_p,5,06-Markets,03-Stock,01-Tehran Stock Market,02-Monthly,01-Persian cal,,,,,,,Tehran Stock Market Index - Persian calendar,persian,country,TSE,,monthly,FALSE,line,time,num,subscriber
st_m_g,5,06-Markets,03-Stock,01-Tehran Stock Market,02-Monthly,02-Gregorian cal,,,,,,,Tehran Stock Market Index - Georgian calendar,gregorian,country,TSE,,monthly,FALSE,line,time,num,subscriber
liq,5,01-Economy,05-Monetary,01-Broad money,01-Broad Money,01-Persian cal,,,,,,,Broad Money,persian,country,Central Bank of Iran,Billion Toman,seasonal,FALSE,line,time,num,subscriber
liq_1_1,5,01-Economy,05-Monetary,01-Broad money,04-Foreign Assets,01-Persian cal,,,,,,,Broad Money Sources: Banking System Net Foreign Assets (NFA),persian,country,Central Bank of Iran,Billion Toman,seasonal,FALSE,line,time,num,subscriber
liq_1_2,5,01-Economy,05-Monetary,01-Broad money,03-Government Debt,01-Persian cal,,,,,,,Broad Money Sources: Net Claims on the Government Sector,persian,country,Central Bank of Iran,Billion Toman,seasonal,FALSE,line,time,num,subscriber
liq_1_3,5,01-Economy,05-Monetary,01-Broad money,05-Privet Sector Debt,01-Persian cal,,,,,,,Broad Money Sources: Private Sector (Non-Government) Credit,persian,country,Central Bank of Iran,Billion Toman,seasonal,FALSE,line,time,num,subscriber
liq_1_4,5,01-Economy,05-Monetary,01-Broad money,06-Other Sources,01-Persian cal,,,,,,,Broad Money Sources: Other Items Net (OIN),persian,country,Central Bank of Iran,Billion Toman,seasonal,FALSE,line,time,num,subscriber
liq_2-1,6,01-Economy,05-Monetary,01-Broad money,02-Currency Circulation,01-M1: Money,01-Persian cal,,,,,,Broad Money Sources: Currency in Circulation: Money (M1),persian,country,Central Bank of Iran,Billion Toman,seasonal,FALSE,line,time,num,subscriber
liq_2-2,6,01-Economy,05-Monetary,01-Broad money,02-Currency Circulation,02-M2: Quasi money,01-Persian cal,,,,,,Broad Money Sources: Currency in Circulation: Quasi-Mone (M2),persian,country,Central Bank of Iran,Billion Toman,seasonal,FALSE,line,time,num,subscriber
mon_b,5,01-Economy,05-Monetary,02-Monetary base,01-Monetary Base,01-Persian cal,,,,,,,Monetary Base,persian,country,Central Bank of Iran,Billion Toman,seasonal,FALSE,line,time,num,subscriber
mon_b_1_1,5,01-Economy,05-Monetary,02-Monetary base,02-Foreign Assets,01-Persian cal,,,,,,,Monetary Base Sources: Central Bank Net Foreign Assets (NFA),persian,country,Central Bank of Iran,Billion Toman,seasonal,FALSE,line,time,num,subscriber
mon_b_1_2,5,01-Economy,05-Monetary,02-Monetary base,03-Government Debt,01-Persian cal,,,,,,,Monetary Base Sources: Net Claims on the Government Sector,persian,country,Central Bank of Iran,Billion Toman,seasonal,FALSE,line,time,num,subscriber
mon_b_1_3,5,01-Economy,05-Monetary,02-Monetary base,04-Bankks Debt,01-Persian cal,,,,,,,Monetary Base Sources: Claims on Banks,persian,country,Central Bank of Iran,Billion Toman,seasonal,FALSE,line,time,num,subscriber
mon_b_1_4,5,01-Economy,05-Monetary,02-Monetary base,05-Other Sources,01-Persian cal,,,,,,,Monetary Base Sources: Other Items Net (OIN),persian,country,Central Bank of Iran,Billion Toman,seasonal,FALSE,line,time,num,subscriber
mon_b_2_1,5,01-Economy,05-Monetary,02-Monetary base,06-Reserves,01-Persian cal,,,,,,,Monetary Base Sources: Required Reserves,persian,country,Central Bank of Iran,Billion Toman,seasonal,FALSE,line,time,num,subscriber
mon_b_2_2,5,01-Economy,05-Monetary,02-Monetary base,07-Deposits,01-Persian cal,,,,,,,Monetary Base Sources: Banks Deposits at the Central Bank,persian,country,Central Bank of Iran,Billion Toman,seasonal,FALSE,line,time,num,subscriber
mon_b_2_3,5,01-Economy,05-Monetary,02-Monetary base,08-Currency Circulation,01-Persian cal,,,,,,,Monetary Base Sources: Currency in Circulation,persian,country,Central Bank of Iran,Billion Toman,seasonal,FALSE,line,time,num,subscriber
ho_bg_in_ur_cur,6,01-Economy,04-Household economics,01-Household income,01-Urban,01-Current price,01-Persian cal,,,,,,Household income - Urban - Current prices,persian,country,Statistical Center of Iran,Toman,yearly,FALSE,line,time,num,subscriber
ho_bg_in_ur_con,6,01-Economy,04-Household economics,01-Household income,01-Urban,02-Constant prices,01-Persian cal,,,,,,Household income - Urban - Constant prices,persian,country,Statistical Center of Iran,Toman 1400,yearly,FALSE,line,time,num,subscriber
ho_bg_in_rr_cur,6,01-Economy,04-Household economics,01-Household income,02-Rural,01-Current price,01-Persian cal,,,,,,Household income - Rural - Current prices,persian,country,Statistical Center of Iran,Toman,yearly,FALSE,line,time,num,subscriber
ho_bg_in_rr_con,6,01-Economy,04-Household economics,01-Household income,02-Rural,02-Constant prices,01-Persian cal,,,,,,Household income - Rural - Constant prices,persian,country,Statistical Center of Iran,Toman 1400,yearly,FALSE,line,time,num,subscriber
ho_bg_ex_ur_cur,7,01-Economy,04-Household economics,02-Household expenditures,01-Total expenditure,01-Urban,01-Current price,01-Persian cal,,,,,Household net expenditure - Urban - Current prices,persian,country,Statistical Center of Iran,Toman,yearly,FALSE,line,time,num,subscriber
ho_bg_ex_ur_con,7,01-Economy,04-Household economics,02-Household expenditures,01-Total expenditure,01-Urban,02-Constant prices,01-Persian cal,,,,,Household net expenditure - Urban - Constant prices,persian,country,Statistical Center of Iran,Toman 1400,yearly,FALSE,line,time,num,subscriber
ho_bg_ex_rr_cur,7,01-Economy,04-Household economics,02-Household expenditures,01-Total expenditure,02-Rural,01-Current price,01-Persian cal,,,,,Household net total expenditure - Rural - Current prices,persian,country,Statistical Center of Iran,Toman,yearly,FALSE,line,time,num,subscriber
ho_bg_ex_rr_con,7,01-Economy,04-Household economics,02-Household expenditures,01-Total expenditure,02-Rural,02-Constant prices,01-Persian cal,,,,,Household net total expenditure - Rural - Constant prices,persian,country,Statistical Center of Iran,Toman 1400,yearly,FALSE,line,time,num,subscriber
ho_bg_fo_ex_ur_cur,7,01-Economy,04-Household economics,02-Household expenditures,02-Food expenditure,01-Urban,01-Current price,01-Persian cal,,,,,Household food expenditure - Urban - Current prices,persian,country,Statistical Center of Iran,Toman,yearly,FALSE,line,time,num,subscriber
ho_bg_fo_ex_ur_con,7,01-Economy,04-Household economics,02-Household expenditures,02-Food expenditure,01-Urban,02-Constant prices,01-Persian cal,,,,,Household food expenditure - Urban - Constant prices,persian,country,Statistical Center of Iran,Toman 1400,yearly,FALSE,line,time,num,subscriber
ho_bg_fo_ex_rr_cur,7,01-Economy,04-Household economics,02-Household expenditures,02-Food expenditure,02-Rural,01-Current price,01-Persian cal,,,,,Household food expenditure - Rural - Current prices,persian,country,Statistical Center of Iran,Toman,yearly,FALSE,line,time,num,subscriber
ho_bg_fo_ex_rr_con,7,01-Economy,04-Household economics,02-Household expenditures,02-Food expenditure,02-Rural,02-Constant prices,01-Persian cal,,,,,Household food expenditure - Rural - Constant prices,persian,country,Statistical Center of Iran,Toman 1400,yearly,FALSE,line,time,num,subscriber
ho_bg_gini,4,01-Economy,04-Household economics,03-Gini index,01-Persian cal,,,,,,,,Gini index,persian,country,Statistical Center of Iran,,yearly,FALSE,line,time,num,subscriber
liq_g,5,01-Economy,05-Monetary,01-Broad money,01-Broad Money,02-Gregorian cal,,,,,,,Broad Money,gregorian,country,Central Bank of Iran,Billion Toman,seasonal,FALSE,line,time,num,subscriber
liq_1_1_g,5,01-Economy,05-Monetary,01-Broad money,04-Foreign Assets,02-Gregorian cal,,,,,,,Broad Money Sources: Banking System Net Foreign Assets (NFA),gregorian,country,Central Bank of Iran,Billion Toman,seasonal,FALSE,line,time,num,subscriber
liq_1_2_g,5,01-Economy,05-Monetary,01-Broad money,03-Government Debt,02-Gregorian cal,,,,,,,Broad Money Sources: Net Claims on the Government Sector,gregorian,country,Central Bank of Iran,Billion Toman,seasonal,FALSE,line,time,num,subscriber
liq_1_3_g,5,01-Economy,05-Monetary,01-Broad money,05-Privet Sector Debt,02-Gregorian cal,,,,,,,Broad Money Sources: Private Sector (Non-Government) Credit,gregorian,country,Central Bank of Iran,Billion Toman,seasonal,FALSE,line,time,num,subscriber
liq_1_4_g,5,01-Economy,05-Monetary,01-Broad money,06-Other Sources,02-Gregorian cal,,,,,,,Broad Money Sources: Other Items Net (OIN),gregorian,country,Central Bank of Iran,Billion Toman,seasonal,FALSE,line,time,num,subscriber
liq_2-1_g,6,01-Economy,05-Monetary,01-Broad money,02-Currency Circulation,01-M1: Money,02-Gregorian cal,,,,,,Broad Money Sources: Currency in Circulation: Money (M1),gregorian,country,Central Bank of Iran,Billion Toman,seasonal,FALSE,line,time,num,subscriber
liq_2-2_g,6,01-Economy,05-Monetary,01-Broad money,02-Currency Circulation,02-M2: Quasi money,02-Gregorian cal,,,,,,Broad Money Sources: Currency in Circulation: Quasi-Mone (M2),gregorian,country,Central Bank of Iran,Billion Toman,seasonal,FALSE,line,time,num,subscriber
mon_b_g,5,01-Economy,05-Monetary,02-Monetary base,01-Monetary Base,02-Gregorian cal,,,,,,,Monetary Base,gregorian,country,Central Bank of Iran,Billion Toman,seasonal,FALSE,line,time,num,subscriber
mon_b_1_1_g,5,01-Economy,05-Monetary,02-Monetary base,02-Foreign Assets,02-Gregorian cal,,,,,,,Monetary Base Sources: Central Bank Net Foreign Assets (NFA),gregorian,country,Central Bank of Iran,Billion Toman,seasonal,FALSE,line,time,num,subscriber
mon_b_1_2_g,5,01-Economy,05-Monetary,02-Monetary base,03-Government Debt,02-Gregorian cal,,,,,,,Monetary Base Sources: Net Claims on the Government Sector,gregorian,country,Central Bank of Iran,Billion Toman,seasonal,FALSE,line,time,num,subscriber
mon_b_1_3_g,5,01-Economy,05-Monetary,02-Monetary base,04-Bankks Debt,02-Gregorian cal,,,,,,,Monetary Base Sources: Claims on Banks,gregorian,country,Central Bank of Iran,Billion Toman,seasonal,FALSE,line,time,num,subscriber
mon_b_1_4_g,5,01-Economy,05-Monetary,02-Monetary base,05-Other Sources,02-Gregorian cal,,,,,,,Monetary Base Sources: Other Items Net (OIN),gregorian,country,Central Bank of Iran,Billion Toman,seasonal,FALSE,line,time,num,subscriber
mon_b_2_1_g,5,01-Economy,05-Monetary,02-Monetary base,06-Reserves,02-Gregorian cal,,,,,,,Monetary Base Sources: Required Reserves,gregorian,country,Central Bank of Iran,Billion Toman,seasonal,FALSE,line,time,num,subscriber
mon_b_2_2_g,5,01-Economy,05-Monetary,02-Monetary base,07-Deposits,02-Gregorian cal,,,,,,,Monetary Base Sources: Banks Deposits at the Central Bank,gregorian,country,Central Bank of Iran,Billion Toman,seasonal,FALSE,line,time,num,subscriber
mon_b_2_3_g,5,01-Economy,05-Monetary,02-Monetary base,08-Currency Circulation,02-Gregorian cal,,,,,,,Monetary Base Sources: Currency in Circulation,gregorian,country,Central Bank of Iran,Billion Toman,seasonal,FALSE,line,time,num,subscriber
ho_bg_in_ur_cur_g,6,01-Economy,04-Household economics,01-Household income,01-Urban,01-Current price,02-Gregorian cal,,,,,,Household income - Urban - Current prices,gregorian,country,Statistical Center of Iran,Toman,yearly,FALSE,line,time,num,subscriber
ho_bg_in_ur_con_g,6,01-Economy,04-Household economics,01-Household income,01-Urban,02-Constant prices,02-Gregorian cal,,,,,,Household income - Urban - Constant prices,gregorian,country,Statistical Center of Iran,Toman 1400,yearly,FALSE,line,time,num,subscriber
ho_bg_in_rr_cur_g,6,01-Economy,04-Household economics,01-Household income,02-Rural,01-Current price,02-Gregorian cal,,,,,,Household income - Rural - Current prices,gregorian,country,Statistical Center of Iran,Toman,yearly,FALSE,line,time,num,subscriber
ho_bg_in_rr_con_g,6,01-Economy,04-Household economics,01-Household income,02-Rural,02-Constant prices,02-Gregorian cal,,,,,,Household income - Rural - Constant prices,gregorian,country,Statistical Center of Iran,Toman 1400,yearly,FALSE,line,time,num,subscriber
ho_bg_ex_ur_cur_g,7,01-Economy,04-Household economics,02-Household expenditures,01-Total expenditure,01-Urban,01-Current price,02-Gregorian cal,,,,,Household net expenditure - Urban - Current prices,gregorian,country,Statistical Center of Iran,Toman,yearly,FALSE,line,time,num,subscriber
ho_bg_ex_ur_con_g,7,01-Economy,04-Household economics,02-Household expenditures,01-Total expenditure,01-Urban,02-Constant prices,02-Gregorian cal,,,,,Household net expenditure - Urban - Constant prices,gregorian,country,Statistical Center of Iran,Toman 1400,yearly,FALSE,line,time,num,subscriber
ho_bg_ex_rr_cur_g,7,01-Economy,04-Household economics,02-Household expenditures,01-Total expenditure,02-Rural,01-Current price,02-Gregorian cal,,,,,Household net total expenditure - Rural - Current prices,gregorian,country,Statistical Center of Iran,Toman,yearly,FALSE,line,time,num,subscriber
ho_bg_ex_rr_con_g,7,01-Economy,04-Household economics,02-Household expenditures,01-Total expenditure,02-Rural,02-Constant prices,02-Gregorian cal,,,,,Household net total expenditure - Rural - Constant prices,gregorian,country,Statistical Center of Iran,Toman 1400,yearly,FALSE,line,time,num,subscriber
ho_bg_fo_ex_ur_cur_g,7,01-Economy,04-Household economics,02-Household expenditures,02-Food expenditure,01-Urban,01-Current price,02-Gregorian cal,,,,,Household food expenditure - Urban - Current prices,gregorian,country,Statistical Center of Iran,Toman,yearly,FALSE,line,time,num,subscriber
ho_bg_fo_ex_ur_con_g,7,01-Economy,04-Household economics,02-Household expenditures,02-Food expenditure,01-Urban,02-Constant prices,02-Gregorian cal,,,,,Household food expenditure - Urban - Constant prices,gregorian,country,Statistical Center of Iran,Toman 1400,yearly,FALSE,line,time,num,subscriber
ho_bg_fo_ex_rr_cur_g,7,01-Economy,04-Household economics,02-Household expenditures,02-Food expenditure,02-Rural,01-Current price,02-Gregorian cal,,,,,Household food expenditure - Rural - Current prices,gregorian,country,Statistical Center of Iran,Toman,yearly,FALSE,line,time,num,subscriber
ho_bg_fo_ex_rr_con_g,7,01-Economy,04-Household economics,02-Household expenditures,02-Food expenditure,02-Rural,02-Constant prices,02-Gregorian cal,,,,,Household food expenditure - Rural - Constant prices,gregorian,country,Statistical Center of Iran,Toman 1400,yearly,FALSE,line,time,num,subscriber
ho_bg_gini_g,4,01-Economy,04-Household economics,03-Gini index,02-Gregorian cal,,,,,,,,Gini index,gregorian,country,Statistical Center of Iran,,yearly,FALSE,line,time,num,subscriber
lf_lf_wb_t,4,01-Economy,03-Labour force,01-National,03-LF Population (+15),,,,,,,,Labour force population (ILO estimate) - male & female +15,gregorian,country,World Bank (ILO estimate),persons,yearly,FALSE,line,time,num,subscriber
lf_pr_wb_t,7,01-Economy,03-Labour force,01-National,02-Participation rate,01-+15,01-Male & female,01-ILO estimate,,,,,Participation rate (ILO estimate) - male & female (+15) ,gregorian,country,World Bank (ILO estimate),%,yearly,FALSE,line,time,num,subscriber
if_pr_wb_n_t,7,01-Economy,03-Labour force,01-National,02-Participation rate,01-+15,01-Male & female,02-National estimate,,,,,Participation rate  - male & female (+15) ,gregorian,country,World Bank (national estimate),%,yearly,FALSE,line,time,num,subscriber
lf_pr_wb_f,7,01-Economy,03-Labour force,01-National,02-Participation rate,01-+15,02-Female,01-ILO estimate,,,,,Participation rate (ILO estimate) - female (+15) ,gregorian,country,World Bank (ILO estimate),%,yearly,FALSE,line,time,num,subscriber
if_pr_wb_n_f,7,01-Economy,03-Labour force,01-National,02-Participation rate,01-+15,02-Female,02-National estimate,,,,,Participation rate  - female (+15) ,gregorian,country,World Bank (national estimate),%,yearly,FALSE,line,time,num,subscriber
lf_pr_wb_m,7,01-Economy,03-Labour force,01-National,02-Participation rate,01-+15,03-Male,01-ILO estimate,,,,,Participation rate (ILO estimate) - male (+15) ,gregorian,country,World Bank (ILO estimate),%,yearly,FALSE,line,time,num,subscriber
if_pr_wb_n_m,7,01-Economy,03-Labour force,01-National,02-Participation rate,01-+15,03-Male,02-National estimate,,,,,Participation rate  - male (+15) ,gregorian,country,World Bank (national estimate),%,yearly,FALSE,line,time,num,subscriber
lf_pr_wb_t_15_64,6,01-Economy,03-Labour force,01-National,02-Participation rate,02-15-64,01-Male & female,,,,,,Participation rate (ILO estimate) - male & female (15-64) ,gregorian,country,World Bank (ILO estimate),%,yearly,FALSE,line,time,num,subscriber
lf_pr_wb_m_15_64,6,01-Economy,03-Labour force,01-National,02-Participation rate,02-15-64,03-Male,,,,,,Participation rate (ILO estimate) - male (15-64),gregorian,country,World Bank (ILO estimate),%,yearly,FALSE,line,time,num,subscriber
lf_pr_wb_f_15_64,6,01-Economy,03-Labour force,01-National,02-Participation rate,02-15-64,02-Female,,,,,,Participation rate (ILO estimate) - female (15-64),gregorian,country,World Bank (ILO estimate),%,yearly,FALSE,line,time,num,subscriber
lf_pr_wb_t_y,6,01-Economy,03-Labour force,01-National,02-Participation rate,03-15-24,01-Male & female,,,,,,Participation rate (ILO estimate) - male & female (15-24),gregorian,country,World Bank (ILO estimate),%,yearly,FALSE,line,time,num,subscriber
lf_pr_wb_m_y,6,01-Economy,03-Labour force,01-National,02-Participation rate,03-15-24,03-Male,,,,,,Participation rate (ILO estimate) - male (15-24),gregorian,country,World Bank (ILO estimate),%,yearly,FALSE,line,time,num,subscriber
lf_pr_wb_f_y,6,01-Economy,03-Labour force,01-National,02-Participation rate,03-15-24,02-Female,,,,,,Participation rate (ILO estimate) - female (15-24),gregorian,country,World Bank (ILO estimate),%,yearly,FALSE,line,time,num,subscriber
if_une_wb_t,7,01-Economy,03-Labour force,01-National,01-Unemployment rate,01-+15,01-Male & female,01-ILO estimate,,,,,Unemployment rate  - male & female (+15) ,gregorian,country,World Bank (ILO estimate),%,yearly,FALSE,line,time,num,subscriber
if_une_wb_n_t,7,01-Economy,03-Labour force,01-National,01-Unemployment rate,01-+15,01-Male & female,02-National estimate,,,,,Unemployment rate  - male & female (+15) ,gregorian,country,World Bank (national estimate),%,yearly,FALSE,line,time,num,subscriber
if_une_wb_f,7,01-Economy,03-Labour force,01-National,01-Unemployment rate,01-+15,02-Female,01-ILO estimate,,,,,Unemployment rate  - female (+15) ,gregorian,country,World Bank (ILO estimate),%,yearly,FALSE,line,time,num,subscriber
if_une_wb_n_f,7,01-Economy,03-Labour force,01-National,01-Unemployment rate,01-+15,02-Female,02-National estimate,,,,,Unemployment rate  - female (+15) ,gregorian,country,World Bank (national estimate),%,yearly,FALSE,line,time,num,subscriber
if_une_wb_m,7,01-Economy,03-Labour force,01-National,01-Unemployment rate,01-+15,03-Male,01-ILO estimate,,,,,Unemployment rate  - male (+15) ,gregorian,country,World Bank (ILO estimate),%,yearly,FALSE,line,time,num,subscriber
if_une_wb_n_m,7,01-Economy,03-Labour force,01-National,01-Unemployment rate,01-+15,03-Male,02-National estimate,,,,,Unemployment rate  - male (+15) ,gregorian,country,World Bank (national estimate),%,yearly,FALSE,line,time,num,subscriber
if_une_wb_ed_t,6,01-Economy,03-Labour force,01-National,01-Unemployment rate,04-Educated,01-Male & female,,,,,,Unemployment rate with advance education  - male & female (+15) ,gregorian,country,World Bank (ILO estimate),%,yearly,FALSE,line,time,num,subscriber
if_une_wb_ed_m,6,01-Economy,03-Labour force,01-National,01-Unemployment rate,04-Educated,03-Male,,,,,,Unemployment rate with advance education  - male (+15) ,gregorian,country,World Bank (ILO estimate),%,yearly,FALSE,line,time,num,subscriber
if_une_wb_ed_f,6,01-Economy,03-Labour force,01-National,01-Unemployment rate,04-Educated,02-Female,,,,,,Unemployment rate with advance education  - female (+15) ,gregorian,country,World Bank (ILO estimate),%,yearly,FALSE,line,time,num,subscriber
lf_pr_ir_p_t,4,01-Economy,03-Labour force,02-Provincial,02-Participation rate,,,,,,,,Participation rate (Provincial) - male & female (+15) ,persian,province,Statistical Center of Iran,%,yearly,TRUE,bar,time,num,subscriber
lf_pr_ir_une_t,4,01-Economy,03-Labour force,02-Provincial,01-Unemployment rate,,,,,,,,Unemployment rate (Provincial) - male & female (+15) ,persian,province,Statistical Center of Iran,%,yearly,TRUE,bar,time,num,subscriber
enrg_sup_t_g,4,05-Energy,01-Key Indicators,01-Supply & Demand,01-Supply,01-Total,01-Gregorian cal,,,,,,Final energy - Total supply,gregorian,country,Iran Energy ministry,mboe,yearly,FALSE,line,time,num,subscriber
enrg_sup_t,5,05-Energy,01-Key Indicators,01-Supply & Demand,01-Supply,01-Total,02-Persian cal,,,,,,Final energy - Total supply,persian,country,Iran Energy ministry,mboe,yearly,FALSE,line,time,num,subscriber
enrg_sup_o_g,4,05-Energy,01-Key Indicators,01-Supply & Demand,01-Supply,02-Oil,01-Gregorian cal,,,,,,Final energy - Oil supply,gregorian,country,Iran Energy ministry,mboe,yearly,FALSE,line,time,num,subscriber
enrg_sup_o,5,05-Energy,01-Key Indicators,01-Supply & Demand,01-Supply,02-Oil,02-Persian cal,,,,,,Final energy - Oil supply,persian,country,Iran Energy ministry,mboe,yearly,FALSE,line,time,num,subscriber
enrg_sup_g_g,4,05-Energy,01-Key Indicators,01-Supply & Demand,01-Supply,03-Gas,01-Gregorian cal,,,,,,Final energy - Gas supply,gregorian,country,Iran Energy ministry,mboe,yearly,FALSE,line,time,num,subscriber
enrg_sup_g,5,05-Energy,01-Key Indicators,01-Supply & Demand,01-Supply,03-Gas,02-Persian cal,,,,,,Final energy - Gas supply,persian,country,Iran Energy ministry,mboe,yearly,FALSE,line,time,num,subscriber
enrg_sup_h_g,4,05-Energy,01-Key Indicators,01-Supply & Demand,01-Supply,04-Hydropower,01-Gregorian cal,,,,,,Final energy - Hydropower supply,gregorian,country,Iran Energy ministry,mboe,yearly,FALSE,line,time,num,subscriber
enrg_sup_h,5,05-Energy,01-Key Indicators,01-Supply & Demand,01-Supply,04-Hydropower,02-Persian cal,,,,,,Final energy - Hydropower supply,persian,country,Iran Energy ministry,mboe,yearly,FALSE,line,time,num,subscriber
enrg_sup_ot_g,4,05-Energy,01-Key Indicators,01-Supply & Demand,01-Supply,05-Other supply,01-Gregorian cal,,,,,,Final energy - Other supply,gregorian,country,Iran Energy ministry,mboe,yearly,FALSE,line,time,num,subscriber
enrg_sup_ot,5,05-Energy,01-Key Indicators,01-Supply & Demand,01-Supply,05-Other supply,02-Persian cal,,,,,,Final energy - Other supply,persian,country,Iran Energy ministry,mboe,yearly,FALSE,line,time,num,subscriber
enrg_dem_t_g,3,05-Energy,01-Key Indicators,01-Supply & Demand,02-Demand,01-Gregorian cal,,,,,,,Final energy - Total demand,gregorian,country,Iran Energy ministry,mboe,yearly,FALSE,line,time,num,subscriber
enrg_dem_t,4,05-Energy,01-Key Indicators,01-Supply & Demand,02-Demand,02-Persian cal,,,,,,,Final energy - Total demand,persian,country,Iran Energy ministry,mboe,yearly,FALSE,line,time,num,subscriber
enrg_ind_tse,4,05-Energy,01-Key Indicators,02-Energy intensity,01-by GDP,,,,,,,,Total energy supply (TES) by GDP,gregorian,country,IEA,MJ per 2015 USD,yearly,FALSE,line,time,num,subscriber
enrg_ind_tse_ppp,4,05-Energy,01-Key Indicators,02-Energy intensity,02-by GDP PPP,,,,,,,,Total energy supply (TES) by GDP (PPP),gregorian,country,IEA,MJ per 2015 USD PPP,yearly,FALSE,line,time,num,subscriber
oil_ex_y_$_opec,6,05-Energy,02-Oil & Gas,01-Oil & Gas Trade,02-Oil & Gas,01-Export,01-Value,01-OPEC,,,,,Oil export value - yearly (OPEC),gregorian,country,OPEC,$ billion,yearly,FALSE,line,time,num,enterprise
oil_ex_y_$_cbi_g,6,05-Energy,02-Oil & Gas,01-Oil & Gas Trade,02-Oil & Gas,01-Export,01-Value,02-Central Bank of Iran,01-Gregorian cal,,,,Oil & gas export value - yearly (CBI),gregorian,country,Central Bank of Iran,$ billion,yearly,FALSE,line,time,num,enterprise
oil_ex_y_$_cbi,7,05-Energy,02-Oil & Gas,01-Oil & Gas Trade,02-Oil & Gas,01-Export,01-Value,02-Central Bank of Iran,02-Persian cal,,,,Oil & gas export value - yearly (CBI),persian,country,Central Bank of Iran,$ billion,yearly,FALSE,line,time,num,enterprise
oil_ex_y_val_opec,5,05-Energy,02-Oil & Gas,01-Oil & Gas Trade,02-Oil & Gas,01-Export,02-Volume,01-OPEC,,,,,Oil export volume - yearly (OPEC),gregorian,country,OPEC,mb/d,yearly,FALSE,line,time,num,enterprise
oil_im_y_$_cbi_g,5,05-Energy,02-Oil & Gas,01-Oil & Gas Trade,02-Oil & Gas,02-Import,01-Value,01-Gregorian cal,,,,,Oil & gas import value - yearly (CBI),gregorian,country,Central Bank of Iran,$ billion,yearly,FALSE,line,time,num,enterprise
oil_im_y_$_cbi,6,05-Energy,02-Oil & Gas,01-Oil & Gas Trade,02-Oil & Gas,02-Import,01-Value,02-Persian cal,,,,,Oil & gas import value - yearly (CBI),persian,country,Central Bank of Iran,$ billion,yearly,FALSE,line,time,num,enterprise
enrg_co_ex,4,05-Energy,02-Oil & Gas,01-Oil & Gas Trade,02-Crude Oil,01-Export,,,,,,,Crude OIl Export,gregorian,country,OPEC,1000 barrels,yearly,FALSE,line,time,num,enterprise
enrg_ng_ex,4,05-Energy,02-Oil & Gas,01-Oil & Gas Trade,03-Natural gas,01-Export,,,,,,,Natural gas - Export (IEA),gregorian,country,IEA,billion m3,yearly,FALSE,line,time,num,enterprise
enrg_ng_imp,4,05-Energy,02-Oil & Gas,01-Oil & Gas Trade,03-Natural gas,02-Import,,,,,,,Natural gas - Import (IEA),gregorian,country,IEA,billion m3,yearly,FALSE,line,time,num,enterprise
oil_pro_exp_gs_g,5,05-Energy,02-Oil & Gas,01-Oil & Gas Trade,04-Petroleum Products,01-Gasoline,01-Export,01-Gregorian cal,,,,,Oil products exports - Gasoline,gregorian,country,Multiple sources,1000 tons/d,yearly,FALSE,line,time,num,enterprise
oil_pro_exp_gs,6,05-Energy,02-Oil & Gas,01-Oil & Gas Trade,04-Petroleum Products,01-Gasoline,01-Export,02-Persian cal,,,,,Oil products exports - Gasoline,persian,country,Multiple sources,1000 tons/d,yearly,FALSE,line,time,num,enterprise
gs_imp_g,5,05-Energy,02-Oil & Gas,01-Oil & Gas Trade,04-Petroleum Products,01-Gasoline,02-Import,01-Gregorian cal,,,,,Gasoline import,gregorian,country,Multiple sources,1000 tons/d,yearly,FALSE,line,time,num,enterprise
gs_imp,6,05-Energy,02-Oil & Gas,01-Oil & Gas Trade,04-Petroleum Products,01-Gasoline,02-Import,02-Persian cal,,,,,Gasoline import,persian,country,Multiple sources,1000 tons/d,yearly,FALSE,line,time,num,enterprise
oil_pro_exp_d_g,5,05-Energy,02-Oil & Gas,01-Oil & Gas Trade,04-Petroleum Products,02-Diesel,01-Export,01-Gregorian cal,,,,,Oil products exports - Diesel,gregorian,country,Multiple sources,1000 tons/d,yearly,FALSE,line,time,num,enterprise
oil_pro_exp_d,6,05-Energy,02-Oil & Gas,01-Oil & Gas Trade,04-Petroleum Products,02-Diesel,01-Export,02-Persian cal,,,,,Oil products exports - Diesel,persian,country,Multiple sources,1000 tons/d,yearly,FALSE,line,time,num,enterprise
oil_pro_exp_o_g,5,05-Energy,02-Oil & Gas,01-Oil & Gas Trade,04-Petroleum Products,03-Fuel oil,01-Export,01-Gregorian cal,,,,,Oil products exports - Fuel oil,gregorian,country,Multiple sources,1000 tons/d,yearly,FALSE,line,time,num,enterprise
oil_pro_exp_o,6,05-Energy,02-Oil & Gas,01-Oil & Gas Trade,04-Petroleum Products,03-Fuel oil,01-Export,02-Persian cal,,,,,Oil products exports - Fuel oil,persian,country,Multiple sources,1000 tons/d,yearly,FALSE,line,time,num,enterprise
oil_pro_exp_kr_g,5,05-Energy,02-Oil & Gas,01-Oil & Gas Trade,04-Petroleum Products,04-Kerosene,01-Export,01-Gregorian cal,,,,,Oil products exports - Kerosene,gregorian,country,Multiple sources,1000 tons/d,yearly,FALSE,line,time,num,enterprise
oil_pro_exp_kr,6,05-Energy,02-Oil & Gas,01-Oil & Gas Trade,04-Petroleum Products,04-Kerosene,01-Export,02-Persian cal,,,,,Oil products exports - Kerosene,persian,country,Multiple sources,1000 tons/d,yearly,FALSE,line,time,num,enterprise
oil_pro_imp_g,5,05-Energy,02-Oil & Gas,01-Oil & Gas Trade,04-Petroleum Products,02-Oil products,02-Import,01-Gregorian cal,,,,,Oil products imports,gregorian,country,Multiple sources,mboe,yearly,FALSE,line,time,num,enterprise
oil_pro_imp,6,05-Energy,02-Oil & Gas,01-Oil & Gas Trade,04-Petroleum Products,02-Oil products,02-Import,02-Persian cal,,,,,Oil products imports,persian,country,Multiple sources,mboe,yearly,FALSE,line,time,num,enterprise
enrg_co_opc_res,5,05-Energy,02-Oil & Gas,02-Crude Oil,01-Reserve,,,,,,,,Crude oil reserve (OPEC proven),gregorian,country,OPEC,million barrels,yearly,FALSE,line,time,num,enterprise
enrg_co_opc_pro,5,05-Energy,02-Oil & Gas,02-Crude Oil,02-Production,,,,,,,,Iran crude oil production (monthly),gregorian,country,OPEC,1000 barrels,monthly,FALSE,line,time,num,enterprise
enrg_co_opc_pri,5,05-Energy,02-Oil & Gas,02-Crude Oil,03-Price,,,,,,,,Iran heavy oil price (monthly),gregorian,country,OPEC,US$/b,monthly,FALSE,line,time,num,enterprise
enrg_co_st,5,05-Energy,02-Oil & Gas,02-Crude Oil,04-Storage,,,,,,,,Iran's onshore oil storage facilities ,gregorian,country,Iran Oil ministry,Million barrels,yearly,TRUE,bar,time,num,enterprise
enrg_ng_res_t_g,5,05-Energy,02-Oil & Gas,03-Natural gas,03-Gas fields,01-Reserve,01-Total,01-Gregorian cal,,,,,Gas fields total reserves,gregorian,country,Iran Oil ministry,Trillion m3,yearly,FALSE,line,time,num,enterprise
 enrg_ng_res_t,5,05-Energy,02-Oil & Gas,03-Natural gas,03-Gas fields,01-Reserve,01-Total,02-Persian cal,,,,,Gas fields total reserves,persian,country,Iran Oil ministry,Trillion m3,yearly,FALSE,line,time,num,enterprise
enrg_ng_res_off_g,5,05-Energy,02-Oil & Gas,03-Natural gas,03-Gas fields,01-Reserve,02-Offshore,01-Gregorian cal,,,,,Gas fields offshore reserves,gregorian,country,Iran Oil ministry,Trillion m3,yearly,FALSE,line,time,num,enterprise
 enrg_ng_res_off,5,05-Energy,02-Oil & Gas,03-Natural gas,03-Gas fields,01-Reserve,02-Offshore,02-Persian cal,,,,,Gas fields offshore reserves,persian,country,Iran Oil ministry,Trillion m3,yearly,FALSE,line,time,num,enterprise
 enrg_ng_res_on_g,5,05-Energy,02-Oil & Gas,03-Natural gas,03-Gas fields,01-Reserve,03-Onshore,01-Gregorian cal,,,,,Gas fields onfshore reserves,gregorian,country,Iran Oil ministry,Trillion m3,yearly,FALSE,line,time,num,enterprise
 enrg_ng_res_on,5,05-Energy,02-Oil & Gas,03-Natural gas,03-Gas fields,01-Reserve,03-Onshore,02-Persian cal,,,,,Gas fields onfshore reserves,persian,country,Iran Oil ministry,Trillion m3,yearly,FALSE,line,time,num,enterprise
enrg_ng_gf_pr_t_g,5,05-Energy,02-Oil & Gas,03-Natural gas,03-Gas fields,01-Production,01-Total,01-Gregorian cal,,,,,Cumulative gas production from all fields,gregorian,country,Iran Oil ministry,Trillion m3,yearly,FALSE,line,time,num,enterprise
 enrg_ng_gf_pr_t,5,05-Energy,02-Oil & Gas,03-Natural gas,03-Gas fields,01-Production,01-Total,02-Persian cal,,,,,Cumulative gas production from all fields,persian,country,Iran Oil ministry,Trillion m3,yearly,FALSE,line,time,num,enterprise
enrg_ng_gf_pr_off_g,5,05-Energy,02-Oil & Gas,03-Natural gas,03-Gas fields,01-Production,02-Offshore,01-Gregorian cal,,,,,Cumulative offshore production,gregorian,country,Iran Oil ministry,Trillion m3,yearly,FALSE,line,time,num,enterprise
 enrg_ng_gf_pr_off,5,05-Energy,02-Oil & Gas,03-Natural gas,03-Gas fields,01-Production,02-Offshore,02-Persian cal,,,,,Cumulative offshore production,persian,country,Iran Oil ministry,Trillion m3,yearly,FALSE,line,time,num,enterprise
 enrg_ng_gf_pr_on_g,5,05-Energy,02-Oil & Gas,03-Natural gas,03-Gas fields,01-Production,03-Onshore,01-Gregorian cal,,,,,Cumulative onshore production,gregorian,country,Iran Oil ministry,Trillion m3,yearly,FALSE,line,time,num,enterprise
 enrg_ng_gf_pr_on,5,05-Energy,02-Oil & Gas,03-Natural gas,03-Gas fields,01-Production,03-Onshore,02-Persian cal,,,,,Cumulative onshore production,persian,country,Iran Oil ministry,Trillion m3,yearly,FALSE,line,time,num,enterprise
enrg_ng_pr,5,05-Energy,02-Oil & Gas,03-Natural gas,01-Production,01-IEA,,,,,,,Natural gas - Production (IEA),gregorian,country,IEA,billion m3,yearly,FALSE,line,time,num,enterprise
enrg_ng_pr_raw_g,6,05-Energy,02-Oil & Gas,03-Natural gas,01-Production,02-Iran Oil ministry,01-Raw gas,01-Gregorian cal,,,,,Raw gas - Production (Iran Oil ministry),gregorian,country,Iran Oil ministry,million m3/d,yearly,FALSE,line,time,num,enterprise
enrg_ng_pr_raw,7,05-Energy,02-Oil & Gas,03-Natural gas,01-Production,02-Iran Oil ministry,01-Raw gas,02-Persian cal,,,,,Raw gas - Production (Iran Oil ministry),persian,country,Iran Oil ministry,million m3/d,yearly,FALSE,line,time,num,enterprise
enrg_ng_pr_lt_g,6,05-Energy,02-Oil & Gas,03-Natural gas,01-Production,02-Iran Oil ministry,02-Light gas,01-Gregorian cal,,,,,Light gas - Production (Iran Oil ministry),gregorian,country,Iran Oil ministry,million m3/d,yearly,FALSE,line,time,num,enterprise
enrg_ng_pr_lt,7,05-Energy,02-Oil & Gas,03-Natural gas,01-Production,02-Iran Oil ministry,02-Light gas,02-Persian cal,,,,,Light gas - Production (Iran Oil ministry),persian,country,Iran Oil ministry,million m3/d,yearly,FALSE,line,time,num,enterprise
enrg_ng_pr_re_g,6,05-Energy,02-Oil & Gas,03-Natural gas,01-Production,02-Iran Oil ministry,03-Re-injection,01-Gregorian cal,,,,,Gas re-injection to oil fields,gregorian,country,Iran Oil ministry,million m3/d,yearly,FALSE,line,time,num,enterprise
enrg_ng_pr_re,7,05-Energy,02-Oil & Gas,03-Natural gas,01-Production,02-Iran Oil ministry,03-Re-injection,02-Persian cal,,,,,Gas re-injection to oil fields,persian,country,Iran Oil ministry,million m3/d,yearly,FALSE,line,time,num,enterprise
enrg_ng_con,6,05-Energy,02-Oil & Gas,03-Natural gas,02-Consumption,01-Total,01-IEA,,,,,,Natural gas consumption total (IEA),gregorian,country,IEA,billion m3,yearly,FALSE,line,time,num,enterprise
enrg_ng_con_t_g,6,05-Energy,02-Oil & Gas,03-Natural gas,02-Consumption,01-Total,02-Iran Oil ministry,01-Gregorian cal,,,,,Natural gas consumption total (Iran Oil ministry),gregorian,country,Iran Oil ministry,million m3,yearly,FALSE,line,time,num,enterprise
enrg_ng_con_t,7,05-Energy,02-Oil & Gas,03-Natural gas,02-Consumption,01-Total,02-Iran Oil ministry,02-Persian cal,,,,,Natural gas consumption total (Iran Oil ministry),persian,country,Iran Oil ministry,million m3,yearly,FALSE,line,time,num,enterprise
enrg_ng_con_re_g,5,05-Energy,02-Oil & Gas,03-Natural gas,02-Consumption,02-Residential,01-Gregorian cal,,,,,,"Natural gas consumption - Residential, commercial, public",gregorian,country,Iran Oil ministry,million m3,yearly,FALSE,line,time,num,enterprise
enrg_ng_con_re,6,05-Energy,02-Oil & Gas,03-Natural gas,02-Consumption,02-Residential,02-Persian cal,,,,,,"Natural gas consumption - Residential, commercial, public",persian,country,Iran Oil ministry,million m3,yearly,FALSE,line,time,num,enterprise
enrg_ng_con_tr_g,5,05-Energy,02-Oil & Gas,03-Natural gas,02-Consumption,03-Transportation,01-Gregorian cal,,,,,,Natural gas consumption - Transportation,gregorian,country,Iran Oil ministry,million m3,yearly,FALSE,line,time,num,enterprise
enrg_ng_con_tr,6,05-Energy,02-Oil & Gas,03-Natural gas,02-Consumption,03-Transportation,02-Persian cal,,,,,,Natural gas consumption - Transportation,persian,country,Iran Oil ministry,million m3,yearly,FALSE,line,time,num,enterprise
enrg_ng_con_ag_g,5,05-Energy,02-Oil & Gas,03-Natural gas,02-Consumption,04-Agriculture,01-Gregorian cal,,,,,,Natural gas consumption - Agriculture,gregorian,country,Iran Oil ministry,million m3,yearly,FALSE,line,time,num,enterprise
enrg_ng_con_ag,6,05-Energy,02-Oil & Gas,03-Natural gas,02-Consumption,04-Agriculture,02-Persian cal,,,,,,Natural gas consumption - Agriculture,persian,country,Iran Oil ministry,million m3,yearly,FALSE,line,time,num,enterprise
enrg_ng_con_in_g,5,05-Energy,02-Oil & Gas,03-Natural gas,02-Consumption,05-Industrial,01-Gregorian cal,,,,,,Natural gas consumption - Industrial,gregorian,country,Iran Oil ministry,million m3,yearly,FALSE,line,time,num,enterprise
enrg_ng_con_in,6,05-Energy,02-Oil & Gas,03-Natural gas,02-Consumption,05-Industrial,02-Persian cal,,,,,,Natural gas consumption - Industrial,persian,country,Iran Oil ministry,million m3,yearly,FALSE,line,time,num,enterprise
enrg_ng_con_fu_g,5,05-Energy,02-Oil & Gas,03-Natural gas,02-Consumption,06-Petrochemicals' fuel,01-Gregorian cal,,,,,,Natural gas consumption - Petrochemicals' fuel,gregorian,country,Iran Oil ministry,million m3,yearly,FALSE,line,time,num,enterprise
enrg_ng_con_fu,6,05-Energy,02-Oil & Gas,03-Natural gas,02-Consumption,06-Petrochemicals' fuel,02-Persian cal,,,,,,Natural gas consumption - Petrochemicals' fuel,persian,country,Iran Oil ministry,million m3,yearly,FALSE,line,time,num,enterprise
enrg_ng_con_pp_g,5,05-Energy,02-Oil & Gas,03-Natural gas,02-Consumption,07-Power plants,01-Gregorian cal,,,,,,Natural gas consumption - Power plants,gregorian,country,Iran Oil ministry,million m3,yearly,FALSE,line,time,num,enterprise
enrg_ng_con_pp,6,05-Energy,02-Oil & Gas,03-Natural gas,02-Consumption,07-Power plants,02-Persian cal,,,,,,Natural gas consumption - Power plants,persian,country,Iran Oil ministry,million m3,yearly,FALSE,line,time,num,enterprise
enrg_ng_con_ne_g,5,05-Energy,02-Oil & Gas,03-Natural gas,02-Consumption,08-Non-energy,01-Gregorian cal,,,,,,Natural gas consumption - Non-energy,gregorian,country,Iran Oil ministry,million m3,yearly,FALSE,line,time,num,enterprise
enrg_ng_con_ne,6,05-Energy,02-Oil & Gas,03-Natural gas,02-Consumption,08-Non-energy,02-Persian cal,,,,,,Natural gas consumption - Non-energy,persian,country,Iran Oil ministry,million m3,yearly,FALSE,line,time,num,enterprise
enrg_ng_flr,4,05-Energy,02-Oil & Gas,03-Natural gas,05-Gas flaring,,,,,,,,Gas flaring (World Bank),gregorian,country,World Bank,billion m3,monthly,FALSE,line,time,num,enterprise
enrg_ng_net_g,4,05-Energy,02-Oil & Gas,03-Natural gas,06-Network,01-Gregorian cal,,,,,,,Natural gas network,gregorian,country,Iran Oil ministry,km,yearly,FALSE,line,time,num,enterprise
enrg_ng_net,5,05-Energy,02-Oil & Gas,03-Natural gas,06-Network,02-Persian cal,,,,,,,Natural gas network,persian,country,Iran Oil ministry,km,yearly,FALSE,line,time,num,enterprise
oil_pro_con_t_g,6,05-Energy,02-Oil & Gas,04-Petroleum Products,02-Consumption,01-Country,01-Total,01-Gregorian cal,,,,,Petroleum consumption - Total,gregorian,country,Iran Energy ministry,billion liters,yearly,FALSE,line,time,num,enterprise
oil_pro_con_t,7,05-Energy,02-Oil & Gas,04-Petroleum Products,02-Consumption,01-Country,01-Total,02-Persian cal,,,,,Petroleum consumption - Total,persian,country,Iran Energy ministry,billion liters,yearly,FALSE,line,time,num,enterprise
oil_pro_con_lpg_g,6,05-Energy,02-Oil & Gas,04-Petroleum Products,02-Consumption,01-Country,02-LPG,01-Gregorian cal,,,,,Petroleum consumption - LPG,gregorian,country,Iran Energy ministry,billion liters,yearly,FALSE,line,time,num,enterprise
oil_pro_con_lpg,7,05-Energy,02-Oil & Gas,04-Petroleum Products,02-Consumption,01-Country,02-LPG,02-Persian cal,,,,,Petroleum consumption - LPG,persian,country,Iran Energy ministry,billion liters,yearly,FALSE,line,time,num,enterprise
oil_pro_con_gs_g,6,05-Energy,02-Oil & Gas,04-Petroleum Products,02-Consumption,01-Country,03-Gasoline,01-Gregorian cal,,,,,Petroleum consumption - Gasoline,gregorian,country,Iran Energy ministry,billion liters,yearly,FALSE,line,time,num,enterprise
oil_pro_con_gs,7,05-Energy,02-Oil & Gas,04-Petroleum Products,02-Consumption,01-Country,03-Gasoline,02-Persian cal,,,,,Petroleum consumption - Gasoline,persian,country,Iran Energy ministry,billion liters,yearly,FALSE,line,time,num,enterprise
oil_pro_con_d_g,6,05-Energy,02-Oil & Gas,04-Petroleum Products,02-Consumption,01-Country,04-Diesel,01-Gregorian cal,,,,,Petroleum consumption - Diesel,gregorian,country,Iran Energy ministry,billion liters,yearly,FALSE,line,time,num,enterprise
oil_pro_con_d,7,05-Energy,02-Oil & Gas,04-Petroleum Products,02-Consumption,01-Country,04-Diesel,02-Persian cal,,,,,Petroleum consumption - Diesel,persian,country,Iran Energy ministry,billion liters,yearly,FALSE,line,time,num,enterprise
oil_pro_con_fo_g,6,05-Energy,02-Oil & Gas,04-Petroleum Products,02-Consumption,01-Country,05-Fuel oil,01-Gregorian cal,,,,,Petroleum consumption - Fuel oil,gregorian,country,Iran Energy ministry,billion liters,yearly,FALSE,line,time,num,enterprise
oil_pro_con_fo,7,05-Energy,02-Oil & Gas,04-Petroleum Products,02-Consumption,01-Country,05-Fuel oil,02-Persian cal,,,,,Petroleum consumption - Fuel oil,persian,country,Iran Energy ministry,billion liters,yearly,FALSE,line,time,num,enterprise
oil_pro_con_kr_g,6,05-Energy,02-Oil & Gas,04-Petroleum Products,02-Consumption,01-Country,06-Kerosene,01-Gregorian cal,,,,,Petroleum consumption - Kerosene,gregorian,country,Iran Energy ministry,billion liters,yearly,FALSE,line,time,num,enterprise
oil_pro_con_kr,7,05-Energy,02-Oil & Gas,04-Petroleum Products,02-Consumption,01-Country,06-Kerosene,02-Persian cal,,,,,Petroleum consumption - Kerosene,persian,country,Iran Energy ministry,billion liters,yearly,FALSE,line,time,num,enterprise
oil_pro_con_pr_gs_t_g,7,05-Energy,02-Oil & Gas,04-Petroleum Products,02-Consumption,02-Provincial,01-Gasoline,01-Total,01-Gregorian cal,,,,Total gasoline consumption (by province),gregorian,province,Iran Oil ministry,m3/d,yearly,TRUE,bar,time,num,enterprise
oil_pro_con_pr_gs_t,7,05-Energy,02-Oil & Gas,04-Petroleum Products,02-Consumption,02-Provincial,01-Gasoline,01-Total,02-Persian cal,,,,Total gasoline consumption (by province),persian,province,Iran Oil ministry,m3/d,yearly,TRUE,bar,time,num,enterprise
oil_pro_con_pr_gs_s_g,7,05-Energy,02-Oil & Gas,04-Petroleum Products,02-Consumption,02-Provincial,01-Gasoline,02-Super,01-Gregorian cal,,,,Super gasoline consumption (by province),gregorian,province,Iran Oil ministry,m3/d,yearly,TRUE,bar,time,num,enterprise
oil_pro_con_pr_gs_s,7,05-Energy,02-Oil & Gas,04-Petroleum Products,02-Consumption,02-Provincial,01-Gasoline,02-Super,02-Persian cal,,,,Super gasoline consumption (by province),persian,province,Iran Oil ministry,m3/d,yearly,TRUE,bar,time,num,enterprise
oil_pro_con_pr_gs_eu_g,7,05-Energy,02-Oil & Gas,04-Petroleum Products,02-Consumption,02-Provincial,01-Gasoline,03-Euro 4&5,01-Gregorian cal,,,,Euro 4&5 gasoline consumption (by province),gregorian,province,Iran Oil ministry,m3/d,yearly,TRUE,bar,time,num,enterprise
oil_pro_con_pr_gs_eu,7,05-Energy,02-Oil & Gas,04-Petroleum Products,02-Consumption,02-Provincial,01-Gasoline,03-Euro 4&5,02-Persian cal,,,,Euro 4&5 gasoline consumption (by province),persian,province,Iran Oil ministry,m3/d,yearly,TRUE,bar,time,num,enterprise
oil_pro_con_pr_gs_ns_g,7,05-Energy,02-Oil & Gas,04-Petroleum Products,02-Consumption,02-Provincial,01-Gasoline,04-Non standard,01-Gregorian cal,,,,Non standard gasoline consumption (by province),gregorian,province,Iran Oil ministry,m3/d,yearly,TRUE,bar,time,num,enterprise
oil_pro_con_pr_gs_ns,7,05-Energy,02-Oil & Gas,04-Petroleum Products,02-Consumption,02-Provincial,01-Gasoline,04-Non standard,02-Persian cal,,,,Non standard gasoline consumption (by province),persian,province,Iran Oil ministry,m3/d,yearly,TRUE,bar,time,num,enterprise
oil_pro_con_pr_ds_t_g,7,05-Energy,02-Oil & Gas,04-Petroleum Products,02-Consumption,02-Provincial,02-Diesel,01-Total,01-Gregorian cal,,,,Total diesel consumption (by province),gregorian,province,Iran Oil ministry,m3/d,yearly,TRUE,bar,time,num,enterprise
oil_pro_con_pr_ds_t,7,05-Energy,02-Oil & Gas,04-Petroleum Products,02-Consumption,02-Provincial,02-Diesel,01-Total,02-Persian cal,,,,Total diesel consumption (by province),persian,province,Iran Oil ministry,m3/d,yearly,TRUE,bar,time,num,enterprise
oil_pro_con_pr_ds_eu_g,7,05-Energy,02-Oil & Gas,04-Petroleum Products,02-Consumption,02-Provincial,02-Diesel,03-Euro 4&5,01-Gregorian cal,,,,Euro 4&5 diesel consumption (by province),gregorian,province,Iran Oil ministry,m3/d,yearly,TRUE,bar,time,num,enterprise
oil_pro_con_pr_ds_eu,7,05-Energy,02-Oil & Gas,04-Petroleum Products,02-Consumption,02-Provincial,02-Diesel,03-Euro 4&5,02-Persian cal,,,,Euro 4&5 diesel consumption (by province),persian,province,Iran Oil ministry,m3/d,yearly,TRUE,bar,time,num,enterprise
oil_pro_con_pr_ds_ns_g,7,05-Energy,02-Oil & Gas,04-Petroleum Products,02-Consumption,02-Provincial,02-Diesel,04-Non standard,01-Gregorian cal,,,,Non standard Diesel consumption (by province),gregorian,province,Iran Oil ministry,m3/d,yearly,TRUE,bar,time,num,enterprise
oil_pro_con_pr_ds_ns,7,05-Energy,02-Oil & Gas,04-Petroleum Products,02-Consumption,02-Provincial,02-Diesel,04-Non standard,02-Persian cal,,,,Non standard Diesel consumption (by province),persian,province,Iran Oil ministry,m3/d,yearly,TRUE,bar,time,num,enterprise
oil_pro_con_pr_mz_g,6,05-Energy,02-Oil & Gas,04-Petroleum Products,02-Consumption,02-Provincial,03-Mazut,01-Gregorian cal,,,,,Mazut consumption by Province,gregorian,province,Iran Oil ministry,m3/d,yearly,TRUE,bar,time,num,enterprise
oil_pro_con_pr_mz,7,05-Energy,02-Oil & Gas,04-Petroleum Products,02-Consumption,02-Provincial,03-Mazut,02-Persian cal,,,,,Mazut consumption by Province,persian,province,Iran Oil ministry,m3/d,yearly,TRUE,bar,time,num,enterprise
oil_pro_pr_ref_%_g,6,05-Energy,02-Oil & Gas,04-Petroleum Products,01-Production,03-Refineries,02-Refineries efficiency,01-Gregorian cal,,,,,Residue share of total petroleum products,gregorian,country,Iran Oil ministry,%,yearly,TRUE,bar,time,num,enterprise
oil_pro_pr_ref_%,7,05-Energy,02-Oil & Gas,04-Petroleum Products,01-Production,03-Refineries,02-Refineries efficiency,02-Persian cal,,,,,Residue share of total petroleum products,persian,country,Iran Oil ministry,%,yearly,TRUE,bar,time,num,enterprise
oil_pro_pr_ref_ef_g,7,05-Energy,02-Oil & Gas,04-Petroleum Products,01-Production,03-Refineries,03-Unilization rate,01-Gregorian cal,,,,,Refineries Utilization rate,gregorian,country,Iran Oil ministry,%,yearly,TRUE,bar,time,num,enterprise
oil_pro_pr_ref_ef,7,05-Energy,02-Oil & Gas,04-Petroleum Products,01-Production,03-Refineries,03-Unilization rate,02-Persian cal,,,,,Refineries Utilization rate,persian,country,Iran Oil ministry,%,yearly,TRUE,bar,time,num,enterprise
oil_pro_pr_ref_PG_g,7,05-Energy,02-Oil & Gas,04-Petroleum Products,01-Production,03-Refineries,01-Refineries Stats,01-Persian Gulf,01-Gregorian cal,,,,Persian Gulf star refinery Stats,gregorian,country,Iran Oil ministry,m3/d,yearly,TRUE,bar,time,num,enterprise
oil_pro_pr_ref_PG,7,05-Energy,02-Oil & Gas,04-Petroleum Products,01-Production,03-Refineries,01-Refineries Stats,01-Persian Gulf,02-Persian cal,,,,Persian Gulf star refinery Stats,persian,country,Iran Oil ministry,m3/d,yearly,TRUE,bar,time,num,enterprise
oil_pro_pr_ref_TH_g,7,05-Energy,02-Oil & Gas,04-Petroleum Products,01-Production,03-Refineries,01-Refineries Stats,02-Tehran,01-Gregorian cal,,,,Tehran refinery Stats,gregorian,country,Iran Oil ministry,m3/d,yearly,TRUE,bar,time,num,enterprise
oil_pro_pr_ref_TH,7,05-Energy,02-Oil & Gas,04-Petroleum Products,01-Production,03-Refineries,01-Refineries Stats,02-Tehran,02-Persian cal,,,,Tehran refinery Stats,persian,country,Iran Oil ministry,m3/d,yearly,TRUE,bar,time,num,enterprise
oil_pro_pr_ref_BA_g,7,05-Energy,02-Oil & Gas,04-Petroleum Products,01-Production,03-Refineries,01-Refineries Stats,03-Bandar Abbas,01-Gregorian cal,,,,Bandar Abbas refinery Stats,gregorian,country,Iran Oil ministry,m3/d,yearly,TRUE,bar,time,num,enterprise
oil_pro_pr_ref_BA,7,05-Energy,02-Oil & Gas,04-Petroleum Products,01-Production,03-Refineries,01-Refineries Stats,03-Bandar Abbas,02-Persian cal,,,,Bandar Abbas refinery Stats,persian,country,Iran Oil ministry,m3/d,yearly,TRUE,bar,time,num,enterprise
oil_pro_pr_ref_IS_g,7,05-Energy,02-Oil & Gas,04-Petroleum Products,01-Production,03-Refineries,01-Refineries Stats,04-Isfahan,01-Gregorian cal,,,,Isfahan refinery Stats,gregorian,country,Iran Oil ministry,m3/d,yearly,TRUE,bar,time,num,enterprise
oil_pro_pr_ref_IS,7,05-Energy,02-Oil & Gas,04-Petroleum Products,01-Production,03-Refineries,01-Refineries Stats,04-Isfahan,02-Persian cal,,,,Isfahan refinery Stats,persian,country,Iran Oil ministry,m3/d,yearly,TRUE,bar,time,num,enterprise
oil_pro_pr_ref_SH_g,7,05-Energy,02-Oil & Gas,04-Petroleum Products,01-Production,03-Refineries,01-Refineries Stats,05-Shiraz,01-Gregorian cal,,,,Shiraz refinery Stats,gregorian,country,Iran Oil ministry,m3/d,yearly,TRUE,bar,time,num,enterprise
oil_pro_pr_ref_SH,7,05-Energy,02-Oil & Gas,04-Petroleum Products,01-Production,03-Refineries,01-Refineries Stats,05-Shiraz,02-Persian cal,,,,Shiraz refinery Stats,persian,country,Iran Oil ministry,m3/d,yearly,TRUE,bar,time,num,enterprise
oil_pro_pr_ref_LV_g,7,05-Energy,02-Oil & Gas,04-Petroleum Products,01-Production,03-Refineries,01-Refineries Stats,06-Lavan,01-Gregorian cal,,,,Lavan refinery Stats,gregorian,country,Iran Oil ministry,m3/d,yearly,TRUE,bar,time,num,enterprise
oil_pro_pr_ref_LV,7,05-Energy,02-Oil & Gas,04-Petroleum Products,01-Production,03-Refineries,01-Refineries Stats,06-Lavan,02-Persian cal,,,,Lavan refinery Stats,persian,country,Iran Oil ministry,m3/d,yearly,TRUE,bar,time,num,enterprise
oil_pro_pr_ref_SHZ_g,7,05-Energy,02-Oil & Gas,04-Petroleum Products,01-Production,03-Refineries,01-Refineries Stats,07-Shazand (Arak),01-Gregorian cal,,,,Shazand (Arak) refinery Stats,gregorian,country,Iran Oil ministry,m3/d,yearly,TRUE,bar,time,num,enterprise
oil_pro_pr_ref_SHZ,7,05-Energy,02-Oil & Gas,04-Petroleum Products,01-Production,03-Refineries,01-Refineries Stats,07-Shazand (Arak),02-Persian cal,,,,Shazand (Arak) refinery Stats,persian,country,Iran Oil ministry,m3/d,yearly,TRUE,bar,time,num,enterprise
oil_pro_pr_ref_TZ_g,7,05-Energy,02-Oil & Gas,04-Petroleum Products,01-Production,03-Refineries,01-Refineries Stats,08-Tabriz,01-Gregorian cal,,,,Tabriz refinery Stats,gregorian,country,Iran Oil ministry,m3/d,yearly,TRUE,bar,time,num,enterprise
oil_pro_pr_ref_TZ,7,05-Energy,02-Oil & Gas,04-Petroleum Products,01-Production,03-Refineries,01-Refineries Stats,08-Tabriz,02-Persian cal,,,,Tabriz refinery Stats,persian,country,Iran Oil ministry,m3/d,yearly,TRUE,bar,time,num,enterprise
oil_pro_pr_ref_KH_g,7,05-Energy,02-Oil & Gas,04-Petroleum Products,01-Production,03-Refineries,01-Refineries Stats,09-Kermanshah,01-Gregorian cal,,,,Kermanshah refinery Stats,gregorian,country,Iran Oil ministry,m3/d,yearly,TRUE,bar,time,num,enterprise
oil_pro_pr_ref_KH,7,05-Energy,02-Oil & Gas,04-Petroleum Products,01-Production,03-Refineries,01-Refineries Stats,09-Kermanshah,02-Persian cal,,,,Kermanshah refinery Stats,persian,country,Iran Oil ministry,m3/d,yearly,TRUE,bar,time,num,enterprise
eng_el_g_fu_share,4,05-Energy,03-Electricity Power,01-Generation,03-Share of Fuels ,,,,,,,,Share of fuels in power generation,gregorian,country,IEA,%,yearly,TRUE,bar,time,num,subscriber
eng_el_g_fu_t,4,05-Energy,03-Electricity Power,01-Generation,01-by Fuels,01-Total,,,,,,,Electricity generation — Total,gregorian,country,IEA,GWh,yearly,FALSE,line,time,num,subscriber
eng_el_g_fu_ng,4,05-Energy,03-Electricity Power,01-Generation,01-by Fuels,02-Natural gas,,,,,,,Electricity generation — Natural gas,gregorian,country,IEA,GWh,yearly,FALSE,line,time,num,subscriber
eng_el_g_fu_oi,4,05-Energy,03-Electricity Power,01-Generation,01-by Fuels,03-Oil,,,,,,,Electricity generation — Oil,gregorian,country,IEA,GWh,yearly,FALSE,line,time,num,subscriber
eng_el_g_fu_nu,4,05-Energy,03-Electricity Power,01-Generation,01-by Fuels,04-Nuclear,,,,,,,Electricity generation — Nuclear,gregorian,country,IEA,GWh,yearly,FALSE,line,time,num,subscriber
eng_el_g_fu_hy,4,05-Energy,03-Electricity Power,01-Generation,01-by Fuels,05-Hydropower,,,,,,,Electricity generation — Hydropower,gregorian,country,IEA,GWh,yearly,FALSE,line,time,num,subscriber
eng_el_g_fu_so,4,05-Energy,03-Electricity Power,01-Generation,01-by Fuels,06-Solar PV,,,,,,,Electricity generation — Solar PV,gregorian,country,IEA,GWh,yearly,FALSE,line,time,num,subscriber
eng_el_g_fu_wi,4,05-Energy,03-Electricity Power,01-Generation,01-by Fuels,07-Wind,,,,,,,Electricity generation — Wind,gregorian,country,IEA,GWh,yearly,FALSE,line,time,num,subscriber
eng_el_g_fu_bi,4,05-Energy,03-Electricity Power,01-Generation,01-by Fuels,08-Biofuels,,,,,,,Electricity generation — Biofuels,gregorian,country,IEA,GWh,yearly,FALSE,line,time,num,subscriber
eng_el_g_ty_t_g,4,05-Energy,03-Electricity Power,01-Generation,02-by type,01-Total,01-Gregorian cal,,,,,,Electricity generation - Total,gregorian,country,Iran Energy ministry,TWh,yearly,FALSE,line,time,num,subscriber
eng_el_g_ty_t,4,05-Energy,03-Electricity Power,01-Generation,02-by type,01-Total,02-Persian cal,,,,,,Electricity generation - Total,persian,country,Iran Energy ministry,TWh,yearly,FALSE,line,time,num,subscriber
eng_el_g_ty_th_g,4,05-Energy,03-Electricity Power,01-Generation,02-by type,02-Thermal,01-Gregorian cal,,,,,,Electricity generation - Thermal,gregorian,country,Iran Energy ministry,TWh,yearly,FALSE,line,time,num,subscriber
eng_el_g_ty_th,4,05-Energy,03-Electricity Power,01-Generation,02-by type,02-Thermal,02-Persian cal,,,,,,Electricity generation - Thermal,persian,country,Iran Energy ministry,TWh,yearly,FALSE,line,time,num,subscriber
eng_el_g_ty_hy_g,4,05-Energy,03-Electricity Power,01-Generation,02-by type,03-Hydro,01-Gregorian cal,,,,,,Electricity generation - Hydro,gregorian,country,Iran Energy ministry,TWh,yearly,FALSE,line,time,num,subscriber
eng_el_g_ty_hy,4,05-Energy,03-Electricity Power,01-Generation,02-by type,03-Hydro,02-Persian cal,,,,,,Electricity generation - Hydro,persian,country,Iran Energy ministry,TWh,yearly,FALSE,line,time,num,subscriber
eng_el_g_ty_ot_g,4,05-Energy,03-Electricity Power,01-Generation,02-by type,04-Others,01-Gregorian cal,,,,,,Electricity generation - Others,gregorian,country,Iran Energy ministry,TWh,yearly,FALSE,line,time,num,subscriber
eng_el_g_ty_ot,4,05-Energy,03-Electricity Power,01-Generation,02-by type,04-Others,02-Persian cal,,,,,,Electricity generation - Others,persian,country,Iran Energy ministry,TWh,yearly,FALSE,line,time,num,subscriber
eng_el_con_iea_t,4,05-Energy,03-Electricity Power,02-Consumption,01-Total,,,,,,,,Electricity consumption (Total),gregorian,country,IEA,TWh,yearly,FALSE,line,time,num,subscriber
eng_el_con_iea_pc,4,05-Energy,03-Electricity Power,02-Consumption,02-Per Capita,,,,,,,,Electricity consumption per capita,gregorian,country,IEA,MWh / Capita,yearly,FALSE,line,time,num,subscriber
eng_el_con_iea_re,4,05-Energy,03-Electricity Power,02-Consumption,03-by Sector,01-Residential,,,,,,,Electricity consumption by sector - Residential,gregorian,country,IEA,TJ,yearly,FALSE,line,time,num,subscriber
eng_el_con_iea_in,4,05-Energy,03-Electricity Power,02-Consumption,03-by Sector,02-Industry,,,,,,,Electricity consumption by sector - Industry,gregorian,country,IEA,TJ,yearly,FALSE,line,time,num,subscriber
eng_el_con_iea_co,4,05-Energy,03-Electricity Power,02-Consumption,03-by Sector,03-Commercial and public services,,,,,,,Electricity consumption by sector - Commercial and public services,gregorian,country,IEA,TJ,yearly,FALSE,line,time,num,subscriber
eng_el_con_iea_ag,4,05-Energy,03-Electricity Power,02-Consumption,03-by Sector,04-Agriculture and forestry,,,,,,,Electricity consumption by sector - Agriculture and forestry,gregorian,country,IEA,TJ,yearly,FALSE,line,time,num,subscriber
eng_el_con_iea_tr,4,05-Energy,03-Electricity Power,02-Consumption,03-by Sector,05-Transport,,,,,,,Electricity consumption by sector - Transport,gregorian,country,IEA,TJ,yearly,FALSE,line,time,num,subscriber
eng_el_con_iea_ot,4,05-Energy,03-Electricity Power,02-Consumption,03-by Sector,06-Other non-specified,,,,,,,Electricity consumption by sector - Other non-specified,gregorian,country,IEA,TJ,yearly,FALSE,line,time,num,subscriber
eng_el_iea_exp,4,05-Energy,03-Electricity Power,03-Electricity Trade,01-Export,,,,,,,,Electricity Exports,gregorian,country,IEA,GWh,yearly,FALSE,line,time,num,subscriber
eng_el_iea_imp,4,05-Energy,03-Electricity Power,03-Electricity Trade,02-Import,,,,,,,,Electricity imports,gregorian,country,IEA,GWh,yearly,FALSE,line,time,num,subscriber
eng_rn_w_res_t,4,05-Energy,03-Renewable,01-Water,01-Resources,01-Total,,,,,,,Renewable freshwater resources (total),gregorian,country,World Bank,billion M3,yearly,FALSE,line,time,num,subscriber
eng_rn_w_res_pc,4,05-Energy,03-Renewable,01-Water,01-Resources,02-Per Capita,,,,,,,Renewable freshwater resources (per capita),gregorian,country,World Bank,m3,yearly,FALSE,line,time,num,subscriber
eng_rn_w_wit,4,05-Energy,03-Renewable,01-Water,02-Withdrawals,,,,,,,,Annual freshwater withdrawals,gregorian,country,World Bank,billion M3,yearly,FALSE,line,time,num,subscriber
eng_rn_w_hyd,4,05-Energy,03-Renewable,01-Water,03-Pure hydropower,,,,,,,,Pure hydropower,gregorian,country,IRENA,Megawatt,yearly,FALSE,line,time,num,subscriber
eng_rn_w_dam_g,4,05-Energy,03-Renewable,01-Water,04-Dams,01-Gregorian cal,,,,,,,Dams Water Balance,gregorian,country,Iranian water resources management company,billion m3,yearly,TRUE,bar,time,num,subscriber
eng_rn_w_dam,4,05-Energy,03-Renewable,01-Water,04-Dams,02-Persian cal,,,,,,,Dams Water Balance,persian,country,Iranian water resources management company,billion m3,yearly,TRUE,bar,time,num,subscriber
eng_rn_sol,4,05-Energy,03-Renewable,02-Solar,,,,,,,,,Solar energy,gregorian,country,IRENA,Megawatt,yearly,FALSE,line,time,num,subscriber
eng_rn_wind,4,05-Energy,03-Renewable,03-Wind,,,,,,,,,Wind energy,gregorian,country,IRENA,Megawatt,yearly,FALSE,line,time,num,subscriber
sc_pop_in_gr,4,02-Social,01-Population,00-Population Indicators,01-Population growth,,,,,,,,Population growth,gregorian,country,United Nations Population Division,%,yearly,FALSE,line,time,num,subscriber
sc_pop_in_mag,4,02-Social,01-Population,00-Population Indicators,02-Median age,,,,,,,,Median age of population ,gregorian,country,United Nations Population Division,years,yearly,FALSE,line,time,num,subscriber
sc_pop_in_fr,4,02-Social,01-Population,00-Population Indicators,03-Fertility rate,,,,,,,,Total fertility rate,gregorian,country,United Nations Population Division,per woman,yearly,FALSE,line,time,num,subscriber
sc_pop_in_br,4,02-Social,01-Population,00-Population Indicators,04-Birth rate,,,,,,,,Crude birth rate,gregorian,country,United Nations Population Division,"per 1,000 population",yearly,FALSE,line,time,num,subscriber
sc_pop_in_dth,4,02-Social,01-Population,00-Population Indicators,05-Death rate,,,,,,,,Crude death rate,gregorian,country,United Nations Population Division,"per 1,000 population",yearly,FALSE,line,time,num,subscriber
sc_pop_in_dp_t,5,02-Social,01-Population,00-Population Indicators,06-Dependency Rate,01-Total rate,,,,,,,Total dependency ratio [ (0-14 + 65+) / 15-64 ],gregorian,country,United Nations Population Division,%,yearly,FALSE,line,time,num,subscriber
sc_pop_in_dp_old,5,02-Social,01-Population,00-Population Indicators,06-Dependency Rate,02-Old age,,,,,,,Old-age dependency ratio [ 65+ / 15-64 ],gregorian,country,United Nations Population Division,%,yearly,FALSE,line,time,num,subscriber
sc_pop_in_dp_chd,5,02-Social,01-Population,00-Population Indicators,06-Dependency Rate,03-Child age,,,,,,,Child dependency ratio [ 0-14 / 15-64 ],gregorian,country,United Nations Population Division,%,yearly,FALSE,line,time,num,subscriber
sc_pop_t_t,7,02-Social,01-Population,01-Population,01-Country,01-Total Population,01-Urban & Rural,01-Male & Female,01-Persian cal,,,,Total population - male & female,persian,country,Statistical Center of Iran,persons,yearly,FALSE,line,time,num,subscriber
sc_pop_t_t_g,7,02-Social,01-Population,01-Population,01-Country,01-Total Population,01-Urban & Rural,01-Male & Female,02-Gregorian cal,,,,Total population - male & female,gregorian,country,Statistical Center of Iran,persons,yearly,FALSE,line,time,num,subscriber
sc_pop_t_ma,7,02-Social,01-Population,01-Population,01-Country,01-Total Population,01-Urban & Rural,02-Male,01-Persian cal,,,,Total population - male,persian,country,Statistical Center of Iran,persons,yearly,FALSE,line,time,num,subscriber
sc_pop_t_ma_g,7,02-Social,01-Population,01-Population,01-Country,01-Total Population,01-Urban & Rural,02-Male,02-Gregorian cal,,,,Total population - male,gregorian,country,Statistical Center of Iran,persons,yearly,FALSE,line,time,num,subscriber
sc_pop_t_fe,7,02-Social,01-Population,01-Population,01-Country,01-Total Population,01-Urban & Rural,03-Female,01-Persian cal,,,,Total population - female,persian,country,Statistical Center of Iran,persons,yearly,FALSE,line,time,num,subscriber
sc_pop_t_fe_g,7,02-Social,01-Population,01-Population,01-Country,01-Total Population,01-Urban & Rural,03-Female,02-Gregorian cal,,,,Total population - female,gregorian,country,Statistical Center of Iran,persons,yearly,FALSE,line,time,num,subscriber
sc_pop_u_t,7,02-Social,01-Population,01-Population,01-Country,01-Total Population,02-Urban,01-Male & Female,01-Persian cal,,,,Urban population - male & female,persian,country,Statistical Center of Iran,persons,yearly,FALSE,line,time,num,subscriber
sc_pop_u_t_g,7,02-Social,01-Population,01-Population,01-Country,01-Total Population,02-Urban,01-Male & Female,02-Gregorian cal,,,,Urban population - male & female,gregorian,country,Statistical Center of Iran,persons,yearly,FALSE,line,time,num,subscriber
sc_pop_u_ma,7,02-Social,01-Population,01-Population,01-Country,01-Total Population,02-Urban,02-Male,01-Persian cal,,,,Urban population - male,persian,country,Statistical Center of Iran,persons,yearly,FALSE,line,time,num,subscriber
sc_pop_u_ma_g,7,02-Social,01-Population,01-Population,01-Country,01-Total Population,02-Urban,02-Male,02-Gregorian cal,,,,Urban population - male,gregorian,country,Statistical Center of Iran,persons,yearly,FALSE,line,time,num,subscriber
sc_pop_u_fe,7,02-Social,01-Population,01-Population,01-Country,01-Total Population,02-Urban,03-Female,01-Persian cal,,,,Urban population - female,persian,country,Statistical Center of Iran,persons,yearly,FALSE,line,time,num,subscriber
sc_pop_u_fe_g,7,02-Social,01-Population,01-Population,01-Country,01-Total Population,02-Urban,03-Female,02-Gregorian cal,,,,Urban population - female,gregorian,country,Statistical Center of Iran,persons,yearly,FALSE,line,time,num,subscriber
sc_pop_r_t,7,02-Social,01-Population,01-Population,01-Country,01-Total Population,03-Rural,01-Male & Female,01-Persian cal,,,,Rural population - male & female,persian,country,Statistical Center of Iran,persons,yearly,FALSE,line,time,num,subscriber
sc_pop_r_t_g,7,02-Social,01-Population,01-Population,01-Country,01-Total Population,03-Rural,01-Male & Female,02-Gregorian cal,,,,Rural population - male & female,gregorian,country,Statistical Center of Iran,persons,yearly,FALSE,line,time,num,subscriber
sc_pop_r_ma,7,02-Social,01-Population,01-Population,01-Country,01-Total Population,03-Rural,02-Male,01-Persian cal,,,,Rural population - male,persian,country,Statistical Center of Iran,persons,yearly,FALSE,line,time,num,subscriber
sc_pop_r_ma_g,7,02-Social,01-Population,01-Population,01-Country,01-Total Population,03-Rural,02-Male,02-Gregorian cal,,,,Rural population - male,gregorian,country,Statistical Center of Iran,persons,yearly,FALSE,line,time,num,subscriber
sc_pop_r_fe,7,02-Social,01-Population,01-Population,01-Country,01-Total Population,03-Rural,03-Female,01-Persian cal,,,,Rural population - female,persian,country,Statistical Center of Iran,persons,yearly,FALSE,line,time,num,subscriber
sc_pop_r_fe_g,7,02-Social,01-Population,01-Population,01-Country,01-Total Population,03-Rural,03-Female,02-Gregorian cal,,,,Rural population - female,gregorian,country,Statistical Center of Iran,persons,yearly,FALSE,line,time,num,subscriber
sc_pop_ag_t_t,7,02-Social,01-Population,01-Population,01-Country,02-Age Groupe,01-Urban & Rural,01-Male & Female,01-Persian cal,,,,Population in age group - male & female,persian,country,Statistical Center of Iran,persons,yearly,TRUE,bar,time,num,subscriber
sc_pop_ag_t_t_g,7,02-Social,01-Population,01-Population,01-Country,02-Age Groupe,01-Urban & Rural,01-Male & Female,02-Gregorian cal,,,,Population in age group - male & female,gregorian,country,Statistical Center of Iran,persons,yearly,TRUE,bar,time,num,subscriber
sc_pop_ag_t_ma,7,02-Social,01-Population,01-Population,01-Country,02-Age Groupe,01-Urban & Rural,02-Male,01-Persian cal,,,,Population in age group - male,persian,country,Statistical Center of Iran,persons,yearly,TRUE,bar,time,num,subscriber
sc_pop_ag_t_ma_g,7,02-Social,01-Population,01-Population,01-Country,02-Age Groupe,01-Urban & Rural,02-Male,02-Gregorian cal,,,,Population in age group - male,gregorian,country,Statistical Center of Iran,persons,yearly,TRUE,bar,time,num,subscriber
sc_pop_ag_t_fe,7,02-Social,01-Population,01-Population,01-Country,02-Age Groupe,01-Urban & Rural,03-Female,01-Persian cal,,,,Population in age group - female,persian,country,Statistical Center of Iran,persons,yearly,TRUE,bar,time,num,subscriber
sc_pop_ag_t_fe_g,7,02-Social,01-Population,01-Population,01-Country,02-Age Groupe,01-Urban & Rural,03-Female,02-Gregorian cal,,,,Population in age group - female,gregorian,country,Statistical Center of Iran,persons,yearly,TRUE,bar,time,num,subscriber
sc_pop_ag_u_t,7,02-Social,01-Population,01-Population,01-Country,02-Age Groupe,02-Urban,01-Male & Female,01-Persian cal,,,,Urban population in age group - male & female,persian,country,Statistical Center of Iran,persons,yearly,TRUE,bar,time,num,subscriber
sc_pop_ag_u_t_g,7,02-Social,01-Population,01-Population,01-Country,02-Age Groupe,02-Urban,01-Male & Female,02-Gregorian cal,,,,Urban population in age group - male & female,gregorian,country,Statistical Center of Iran,persons,yearly,TRUE,bar,time,num,subscriber
sc_pop_ag_u_ma,7,02-Social,01-Population,01-Population,01-Country,02-Age Groupe,02-Urban,02-Male,01-Persian cal,,,,Urban population in age group - male,persian,country,Statistical Center of Iran,persons,yearly,TRUE,bar,time,num,subscriber
sc_pop_ag_u_ma_g,7,02-Social,01-Population,01-Population,01-Country,02-Age Groupe,02-Urban,02-Male,02-Gregorian cal,,,,Urban population in age group - male,gregorian,country,Statistical Center of Iran,persons,yearly,TRUE,bar,time,num,subscriber
sc_pop_ag_u_fe,7,02-Social,01-Population,01-Population,01-Country,02-Age Groupe,02-Urban,03-Female,01-Persian cal,,,,Urban population in age group - female,persian,country,Statistical Center of Iran,persons,yearly,TRUE,bar,time,num,subscriber
sc_pop_ag_u_fe_g,7,02-Social,01-Population,01-Population,01-Country,02-Age Groupe,02-Urban,03-Female,02-Gregorian cal,,,,Urban population in age group - female,gregorian,country,Statistical Center of Iran,persons,yearly,TRUE,bar,time,num,subscriber
sc_pop_ag_r_t,7,02-Social,01-Population,01-Population,01-Country,02-Age Groupe,03-Rural,01-Male & Female,01-Persian cal,,,,Rural population in age group - male & female,persian,country,Statistical Center of Iran,persons,yearly,TRUE,bar,time,num,subscriber
sc_pop_ag_r_t_g,7,02-Social,01-Population,01-Population,01-Country,02-Age Groupe,03-Rural,01-Male & Female,02-Gregorian cal,,,,Rural population in age group - male & female,gregorian,country,Statistical Center of Iran,persons,yearly,TRUE,bar,time,num,subscriber
sc_pop_ag_r_ma,7,02-Social,01-Population,01-Population,01-Country,02-Age Groupe,03-Rural,02-Male,01-Persian cal,,,,Rural population in age group - male,persian,country,Statistical Center of Iran,persons,yearly,TRUE,bar,time,num,subscriber
sc_pop_ag_r_ma_g,7,02-Social,01-Population,01-Population,01-Country,02-Age Groupe,03-Rural,02-Male,02-Gregorian cal,,,,Rural population in age group - male,gregorian,country,Statistical Center of Iran,persons,yearly,TRUE,bar,time,num,subscriber
sc_pop_ag_r_fe,7,02-Social,01-Population,01-Population,01-Country,02-Age Groupe,03-Rural,03-Female,01-Persian cal,,,,Rural population in age group - female,persian,country,Statistical Center of Iran,persons,yearly,TRUE,bar,time,num,subscriber
sc_pop_ag_r_fe_g,7,02-Social,01-Population,01-Population,01-Country,02-Age Groupe,03-Rural,03-Female,02-Gregorian cal,,,,Rural population in age group - female,gregorian,country,Statistical Center of Iran,persons,yearly,TRUE,bar,time,num,subscriber
sc_pop_t_t_p,7,02-Social,01-Population,01-Population,02-Province,01-Urban & Rural,01-Male & Female,01-Persian cal,,,,,Total population - male & female (by province),persian,province,Statistical Center of Iran,persons,yearly,TRUE,bar,time,num,subscriber
sc_pop_t_t_p_g,7,02-Social,01-Population,01-Population,02-Province,01-Urban & Rural,01-Male & Female,02-Gregorian cal,,,,,Total population - male & female (by province),gregorian,province,Statistical Center of Iran,persons,yearly,TRUE,bar,time,num,subscriber
sc_pop_t_ma_p,7,02-Social,01-Population,01-Population,02-Province,01-Urban & Rural,02-Male,01-Persian cal,,,,,Total population - male (by province),persian,province,Statistical Center of Iran,persons,yearly,TRUE,bar,time,num,subscriber
sc_pop_t_ma_p_g,7,02-Social,01-Population,01-Population,02-Province,01-Urban & Rural,02-Male,02-Gregorian cal,,,,,Total population - male (by province),gregorian,province,Statistical Center of Iran,persons,yearly,TRUE,bar,time,num,subscriber
sc_pop_t_fe_p,7,02-Social,01-Population,01-Population,02-Province,01-Urban & Rural,03-Female,01-Persian cal,,,,,Total population - female (by province),persian,province,Statistical Center of Iran,persons,yearly,TRUE,bar,time,num,subscriber
sc_pop_t_fe_p_g,7,02-Social,01-Population,01-Population,02-Province,01-Urban & Rural,03-Female,02-Gregorian cal,,,,,Total population - female (by province),gregorian,province,Statistical Center of Iran,persons,yearly,TRUE,bar,time,num,subscriber
sc_pop_u_t_p,7,02-Social,01-Population,01-Population,02-Province,02-Urban,01-Male & Female,01-Persian cal,,,,,Urban population - male & female (by province),persian,province,Statistical Center of Iran,persons,yearly,TRUE,bar,time,num,subscriber
sc_pop_u_t_p_g,7,02-Social,01-Population,01-Population,02-Province,02-Urban,01-Male & Female,02-Gregorian cal,,,,,Urban population - male & female (by province),gregorian,province,Statistical Center of Iran,persons,yearly,TRUE,bar,time,num,subscriber
sc_pop_u_ma_p,7,02-Social,01-Population,01-Population,02-Province,02-Urban,02-Male,01-Persian cal,,,,,Urban population - male (by province),persian,province,Statistical Center of Iran,persons,yearly,TRUE,bar,time,num,subscriber
sc_pop_u_ma_p_g,7,02-Social,01-Population,01-Population,02-Province,02-Urban,02-Male,02-Gregorian cal,,,,,Urban population - male (by province),gregorian,province,Statistical Center of Iran,persons,yearly,TRUE,bar,time,num,subscriber
sc_pop_u_fe_p,7,02-Social,01-Population,01-Population,02-Province,02-Urban,03-Female,01-Persian cal,,,,,Urban population - female (by province),persian,province,Statistical Center of Iran,persons,yearly,TRUE,bar,time,num,subscriber
sc_pop_u_fe_p_g,7,02-Social,01-Population,01-Population,02-Province,02-Urban,03-Female,02-Gregorian cal,,,,,Urban population - female (by province),gregorian,province,Statistical Center of Iran,persons,yearly,TRUE,bar,time,num,subscriber
sc_pop_r_t_p,7,02-Social,01-Population,01-Population,02-Province,03-Rural,01-Male & Female,01-Persian cal,,,,,Rural population - male & female (by province),persian,province,Statistical Center of Iran,persons,yearly,TRUE,bar,time,num,subscriber
sc_pop_r_t_p_g,7,02-Social,01-Population,01-Population,02-Province,03-Rural,01-Male & Female,02-Gregorian cal,,,,,Rural population - male & female (by province),gregorian,province,Statistical Center of Iran,persons,yearly,TRUE,bar,time,num,subscriber
sc_pop_r_ma_p,7,02-Social,01-Population,01-Population,02-Province,03-Rural,02-Male,01-Persian cal,,,,,Rural population - male (by province),persian,province,Statistical Center of Iran,persons,yearly,TRUE,bar,time,num,subscriber
sc_pop_r_ma_p_g,7,02-Social,01-Population,01-Population,02-Province,03-Rural,02-Male,02-Gregorian cal,,,,,Rural population - male (by province),gregorian,province,Statistical Center of Iran,persons,yearly,TRUE,bar,time,num,subscriber
sc_pop_r_fe_p,7,02-Social,01-Population,01-Population,02-Province,03-Rural,03-Female,01-Persian cal,,,,,Rural population - female (by province),persian,province,Statistical Center of Iran,persons,yearly,TRUE,bar,time,num,subscriber
sc_pop_r_fe_p_g,7,02-Social,01-Population,01-Population,02-Province,03-Rural,03-Female,02-Gregorian cal,,,,,Rural population - female (by province),gregorian,province,Statistical Center of Iran,persons,yearly,TRUE,bar,time,num,subscriber
sc_pop_ho_t,6,02-Social,01-Population,02-Household,01-Country,01-Urban & Rural,01-Persian cal,,,,,,Household (whole country),persian,country,Statistical Center of Iran,persons,yearly,FALSE,line,time,num,subscriber
sc_pop_ho_t_g,6,02-Social,01-Population,02-Household,01-Country,01-Urban & Rural,02-Gregorian cal,,,,,,Household (whole country),gregorian,country,Statistical Center of Iran,persons,yearly,FALSE,line,time,num,subscriber
sc_pop_ho_u,6,02-Social,01-Population,02-Household,01-Country,02-Urban,01-Persian cal,,,,,,Household in urban area,persian,country,Statistical Center of Iran,persons,yearly,FALSE,line,time,num,subscriber
sc_pop_ho_u_g,6,02-Social,01-Population,02-Household,01-Country,02-Urban,02-Gregorian cal,,,,,,Household in urban area,gregorian,country,Statistical Center of Iran,persons,yearly,FALSE,line,time,num,subscriber
sc_pop_ho_r,6,02-Social,01-Population,02-Household,01-Country,03-Rural,01-Persian cal,,,,,,Household in rural area,persian,country,Statistical Center of Iran,persons,yearly,FALSE,line,time,num,subscriber
sc_pop_ho_r_g,6,02-Social,01-Population,02-Household,01-Country,03-Rural,02-Gregorian cal,,,,,,Household in rural area,gregorian,country,Statistical Center of Iran,persons,yearly,FALSE,line,time,num,subscriber
sc_pop_ho_t_p,6,02-Social,01-Population,02-Household,02-Province,01-Urban & Rural,01-Persian cal,,,,,,Household by province,persian,province,Statistical Center of Iran,persons,yearly,TRUE,bar,time,num,subscriber
sc_pop_ho_t_p_g,6,02-Social,01-Population,02-Household,02-Province,01-Urban & Rural,02-Gregorian cal,,,,,,Household by province,gregorian,province,Statistical Center of Iran,persons,yearly,TRUE,bar,time,num,subscriber
sc_pop_ho_u_p,6,02-Social,01-Population,02-Household,02-Province,02-Urban,01-Persian cal,,,,,,Household in urban area by province,persian,province,Statistical Center of Iran,persons,yearly,TRUE,bar,time,num,subscriber
sc_pop_ho_u_p_g,6,02-Social,01-Population,02-Household,02-Province,02-Urban,02-Gregorian cal,,,,,,Household in urban area by province,gregorian,province,Statistical Center of Iran,persons,yearly,TRUE,bar,time,num,subscriber
sc_pop_ho_r_p,6,02-Social,01-Population,02-Household,02-Province,03-Rural,01-Persian cal,,,,,,Household in rural area by province,persian,province,Statistical Center of Iran,persons,yearly,TRUE,bar,time,num,subscriber
sc_pop_ho_r_p_g,6,02-Social,01-Population,02-Household,02-Province,03-Rural,02-Gregorian cal,,,,,,Household in rural area by province,gregorian,province,Statistical Center of Iran,persons,yearly,TRUE,bar,time,num,subscriber
sc_vit_br_c,5,02-Social,02-Vital,01-Birth,01-Country,01-Persian cal,,,,,,,Birth,persian,country,Civil Registration,number,yearly,FALSE,line,time,num,subscriber
sc_vit_br_c_g,5,02-Social,02-Vital,01-Birth,01-Country,02-Gregorian cal,,,,,,,Birth,gregorian,country,Civil Registration,number,yearly,FALSE,line,time,num,subscriber
sc_vit_br_p,6,02-Social,02-Vital,01-Birth,02-Province,01-Yearly,01-Persian cal,,,,,,Birth by Province (Yearly),persian,province,Civil Registration,number,yearly,TRUE,bar,time,num,subscriber
sc_vit_br_p_g,6,02-Social,02-Vital,01-Birth,02-Province,01-Yearly,02-Gregorian cal,,,,,,Birth by Province (Yearly),gregorian,province,Civil Registration,number,yearly,TRUE,bar,time,num,subscriber
sc_vit_de_c,5,02-Social,02-Vital,02-Death,01-Country,01-Persian cal,,,,,,,Death,persian,country,Civil Registration,number,yearly,FALSE,line,time,num,subscriber
sc_vit_de_c_g,5,02-Social,02-Vital,02-Death,01-Country,02-Gregorian cal,,,,,,,Death,gregorian,country,Civil Registration,number,yearly,FALSE,line,time,num,subscriber
sc_vit_de_p,6,02-Social,02-Vital,02-Death,02-Province,01-Yearly,01-Persian cal,,,,,,Death by province (Yearly),persian,province,Civil Registration,number,yearly,TRUE,bar,time,num,subscriber
sc_vit_de_p_g,6,02-Social,02-Vital,02-Death,02-Province,01-Yearly,02-Gregorian cal,,,,,,Death by province (Yearly),gregorian,province,Civil Registration,number,yearly,TRUE,bar,time,num,subscriber
sc_vit_mr_c,5,02-Social,02-Vital,03-Marriage,01-Country,01-Persian cal,,,,,,,Marriage,persian,country,Civil Registration,number,yearly,FALSE,line,time,num,subscriber
sc_vit_mr_c_g,5,02-Social,02-Vital,03-Marriage,01-Country,02-Gregorian cal,,,,,,,Marriage,gregorian,country,Civil Registration,number,yearly,FALSE,line,time,num,subscriber
sc_vit_mr_p,6,02-Social,02-Vital,03-Marriage,02-Province,01-Yearly,01-Persian cal,,,,,,Marriage by Province (Yearly),persian,province,Civil Registration,number,yearly,TRUE,bar,time,num,subscriber
sc_vit_mr_p_g,6,02-Social,02-Vital,03-Marriage,02-Province,01-Yearly,02-Gregorian cal,,,,,,Marriage by Province (Yearly),gregorian,province,Civil Registration,number,yearly,TRUE,bar,time,num,subscriber
sc_vit_dv_c,5,02-Social,02-Vital,04-Divorce,01-Country,01-Persian cal,,,,,,,Divorce,persian,country,Civil Registration,number,yearly,FALSE,line,time,num,subscriber
sc_vit_dv_c_g,5,02-Social,02-Vital,04-Divorce,01-Country,02-Gregorian cal,,,,,,,Divorce,gregorian,country,Civil Registration,number,yearly,FALSE,line,time,num,subscriber
sc_vit_dv_p,6,02-Social,02-Vital,04-Divorce,02-Province,01-Yearly,01-Persian cal,,,,,,Divorce by Province (Yearly),persian,province,Civil Registration,number,yearly,TRUE,bar,time,num,subscriber
sc_vit_dv_p_g,6,02-Social,02-Vital,04-Divorce,02-Province,01-Yearly,02-Gregorian cal,,,,,,Divorce by Province (Yearly),gregorian,province,Civil Registration,number,yearly,TRUE,bar,time,num,subscriber
sc_hr_rub_pr,6,02-Social,03-Harms,01-Robbery,01-Country,01-Private places,01-Persian cal,,,,,,Robbery from private places,persian,country,Statistical Center of Iran,number,yearly,FALSE,line,time,num,subscriber
sc_hr_rub_pr_g,6,02-Social,03-Harms,01-Robbery,01-Country,01-Private places,02-Gregorian cal,,,,,,Robbery from private places,gregorian,country,Statistical Center of Iran,number,yearly,FALSE,line,time,num,subscriber
sc_hr_rub_pub,6,02-Social,03-Harms,01-Robbery,01-Country,02-Public places,01-Persian cal,,,,,,Robbery from places,persian,country,Statistical Center of Iran,number,yearly,FALSE,line,time,num,subscriber
sc_hr_rub_pub_g,6,02-Social,03-Harms,01-Robbery,01-Country,02-Public places,02-Gregorian cal,,,,,,Robbery from places,gregorian,country,Statistical Center of Iran,number,yearly,FALSE,line,time,num,subscriber
sc_hr_rub_ho,6,02-Social,03-Harms,01-Robbery,01-Country,03-Houses,01-Persian cal,,,,,,Robbery from houses,persian,country,Statistical Center of Iran,number,yearly,FALSE,line,time,num,subscriber
sc_hr_rub_ho_g,6,02-Social,03-Harms,01-Robbery,01-Country,03-Houses,02-Gregorian cal,,,,,,Robbery from houses,gregorian,country,Statistical Center of Iran,number,yearly,FALSE,line,time,num,subscriber
sc_hr_rub_st,6,02-Social,03-Harms,01-Robbery,01-Country,04-Stores,01-Persian cal,,,,,,Robbery from stores,persian,country,Statistical Center of Iran,number,yearly,FALSE,line,time,num,subscriber
sc_hr_rub_st_g,6,02-Social,03-Harms,01-Robbery,01-Country,04-Stores,02-Gregorian cal,,,,,,Robbery from stores,gregorian,country,Statistical Center of Iran,number,yearly,FALSE,line,time,num,subscriber
sc_hr_rub_vh,6,02-Social,03-Harms,01-Robbery,01-Country,05-Vehicles ,01-Persian cal,,,,,,Vehicles Robbery,persian,country,Statistical Center of Iran,number,yearly,FALSE,line,time,num,subscriber
sc_hr_rub_vh_g,6,02-Social,03-Harms,01-Robbery,01-Country,05-Vehicles ,02-Gregorian cal,,,,,,Vehicles Robbery,gregorian,country,Statistical Center of Iran,number,yearly,FALSE,line,time,num,subscriber
sc_hr_rub_mt,6,02-Social,03-Harms,01-Robbery,01-Country,06-Motorcycles,01-Persian cal,,,,,,Motorcycles Robbery,persian,country,Statistical Center of Iran,number,yearly,FALSE,line,time,num,subscriber
sc_hr_rub_mt_g,6,02-Social,03-Harms,01-Robbery,01-Country,06-Motorcycles,02-Gregorian cal,,,,,,Motorcycles Robbery,gregorian,country,Statistical Center of Iran,number,yearly,FALSE,line,time,num,subscriber
sc_hr_rub_it,1,02-Social,03-Harms,01-Robbery,01-Country,07-Vehicles interior items,01-Persian cal,,,,,,Vehicles interior items Robbery,persian,country,Statistical Center of Iran,number,yearly,FALSE,line,time,num,subscriber
sc_hr_rub_it_g,4,02-Social,03-Harms,01-Robbery,01-Country,07-Vehicles interior items,02-Gregorian cal,,,,,,Vehicles interior items Robbery,gregorian,country,Statistical Center of Iran,number,yearly,FALSE,line,time,num,subscriber
sc_hr_rub_ct,6,02-Social,03-Harms,01-Robbery,01-Country,08-Cattles,01-Persian cal,,,,,,Cattle rubbey,persian,country,Statistical Center of Iran,number,yearly,FALSE,line,time,num,subscriber
sc_hr_rub_ct_g,6,02-Social,03-Harms,01-Robbery,01-Country,08-Cattles,02-Gregorian cal,,,,,,Cattle rubbey,gregorian,country,Statistical Center of Iran,number,yearly,FALSE,line,time,num,subscriber
sc_hr_rub_ar,6,02-Social,03-Harms,01-Robbery,01-Country,09-Arrested,01-Persian cal,,,,,,Those arrested for various types of theft,persian,country,Statistical Center of Iran,persons,yearly,FALSE,line,time,num,subscriber
sc_hr_rub_ar_g,6,02-Social,03-Harms,01-Robbery,01-Country,09-Arrested,02-Gregorian cal,,,,,,Those arrested for various types of theft,gregorian,country,Statistical Center of Iran,persons,yearly,FALSE,line,time,num,subscriber
sc_hr_rub_pr_p,6,02-Social,03-Harms,01-Robbery,02-Province,01-Private places,01-Persian cal,,,,,,Robbery from private places by province,persian,province,Statistical Center of Iran,number,yearly,TRUE,bar,time,num,subscriber
sc_hr_rub_pr_p_g,6,02-Social,03-Harms,01-Robbery,02-Province,01-Private places,02-Gregorian cal,,,,,,Robbery from private places by province,gregorian,province,Statistical Center of Iran,number,yearly,TRUE,bar,time,num,subscriber
sc_hr_rub_pub_p,6,02-Social,03-Harms,01-Robbery,02-Province,02-Public places,01-Persian cal,,,,,,Robbery from places by province,persian,province,Statistical Center of Iran,number,yearly,TRUE,bar,time,num,subscriber
sc_hr_rub_pub_p_g,6,02-Social,03-Harms,01-Robbery,02-Province,02-Public places,02-Gregorian cal,,,,,,Robbery from places by province,gregorian,province,Statistical Center of Iran,number,yearly,TRUE,bar,time,num,subscriber
sc_hr_rub_ho_p,6,02-Social,03-Harms,01-Robbery,02-Province,03-Houses,01-Persian cal,,,,,,Robbery from houses by province,persian,province,Statistical Center of Iran,number,yearly,TRUE,bar,time,num,subscriber
sc_hr_rub_ho_p_g,6,02-Social,03-Harms,01-Robbery,02-Province,03-Houses,02-Gregorian cal,,,,,,Robbery from houses by province,gregorian,province,Statistical Center of Iran,number,yearly,TRUE,bar,time,num,subscriber
sc_hr_rub_st_p,6,02-Social,03-Harms,01-Robbery,02-Province,04-Stores,01-Persian cal,,,,,,Robbery from stores by province,persian,province,Statistical Center of Iran,number,yearly,TRUE,bar,time,num,subscriber
sc_hr_rub_st_p_g,6,02-Social,03-Harms,01-Robbery,02-Province,04-Stores,02-Gregorian cal,,,,,,Robbery from stores by province,gregorian,province,Statistical Center of Iran,number,yearly,TRUE,bar,time,num,subscriber
sc_hr_rub_vh_p,6,02-Social,03-Harms,01-Robbery,02-Province,05-Vehicles ,01-Persian cal,,,,,,Vehicles Robbery by province,persian,province,Statistical Center of Iran,number,yearly,TRUE,bar,time,num,subscriber
sc_hr_rub_vh_p_g,6,02-Social,03-Harms,01-Robbery,02-Province,05-Vehicles ,02-Gregorian cal,,,,,,Vehicles Robbery by province,gregorian,province,Statistical Center of Iran,number,yearly,TRUE,bar,time,num,subscriber
sc_hr_rub_mt_p,6,02-Social,03-Harms,01-Robbery,02-Province,06-Motorcycles,01-Persian cal,,,,,,Motorcycles Robbery by province,persian,province,Statistical Center of Iran,number,yearly,TRUE,bar,time,num,subscriber
sc_hr_rub_mt_p_g,6,02-Social,03-Harms,01-Robbery,02-Province,06-Motorcycles,02-Gregorian cal,,,,,,Motorcycles Robbery by province,gregorian,province,Statistical Center of Iran,number,yearly,TRUE,bar,time,num,subscriber
sc_hr_rub_it_p,6,02-Social,03-Harms,01-Robbery,02-Province,07-Vehicles interior items,01-Persian cal,,,,,,Vehicles interior items Robbery by province,persian,province,Statistical Center of Iran,number,yearly,TRUE,bar,time,num,subscriber
sc_hr_rub_it_p_g,6,02-Social,03-Harms,01-Robbery,02-Province,07-Vehicles interior items,02-Gregorian cal,,,,,,Vehicles interior items Robbery by province,gregorian,province,Statistical Center of Iran,number,yearly,TRUE,bar,time,num,subscriber
sc_hr_rub_ct_p,6,02-Social,03-Harms,01-Robbery,02-Province,08-Cattles,01-Persian cal,,,,,,Cattle rubbey by province,persian,province,Statistical Center of Iran,number,yearly,TRUE,bar,time,num,subscriber
sc_hr_rub_ct_p_g,6,02-Social,03-Harms,01-Robbery,02-Province,08-Cattles,02-Gregorian cal,,,,,,Cattle rubbey by province,gregorian,province,Statistical Center of Iran,number,yearly,TRUE,bar,time,num,subscriber
sc_hr_rub_ar_p,6,02-Social,03-Harms,01-Robbery,02-Province,09-Arrested,01-Persian cal,,,,,,Those arrested for various types of theft by province,persian,province,Statistical Center of Iran,persons,yearly,TRUE,bar,time,num,subscriber
sc_hr_rub_ar_p_g,6,02-Social,03-Harms,01-Robbery,02-Province,09-Arrested,02-Gregorian cal,,,,,,Those arrested for various types of theft by province,gregorian,province,Statistical Center of Iran,persons,yearly,TRUE,bar,time,num,subscriber
sc_hr_sd_h,6,02-Social,03-Harms,02-Suspicious Deaths,01-homicide,01-Country,01-Persian cal,,,,,,Homicide,persian,country,Statistical Center of Iran,number,yearly,FALSE,line,time,num,subscriber
sc_hr_sd_h_g,6,02-Social,03-Harms,02-Suspicious Deaths,01-homicide,01-Country,02-Gregorian cal,,,,,,Homicide,gregorian,country,Statistical Center of Iran,number,yearly,FALSE,line,time,num,subscriber
sc_hr_sd_h_p,6,02-Social,03-Harms,02-Suspicious Deaths,01-homicide,02-Province,01-Persian cal,,,,,,Homicide by province,persian,province,Statistical Center of Iran,persons,yearly,TRUE,bar,time,num,subscriber
sc_hr_sd_h_p_g,6,02-Social,03-Harms,02-Suspicious Deaths,01-homicide,02-Province,02-Gregorian cal,,,,,,Homicide by province,gregorian,province,Statistical Center of Iran,persons,yearly,TRUE,bar,time,num,subscriber
sc_hr_sd_s,6,02-Social,03-Harms,02-Suspicious Deaths,02-suicide,01-Country,01-Persian cal,,,,,,suicide,persian,country,Statistical Center of Iran,number,yearly,FALSE,line,time,num,subscriber
sc_hr_sd_s_g,6,02-Social,03-Harms,02-Suspicious Deaths,02-suicide,01-Country,02-Gregorian cal,,,,,,suicide,gregorian,country,Statistical Center of Iran,number,yearly,FALSE,line,time,num,subscriber
sc_hr_sd_s_p,6,02-Social,03-Harms,02-Suspicious Deaths,02-suicide,02-Province,01-Persian cal,,,,,,suicide by province,persian,province,Statistical Center of Iran,persons,yearly,TRUE,bar,time,num,subscriber
sc_hr_sd_s_p_g,6,02-Social,03-Harms,02-Suspicious Deaths,02-suicide,02-Province,02-Gregorian cal,,,,,,suicide by province,gregorian,province,Statistical Center of Iran,persons,yearly,TRUE,bar,time,num,subscriber
sc_hr_sd_ot,6,02-Social,03-Harms,02-Suspicious Deaths,03-Others,01-Country,01-Persian cal,,,,,,Other suspicious deaths,persian,country,Statistical Center of Iran,number,yearly,FALSE,line,time,num,subscriber
sc_hr_sd_ot_g,6,02-Social,03-Harms,02-Suspicious Deaths,03-Others,01-Country,02-Gregorian cal,,,,,,Other suspicious deaths,gregorian,country,Statistical Center of Iran,number,yearly,FALSE,line,time,num,subscriber
sc_hr_sd_ot_p,6,02-Social,03-Harms,02-Suspicious Deaths,03-Others,02-Province,01-Persian cal,,,,,,Other suspicious deaths by province,persian,province,Statistical Center of Iran,persons,yearly,TRUE,bar,time,num,subscriber
sc_hr_sd_ot_p_g,6,02-Social,03-Harms,02-Suspicious Deaths,03-Others,02-Province,02-Gregorian cal,,,,,,Other suspicious deaths by province,gregorian,province,Statistical Center of Iran,persons,yearly,TRUE,bar,time,num,subscriber
sc_hr_chm_13_p,5,02-Social,03-Harms,03-Child marriage,01-Under 13,01-Persian cal,,,,,,,Child marriage (Girl under 13),persian,province,Civil Registration,persons,yearly,TRUE,bar,time,num,subscriber
sc_hr_chm_13_p_g,5,02-Social,03-Harms,03-Child marriage,01-Under 13,02-Gregorian cal,,,,,,,Child marriage (Girl under 13),gregorian,province,Civil Registration,persons,yearly,TRUE,bar,time,num,subscriber
sc_hr_chm_15_p,5,02-Social,03-Harms,03-Child marriage,02-Under 15,01-Persian cal,,,,,,,Child marriage (Girl under 15),persian,province,Civil Registration,persons,yearly,TRUE,bar,time,num,subscriber
sc_hr_chm_15_p_g,5,02-Social,03-Harms,03-Child marriage,02-Under 15,02-Gregorian cal,,,,,,,Child marriage (Girl under 15),gregorian,province,Civil Registration,persons,yearly,TRUE,bar,time,num,subscriber
sc_hr_chm_18_p,5,02-Social,03-Harms,03-Child marriage,03-Under 18,01-Persian cal,,,,,,,Child marriage (Girl under 18),persian,province,Civil Registration,persons,yearly,TRUE,bar,time,num,subscriber
sc_hr_chm_18_p_g,5,02-Social,03-Harms,03-Child marriage,03-Under 18,02-Gregorian cal,,,,,,,Child marriage (Girl under 18),gregorian,province,Civil Registration,persons,yearly,TRUE,bar,time,num,subscriber
tr_ex_v_coun,6,07-Trade,02-Detailed,01-by Country,02-Export,01-Value,02-Persian cal,,,,,,Export value by country (million USD),persian,global,Iran Customs,million USD,yearly,TRUE,bar,time,num,subscriber
tr_ex_w_coun,6,07-Trade,02-Detailed,01-by Country,02-Export,02-Weight,02-Persian cal,,,,,,Export weight by country (1000 ton),persian,global,Iran Customs,1000 ton,yearly,TRUE,bar,time,num,subscriber
tr_im_v_coun,6,07-Trade,02-Detailed,01-by Country,03-Import,01-Value,02-Persian cal,,,,,,Import value by country (million USD),persian,global,Iran Customs,million USD,yearly,TRUE,bar,time,num,subscriber
tr_im_w_coun,6,07-Trade,02-Detailed,01-by Country,03-Import,02-Weight,02-Persian cal,,,,,,Import weight by country (1000 ton),persian,global,Iran Customs,1000 ton,yearly,TRUE,bar,time,num,subscriber
tr_tot_v_coun,5,07-Trade,02-Detailed,01-by Country,01-Total trade,02-Persian cal,,,,,,,Total trade value by country (million USD),persian,global,Iran Customs,million USD,yearly,TRUE,bar,time,num,subscriber
tr_ex_v_cus,6,07-Trade,02-Detailed,02-by Customs,02-Export,01-Value,02-Persian cal,,,,,,Export value by customs (million USD),persian,country,Iran Customs,million USD,yearly,TRUE,bar,time,num,subscriber
tr_ex_w_cus,6,07-Trade,02-Detailed,02-by Customs,02-Export,02-Weight,02-Persian cal,,,,,,Export weight by customs (1000 ton),persian,country,Iran Customs,1000 ton,yearly,TRUE,bar,time,num,subscriber
tr_im_v_cus,6,07-Trade,02-Detailed,02-by Customs,03-Import,01-Value,02-Persian cal,,,,,,Import value by customs (million USD),persian,country,Iran Customs,million USD,yearly,TRUE,bar,time,num,subscriber
tr_im_w_cus,6,07-Trade,02-Detailed,02-by Customs,03-Import,02-Weight,02-Persian cal,,,,,,Import weight by customs (1000 ton),persian,country,Iran Customs,1000 ton,yearly,TRUE,bar,time,num,subscriber
tr_tot_v_cus,5,07-Trade,02-Detailed,02-by Customs,01-Total trade,02-Persian cal,,,,,,,Total trade value by customs (million USD),persian,country,Iran Customs,million USD,yearly,TRUE,bar,time,num,subscriber
tr_ts_t_t_v,5,07-Trade,01-Time Series,01-Total,01-Total trade,02-Persian cal,,,,,,,Total trade value (million USD),persian,country,Iran Customs,million USD,yearly,FALSE,line,time,num,subscriber
tr_ts_t_ex_v,6,07-Trade,01-Time Series,01-Total,02-Export,01-Value,02-Persian cal,,,,,,Total export value (million USD),persian,country,Iran Customs,million USD,yearly,FALSE,line,time,num,subscriber
tr_ts_t_ex_w,6,07-Trade,01-Time Series,01-Total,02-Export,02-Weight,02-Persian cal,,,,,,Total export weight (1000 ton),persian,country,Iran Customs,1000 ton,yearly,FALSE,line,time,num,subscriber
tr_ts_t_im_v,6,07-Trade,01-Time Series,01-Total,03-Import,01-Value,02-Persian cal,,,,,,Total import value (million USD),persian,country,Iran Customs,million USD,yearly,FALSE,line,time,num,subscriber
tr_ts_t_im_w,6,07-Trade,01-Time Series,01-Total,03-Import,02-Weight,02-Persian cal,,,,,,Total import weight (1000 ton),persian,country,Iran Customs,1000 ton,yearly,FALSE,line,time,num,subscriber
tr_ts_ch_t_v,5,07-Trade,01-Time Series,02-China,01-Total trade,02-Persian cal,,,,,,,Iran & China total trade value (million USD),persian,country,Iran Customs,million USD,yearly,FALSE,line,time,num,subscriber
tr_ts_ch_ex_v,6,07-Trade,01-Time Series,02-China,02-Export,01-Value,02-Persian cal,,,,,,Iran export to China - value (million USD),persian,country,Iran Customs,million USD,yearly,FALSE,line,time,num,subscriber
tr_ts_ch_ex_w,6,07-Trade,01-Time Series,02-China,02-Export,02-Weight,02-Persian cal,,,,,,Iran export to China -  weight (1000 ton),persian,country,Iran Customs,1000 ton,yearly,FALSE,line,time,num,subscriber
tr_ts_ch_im_v,6,07-Trade,01-Time Series,02-China,03-Import,01-Value,02-Persian cal,,,,,,Iran import from China - (million USD),persian,country,Iran Customs,million USD,yearly,FALSE,line,time,num,subscriber
tr_ts_ch_im_w,6,07-Trade,01-Time Series,02-China,03-Import,02-Weight,02-Persian cal,,,,,,Iran import from China - weight (1000 ton),persian,country,Iran Customs,1000 ton,yearly,FALSE,line,time,num,subscriber
tr_ts_ua_t_v,5,07-Trade,01-Time Series,02-UAE,01-Total trade,02-Persian cal,,,,,,,Iran & United Arab Emirates total trade value (million USD),persian,country,Iran Customs,million USD,yearly,FALSE,line,time,num,subscriber
tr_ts_ua_ex_v,6,07-Trade,01-Time Series,02-UAE,02-Export,01-Value,02-Persian cal,,,,,,Iran export to United Arab Emirates - value (million USD),persian,country,Iran Customs,million USD,yearly,FALSE,line,time,num,subscriber
tr_ts_ua_ex_w,6,07-Trade,01-Time Series,02-UAE,02-Export,02-Weight,02-Persian cal,,,,,,Iran export to United Arab Emirates -  weight (1000 ton),persian,country,Iran Customs,1000 ton,yearly,FALSE,line,time,num,subscriber
tr_ts_ua_im_v,6,07-Trade,01-Time Series,02-UAE,03-Import,01-Value,02-Persian cal,,,,,,Iran import from United Arab Emirates - (million USD),persian,country,Iran Customs,million USD,yearly,FALSE,line,time,num,subscriber
tr_ts_ua_im_w,6,07-Trade,01-Time Series,02-UAE,03-Import,02-Weight,02-Persian cal,,,,,,Iran import from United Arab Emirates - weight (1000 ton),persian,country,Iran Customs,1000 ton,yearly,FALSE,line,time,num,subscriber
tr_ts_tr_t_v,5,07-Trade,01-Time Series,03-Türkiye,01-Total trade,02-Persian cal,,,,,,,Iran & Türkiye total trade value (million USD),persian,country,Iran Customs,million USD,yearly,FALSE,line,time,num,subscriber
tr_ts_tr_ex_v,5,07-Trade,01-Time Series,03-Türkiye,02-Export,01-Value,02-Persian cal,,,,,,Iran export to Türkiye - value (million USD),persian,country,Iran Customs,million USD,yearly,FALSE,line,time,num,subscriber
tr_ts_tr_ex_w,5,07-Trade,01-Time Series,03-Türkiye,02-Export,02-Weight,02-Persian cal,,,,,,Iran export to Türkiye -  weight (1000 ton),persian,country,Iran Customs,1000 ton,yearly,FALSE,line,time,num,subscriber
tr_ts_tr_im_v,5,07-Trade,01-Time Series,03-Türkiye,03-Import,01-Value,02-Persian cal,,,,,,Iran import from Türkiye - (million USD),persian,country,Iran Customs,million USD,yearly,FALSE,line,time,num,subscriber
tr_ts_tr_im_w,5,07-Trade,01-Time Series,03-Türkiye,03-Import,02-Weight,02-Persian cal,,,,,,Iran import from Türkiye - weight (1000 ton),persian,country,Iran Customs,1000 ton,yearly,FALSE,line,time,num,subscriber
tr_ts_iq_t_v,5,07-Trade,01-Time Series,04-Iraq,01-Total trade,02-Persian cal,,,,,,,Iran & Iraq total trade value (million USD),persian,country,Iran Customs,million USD,yearly,FALSE,line,time,num,subscriber
tr_ts_iq_ex_v,5,07-Trade,01-Time Series,04-Iraq,02-Export,01-Value,02-Persian cal,,,,,,Iran export to Iraq - value (million USD),persian,country,Iran Customs,million USD,yearly,FALSE,line,time,num,subscriber
tr_ts_iq_ex_w,5,07-Trade,01-Time Series,04-Iraq,02-Export,02-Weight,02-Persian cal,,,,,,Iran export to Iraq -  weight (1000 ton),persian,country,Iran Customs,1000 ton,yearly,FALSE,line,time,num,subscriber
tr_ts_iq_im_v,5,07-Trade,01-Time Series,04-Iraq,03-Import,01-Value,02-Persian cal,,,,,,Iran import from Iraq - (million USD),persian,country,Iran Customs,million USD,yearly,FALSE,line,time,num,subscriber
tr_ts_iq_im_w,5,07-Trade,01-Time Series,04-Iraq,03-Import,02-Weight,02-Persian cal,,,,,,Iran import from Iraq - weight (1000 ton),persian,country,Iran Customs,1000 ton,yearly,FALSE,line,time,num,subscriber
tr_ts_ru_t_v,5,07-Trade,01-Time Series,05-Russia,01-Total trade,02-Persian cal,,,,,,,Iran & Russia total trade value (million USD),persian,country,Iran Customs,million USD,yearly,FALSE,line,time,num,subscriber
tr_ts_ru_ex_v,5,07-Trade,01-Time Series,05-Russia,02-Export,01-Value,02-Persian cal,,,,,,Iran export to Russia - value (million USD),persian,country,Iran Customs,million USD,yearly,FALSE,line,time,num,subscriber
tr_ts_ru_ex_w,5,07-Trade,01-Time Series,05-Russia,02-Export,02-Weight,02-Persian cal,,,,,,Iran export to Russia -  weight (1000 ton),persian,country,Iran Customs,1000 ton,yearly,FALSE,line,time,num,subscriber
tr_ts_ru_im_v,5,07-Trade,01-Time Series,05-Russia,03-Import,01-Value,02-Persian cal,,,,,,Iran import from Russia - (million USD),persian,country,Iran Customs,million USD,yearly,FALSE,line,time,num,subscriber
tr_ts_ru_im_w,5,07-Trade,01-Time Series,05-Russia,03-Import,02-Weight,02-Persian cal,,,,,,Iran import from Russia - weight (1000 ton),persian,country,Iran Customs,1000 ton,yearly,FALSE,line,time,num,subscriber
tr_ts_de_t_v,5,07-Trade,01-Time Series,06-Germany,01-Total trade,02-Persian cal,,,,,,,Iran & Germany total trade value (million USD),persian,country,Iran Customs,million USD,yearly,FALSE,line,time,num,subscriber
tr_ts_de_ex_v,5,07-Trade,01-Time Series,06-Germany,02-Export,01-Value,02-Persian cal,,,,,,Iran export to Germany - value (million USD),persian,country,Iran Customs,million USD,yearly,FALSE,line,time,num,subscriber
tr_ts_de_ex_w,5,07-Trade,01-Time Series,06-Germany,02-Export,02-Weight,02-Persian cal,,,,,,Iran export to Germany -  weight (1000 ton),persian,country,Iran Customs,1000 ton,yearly,FALSE,line,time,num,subscriber
tr_ts_de_im_v,5,07-Trade,01-Time Series,06-Germany,03-Import,01-Value,02-Persian cal,,,,,,Iran import from Germany - (million USD),persian,country,Iran Customs,million USD,yearly,FALSE,line,time,num,subscriber
tr_ts_de_im_w,5,07-Trade,01-Time Series,06-Germany,03-Import,02-Weight,02-Persian cal,,,,,,Iran import from Germany - weight (1000 ton),persian,country,Iran Customs,1000 ton,yearly,FALSE,line,time,num,subscriber
tr_ts_in_t_v,5,07-Trade,01-Time Series,07-India,01-Total trade,02-Persian cal,,,,,,,Iran & India total trade value (million USD),persian,country,Iran Customs,million USD,yearly,FALSE,line,time,num,subscriber
tr_ex_in_ex_v,5,07-Trade,01-Time Series,07-India,02-Export,01-Value,02-Persian cal,,,,,,Iran export to India - value (million USD),persian,country,Iran Customs,million USD,yearly,FALSE,line,time,num,subscriber
tr_ts_in_ex_w,5,07-Trade,01-Time Series,07-India,02-Export,02-Weight,02-Persian cal,,,,,,Iran export to India -  weight (1000 ton),persian,country,Iran Customs,1000 ton,yearly,FALSE,line,time,num,subscriber
tr_ts_in_im_v,5,07-Trade,01-Time Series,07-India,03-Import,01-Value,02-Persian cal,,,,,,Iran import from India - (million USD),persian,country,Iran Customs,million USD,yearly,FALSE,line,time,num,subscriber
tr_ts_in_im_w,5,07-Trade,01-Time Series,07-India,03-Import,02-Weight,02-Persian cal,,,,,,Iran import from India - weight (1000 ton),persian,country,Iran Customs,1000 ton,yearly,FALSE,line,time,num,subscriber
tr_ts_jp_t_v,5,07-Trade,01-Time Series,08-Japan,01-Total trade,02-Persian cal,,,,,,,Iran & Japan total trade value (million USD),persian,country,Iran Customs,million USD,yearly,FALSE,line,time,num,subscriber
tr_ts_jp_ex_v,5,07-Trade,01-Time Series,08-Japan,02-Export,01-Value,02-Persian cal,,,,,,Iran export to Japan - value (million USD),persian,country,Iran Customs,million USD,yearly,FALSE,line,time,num,subscriber
tr_ts_jp_ex_w,5,07-Trade,01-Time Series,08-Japan,02-Export,02-Weight,02-Persian cal,,,,,,Iran export to Japan -  weight (1000 ton),persian,country,Iran Customs,1000 ton,yearly,FALSE,line,time,num,subscriber
tr_ts_jp_im_v,5,07-Trade,01-Time Series,08-Japan,03-Import,01-Value,02-Persian cal,,,,,,Iran import from Japan - (million USD),persian,country,Iran Customs,million USD,yearly,FALSE,line,time,num,subscriber
tr_ts_jp_im_w,5,07-Trade,01-Time Series,08-Japan,03-Import,02-Weight,02-Persian cal,,,,,,Iran import from Japan - weight (1000 ton),persian,country,Iran Customs,1000 ton,yearly,FALSE,line,time,num,subscriber
tr_ts_it_t_v,5,07-Trade,01-Time Series,09-Italy,01-Total trade,02-Persian cal,,,,,,,Iran & Italy total trade value (million USD),persian,country,Iran Customs,million USD,yearly,FALSE,line,time,num,subscriber
tr_ts_it_ex_v,5,07-Trade,01-Time Series,09-Italy,02-Export,01-Value,02-Persian cal,,,,,,Iran export to Italy - value (million USD),persian,country,Iran Customs,million USD,yearly,FALSE,line,time,num,subscriber
tr_ts_it_ex_w,5,07-Trade,01-Time Series,09-Italy,02-Export,02-Weight,02-Persian cal,,,,,,Iran export to Italy -  weight (1000 ton),persian,country,Iran Customs,1000 ton,yearly,FALSE,line,time,num,subscriber
tr_ts_it_im_v,5,07-Trade,01-Time Series,09-Italy,03-Import,01-Value,02-Persian cal,,,,,,Iran import from Italy - (million USD),persian,country,Iran Customs,million USD,yearly,FALSE,line,time,num,subscriber
tr_ts_it_im_w,5,07-Trade,01-Time Series,09-Italy,03-Import,02-Weight,02-Persian cal,,,,,,Iran import from Italy - weight (1000 ton),persian,country,Iran Customs,1000 ton,yearly,FALSE,line,time,num,subscriber
tr_ts_fr_t_v,5,07-Trade,01-Time Series,10-France,01-Total trade,02-Persian cal,,,,,,,Iran & France total trade value (million USD),persian,country,Iran Customs,million USD,yearly,FALSE,line,time,num,subscriber
tr_ts_fr_ex_v,5,07-Trade,01-Time Series,10-France,02-Export,01-Value,02-Persian cal,,,,,,Iran export to France - value (million USD),persian,country,Iran Customs,million USD,yearly,FALSE,line,time,num,subscriber
tr_ts_fr_ex_w,5,07-Trade,01-Time Series,10-France,02-Export,02-Weight,02-Persian cal,,,,,,Iran export to France -  weight (1000 ton),persian,country,Iran Customs,1000 ton,yearly,FALSE,line,time,num,subscriber
tr_ts_fr_im_v,5,07-Trade,01-Time Series,10-France,03-Import,01-Value,02-Persian cal,,,,,,Iran import from France - (million USD),persian,country,Iran Customs,million USD,yearly,FALSE,line,time,num,subscriber
tr_ts_fr_im_w,5,07-Trade,01-Time Series,10-France,03-Import,02-Weight,02-Persian cal,,,,,,Iran import from France - weight (1000 ton),persian,country,Iran Customs,1000 ton,yearly,FALSE,line,time,num,subscriber
tr_ex_v_coun_g,6,07-Trade,02-Detailed,01-by Country,02-Export,01-Value,01-Gregorian cal,,,,,,Export value by country (million USD),gregorian,global,Iran Customs,million USD,yearly,TRUE,bar,time,num,subscriber
tr_ex_w_coun_g,6,07-Trade,02-Detailed,01-by Country,02-Export,02-Weight,01-Gregorian cal,,,,,,Export weight by country (1000 ton),gregorian,global,Iran Customs,1000 ton,yearly,TRUE,bar,time,num,subscriber
tr_im_v_coun_g,6,07-Trade,02-Detailed,01-by Country,03-Import,01-Value,01-Gregorian cal,,,,,,Import value by country (million USD),gregorian,global,Iran Customs,million USD,yearly,TRUE,bar,time,num,subscriber
tr_im_w_coun_g,6,07-Trade,02-Detailed,01-by Country,03-Import,02-Weight,01-Gregorian cal,,,,,,Import weight by country (1000 ton),gregorian,global,Iran Customs,1000 ton,yearly,TRUE,bar,time,num,subscriber
tr_tot_v_coun_g,5,07-Trade,02-Detailed,01-by Country,01-Total trade,01-Gregorian cal,,,,,,,Total trade value by country (million USD),gregorian,global,Iran Customs,million USD,yearly,TRUE,bar,time,num,subscriber
tr_ex_v_cus_g,6,07-Trade,02-Detailed,02-by Customs,02-Export,01-Value,01-Gregorian cal,,,,,,Export value by customs (million USD),gregorian,country,Iran Customs,million USD,yearly,TRUE,bar,time,num,subscriber
tr_ex_w_cus_g,6,07-Trade,02-Detailed,02-by Customs,02-Export,02-Weight,01-Gregorian cal,,,,,,Export weight by customs (1000 ton),gregorian,country,Iran Customs,1000 ton,yearly,TRUE,bar,time,num,subscriber
tr_im_v_cus_g,6,07-Trade,02-Detailed,02-by Customs,03-Import,01-Value,01-Gregorian cal,,,,,,Import value by customs (million USD),gregorian,country,Iran Customs,million USD,yearly,TRUE,bar,time,num,subscriber
tr_im_w_cus_g,6,07-Trade,02-Detailed,02-by Customs,03-Import,02-Weight,01-Gregorian cal,,,,,,Import weight by customs (1000 ton),gregorian,country,Iran Customs,1000 ton,yearly,TRUE,bar,time,num,subscriber
tr_tot_v_cus_g,5,07-Trade,02-Detailed,02-by Customs,01-Total trade,01-Gregorian cal,,,,,,,Total trade value by customs (million USD),gregorian,country,Iran Customs,million USD,yearly,TRUE,bar,time,num,subscriber
tr_ts_t_t_v_g,5,07-Trade,01-Time Series,01-Total,01-Total trade,01-Gregorian cal,,,,,,,Total trade value (million USD),gregorian,country,Iran Customs,million USD,yearly,FALSE,line,time,num,subscriber
tr_ts_t_ex_v_g,6,07-Trade,01-Time Series,01-Total,02-Export,01-Value,01-Gregorian cal,,,,,,Total export value (million USD),gregorian,country,Iran Customs,million USD,yearly,FALSE,line,time,num,subscriber
tr_ts_t_ex_w_g,6,07-Trade,01-Time Series,01-Total,02-Export,02-Weight,01-Gregorian cal,,,,,,Total export weight (1000 ton),gregorian,country,Iran Customs,1000 ton,yearly,FALSE,line,time,num,subscriber
tr_ts_t_im_v_g,6,07-Trade,01-Time Series,01-Total,03-Import,01-Value,01-Gregorian cal,,,,,,Total import value (million USD),gregorian,country,Iran Customs,million USD,yearly,FALSE,line,time,num,subscriber
tr_ts_t_im_w_g,6,07-Trade,01-Time Series,01-Total,03-Import,02-Weight,01-Gregorian cal,,,,,,Total import weight (1000 ton),gregorian,country,Iran Customs,1000 ton,yearly,FALSE,line,time,num,subscriber
tr_ts_ch_t_v_g,5,07-Trade,01-Time Series,02-China,01-Total trade,01-Gregorian cal,,,,,,,Iran & China total trade value (million USD),gregorian,country,Iran Customs,million USD,yearly,FALSE,line,time,num,subscriber
tr_ts_ch_ex_v_g,6,07-Trade,01-Time Series,02-China,02-Export,01-Value,01-Gregorian cal,,,,,,Iran export to China - value (million USD),gregorian,country,Iran Customs,million USD,yearly,FALSE,line,time,num,subscriber
tr_ts_ch_ex_w_g,6,07-Trade,01-Time Series,02-China,02-Export,02-Weight,01-Gregorian cal,,,,,,Iran export to China -  weight (1000 ton),gregorian,country,Iran Customs,1000 ton,yearly,FALSE,line,time,num,subscriber
tr_ts_ch_im_v_g,6,07-Trade,01-Time Series,02-China,03-Import,01-Value,01-Gregorian cal,,,,,,Iran import from China - (million USD),gregorian,country,Iran Customs,million USD,yearly,FALSE,line,time,num,subscriber
tr_ts_ch_im_w_g,6,07-Trade,01-Time Series,02-China,03-Import,02-Weight,01-Gregorian cal,,,,,,Iran import from China - weight (1000 ton),gregorian,country,Iran Customs,1000 ton,yearly,FALSE,line,time,num,subscriber
tr_ts_ua_t_v_g,5,07-Trade,01-Time Series,02-UAE,01-Total trade,01-Gregorian cal,,,,,,,Iran & United Arab Emirates total trade value (million USD),gregorian,country,Iran Customs,million USD,yearly,FALSE,line,time,num,subscriber
tr_ts_ua_ex_v_g,6,07-Trade,01-Time Series,02-UAE,02-Export,01-Value,01-Gregorian cal,,,,,,Iran export to United Arab Emirates - value (million USD),gregorian,country,Iran Customs,million USD,yearly,FALSE,line,time,num,subscriber
tr_ts_ua_ex_w_g,6,07-Trade,01-Time Series,02-UAE,02-Export,02-Weight,01-Gregorian cal,,,,,,Iran export to United Arab Emirates -  weight (1000 ton),gregorian,country,Iran Customs,1000 ton,yearly,FALSE,line,time,num,subscriber
tr_ts_ua_im_v_g,6,07-Trade,01-Time Series,02-UAE,03-Import,01-Value,01-Gregorian cal,,,,,,Iran import from United Arab Emirates - (million USD),gregorian,country,Iran Customs,million USD,yearly,FALSE,line,time,num,subscriber
tr_ts_ua_im_w_g,6,07-Trade,01-Time Series,02-UAE,03-Import,02-Weight,01-Gregorian cal,,,,,,Iran import from United Arab Emirates - weight (1000 ton),gregorian,country,Iran Customs,1000 ton,yearly,FALSE,line,time,num,subscriber
tr_ts_tr_t_v_g,5,07-Trade,01-Time Series,03-Türkiye,01-Total trade,01-Gregorian cal,,,,,,,Iran & Türkiye total trade value (million USD),gregorian,country,Iran Customs,million USD,yearly,FALSE,line,time,num,subscriber
tr_ts_tr_ex_v_g,5,07-Trade,01-Time Series,03-Türkiye,02-Export,01-Value,01-Gregorian cal,,,,,,Iran export to Türkiye - value (million USD),gregorian,country,Iran Customs,million USD,yearly,FALSE,line,time,num,subscriber
tr_ts_tr_ex_w_g,5,07-Trade,01-Time Series,03-Türkiye,02-Export,02-Weight,01-Gregorian cal,,,,,,Iran export to Türkiye -  weight (1000 ton),gregorian,country,Iran Customs,1000 ton,yearly,FALSE,line,time,num,subscriber
tr_ts_tr_im_v_g,5,07-Trade,01-Time Series,03-Türkiye,03-Import,01-Value,01-Gregorian cal,,,,,,Iran import from Türkiye - (million USD),gregorian,country,Iran Customs,million USD,yearly,FALSE,line,time,num,subscriber
tr_ts_tr_im_w_g,5,07-Trade,01-Time Series,03-Türkiye,03-Import,02-Weight,01-Gregorian cal,,,,,,Iran import from Türkiye - weight (1000 ton),gregorian,country,Iran Customs,1000 ton,yearly,FALSE,line,time,num,subscriber
tr_ts_iq_t_v_g,5,07-Trade,01-Time Series,04-Iraq,01-Total trade,01-Gregorian cal,,,,,,,Iran & Iraq total trade value (million USD),gregorian,country,Iran Customs,million USD,yearly,FALSE,line,time,num,subscriber
tr_ts_iq_ex_v_g,5,07-Trade,01-Time Series,04-Iraq,02-Export,01-Value,01-Gregorian cal,,,,,,Iran export to Iraq - value (million USD),gregorian,country,Iran Customs,million USD,yearly,FALSE,line,time,num,subscriber
tr_ts_iq_ex_w_g,5,07-Trade,01-Time Series,04-Iraq,02-Export,02-Weight,01-Gregorian cal,,,,,,Iran export to Iraq -  weight (1000 ton),gregorian,country,Iran Customs,1000 ton,yearly,FALSE,line,time,num,subscriber
tr_ts_iq_im_v_g,5,07-Trade,01-Time Series,04-Iraq,03-Import,01-Value,01-Gregorian cal,,,,,,Iran import from Iraq - (million USD),gregorian,country,Iran Customs,million USD,yearly,FALSE,line,time,num,subscriber
tr_ts_iq_im_w_g,5,07-Trade,01-Time Series,04-Iraq,03-Import,02-Weight,01-Gregorian cal,,,,,,Iran import from Iraq - weight (1000 ton),gregorian,country,Iran Customs,1000 ton,yearly,FALSE,line,time,num,subscriber
tr_ts_ru_t_v_g,5,07-Trade,01-Time Series,05-Russia,01-Total trade,01-Gregorian cal,,,,,,,Iran & Russia total trade value (million USD),gregorian,country,Iran Customs,million USD,yearly,FALSE,line,time,num,subscriber
tr_ts_ru_ex_v_g,5,07-Trade,01-Time Series,05-Russia,02-Export,01-Value,01-Gregorian cal,,,,,,Iran export to Russia - value (million USD),gregorian,country,Iran Customs,million USD,yearly,FALSE,line,time,num,subscriber
tr_ts_ru_ex_w_g,5,07-Trade,01-Time Series,05-Russia,02-Export,02-Weight,01-Gregorian cal,,,,,,Iran export to Russia -  weight (1000 ton),gregorian,country,Iran Customs,1000 ton,yearly,FALSE,line,time,num,subscriber
tr_ts_ru_im_v_g,5,07-Trade,01-Time Series,05-Russia,03-Import,01-Value,01-Gregorian cal,,,,,,Iran import from Russia - (million USD),gregorian,country,Iran Customs,million USD,yearly,FALSE,line,time,num,subscriber
tr_ts_ru_im_w_g,5,07-Trade,01-Time Series,05-Russia,03-Import,02-Weight,01-Gregorian cal,,,,,,Iran import from Russia - weight (1000 ton),gregorian,country,Iran Customs,1000 ton,yearly,FALSE,line,time,num,subscriber
tr_ts_de_t_v_g,5,07-Trade,01-Time Series,06-Germany,01-Total trade,01-Gregorian cal,,,,,,,Iran & Germany total trade value (million USD),gregorian,country,Iran Customs,million USD,yearly,FALSE,line,time,num,subscriber
tr_ts_de_ex_v_g,5,07-Trade,01-Time Series,06-Germany,02-Export,01-Value,01-Gregorian cal,,,,,,Iran export to Germany - value (million USD),gregorian,country,Iran Customs,million USD,yearly,FALSE,line,time,num,subscriber
tr_ts_de_ex_w_g,5,07-Trade,01-Time Series,06-Germany,02-Export,02-Weight,01-Gregorian cal,,,,,,Iran export to Germany -  weight (1000 ton),gregorian,country,Iran Customs,1000 ton,yearly,FALSE,line,time,num,subscriber
tr_ts_de_im_v_g,5,07-Trade,01-Time Series,06-Germany,03-Import,01-Value,01-Gregorian cal,,,,,,Iran import from Germany - (million USD),gregorian,country,Iran Customs,million USD,yearly,FALSE,line,time,num,subscriber
tr_ts_de_im_w_g,5,07-Trade,01-Time Series,06-Germany,03-Import,02-Weight,01-Gregorian cal,,,,,,Iran import from Germany - weight (1000 ton),gregorian,country,Iran Customs,1000 ton,yearly,FALSE,line,time,num,subscriber
tr_ts_in_t_v_g,5,07-Trade,01-Time Series,07-India,01-Total trade,01-Gregorian cal,,,,,,,Iran & India total trade value (million USD),gregorian,country,Iran Customs,million USD,yearly,FALSE,line,time,num,subscriber
tr_ex_in_ex_v_g,5,07-Trade,01-Time Series,07-India,02-Export,01-Value,01-Gregorian cal,,,,,,Iran export to India - value (million USD),gregorian,country,Iran Customs,million USD,yearly,FALSE,line,time,num,subscriber
tr_ts_in_ex_w_g,5,07-Trade,01-Time Series,07-India,02-Export,02-Weight,01-Gregorian cal,,,,,,Iran export to India -  weight (1000 ton),gregorian,country,Iran Customs,1000 ton,yearly,FALSE,line,time,num,subscriber
tr_ts_in_im_v_g,5,07-Trade,01-Time Series,07-India,03-Import,01-Value,01-Gregorian cal,,,,,,Iran import from India - (million USD),gregorian,country,Iran Customs,million USD,yearly,FALSE,line,time,num,subscriber
tr_ts_in_im_w_g,5,07-Trade,01-Time Series,07-India,03-Import,02-Weight,01-Gregorian cal,,,,,,Iran import from India - weight (1000 ton),gregorian,country,Iran Customs,1000 ton,yearly,FALSE,line,time,num,subscriber
tr_ts_jp_t_v_g,5,07-Trade,01-Time Series,08-Japan,01-Total trade,01-Gregorian cal,,,,,,,Iran & Japan total trade value (million USD),gregorian,country,Iran Customs,million USD,yearly,FALSE,line,time,num,subscriber
tr_ts_jp_ex_v_g,5,07-Trade,01-Time Series,08-Japan,02-Export,01-Value,01-Gregorian cal,,,,,,Iran export to Japan - value (million USD),gregorian,country,Iran Customs,million USD,yearly,FALSE,line,time,num,subscriber
tr_ts_jp_ex_w_g,5,07-Trade,01-Time Series,08-Japan,02-Export,02-Weight,01-Gregorian cal,,,,,,Iran export to Japan -  weight (1000 ton),gregorian,country,Iran Customs,1000 ton,yearly,FALSE,line,time,num,subscriber
tr_ts_jp_im_v_g,5,07-Trade,01-Time Series,08-Japan,03-Import,01-Value,01-Gregorian cal,,,,,,Iran import from Japan - (million USD),gregorian,country,Iran Customs,million USD,yearly,FALSE,line,time,num,subscriber
tr_ts_jp_im_w_g,5,07-Trade,01-Time Series,08-Japan,03-Import,02-Weight,01-Gregorian cal,,,,,,Iran import from Japan - weight (1000 ton),gregorian,country,Iran Customs,1000 ton,yearly,FALSE,line,time,num,subscriber
tr_ts_it_t_v_g,5,07-Trade,01-Time Series,09-Italy,01-Total trade,01-Gregorian cal,,,,,,,Iran & Italy total trade value (million USD),gregorian,country,Iran Customs,million USD,yearly,FALSE,line,time,num,subscriber
tr_ts_it_ex_v_g,5,07-Trade,01-Time Series,09-Italy,02-Export,01-Value,01-Gregorian cal,,,,,,Iran export to Italy - value (million USD),gregorian,country,Iran Customs,million USD,yearly,FALSE,line,time,num,subscriber
tr_ts_it_ex_w_g,5,07-Trade,01-Time Series,09-Italy,02-Export,02-Weight,01-Gregorian cal,,,,,,Iran export to Italy -  weight (1000 ton),gregorian,country,Iran Customs,1000 ton,yearly,FALSE,line,time,num,subscriber
tr_ts_it_im_v_g,5,07-Trade,01-Time Series,09-Italy,03-Import,01-Value,01-Gregorian cal,,,,,,Iran import from Italy - (million USD),gregorian,country,Iran Customs,million USD,yearly,FALSE,line,time,num,subscriber
tr_ts_it_im_w_g,5,07-Trade,01-Time Series,09-Italy,03-Import,02-Weight,01-Gregorian cal,,,,,,Iran import from Italy - weight (1000 ton),gregorian,country,Iran Customs,1000 ton,yearly,FALSE,line,time,num,subscriber
tr_ts_fr_t_v_g,5,07-Trade,01-Time Series,10-France,01-Total trade,01-Gregorian cal,,,,,,,Iran & France total trade value (million USD),gregorian,country,Iran Customs,million USD,yearly,FALSE,line,time,num,subscriber
tr_ts_fr_ex_v_g,5,07-Trade,01-Time Series,10-France,02-Export,01-Value,01-Gregorian cal,,,,,,Iran export to France - value (million USD),gregorian,country,Iran Customs,million USD,yearly,FALSE,line,time,num,subscriber
tr_ts_fr_ex_w_g,5,07-Trade,01-Time Series,10-France,02-Export,02-Weight,01-Gregorian cal,,,,,,Iran export to France -  weight (1000 ton),gregorian,country,Iran Customs,1000 ton,yearly,FALSE,line,time,num,subscriber
tr_ts_fr_im_v_g,5,07-Trade,01-Time Series,10-France,03-Import,01-Value,01-Gregorian cal,,,,,,Iran import from France - (million USD),gregorian,country,Iran Customs,million USD,yearly,FALSE,line,time,num,subscriber
tr_ts_fr_im_w_g,5,07-Trade,01-Time Series,10-France,03-Import,02-Weight,01-Gregorian cal,,,,,,Iran import from France - weight (1000 ton),gregorian,country,Iran Customs,1000 ton,yearly,FALSE,line,time,num,subscriber
he_le_t-wb,4,03-Health,01-Life expectancy,01-Life expectancy,01-Male & Female,,,,,,,,Life expectancy at birtth - male & female,gregorian,country,WHO,years,yearly,FALSE,line,time,num,subscriber
he_le_ma-wb,4,03-Health,01-Life expectancy,01-Life expectancy,02-Male,,,,,,,,Life expectancy at birth - male,gregorian,country,WHO,years,yearly,FALSE,line,time,num,subscriber
he_le_fe-wb,4,03-Health,01-Life expectancy,01-Life expectancy,03-Female,,,,,,,,Life expectancy at birth - female,gregorian,country,WHO,years,yearly,FALSE,line,time,num,subscriber
he_he_le_t-wb,4,03-Health,01-Life expectancy,02-Healty Life expectancy,01-Male & Female,,,,,,,,Healthy life expectancy at birth - male & female,gregorian,country,WHO,years,yearly,FALSE,line,time,num,subscriber
he_he_le_ma-wb,4,03-Health,01-Life expectancy,02-Healty Life expectancy,02-Male,,,,,,,,Healthy life expectancy at birth - male,gregorian,country,WHO,years,yearly,FALSE,line,time,num,subscriber
he_he_le_fe-wb,4,03-Health,01-Life expectancy,02-Healty Life expectancy,03-Female,,,,,,,,Healthy life expectancy at birth - female,gregorian,country,WHO,years,yearly,FALSE,line,time,num,subscriber
he_mor_mat,3,03-Health,02-Mortality,01-Maternal mortality,,,,,,,,,"Maternal mortality ratio (per 100,000 live births)",gregorian,country,WHO,"per 1,000 live births",yearly,FALSE,line,time,num,subscriber
he_mor_under5,4,03-Health,02-Mortality,02-Child mortality,01-Rate,,,,,,,,"CHild (under 5) mortality rate (per 1,000 live births)",gregorian,country,WHO,"per 1,000 live births",yearly,FALSE,line,time,num,subscriber
he_mor_ch_5-9,5,03-Health,02-Mortality,02-Child mortality,02-Probability,01-5-9 years,,,,,,,Probability of dying among children ages 5-9 years,gregorian,country,WHO,"per 1,000",yearly,FALSE,line,time,num,subscriber
he_mor_ch_10-14,5,03-Health,02-Mortality,02-Child mortality,02-Probability,02-10-14 years,,,,,,,Probability of dying among children ages 10-14 years,gregorian,country,WHO,"per 1,000",yearly,FALSE,line,time,num,subscriber
he_des-t,4,03-Health,03-Disease,01-Cause of death,01-Male & Female,,,,,,,,Causes of seath  - male & female,gregorian,country,WHO,per 100 000 population.,yearly,TRUE,bar,time,num,subscriber
he_des-ma,4,03-Health,03-Disease,01-Cause of death,02-Male,,,,,,,,Causes of seath  - male,gregorian,country,WHO,per 100 000 population.,yearly,TRUE,bar,time,num,subscriber
he_des-fe,4,03-Health,03-Disease,01-Cause of death,03-Female,,,,,,,,Causes of seath  - female,gregorian,country,WHO,per 100 000 population.,yearly,TRUE,bar,time,num,subscriber
he_ac_dc_rate_py,6,03-Health,04-Health service,01-Health worker,01-National data,01-Access rate,01-Physicians,,,,,,"Physicians (pers 10,000)",persian,country,Statistical Centre of Iran,"per 10,000",yearly,FALSE,line,time,num,subscriber
he_ac_dc_rate_sp,6,03-Health,04-Health service,01-Health worker,01-National data,01-Access rate,02-Specialists,,,,,,"Specialists (pers 10,000)",persian,country,Statistical Centre of Iran,"per 10,000",yearly,FALSE,line,time,num,subscriber
he_ac_dc_rate_su,6,03-Health,04-Health service,01-Health worker,01-National data,01-Access rate,03-Subspecialists,,,,,,"Subspecialists (pers 10,000)",persian,country,Statistical Centre of Iran,"per 10,000",yearly,FALSE,line,time,num,subscriber
he_ac_dc_rate_ns,6,03-Health,04-Health service,01-Health worker,01-National data,01-Access rate,04-Nurses,,,,,,"Nurses (pers 10,000)",persian,country,Statistical Centre of Iran,"per 10,000",yearly,FALSE,line,time,num,subscriber
he_ac_dc_np_dr-t,6,03-Health,04-Health service,01-Health worker,01-National data,02-Medical Council,01-Total members,,,,,,Totoal members of Medical Council of Iran (All group),persian,country,Medical Council of Iran,persons,yearly,FALSE,line,time,num,subscriber
he_ac_dc_np_dr-ph,6,03-Health,04-Health service,01-Health worker,01-National data,02-Medical Council,02-Physicians,,,,,,Physicians (members of Medical Council of Iran),persian,country,Medical Council of Iran,persons,yearly,FALSE,line,time,num,subscriber
he_ac_dc_np_dr-dn,6,03-Health,04-Health service,01-Health worker,01-National data,02-Medical Council,03-Dentists,,,,,,Dentists (members of Medical Council of Iran),persian,country,Medical Council of Iran,persons,yearly,FALSE,line,time,num,subscriber
he_ac_dc_np_dr-pha,6,03-Health,04-Health service,01-Health worker,01-National data,02-Medical Council,03-Pharmacists,,,,,,Pharmacists (members of Medical Council of Iran),persian,country,Medical Council of Iran,persons,yearly,FALSE,line,time,num,subscriber
he_ac_dc_np_dr-mw,6,03-Health,04-Health service,01-Health worker,01-National data,02-Medical Council,03-Midwives,,,,,,Midwives (members of Medical Council of Iran),persian,country,Medical Council of Iran,persons,yearly,FALSE,line,time,num,subscriber
he_ac_dc_pu_t,6,03-Health,04-Health service,01-Health worker,01-National data,03-Medical Universities,01-Total staff,,,,,,Total Health Workers (Medical Universities),persian,country,Statistical Centre of Iran,persons,yearly,FALSE,line,time,num,subscriber
he_ac_dc_pu_cl,7,03-Health,04-Health service,01-Health worker,01-National data,03-Medical Universities,02-Clinical Professionals,01-Total,,,,,Clinical Professionals (Medical Universities),persian,country,Statistical Centre of Iran,persons,yearly,FALSE,line,time,num,subscriber
he_ac_dc_pu_cl_g,7,03-Health,04-Health service,01-Health worker,01-National data,03-Medical Universities,02-Clinical Professionals,02-Physicians,,,,,Physicians (Medical Universities),persian,country,Statistical Centre of Iran,persons,yearly,FALSE,line,time,num,subscriber
he_ac_dc_pu_cl_sp,7,03-Health,04-Health service,01-Health worker,01-National data,03-Medical Universities,02-Clinical Professionals,03-Specialists,,,,,Specialists (Medical Universities),persian,country,Statistical Centre of Iran,persons,yearly,FALSE,line,time,num,subscriber
he_ac_dc_pu_cl_sub,7,03-Health,04-Health service,01-Health worker,01-National data,03-Medical Universities,02-Clinical Professionals,04-Subspecialists,,,,,Subspecialists (Medical Universities),persian,country,Statistical Centre of Iran,persons,yearly,FALSE,line,time,num,subscriber
he_ac_dc_pu_cl_fl,7,03-Health,04-Health service,01-Health worker,01-National data,03-Medical Universities,02-Clinical Professionals,05-Fellowship Specialists,,,,,Fellowship-trained Specialists (Medical Universities),persian,country,Statistical Centre of Iran,persons,yearly,FALSE,line,time,num,subscriber
he_ac_dc_pu_cl_dn,7,03-Health,04-Health service,01-Health worker,01-National data,03-Medical Universities,02-Clinical Professionals,06-Dentists,,,,,Dentists (Medical Universities),persian,country,Statistical Centre of Iran,persons,yearly,FALSE,line,time,num,subscriber
he_ac_dc_pu_cl_ph,7,03-Health,04-Health service,01-Health worker,01-National data,03-Medical Universities,02-Clinical Professionals,07-Pharmacists,,,,,Pharmacists (Medical Universities),persian,country,Statistical Centre of Iran,persons,yearly,FALSE,line,time,num,subscriber
he_ac_dc_pu_cl_lab,7,03-Health,04-Health service,01-Health worker,01-National data,03-Medical Universities,02-Clinical Professionals,08-Lab Phd,,,,,Laboratory Scientists - PhD level (Medical Universities),persian,country,Statistical Centre of Iran,persons,yearly,FALSE,line,time,num,subscriber
he_ac_dc_pu_hp,7,03-Health,04-Health service,01-Health worker,01-National data,03-Medical Universities,03-Health professionals,01-Total,,,,,Allied Health Professionals (Medical Universities),persian,country,Statistical Centre of Iran,persons,yearly,FALSE,line,time,num,subscriber
he_ac_dc_pu_hp_nr,7,03-Health,04-Health service,01-Health worker,01-National data,03-Medical Universities,03-Health professionals,02-Nurses,,,,,Nurses - All level (Medical Universities),persian,country,Statistical Centre of Iran,persons,yearly,FALSE,line,time,num,subscriber
he_ac_dc_pu_hp_ot,7,03-Health,04-Health service,01-Health worker,01-National data,03-Medical Universities,03-Health professionals,03-Operating Technicians,,,,,Operating Room Technicians (Medical Universities),persian,country,Statistical Centre of Iran,persons,yearly,FALSE,line,time,num,subscriber
he_ac_dc_pu_hp_at,7,03-Health,04-Health service,01-Health worker,01-National data,03-Medical Universities,03-Health professionals,04-Anesthesia Technicians,,,,,Anesthesia Technicians (Medical Universities),persian,country,Statistical Centre of Iran,persons,yearly,FALSE,line,time,num,subscriber
he_ac_dc_pu_hp_mw,7,03-Health,04-Health service,01-Health worker,01-National data,03-Medical Universities,03-Health professionals,05-Midwives,,,,,Midwives (Medical Universities),persian,country,Statistical Centre of Iran,persons,yearly,FALSE,line,time,num,subscriber
he_ac_dc_pu_hp_ha,7,03-Health,04-Health service,01-Health worker,01-National data,03-Medical Universities,03-Health professionals,06-Health Assistants,,,,,Health Assistants - Behtar&Behvarz (Medical Universities),persian,country,Statistical Centre of Iran,persons,yearly,FALSE,line,time,num,subscriber
he_ac_dc_pu_ot,6,03-Health,04-Health service,01-Health worker,01-National data,03-Medical Universities,04-Other staff,,,,,,Other Staff (Medical Universities),persian,country,Statistical Centre of Iran,persons,yearly,FALSE,line,time,num,subscriber
he_ac_dc_np_dr,5,03-Health,04-Health service,01-Health worker,01-WHO data,01-Physicians,,,,,,,"Physicians (pers 1,000)",gregorian,country,WHO,"per 1,000",yearly,FALSE,line,time,num,subscriber
he_ac_dc_np_ns,5,03-Health,04-Health service,01-Health worker,01-WHO data,02-Nurse,,,,,,,"Nurses and midwives (per 1,000 people)",gregorian,country,WHO,"per 1,000",yearly,FALSE,line,time,num,subscriber
he_ac_hos_b_t_t,7,03-Health,04-Health service,02=Health facility,01-Hospitals,01-Bed,01-National data,01-Total beds,01-Total,,,,Hospital Beds (total numbers),persian,country,Statistical Centre of Iran,unit,yearly,FALSE,line,time,num,subscriber
he_ac_hos_b_t_pb,7,03-Health,04-Health service,02=Health facility,01-Hospitals,01-Bed,01-National data,01-Total beds,02-Public,,,,Public Hospital Beds ,persian,country,Statistical Centre of Iran,unit,yearly,FALSE,line,time,num,subscriber
he_ac_hos_b_t_pr,7,03-Health,04-Health service,02=Health facility,01-Hospitals,01-Bed,01-National data,01-Total beds,03-Private,,,,Private Hospital Beds ,persian,country,Statistical Centre of Iran,unit,yearly,FALSE,line,time,num,subscriber
he_ac_hos_b_t_cr,7,03-Health,04-Health service,02=Health facility,01-Hospitals,01-Bed,01-National data,01-Total beds,04-Charity,,,,Charities Hospital Beds ,persian,country,Statistical Centre of Iran,unit,yearly,FALSE,line,time,num,subscriber
he_ac_hos_b_ac_t,7,03-Health,04-Health service,02=Health facility,01-Hospitals,01-Bed,01-National data,02-Active beds,01-Total,,,,Active Hospital Beds (total numbers),persian,country,Statistical Centre of Iran,unit,yearly,FALSE,line,time,num,subscriber
he_ac_hos_b_ac_icu,7,03-Health,04-Health service,02=Health facility,01-Hospitals,01-Bed,01-National data,02-Active beds,01-ICU,,,,ICU Hospital Beds,persian,country,Statistical Centre of Iran,unit,yearly,FALSE,line,time,num,subscriber
he_ac_hos_b_ac_ccu,7,03-Health,04-Health service,02=Health facility,01-Hospitals,01-Bed,01-National data,02-Active beds,02-CCU,,,,CCU Hospital Beds,persian,country,Statistical Centre of Iran,unit,yearly,FALSE,line,time,num,subscriber
he_ac_hos_b_ac_nicu,7,03-Health,04-Health service,02=Health facility,01-Hospitals,01-Bed,01-National data,02-Active beds,03-NICU,,,,NICU Hospital Beds,persian,country,Statistical Centre of Iran,unit,yearly,FALSE,line,time,num,subscriber
he_ac_hos_b_ac_ps,7,03-Health,04-Health service,02=Health facility,01-Hospitals,01-Bed,01-National data,02-Active beds,04-Psychiatric,,,,Psychiatric Hospital Beds,persian,country,Statistical Centre of Iran,unit,yearly,FALSE,line,time,num,subscriber
he_ac_hos_b_ac_br,7,03-Health,04-Health service,02=Health facility,01-Hospitals,01-Bed,01-National data,02-Active beds,05-Burn,,,,Burn Recovery Beds,persian,country,Statistical Centre of Iran,unit,yearly,FALSE,line,time,num,subscriber
he_ac_hos_b_who,6,03-Health,04-Health service,02=Health facility,01-Hospitals,01-Bed,02-WHO data,,,,,,"Hospital Beds (per 1,000 people)",gregorian,country,WHO,"per 1,000",yearly,FALSE,line,time,num,subscriber
he_ac_hos_n_t,6,03-Health,04-Health service,02=Health facility,01-Hospitals,02-Number,01-Total,,,,,,Hospitals (total numbers),persian,country,Statistical Centre of Iran,unit,yearly,FALSE,line,time,num,subscriber
he_ac_hos_n_pb,6,03-Health,04-Health service,02=Health facility,01-Hospitals,02-Number,02-Public,,,,,,Public Hospitals ,persian,country,Statistical Centre of Iran,unit,yearly,FALSE,line,time,num,subscriber
he_ac_hos_n_pr,6,03-Health,04-Health service,02=Health facility,01-Hospitals,02-Number,03-Private,,,,,,Private Hospitals,persian,country,Statistical Centre of Iran,unit,yearly,FALSE,line,time,num,subscriber
he_ac_hos_n_cr,6,03-Health,04-Health service,02=Health facility,01-Hospitals,02-Number,04-Charity,,,,,,Charities Hospitals,persian,country,Statistical Centre of Iran,unit,yearly,FALSE,line,time,num,subscriber
he_ac_cl_t,5,03-Health,04-Health service,02=Health facility,02-Clinics,01-Total,,,,,,,Clinics (total numbers),persian,country,Statistical Centre of Iran,unit,yearly,FALSE,line,time,num,subscriber
he_ac_cl_pb,5,03-Health,04-Health service,02=Health facility,02-Clinics,02-Public,,,,,,,Public Clinics,persian,country,Statistical Centre of Iran,unit,yearly,FALSE,line,time,num,subscriber
he_ac_cl_pr,5,03-Health,04-Health service,02=Health facility,02-Clinics,03-Private,,,,,,,Private Clinics,persian,country,Statistical Centre of Iran,unit,yearly,FALSE,line,time,num,subscriber
he_ac_cl_cr,5,03-Health,04-Health service,02=Health facility,02-Clinics,04-Charity,,,,,,,Charity Clinics,persian,country,Statistical Centre of Iran,unit,yearly,FALSE,line,time,num,subscriber
he_ac_ph_t,5,03-Health,04-Health service,02=Health facility,02-Pharmacy,01-Total,,,,,,,Pharmacies (total numbers),persian,country,Statistical Centre of Iran,unit,yearly,FALSE,line,time,num,subscriber
he_ac_ph_pb,5,03-Health,04-Health service,02=Health facility,02-Pharmacy,02-Public,,,,,,,Public Pharmacies,persian,country,Statistical Centre of Iran,unit,yearly,FALSE,line,time,num,subscriber
he_ac_ph_pr,5,03-Health,04-Health service,02=Health facility,02-Pharmacy,03-Private,,,,,,,Private Pharmacies,persian,country,Statistical Centre of Iran,unit,yearly,FALSE,line,time,num,subscriber
edu_in_lit_6_t,6,04-Education,01-Indicators,01-Literacy rate,01-6+,01-Male & Female,01-Persian cal,,,,,,Literacy rate (% of people ages 6 and above) - male & female,persian,country,Statistical Center of Iran,%,yearly,FALSE,line,time,num,subscriber
edu_in_lit_6_ma,6,04-Education,01-Indicators,01-Literacy rate,01-6+,02-Male,01-Persian cal,,,,,,Literacy rate (% of people ages 6 and above) - male,persian,country,Statistical Center of Iran,%,yearly,FALSE,line,time,num,subscriber
edu_in_lit_6_fe,6,04-Education,01-Indicators,01-Literacy rate,01-6+,03-Female,01-Persian cal,,,,,,Literacy rate (% of people ages 6 and above) - female,persian,country,Statistical Center of Iran,%,yearly,FALSE,line,time,num,subscriber
edu_in_lit_15_t,6,04-Education,01-Indicators,01-Literacy rate,02-15+,01-Male & Female,01-Persian cal,,,,,,Adult literacy rate (% of people ages 15 and above) - male & female,persian,country,Statistical Center of Iran,%,yearly,FALSE,line,time,num,subscriber
edu_in_lit_15_ma,6,04-Education,01-Indicators,01-Literacy rate,02-15+,02-Male,01-Persian cal,,,,,,Adult literacy rate  (% of people ages 15 and above) - male,persian,country,Statistical Center of Iran,%,yearly,FALSE,line,time,num,subscriber
edu_in_lit_15_fe,6,04-Education,01-Indicators,01-Literacy rate,02-15+,03-Female,01-Persian cal,,,,,,Adult literacy rate  (% of people ages 15 and above) - female,persian,country,Statistical Center of Iran,%,yearly,FALSE,line,time,num,subscriber
edu_in_en_pr,4,04-Education,01-Indicators,02-Enrolment rate,01-Primary,,,,,,,,"School enrollment, primary (% gross)",gregorian,country,World Bank,%,yearly,FALSE,line,time,num,subscriber
edu_in_en_se,4,04-Education,01-Indicators,02-Enrolment rate,02-Secondary,,,,,,,,"School enrollment, secondary (% gross)",gregorian,country,World Bank,%,yearly,FALSE,line,time,num,subscriber
edu_in_en_tr,4,04-Education,01-Indicators,02-Enrolment rate,03-Tertiary,,,,,,,,"School enrollment, tertiary (% gross)",gregorian,country,World Bank,%,yearly,FALSE,line,time,num,subscriber
edu_in_os_p_t,4,04-Education,01-Indicators,03-Out-of-School,01-Male & Female,,,,,,,,"Children out of school, primary - male & female",gregorian,country,World Bank,number,yearly,FALSE,line,time,num,subscriber
edu_in_os_p_ma,4,04-Education,01-Indicators,03-Out-of-School,02-Male,,,,,,,,"Children out of school, primary - male",gregorian,country,World Bank,number,yearly,FALSE,line,time,num,subscriber
edu_in_os_p_fe,4,04-Education,01-Indicators,03-Out-of-School,03-Female,,,,,,,,"Children out of school, primary - female",gregorian,country,World Bank,number,yearly,FALSE,line,time,num,subscriber
edu_in_ys_ex,4,04-Education,01-Indicators,04-Years of Schooling,01-Expected Years,,,,,,,,Expected years of schooling,gregorian,country,World Bank,years,yearly,FALSE,line,time,num,subscriber
edu_in_ys_me,4,04-Education,01-Indicators,04-Years of Schooling,02-Mean Years,,,,,,,,Mean Years of Schooling (years),gregorian,country,UN Human Development,years,yearly,FALSE,line,time,num,subscriber
edu_ge_st_t,6,04-Education,02-General Education,01-Students,01-All grades,01-Male & Female,01-Persian cal,,,,,,Student population (male and female),persian,country,Statistical Center of Iran,persons,monthly,FALSE,line,time,num,subscriber
edu_ge_st_ma,6,04-Education,02-General Education,01-Students,01-All grades,02-Male,01-Persian cal,,,,,,Student population (male),persian,country,Statistical Center of Iran,persons,monthly,FALSE,line,time,num,subscriber
edu_ge_st_fe,6,04-Education,02-General Education,01-Students,01-All grades,03-Female,01-Persian cal,,,,,,Student population (female),persian,country,Statistical Center of Iran,persons,monthly,FALSE,line,time,num,subscriber
edu_ge_st_pr_t,6,04-Education,02-General Education,01-Students,02-Pre-school,01-Male & Female,01-Persian cal,,,,,,Pre-school student population (male and female),persian,country,Statistical Center of Iran,persons,monthly,FALSE,line,time,num,subscriber
edu_ge_st_pr_ma,6,04-Education,02-General Education,01-Students,02-Pre-school,02-Male,01-Persian cal,,,,,,Pre-school student population (male),persian,country,Statistical Center of Iran,persons,monthly,FALSE,line,time,num,subscriber
edu_ge_st_pr_fe,6,04-Education,02-General Education,01-Students,02-Pre-school,03-Female,01-Persian cal,,,,,,Pre-school student population (female),persian,country,Statistical Center of Iran,persons,monthly,FALSE,line,time,num,subscriber
edu_ge_st_el_t,6,04-Education,02-General Education,01-Students,03-Elementary schools,01-Male & Female,01-Persian cal,,,,,,Elementary school student population (male and female),persian,country,Statistical Center of Iran,persons,monthly,FALSE,line,time,num,subscriber
edu_ge_st_el_ma,6,04-Education,02-General Education,01-Students,03-Elementary schools,02-Male,01-Persian cal,,,,,,Elementary school student population (male),persian,country,Statistical Center of Iran,persons,monthly,FALSE,line,time,num,subscriber
edu_ge_st_el_fe,6,04-Education,02-General Education,01-Students,03-Elementary schools,03-Female,01-Persian cal,,,,,,Elementary school student population (female),persian,country,Statistical Center of Iran,persons,monthly,FALSE,line,time,num,subscriber
edu_ge_st_md_t,6,04-Education,02-General Education,01-Students,04-Middle schools,01-Male & Female,01-Persian cal,,,,,,Middle school student population (male and female),persian,country,Statistical Center of Iran,persons,monthly,FALSE,line,time,num,subscriber
edu_ge_st_md_ma,6,04-Education,02-General Education,01-Students,04-Middle schools,02-Male,01-Persian cal,,,,,,Middle school student population (male),persian,country,Statistical Center of Iran,persons,monthly,FALSE,line,time,num,subscriber
edu_ge_st_md_fe,6,04-Education,02-General Education,01-Students,04-Middle schools,03-Female,01-Persian cal,,,,,,Middle school student population (female),persian,country,Statistical Center of Iran,persons,monthly,FALSE,line,time,num,subscriber
edu_ge_st_hi_t,6,04-Education,02-General Education,01-Students,05-High schools,01-Male & Female,01-Persian cal,,,,,,High school student population (male and female),persian,country,Statistical Center of Iran,persons,monthly,FALSE,line,time,num,subscriber
edu_ge_st_hi_ma,6,04-Education,02-General Education,01-Students,05-High schools,02-Male,01-Persian cal,,,,,,High school student population (male),persian,country,Statistical Center of Iran,persons,monthly,FALSE,line,time,num,subscriber
edu_ge_st_hi_fe,6,04-Education,02-General Education,01-Students,05-High schools,03-Female,01-Persian cal,,,,,,High school student population (female),persian,country,Statistical Center of Iran,persons,monthly,FALSE,line,time,num,subscriber
edu_ge_sf_te_all,6,04-Education,02-General Education,02-Teachers and staff,01-Teachers,01-All grades,01-Persian cal,,,,,,Teachers (all grades),persian,country,Statistical Center of Iran,persons,monthly,FALSE,line,time,num,subscriber
edu_ge_sf_te_el,6,04-Education,02-General Education,02-Teachers and staff,01-Teachers,03-Elementary schools,01-Persian cal,,,,,,Elementary school teachers,persian,country,Statistical Center of Iran,persons,monthly,FALSE,line,time,num,subscriber
edu_ge_sf_te_md,6,04-Education,02-General Education,02-Teachers and staff,01-Teachers,04-Middle schools,01-Persian cal,,,,,,Middle school teachers,persian,country,Statistical Center of Iran,persons,monthly,FALSE,line,time,num,subscriber
edu_ge_sf_te_hi,6,04-Education,02-General Education,02-Teachers and staff,01-Teachers,05-High schools,01-Persian cal,,,,,,High school teachers,persian,country,Statistical Center of Iran,persons,monthly,FALSE,line,time,num,subscriber
edu_ge_sf_sf_all,6,04-Education,02-General Education,02-Teachers and staff,02-Staff,01-All grades,01-Persian cal,,,,,,School staff (all grades),persian,country,Statistical Center of Iran,persons,monthly,FALSE,line,time,num,subscriber
edu_ge_sf_sf_el,6,04-Education,02-General Education,02-Teachers and staff,02-Staff,03-Elementary schools,01-Persian cal,,,,,,Elementary school staff,persian,country,Statistical Center of Iran,persons,monthly,FALSE,line,time,num,subscriber
edu_ge_sf_sf_md,6,04-Education,02-General Education,02-Teachers and staff,02-Staff,04-Middle schools,01-Persian cal,,,,,,Middle school school staff,persian,country,Statistical Center of Iran,persons,monthly,FALSE,line,time,num,subscriber
edu_ge_sf_sf_hi,6,04-Education,02-General Education,02-Teachers and staff,02-Staff,05-High schools,01-Persian cal,,,,,,High school staff,persian,country,Statistical Center of Iran,persons,monthly,FALSE,line,time,num,subscriber
edu_ge_sc_sc_pr,6,04-Education,02-General Education,03-Schools and classes,01-Schools,02-Pre-school,01-Persian cal,,,,,,Number of pre-school centers,persian,country,Statistical Center of Iran,number,monthly,FALSE,line,time,num,subscriber
edu_ge_sc_sc_el,6,04-Education,02-General Education,03-Schools and classes,01-Schools,03-Elementary schools,01-Persian cal,,,,,,Number of elementary schools,persian,country,Statistical Center of Iran,number,monthly,FALSE,line,time,num,subscriber
edu_ge_sc_sc_md,6,04-Education,02-General Education,03-Schools and classes,01-Schools,04-Middle schools,01-Persian cal,,,,,,Number of middle schools,persian,country,Statistical Center of Iran,number,monthly,FALSE,line,time,num,subscriber
edu_ge_sc_sc_hi,6,04-Education,02-General Education,03-Schools and classes,01-Schools,05-High schools,01-Persian cal,,,,,,Number of high schools,persian,country,Statistical Center of Iran,number,monthly,FALSE,line,time,num,subscriber
edu_ge_sc_cl_pr,6,04-Education,02-General Education,03-Schools and classes,02-Classes,02-Pre-school,01-Persian cal,,,,,,Number of pre-school classes,persian,country,Statistical Center of Iran,number,monthly,FALSE,line,time,num,subscriber
edu_ge_sc_cl_el,6,04-Education,02-General Education,03-Schools and classes,02-Classes,03-Elementary schools,01-Persian cal,,,,,,Number of elementary school classes,persian,country,Statistical Center of Iran,number,monthly,FALSE,line,time,num,subscriber
edu_ge_sc_cl_md,6,04-Education,02-General Education,03-Schools and classes,02-Classes,04-Middle schools,01-Persian cal,,,,,,Number of middle school classes,persian,country,Statistical Center of Iran,number,monthly,FALSE,line,time,num,subscriber
edu_ge_sc_cl_hi,6,04-Education,02-General Education,03-Schools and classes,02-Classes,05-High schools,01-Persian cal,,,,,,Number of high school classes,persian,country,Statistical Center of Iran,number,monthly,FALSE,line,time,num,subscriber
edu_hi_st_t_t,2,04-Education,03-Higher Education,01-University students,01-Total students,01-Male & Female,01-Persian cal,,,,,,University Student population (male and female),persian,country,Statistical Center of Iran,persons,monthly,FALSE,line,time,num,subscriber
edu_hi_st_t_ma,2,04-Education,03-Higher Education,01-University students,01-Total students,02-Male,01-Persian cal,,,,,,University Student population (male),persian,country,Statistical Center of Iran,persons,monthly,FALSE,line,time,num,subscriber
edu_hi_st_t_fe,2,04-Education,03-Higher Education,01-University students,01-Total students,03-Female,01-Persian cal,,,,,,University Student population (female),persian,country,Statistical Center of Iran,persons,monthly,FALSE,line,time,num,subscriber
edu_hi_st_lev_t,2,04-Education,03-Higher Education,01-University students,02-By level,01-Male & Female,01-Persian cal,,,,,,University students by level of education (male and female),persian,country,Statistical Center of Iran,persons,monthly,TRUE,bar,time,num,subscriber
edu_hi_st_lev_ma,2,04-Education,03-Higher Education,01-University students,02-By level,02-Male,01-Persian cal,,,,,,University students by level of education (male),persian,country,Statistical Center of Iran,persons,monthly,TRUE,bar,time,num,subscriber
edu_hi_st_lev_fe,2,04-Education,03-Higher Education,01-University students,02-By level,03-Female,01-Persian cal,,,,,,University students by level of education (female),persian,country,Statistical Center of Iran,persons,monthly,TRUE,bar,time,num,subscriber
edu_hi_st_fld_t,2,04-Education,03-Higher Education,01-University students,03-By field of study,01-Male & Female,01-Persian cal,,,,,,University students by field of study (male and female),persian,country,Statistical Center of Iran,persons,monthly,TRUE,bar,time,num,subscriber
edu_hi_st_fld_ma,2,04-Education,03-Higher Education,01-University students,03-By field of study,02-Male,01-Persian cal,,,,,,University students by field of study (male),persian,country,Statistical Center of Iran,persons,monthly,TRUE,bar,time,num,subscriber
edu_hi_st_fld_fe,2,04-Education,03-Higher Education,01-University students,03-By field of study,03-Female,01-Persian cal,,,,,,University students by field of study (female),persian,country,Statistical Center of Iran,persons,monthly,TRUE,bar,time,num,subscriber
edu_hi_fm_t_t,2,04-Education,03-Higher Education,02-Faculty member,01-Total members,01-Male & Female,01-Persian cal,,,,,,Total number of faculty members (male and female),persian,country,Statistical Center of Iran,persons,monthly,FALSE,line,time,num,subscriber
edu_hi_fm_t_ma,2,04-Education,03-Higher Education,02-Faculty member,01-Total members,02-Male,01-Persian cal,,,,,,Number of faculty members (male),persian,country,Statistical Center of Iran,persons,monthly,FALSE,line,time,num,subscriber
edu_hi_fm_t_fe,2,04-Education,03-Higher Education,02-Faculty member,01-Total members,03-Female,01-Persian cal,,,,,,Number of faculty members (female),persian,country,Statistical Center of Iran,persons,monthly,FALSE,line,time,num,subscriber
edu_hi_fm_grad,2,04-Education,03-Higher Education,02-Faculty member,01-By rank,01-Persian cal,,,,,,,Number of faculty members (by academic rank),persian,country,Statistical Center of Iran,persons,monthly,TRUE,bar,time,num,subscriber
edu_in_lit_6_t_g,6,04-Education,01-Indicators,01-Literacy rate,01-6+,01-Male & Female,02-Gregorian cal,,,,,,Literacy rate (% of people ages 6 and above) - male & female,gregorian,country,Statistical Center of Iran,%,yearly,FALSE,line,time,num,subscriber
edu_in_lit_6_ma_g,6,04-Education,01-Indicators,01-Literacy rate,01-6+,02-Male,02-Gregorian cal,,,,,,Literacy rate (% of people ages 6 and above) - male,gregorian,country,Statistical Center of Iran,%,yearly,FALSE,line,time,num,subscriber
edu_in_lit_6_fe_g,6,04-Education,01-Indicators,01-Literacy rate,01-6+,03-Female,02-Gregorian cal,,,,,,Literacy rate (% of people ages 6 and above) - female,gregorian,country,Statistical Center of Iran,%,yearly,FALSE,line,time,num,subscriber
edu_in_lit_15_t_g,6,04-Education,01-Indicators,01-Literacy rate,02-15+,01-Male & Female,02-Gregorian cal,,,,,,Adult literacy rate (% of people ages 15 and above) - male & female,gregorian,country,Statistical Center of Iran,%,yearly,FALSE,line,time,num,subscriber
edu_in_lit_15_ma_g,6,04-Education,01-Indicators,01-Literacy rate,02-15+,02-Male,02-Gregorian cal,,,,,,Adult literacy rate  (% of people ages 15 and above) - male,gregorian,country,Statistical Center of Iran,%,yearly,FALSE,line,time,num,subscriber
edu_in_lit_15_fe_g,6,04-Education,01-Indicators,01-Literacy rate,02-15+,03-Female,02-Gregorian cal,,,,,,Adult literacy rate  (% of people ages 15 and above) - female,gregorian,country,Statistical Center of Iran,%,yearly,FALSE,line,time,num,subscriber
edu_ge_st_t_g,6,04-Education,02-General Education,01-Students,01-All grades,01-Male & Female,02-Gregorian cal,,,,,,Student population (male and female),gregorian,country,Statistical Center of Iran,persons,monthly,FALSE,line,time,num,subscriber
edu_ge_st_ma_g,6,04-Education,02-General Education,01-Students,01-All grades,02-Male,02-Gregorian cal,,,,,,Student population (male),gregorian,country,Statistical Center of Iran,persons,monthly,FALSE,line,time,num,subscriber
edu_ge_st_fe_g,6,04-Education,02-General Education,01-Students,01-All grades,03-Female,02-Gregorian cal,,,,,,Student population (female),gregorian,country,Statistical Center of Iran,persons,monthly,FALSE,line,time,num,subscriber
edu_ge_st_pr_t_g,6,04-Education,02-General Education,01-Students,02-Pre-school,01-Male & Female,02-Gregorian cal,,,,,,Pre-school student population (male and female),gregorian,country,Statistical Center of Iran,persons,monthly,FALSE,line,time,num,subscriber
edu_ge_st_pr_ma_g,6,04-Education,02-General Education,01-Students,02-Pre-school,02-Male,02-Gregorian cal,,,,,,Pre-school student population (male),gregorian,country,Statistical Center of Iran,persons,monthly,FALSE,line,time,num,subscriber
edu_ge_st_pr_fe_g,6,04-Education,02-General Education,01-Students,02-Pre-school,03-Female,02-Gregorian cal,,,,,,Pre-school student population (female),gregorian,country,Statistical Center of Iran,persons,monthly,FALSE,line,time,num,subscriber
edu_ge_st_el_t_g,6,04-Education,02-General Education,01-Students,03-Elementary schools,01-Male & Female,02-Gregorian cal,,,,,,Elementary school student population (male and female),gregorian,country,Statistical Center of Iran,persons,monthly,FALSE,line,time,num,subscriber
edu_ge_st_el_ma_g,6,04-Education,02-General Education,01-Students,03-Elementary schools,02-Male,02-Gregorian cal,,,,,,Elementary school student population (male),gregorian,country,Statistical Center of Iran,persons,monthly,FALSE,line,time,num,subscriber
edu_ge_st_el_fe_g,6,04-Education,02-General Education,01-Students,03-Elementary schools,03-Female,02-Gregorian cal,,,,,,Elementary school student population (female),gregorian,country,Statistical Center of Iran,persons,monthly,FALSE,line,time,num,subscriber
edu_ge_st_md_t_g,6,04-Education,02-General Education,01-Students,04-Middle schools,01-Male & Female,02-Gregorian cal,,,,,,Middle school student population (male and female),gregorian,country,Statistical Center of Iran,persons,monthly,FALSE,line,time,num,subscriber
edu_ge_st_md_ma_g,6,04-Education,02-General Education,01-Students,04-Middle schools,02-Male,02-Gregorian cal,,,,,,Middle school student population (male),gregorian,country,Statistical Center of Iran,persons,monthly,FALSE,line,time,num,subscriber
edu_ge_st_md_fe_g,6,04-Education,02-General Education,01-Students,04-Middle schools,03-Female,02-Gregorian cal,,,,,,Middle school student population (female),gregorian,country,Statistical Center of Iran,persons,monthly,FALSE,line,time,num,subscriber
edu_ge_st_hi_t_g,6,04-Education,02-General Education,01-Students,05-High schools,01-Male & Female,02-Gregorian cal,,,,,,High school student population (male and female),gregorian,country,Statistical Center of Iran,persons,monthly,FALSE,line,time,num,subscriber
edu_ge_st_hi_ma_g,6,04-Education,02-General Education,01-Students,05-High schools,02-Male,02-Gregorian cal,,,,,,High school student population (male),gregorian,country,Statistical Center of Iran,persons,monthly,FALSE,line,time,num,subscriber
edu_ge_st_hi_fe_g,6,04-Education,02-General Education,01-Students,05-High schools,03-Female,02-Gregorian cal,,,,,,High school student population (female),gregorian,country,Statistical Center of Iran,persons,monthly,FALSE,line,time,num,subscriber
edu_ge_sf_te_all_g,6,04-Education,02-General Education,02-Teachers and staff,01-Teachers,01-All grades,02-Gregorian cal,,,,,,Teachers (all grades),gregorian,country,Statistical Center of Iran,persons,monthly,FALSE,line,time,num,subscriber
edu_ge_sf_te_el_g,6,04-Education,02-General Education,02-Teachers and staff,01-Teachers,03-Elementary schools,02-Gregorian cal,,,,,,Elementary school teachers,gregorian,country,Statistical Center of Iran,persons,monthly,FALSE,line,time,num,subscriber
edu_ge_sf_te_md_g,6,04-Education,02-General Education,02-Teachers and staff,01-Teachers,04-Middle schools,02-Gregorian cal,,,,,,Middle school teachers,gregorian,country,Statistical Center of Iran,persons,monthly,FALSE,line,time,num,subscriber
edu_ge_sf_te_hi_g,6,04-Education,02-General Education,02-Teachers and staff,01-Teachers,05-High schools,02-Gregorian cal,,,,,,High school teachers,gregorian,country,Statistical Center of Iran,persons,monthly,FALSE,line,time,num,subscriber
edu_ge_sf_sf_all_g,6,04-Education,02-General Education,02-Teachers and staff,02-Staff,01-All grades,02-Gregorian cal,,,,,,School staff (all grades),gregorian,country,Statistical Center of Iran,persons,monthly,FALSE,line,time,num,subscriber
edu_ge_sf_sf_el_g,6,04-Education,02-General Education,02-Teachers and staff,02-Staff,03-Elementary schools,02-Gregorian cal,,,,,,Elementary school staff,gregorian,country,Statistical Center of Iran,persons,monthly,FALSE,line,time,num,subscriber
edu_ge_sf_sf_md_g,6,04-Education,02-General Education,02-Teachers and staff,02-Staff,04-Middle schools,02-Gregorian cal,,,,,,Middle school school staff,gregorian,country,Statistical Center of Iran,persons,monthly,FALSE,line,time,num,subscriber
edu_ge_sf_sf_hi_g,6,04-Education,02-General Education,02-Teachers and staff,02-Staff,05-High schools,02-Gregorian cal,,,,,,High school staff,gregorian,country,Statistical Center of Iran,persons,monthly,FALSE,line,time,num,subscriber
edu_ge_sc_sc_pr_g,6,04-Education,02-General Education,03-Schools and classes,01-Schools,02-Pre-school,02-Gregorian cal,,,,,,Number of pre-school centers,gregorian,country,Statistical Center of Iran,number,monthly,FALSE,line,time,num,subscriber
edu_ge_sc_sc_el_g,6,04-Education,02-General Education,03-Schools and classes,01-Schools,03-Elementary schools,02-Gregorian cal,,,,,,Number of elementary schools,gregorian,country,Statistical Center of Iran,number,monthly,FALSE,line,time,num,subscriber
edu_ge_sc_sc_md_g,6,04-Education,02-General Education,03-Schools and classes,01-Schools,04-Middle schools,02-Gregorian cal,,,,,,Number of middle schools,gregorian,country,Statistical Center of Iran,number,monthly,FALSE,line,time,num,subscriber
edu_ge_sc_sc_hi_g,6,04-Education,02-General Education,03-Schools and classes,01-Schools,05-High schools,02-Gregorian cal,,,,,,Number of high schools,gregorian,country,Statistical Center of Iran,number,monthly,FALSE,line,time,num,subscriber
edu_ge_sc_cl_pr_g,6,04-Education,02-General Education,03-Schools and classes,02-Classes,02-Pre-school,02-Gregorian cal,,,,,,Number of pre-school classes,gregorian,country,Statistical Center of Iran,number,monthly,FALSE,line,time,num,subscriber
edu_ge_sc_cl_el_g,6,04-Education,02-General Education,03-Schools and classes,02-Classes,03-Elementary schools,02-Gregorian cal,,,,,,Number of elementary school classes,gregorian,country,Statistical Center of Iran,number,monthly,FALSE,line,time,num,subscriber
edu_ge_sc_cl_md_g,6,04-Education,02-General Education,03-Schools and classes,02-Classes,04-Middle schools,02-Gregorian cal,,,,,,Number of middle school classes,gregorian,country,Statistical Center of Iran,number,monthly,FALSE,line,time,num,subscriber
edu_ge_sc_cl_hi_g,6,04-Education,02-General Education,03-Schools and classes,02-Classes,05-High schools,02-Gregorian cal,,,,,,Number of high school classes,gregorian,country,Statistical Center of Iran,number,monthly,FALSE,line,time,num,subscriber
edu_hi_st_t_t_g,2,04-Education,03-Higher Education,01-University students,01-Total students,01-Male & Female,02-Gregorian cal,,,,,,University Student population (male and female),gregorian,country,Statistical Center of Iran,persons,monthly,FALSE,line,time,num,subscriber
edu_hi_st_t_ma_g,2,04-Education,03-Higher Education,01-University students,01-Total students,02-Male,02-Gregorian cal,,,,,,University Student population (male),gregorian,country,Statistical Center of Iran,persons,monthly,FALSE,line,time,num,subscriber
edu_hi_st_t_fe_g,2,04-Education,03-Higher Education,01-University students,01-Total students,03-Female,02-Gregorian cal,,,,,,University Student population (female),gregorian,country,Statistical Center of Iran,persons,monthly,FALSE,line,time,num,subscriber
edu_hi_st_lev_t_g,2,04-Education,03-Higher Education,01-University students,02-By level,01-Male & Female,02-Gregorian cal,,,,,,University students by level of education (male and female),gregorian,country,Statistical Center of Iran,persons,monthly,TRUE,bar,time,num,subscriber
edu_hi_st_lev_ma_g,2,04-Education,03-Higher Education,01-University students,02-By level,02-Male,02-Gregorian cal,,,,,,University students by level of education (male),gregorian,country,Statistical Center of Iran,persons,monthly,TRUE,bar,time,num,subscriber
edu_hi_st_lev_fe_g,2,04-Education,03-Higher Education,01-University students,02-By level,03-Female,02-Gregorian cal,,,,,,University students by level of education (female),gregorian,country,Statistical Center of Iran,persons,monthly,TRUE,bar,time,num,subscriber
edu_hi_st_fld_t_g,2,04-Education,03-Higher Education,01-University students,03-By field of study,01-Male & Female,02-Gregorian cal,,,,,,University students by field of study (male and female),gregorian,country,Statistical Center of Iran,persons,monthly,TRUE,bar,time,num,subscriber
edu_hi_st_fld_ma_g,2,04-Education,03-Higher Education,01-University students,03-By field of study,02-Male,02-Gregorian cal,,,,,,University students by field of study (male),gregorian,country,Statistical Center of Iran,persons,monthly,TRUE,bar,time,num,subscriber
edu_hi_st_fld_fe_g,2,04-Education,03-Higher Education,01-University students,03-By field of study,03-Female,02-Gregorian cal,,,,,,University students by field of study (female),gregorian,country,Statistical Center of Iran,persons,monthly,TRUE,bar,time,num,subscriber
edu_hi_fm_t_t_g,2,04-Education,03-Higher Education,02-Faculty member,01-Total members,01-Male & Female,02-Gregorian cal,,,,,,Total number of faculty members (male and female),gregorian,country,Statistical Center of Iran,persons,monthly,FALSE,line,time,num,subscriber
edu_hi_fm_t_ma_g,2,04-Education,03-Higher Education,02-Faculty member,01-Total members,02-Male,02-Gregorian cal,,,,,,Number of faculty members (male),gregorian,country,Statistical Center of Iran,persons,monthly,FALSE,line,time,num,subscriber
edu_hi_fm_t_fe_g,2,04-Education,03-Higher Education,02-Faculty member,01-Total members,03-Female,02-Gregorian cal,,,,,,Number of faculty members (female),gregorian,country,Statistical Center of Iran,persons,monthly,FALSE,line,time,num,subscriber
edu_hi_fm_grad_g,2,04-Education,03-Higher Education,02-Faculty member,01-By rank,02-Gregorian cal,,,,,,,Number of faculty members (by academic rank),gregorian,country,Statistical Center of Iran,persons,monthly,TRUE,bar,time,num,subscriber
bg_s_t_irr,4,09-Budget,01-Sources,01-Total Sources,01-IRR,,,,,,,,Public Budget Resources (National Currency),persian,country,Gevernement,Billion Toman,yearly,FALSE,line,time,num,subscriber
bg_s_t_con,4,09-Budget,01-Sources,01-Total Sources,02-Constant Price,,,,,,,,"Public Budget Resources (Constant Price, 1400)",persian,country,Gevernement,Billion Toman (1400),yearly,FALSE,line,time,num,subscriber
bg_s_t_usd,4,09-Budget,01-Sources,01-Total Sources,03-USD,,,,,,,,Public Budget Resources (Value in USD),persian,country,Gevernement,Billion USD,yearly,FALSE,line,time,num,subscriber
bg_s_inc_irr,5,09-Budget,01-Sources,02-Revenue,01-Total Revenue,01-IRR,,,,,,,Total revenue (National Currency),persian,country,Gevernement,Billion Toman,yearly,FALSE,line,time,num,subscriber
bg_s_inc_con,5,09-Budget,01-Sources,02-Revenue,01-Total Revenue,02-Constant Price,,,,,,,"Total revenue (Constant Price, 1400)",persian,country,Gevernement,Billion Toman (1400),yearly,FALSE,line,time,num,subscriber
bg_s_inc_usd,5,09-Budget,01-Sources,02-Revenue,01-Total Revenue,03-USD,,,,,,,Total revenue (Value in USD),persian,country,Gevernement,Billion USD,yearly,FALSE,line,time,num,subscriber
bg_s_tx_irr,5,09-Budget,01-Sources,02-Revenue,02-Tax,01-IRR,,,,,,,Tax revenue (National Currency),persian,country,Gevernement,Billion Toman,yearly,FALSE,line,time,num,subscriber
bg_s_tx_con,5,09-Budget,01-Sources,02-Revenue,02-Tax,02-Constant Price,,,,,,,"Tax revenue (Constant Price, 1400)",persian,country,Gevernement,Billion Toman (1400),yearly,FALSE,line,time,num,subscriber
bg_s_tx_usd,5,09-Budget,01-Sources,02-Revenue,02-Tax,03-USD,,,,,,,Tax revenue (Value in USD),persian,country,Gevernement,Billion USD,yearly,FALSE,line,time,num,subscriber
bg_s_oil_irr,4,09-Budget,01-Sources,03-Oil Revenue,01-IRR,,,,,,,,Oil Revenues (National Currency),persian,country,Gevernement,Billion Toman,yearly,FALSE,line,time,num,subscriber
bg_s_oil_con,4,09-Budget,01-Sources,03-Oil Revenue,02-Constant Price,,,,,,,,"Oil Revenues (Constant Price, 1400)",persian,country,Gevernement,Billion Toman (1400),yearly,FALSE,line,time,num,subscriber
bg_s_oil_usd,4,09-Budget,01-Sources,03-Oil Revenue,03-USD,,,,,,,,Oil Revenues (Value in USD),persian,country,Gevernement,Billion USD,yearly,FALSE,line,time,num,subscriber
bg_s_fin_irr,4,09-Budget,01-Sources,04-Financial Assets,01-IRR,,,,,,,,Financial Assets (National Currency),persian,country,Gevernement,Billion Toman,yearly,FALSE,line,time,num,subscriber
bg_s_fin_con,4,09-Budget,01-Sources,04-Financial Assets,02-Constant Price,,,,,,,,"Financial Assets (Constant Price, 1400)",persian,country,Gevernement,Billion Toman (1400),yearly,FALSE,line,time,num,subscriber
bg_s_fin_usd,4,09-Budget,01-Sources,04-Financial Assets,03-USD,,,,,,,,Financial Assets (Value in USD),persian,country,Gevernement,Billion USD,yearly,FALSE,line,time,num,subscriber
bg_exp_nl_t_irr,5,09-Budget,02-Expenditures,01-National,01-Total Expenditures,01-IRR,,,,,,,Public Budget Expenditures (National Currency),persian,country,Gevernement,Billion Toman,yearly,FALSE,line,time,num,subscriber
bg_exp_nl_t_con,5,09-Budget,02-Expenditures,01-National,01-Total Expenditures,02-Constant Price,,,,,,,"Public Budget Expenditures (Constant Price, 1400)",persian,country,Gevernement,Billion Toman (1400),yearly,FALSE,line,time,num,subscriber
bg_exp_nl_t_usd,5,09-Budget,02-Expenditures,01-National,01-Total Expenditures,03-USD,,,,,,,Public Budget Expenditures (Value in USD),persian,country,Gevernement,Billion USD,yearly,FALSE,line,time,num,subscriber
bg_exp_nl_p_irr,5,09-Budget,02-Expenditures,01-National,02-Permanent Expenditures,01-IRR,,,,,,,Permanent Expenditures (National Currency),persian,country,Gevernement,Billion Toman,yearly,FALSE,line,time,num,subscriber
bg_exp_nl_p_con,5,09-Budget,02-Expenditures,01-National,02-Permanent Expenditures,02-Constant Price,,,,,,,"Permanent Expenditures (Constant Price, 1400)",persian,country,Gevernement,Billion Toman (1400),yearly,FALSE,line,time,num,subscriber
bg_exp_nl_p_usd,5,09-Budget,02-Expenditures,01-National,02-Permanent Expenditures,03-USD,,,,,,,Permanent Expenditures (Value in USD),persian,country,Gevernement,Billion USD,yearly,FALSE,line,time,num,subscriber
bg_exp_nl_tm_irr,5,09-Budget,02-Expenditures,01-National,03-Temporary Expenditures,01-IRR,,,,,,,Temporary Expenditures (National Currency),persian,country,Gevernement,Billion Toman,yearly,FALSE,line,time,num,subscriber
bg_exp_nl_tm_con,5,09-Budget,02-Expenditures,01-National,03-Temporary Expenditures,02-Constant Price,,,,,,,"Temporary Expenditures (Constant Price, 1400)",persian,country,Gevernement,Billion Toman (1400),yearly,FALSE,line,time,num,subscriber
bg_exp_nl_tm_usd,5,09-Budget,02-Expenditures,01-National,03-Temporary Expenditures,03-USD,,,,,,,Temporary Expenditures (Value in USD),persian,country,Gevernement,Billion USD,yearly,FALSE,line,time,num,subscriber
bg_exp_pr_irr,5,09-Budget,02-Expenditures,02-Provincial,01-Total,01-IRR,,,,,,,Provincial Expenditures (National Currency),persian,country,Gevernement,Billion Toman,yearly,FALSE,line,time,num,subscriber
bg_exp_pr_con,5,09-Budget,02-Expenditures,02-Provincial,01-Total,02-Constant Price,,,,,,,"Provincial Expenditures (Constant Price, 1400)",persian,country,Gevernement,Billion Toman (1400),yearly,FALSE,line,time,num,subscriber
bg_exp_pr_usd,5,09-Budget,02-Expenditures,02-Provincial,01-Total,03-USD,,,,,,,Provincial Expenditures (Value in USD),persian,country,Gevernement,Billion USD,yearly,FALSE,line,time,num,subscriber
bg_exp-pr_pr,4,09-Budget,02-Expenditures,02-Provincial,02- by Province,,,,,,,,Provincial Expenditures (by province),persian,province,Gevernement,Billion Toman,yearly,TRUE,bar,time,num,subscriber
bg_exp_mil_t_irr,5,09-Budget,03-Military Expenditures,01-National Budget,01-Total,01-IRR,,,,,,,Total Military Expenditures including Crude Oil Allocation including Crude Oil Allocation (National Currency),persian,country,Gevernement,Billion Toman,yearly,FALSE,line,time,num,subscriber
bg_exp_mil_t_usd,5,09-Budget,03-Military Expenditures,01-National Budget,01-Total,03-USD,,,,,,,Total Military Expenditures including Crude Oil Allocation (Value in USD),persian,country,Gevernement,Billion USD,yearly,FALSE,line,time,num,subscriber
bg_exp_mil_nl_t_irr,6,09-Budget,03-Military Expenditures,01-National Budget,02-Regular Budget,01-Total,01-IRR,,,,,,Military Expenditures (National Currency),persian,country,Gevernement,Billion Toman,yearly,FALSE,line,time,num,subscriber
bg_exp_mil_nl_t_usd,6,09-Budget,03-Military Expenditures,01-National Budget,02-Regular Budget,01-Total,03-USD,,,,,,Military Expenditures (Value in USD),persian,country,Gevernement,Billion USD,yearly,FALSE,line,time,num,subscriber
bg_exp_mil_nl_irr,5,09-Budget,03-Military Expenditures,01-National Budget,02-Regular Budget,02-by Organisation,01-IRR,,,,,,Military Expenditures by Organization (National Currency),persian,province,Gevernement,Billion Toman,yearly,TRUE,bar,time,num,subscriber
bg_exp_mil_nl_usd,5,09-Budget,03-Military Expenditures,01-National Budget,02-Regular Budget,02-by Organisation,03-USD,,,,,,Military Expenditures by Organization (Value in USD),persian,province,Gevernement,Billion USD,yearly,TRUE,bar,time,num,subscriber
bg_exp_mil_oil_irr,5,09-Budget,03-Military Expenditures,01-National Budget,03-Crude OIl,01-IRR,,,,,,,Military Crude Oil Allocation (National Currency),persian,country,Gevernement,Billion Toman,yearly,FALSE,line,time,num,subscriber
bg_exp_mil_oil_usd,5,09-Budget,03-Military Expenditures,01-National Budget,03-Crude OIl,03-USD,,,,,,,Military Crude Oil Allocation (Value in USD),persian,country,Gevernement,Billion USD,yearly,FALSE,line,time,num,subscriber
bg_mil_sipri_irr,4,09-Budget,03-Military Expenditures,02-SIPRI,01-IRR,,,,,,,,Military Expenditures - SIPRI estimate (National Currency),gregorian,country,SIPRI,Billion Toman,yearly,FALSE,line,time,num,subscriber
bg_mil_sipri_usd,4,09-Budget,03-Military Expenditures,02-SIPRI,02-Current USD,,,,,,,,Military Expenditures - SIPRI estimate (Value in USD),gregorian,country,SIPRI,Billion USD,yearly,FALSE,line,time,num,subscriber
bg_mil_sipri_con,4,09-Budget,03-Military Expenditures,02-SIPRI,03-Constant Price,,,,,,,,"Military Expenditures - SIPRI estimate (Constant Price, 2023)",gregorian,country,SIPRI,Billion USD (2023),yearly,FALSE,line,time,num,subscriber
ev_in_ghg_sh,5,10-Environment,01-Indicators,01-GHG,01-GHG emissions,01-Sahre,,,,,,,Share of Greenhouse Gas Emissions (% of World),gregorian,country,European Commision,%,yearly,FALSE,line,time,num,subscriber
ev_in_ghg_t,5,10-Environment,01-Indicators,01-GHG,01-GHG emissions,02-Total,,,,,,,Greenhouse Gas Emissions (million tonnes),gregorian,country,European Commision,million tonnes,yearly,FALSE,line,time,num,subscriber
ev_in_ghg_pc,5,10-Environment,01-Indicators,01-GHG,01-GHG emissions,03-Per Capita,,,,,,,Greenhouse Gas Emissions per capita (tonnes),gregorian,country,European Commision,tonnes per person,yearly,FALSE,line,time,num,subscriber
ev_in_ghg_gdp,5,10-Environment,01-Indicators,01-GHG,01-GHG emissions,04-Per GDP,,,,,,,"Greenhouse Gas Emissions per $1,000 GDP (tonnes)",gregorian,country,European Commision,"tonnes per $1,000 GDP",yearly,FALSE,line,time,num,subscriber
ev_in_co2_sh,5,10-Environment,01-Indicators,01-GHG,02-CO2 emissions,01-Sahre,,,,,,,Share of CO2 Emissions (% of World),gregorian,country,European Commision,%,yearly,FALSE,line,time,num,subscriber
ev_in_co2_t,5,10-Environment,01-Indicators,01-GHG,02-CO2 emissions,02-Total,,,,,,,CO2 Emissions (million tonnes),gregorian,country,European Commision,million tonnes,yearly,FALSE,line,time,num,subscriber
ev_in_co2_pc,5,10-Environment,01-Indicators,01-GHG,02-CO2 emissions,03-Per Capita,,,,,,,CO2 Emissions per capita (tonnes),gregorian,country,European Commision,tonnes per person,yearly,FALSE,line,time,num,subscriber
ev_in_co2_gdp,5,10-Environment,01-Indicators,01-GHG,02-CO2 emissions,04-Per GDP,,,,,,,"CO2 Emissions per $1,000 GDP (tonnes)",gregorian,country,European Commision,"tonnes per $1,000 GDP",yearly,FALSE,line,time,num,subscriber
ev_we_tem_teh,4,10-Environment,02-Weather,01-Temperature,01-Tehran,,,,,,,,Tehran Monthly Average Temperature,gregorian,city,Meteostat,Celsius,monthly,FALSE,line,time,num,subscriber
ev_we_tem_ahv,4,10-Environment,02-Weather,01-Temperature,02-Ahvaz,,,,,,,,Ahvaz Monthly Average Temperature,gregorian,city,Meteostat,Celsius,monthly,FALSE,line,time,num,subscriber
ev_we_prc_teh,4,10-Environment,02-Weather,02-Precipitation,01-Tehran,,,,,,,,Tehran Monthly Average Precipitation,gregorian,city,Meteostat,mm,monthly,FALSE,line,time,num,subscriber
ev_we_prc_ahv,4,10-Environment,02-Weather,02-Precipitation,02-Ahvaz,,,,,,,,Ahvaz Monthly Average Precipitation,gregorian,city,Meteostat,mm,monthly,FALSE,line,time,num,subscriber
ev_ap-qu_dys,3,10-Environment,04-Air Quality,01-AQI,,,,,,,,,Number of Days by Air Quality Level (ُTehran),gregorian,city,Tehran Air Quality Contro,days,yearly,TRUE,bar,time,num,subscriber
ev_w_res_t,4,10-Environment,03-Water,01-Resources,01-Total,,,,,,,,Renewable freshwater resources (total),gregorian,country,World Bank,billion M3,yearly,FALSE,line,time,num,subscriber
ev_w_res_pc,4,10-Environment,03-Water,01-Resources,02-Per Capita,,,,,,,,Renewable freshwater resources (per capita),gregorian,country,World Bank,m3,yearly,FALSE,line,time,num,subscriber
ev_w_wit,4,10-Environment,03-Water,02-Withdrawals,,,,,,,,,Annual freshwater withdrawals,gregorian,country,World Bank,billion M3,yearly,FALSE,line,time,num,subscriber
ev_w_dam_g,4,10-Environment,03-Water,04-Dams,01-Gregorian cal,,,,,,,,Dams Water Balance,gregorian,country,Iranian water resources management company,billion m3,yearly,TRUE,bar,time,num,subscriber
ev_w_dam,4,10-Environment,03-Water,04-Dams,02-Persian cal,,,,,,,,Dams Water Balance,persian,country,Iranian water resources management company,billion m3,yearly,TRUE,bar,time,num,subscriber
ag_ld_t,3,11-Agriculture,01-Land,01-Total land,,,,,,,,,Agricultural land (1000 ha),gregorian,country,FAO,1000 ha,yearly,FALSE,line,time,num,subscriber
ag_ld_cl_t,4,11-Agriculture,01-Land,02-Cropland,01-Total Cropland,,,,,,,,Cropland (1000 ha),gregorian,country,FAO,1000 ha,yearly,FALSE,line,time,num,subscriber
ag_ld_cl_ar,4,11-Agriculture,01-Land,02-Cropland,02-Arable land,,,,,,,,Arable land (1000 ha),gregorian,country,FAO,1000 ha,yearly,FALSE,line,time,num,subscriber
ag_ld_cl_pc,4,11-Agriculture,01-Land,02-Cropland,03-Permanent crops,,,,,,,,Permanent crops (1000 ha),gregorian,country,FAO,1000 ha,yearly,FALSE,line,time,num,subscriber
ag_ld_cl_md_t,4,11-Agriculture,01-Land,03-Permanent meadows,01-Total meadows,,,,,,,,Permanent meadows & pastures (1000 ha),gregorian,country,FAO,1000 ha,yearly,FALSE,line,time,num,subscriber
ag_ld_cl_md_c,4,11-Agriculture,01-Land,03-Permanent meadows,02-Cultivated,,,,,,,,Cultivated meadows & pastures (1000 ha),gregorian,country,FAO,1000 ha,yearly,FALSE,line,time,num,subscriber
ag_ld_cl_md_n,4,11-Agriculture,01-Land,03-Permanent meadows,02-Natural,,,,,,,,Naturally growing meadows & pastures (1000 ha),gregorian,country,FAO,1000 ha,yearly,FALSE,line,time,num,subscriber
ag_co_cre_wh,4,11-Agriculture,02-Crops,01-Cereals,01-Wheat,,,,,,,,Wheat production,gregorian,country,FAO,tonne,yearly,FALSE,line,time,num,subscriber
ag_co_cre_br,4,11-Agriculture,02-Crops,01-Cereals,02-Barley,,,,,,,,Barley production,gregorian,country,FAO,tonne,yearly,FALSE,line,time,num,subscriber
ag_co_cre_ri,4,11-Agriculture,02-Crops,01-Cereals,03-Rice,,,,,,,,Rice production,gregorian,country,FAO,tonne,yearly,FALSE,line,time,num,subscriber
ag_co_cre_co,4,11-Agriculture,02-Crops,01-Cereals,04-Corn,,,,,,,,Maize (corn) production,gregorian,country,FAO,tonne,yearly,FALSE,line,time,num,subscriber
ag_co_vg_on,4,11-Agriculture,02-Crops,02-Vegetables,01-Onions,,,,,,,,"Onions and shallots, dry (excluding dehydrated) production",gregorian,country,FAO,tonne,yearly,FALSE,line,time,num,subscriber
ag_co_vg_po,4,11-Agriculture,02-Crops,02-Vegetables,02-Potatoes,,,,,,,,Potatoes production,gregorian,country,FAO,tonne,yearly,FALSE,line,time,num,subscriber
ag_co_vg_to,4,11-Agriculture,02-Crops,02-Vegetables,03-Tomatoes,,,,,,,,Tomatoes production,gregorian,country,FAO,tonne,yearly,FALSE,line,time,num,subscriber
ag_co_vg_eg,4,11-Agriculture,02-Crops,02-Vegetables,04-Eggplants,,,,,,,,Eggplants (aubergines) production,gregorian,country,FAO,tonne,yearly,FALSE,line,time,num,subscriber
ag_co_vg_cu,4,11-Agriculture,02-Crops,02-Vegetables,05-Cucumbers,,,,,,,,Cucumbers and gherkins production,gregorian,country,FAO,tonne,yearly,FALSE,line,time,num,subscriber
ag_co_vg_ca,4,11-Agriculture,02-Crops,02-Vegetables,06-Carrots,,,,,,,,Carrots and turnips production,gregorian,country,FAO,tonne,yearly,FALSE,line,time,num,subscriber
ag_co_vg_mu,4,11-Agriculture,02-Crops,02-Vegetables,07-Mushrooms,,,,,,,,Mushrooms and truffles production,gregorian,country,FAO,tonne,yearly,FALSE,line,time,num,subscriber
ag_co_fr_ap,4,11-Agriculture,02-Crops,03-Fruits,01-Apples,,,,,,,,Apples production,gregorian,country,FAO,tonne,yearly,FALSE,line,time,num,subscriber
ag_co_fr_or,4,11-Agriculture,02-Crops,03-Fruits,02-Oranges,,,,,,,,Oranges production,gregorian,country,FAO,tonne,yearly,FALSE,line,time,num,subscriber
ag_co_fr_apr,4,11-Agriculture,02-Crops,03-Fruits,03-Apricots,,,,,,,,Apricots production,gregorian,country,FAO,tonne,yearly,FALSE,line,time,num,subscriber
ag_co_fr_pe,4,11-Agriculture,02-Crops,03-Fruits,04-Pears,,,,,,,,Pears production,gregorian,country,FAO,tonne,yearly,FALSE,line,time,num,subscriber
ag_co_fr_ch,4,11-Agriculture,02-Crops,03-Fruits,05-Cherries,,,,,,,,Cherries production,gregorian,country,FAO,tonne,yearly,FALSE,line,time,num,subscriber
ag_co_fr_st,4,11-Agriculture,02-Crops,03-Fruits,06-Strawberries,,,,,,,,Strawberries production,gregorian,country,FAO,tonne,yearly,FALSE,line,time,num,subscriber
ag_co_fr_wa,4,11-Agriculture,02-Crops,03-Fruits,07-Watermelons,,,,,,,,Watermelons production,gregorian,country,FAO,tonne,yearly,FALSE,line,time,num,subscriber
ag_co_fr_da,4,11-Agriculture,02-Crops,03-Fruits,08-Dates,,,,,,,,Dates production,gregorian,country,FAO,tonne,yearly,FALSE,line,time,num,subscriber
ag_co_fr_ba,4,11-Agriculture,02-Crops,03-Fruits,09-Bananas,,,,,,,,Bananas production,gregorian,country,FAO,tonne,yearly,FALSE,line,time,num,subscriber
ag_co_fr_gr,4,11-Agriculture,02-Crops,03-Fruits,10-Grapes,,,,,,,,Grapes production,gregorian,country,FAO,tonne,yearly,FALSE,line,time,num,subscriber
ag_co_fr_ol,4,11-Agriculture,02-Crops,03-Fruits,11-Olives,,,,,,,,Olives production,gregorian,country,FAO,tonne,yearly,FALSE,line,time,num,subscriber
ag_co_nt_ps,4,11-Agriculture,02-Crops,04-Nuts,01-Pistachios,,,,,,,,Pistachios production (in shell),gregorian,country,FAO,tonne,yearly,FALSE,line,time,num,subscriber
ag_co_nt_wl,4,11-Agriculture,02-Crops,04-Nuts,02-Walnuts,,,,,,,,Walnuts production (in shell),gregorian,country,FAO,tonne,yearly,FALSE,line,time,num,subscriber
ag_co_nt_al,4,11-Agriculture,02-Crops,04-Nuts,03-Almonds,,,,,,,,Almonds production (in shell),gregorian,country,FAO,tonne,yearly,FALSE,line,time,num,subscriber
ag_co_nt_hz,4,11-Agriculture,02-Crops,04-Nuts,04-Hazelnuts,,,,,,,,Hazelnuts production (in shell),gregorian,country,FAO,tonne,yearly,FALSE,line,time,num,subscriber
ag_co_os_su,4,11-Agriculture,02-Crops,04-Oilseeds,01-Sunflower seed,,,,,,,,Sunflower seed production,gregorian,country,FAO,tonne,yearly,FALSE,line,time,num,subscriber
ag_co_os_se,4,11-Agriculture,02-Crops,04-Oilseeds,02-Sesame seed,,,,,,,,Sesame seed production,gregorian,country,FAO,tonne,yearly,FALSE,line,time,num,subscriber
ag_co_os_so,4,11-Agriculture,02-Crops,04-Oilseeds,03-Soya beans,,,,,,,,Soya beans production,gregorian,country,FAO,tonne,yearly,FALSE,line,time,num,subscriber
ag_co_os_he,4,11-Agriculture,02-Crops,04-Oilseeds,04-Hempseed,,,,,,,,Hempseed production,gregorian,country,FAO,tonne,yearly,FALSE,line,time,num,subscriber
ag_co_os_me,4,11-Agriculture,02-Crops,04-Oilseeds,05-Melonseed,,,,,,,,Melonseed production,gregorian,country,FAO,tonne,yearly,FALSE,line,time,num,subscriber
ag_co_os_co,4,11-Agriculture,02-Crops,04-Oilseeds,06-Colza seed,,,,,,,,Rape or colza seed production,gregorian,country,FAO,tonne,yearly,FALSE,line,time,num,subscriber
p_el_pr_pr,6,12-Politics & Human Rights,01-Politics,01-Elections,01-Voter turnout,01-Presidential,01-Country,,,,,,Voter Turnout in Presidential Elections,persian,country,Statistical Centre of Iran,%,,FALSE,line,time,num,subscriber
p_el_pr_pr_p,6,12-Politics & Human Rights,01-Politics,01-Elections,01-Voter turnout,01-Presidential,02-Provincial,,,,,,Voter Turnout in Presidential Elections (by Province),persian,provincial,Statistical Centre of Iran,%,,TRUE,bar,time,num,subscriber
p_el_pr_pl,6,12-Politics & Human Rights,01-Politics,01-Elections,01-Voter turnout,02-Parliamentary,01-Country,,,,,,Voter Turnout in Parliamentary Elections,persian,country,Statistical Centre of Iran,%,,FALSE,line,time,num,subscriber
p_el_pr_pl_p,6,12-Politics & Human Rights,01-Politics,01-Elections,01-Voter turnout,02-Parliamentary,02-Provincial,,,,,,Voter Turnout in Parliamentary Elections (by Province),persian,provincial,Statistical Centre of Iran,%,,TRUE,bar,time,num,subscriber
p_ins,3,12-Politics & Human Rights,01-Politics,02-Institutions,,,,,,,,,,,,,,,,,,,subscriber
p_fig,3,12-Politics & Human Rights,01-Politics,03-Figures,,,,,,,,,,,,,,,,,,,subscriber
p_hr_ex_y,4,12-Politics & Human Rights,02-Human Rights,01-Execution,01-Yearly,,,,,,,,Number Of Executions (Yearly),gregorian,country,Iran Human Rights (IHR),number,yearly,FALSE,line,time,num,subscriber
p_hr_ex_m,4,12-Politics & Human Rights,02-Human Rights,01-Execution,02-Monthly,,,,,,,,Number Of Executions (Monthly),gregorian,country,Iran Human Rights (IHR),number,monthly,FALSE,line,time,num,subscriber
p_hr_pr_nu,4,12-Politics & Human Rights,02-Human Rights,02-Prison,01-Number,,,,,,,,Iran's prison population,gregorian,country,World Prison Brief,number,yearly,FALSE,line,time,num,subscriber
p_hr_pr_rt,4,12-Politics & Human Rights,02-Human Rights,02-Prison,02-Rate,,,,,,,,"Iran's prison population rate (per 100,000)",gregorian,country,World Prison Brief,"per 100,000",yearly,FALSE,line,time,num,subscriber
p_ind_de_sc,4,12-Politics & Human Rights,03-Indicators,01-Democracy Index,01-Score,,,,,,,,Iran’s score in Democracy Index (data by the Economist Intelligence Unit),gregorian,country,Our World in Data,Range 0 to 10,yearly,FALSE,line,time,num,subscriber
p_ind_de_rk,4,12-Politics & Human Rights,03-Indicators,01-Democracy Index,02-Rank,,,,,,,,Iran’s rank in Democracy Index (data by the Economist Intelligence Unit),gregorian,country,Our World in Data,rank,yearly,FALSE,line,time,num,subscriber
p_ind_fr_sc,4,12-Politics & Human Rights,03-Indicators,02-Freedom of Expression,01-Score,,,,,,,,Iran’s score in Freedom of Expression Index(data by V-Dem),gregorian,country,Our World in Data,Range 0 to 100,yearly,FALSE,line,time,num,subscriber
p_ind_fr_rk,4,12-Politics & Human Rights,03-Indicators,02-Freedom of Expression,02-Rank,,,,,,,,Iran’s rank in Freedom of Expression Index (data by V-Dem),gregorian,country,Our World in Data,rank,yearly,FALSE,line,time,num,subscriber
p_ind_hr_sc,4,12-Politics & Human Rights,03-Indicators,03-Human Rights Index,01-Score,,,,,,,,Iran’s score in Human Rights Index (data by V-Dem),gregorian,country,Our World in Data,Range 0 to 100,yearly,FALSE,line,time,num,subscriber
p_ind_hr_rk,4,12-Politics & Human Rights,03-Indicators,03-Human Rights Index,02-Rank,,,,,,,,Iran’s rank in Human Rights Index (data by V-Dem),gregorian,country,Our World in Data,rank,yearly,FALSE,line,time,num,subscriber
p_ind_co_sc,4,12-Politics & Human Rights,03-Indicators,04-Corruption Index,01-Score,,,,,,,,Iran’s score in the Corruption Perceptions Index,gregorian,country,Transparency International,Range 0 to 100,yearly,FALSE,line,time,num,subscriber
p_ind_co_rk,4,12-Politics & Human Rights,03-Indicators,04-Corruption Index,02-Rank,,,,,,,,Iran’s rank in the Corruption Perceptions Index,gregorian,country,Transparency International,rank,yearly,FALSE,line,time,num,subscriber